12-09 20:55:44 com_github_MitjaNemec_ReplicateLayout.action_replicate_layout 409:Plugin executed on: 'darwin'
12-09 20:55:44 com_github_MitjaNemec_ReplicateLayout.action_replicate_layout 410:Plugin executed with python version: '3.9.13 (v3.9.13:6de2ca5339, May 17 2022, 11:37:23) \n[Clang 13.0.0 (clang-1300.0.29.30)]'
12-09 20:55:44 com_github_MitjaNemec_ReplicateLayout.action_replicate_layout 411:KiCad build version: 9.0.3
12-09 20:55:44 com_github_MitjaNemec_ReplicateLayout.action_replicate_layout 412:Plugin version: 4.0.3
12-09 20:55:44 com_github_MitjaNemec_ReplicateLayout.action_replicate_layout 413:Frame repr: <wx._core.Frame object at 0x143669430>
12-09 20:55:44 com_github_MitjaNemec_ReplicateLayout.action_replicate_layout 437:Preparing replicator with SW42 as a reference
12-09 20:55:44 com_github_MitjaNemec_ReplicateLayout.replicate_layout 117:getting a list of all footprints on board
12-09 20:55:44 com_github_MitjaNemec_ReplicateLayout.action_replicate_layout 485:source anchor footprint is 'SW42'
Located on: ['/right/']
With filenames: ['side.kicad_sch']
With sheet_id:['/right/']
12-09 20:55:44 com_github_MitjaNemec_ReplicateLayout.action_replicate_layout 492:Corresponding footprints are 
[('SW42', ['/right/']), ('SW41', ['/left/'])]
12-09 20:55:44 com_github_MitjaNemec_ReplicateLayout.action_replicate_layout 504:Showing dialog
12-09 20:55:44 com_github_MitjaNemec_ReplicateLayout.replicate_layout 472:constructing a list of sheets suitable for replication on level:'/right/', file:'side.kicad_sch'
12-09 20:55:44 com_github_MitjaNemec_ReplicateLayout.replicate_layout 509:suitable sheets are:[['/left/']]
12-09 20:55:44 com_github_MitjaNemec_ReplicateLayout.replicate_layout 1512:Level selected: ['/right/']
12-09 20:55:44 com_github_MitjaNemec_ReplicateLayout.replicate_layout 1336:Filtering list of tracks
12-09 20:55:44 com_github_MitjaNemec_ReplicateLayout.action_replicate_layout 510:Toolbar position: wx.Point(1346, 141)
12-09 20:55:44 com_github_MitjaNemec_ReplicateLayout.action_replicate_layout 515:Dialog position: wx.Point(907, 141)
12-09 20:55:53 com_github_MitjaNemec_ReplicateLayout.replicate_layout 472:constructing a list of sheets suitable for replication on level:'/right/', file:'side.kicad_sch'
12-09 20:55:53 com_github_MitjaNemec_ReplicateLayout.replicate_layout 509:suitable sheets are:[['/left/']]
12-09 20:55:53 com_github_MitjaNemec_ReplicateLayout.replicate_layout 1512:Level selected: ['/right/']
12-09 20:55:53 com_github_MitjaNemec_ReplicateLayout.replicate_layout 1336:Filtering list of tracks
12-09 20:55:55 com_github_MitjaNemec_ReplicateLayout.replicate_layout 472:constructing a list of sheets suitable for replication on level:'/right/', file:'side.kicad_sch'
12-09 20:55:55 com_github_MitjaNemec_ReplicateLayout.replicate_layout 509:suitable sheets are:[['/left/']]
12-09 20:55:55 com_github_MitjaNemec_ReplicateLayout.replicate_layout 1512:Level selected: ['/right/']
12-09 20:55:55 com_github_MitjaNemec_ReplicateLayout.replicate_layout 1336:Filtering list of tracks
12-09 20:55:58 com_github_MitjaNemec_ReplicateLayout.replicate_layout 472:constructing a list of sheets suitable for replication on level:'/right/', file:'side.kicad_sch'
12-09 20:55:58 com_github_MitjaNemec_ReplicateLayout.replicate_layout 509:suitable sheets are:[['/left/']]
12-09 20:55:58 com_github_MitjaNemec_ReplicateLayout.replicate_layout 1512:Level selected: ['/right/']
12-09 20:55:58 com_github_MitjaNemec_ReplicateLayout.replicate_layout 1336:Filtering list of tracks
12-09 20:55:59 com_github_MitjaNemec_ReplicateLayout.replicate_layout 472:constructing a list of sheets suitable for replication on level:'/right/', file:'side.kicad_sch'
12-09 20:55:59 com_github_MitjaNemec_ReplicateLayout.replicate_layout 509:suitable sheets are:[['/left/']]
12-09 20:55:59 com_github_MitjaNemec_ReplicateLayout.replicate_layout 1512:Level selected: ['/right/']
12-09 20:55:59 com_github_MitjaNemec_ReplicateLayout.replicate_layout 1336:Filtering list of tracks
12-09 20:56:00 com_github_MitjaNemec_ReplicateLayout.replicate_layout 472:constructing a list of sheets suitable for replication on level:'/right/', file:'side.kicad_sch'
12-09 20:56:00 com_github_MitjaNemec_ReplicateLayout.replicate_layout 509:suitable sheets are:[['/left/']]
12-09 20:56:00 com_github_MitjaNemec_ReplicateLayout.replicate_layout 1512:Level selected: ['/right/']
12-09 20:56:00 com_github_MitjaNemec_ReplicateLayout.replicate_layout 1336:Filtering list of tracks
12-09 20:56:09 com_github_MitjaNemec_ReplicateLayout.replicate_layout 472:constructing a list of sheets suitable for replication on level:'/right/', file:'side.kicad_sch'
12-09 20:56:09 com_github_MitjaNemec_ReplicateLayout.replicate_layout 509:suitable sheets are:[['/left/']]
12-09 20:56:09 com_github_MitjaNemec_ReplicateLayout.action_replicate_layout 248:Replicating layout
12-09 20:56:10 com_github_MitjaNemec_ReplicateLayout.replicate_layout 288:Starting replication of sheets: [['/left/']]
on level: ['/right/']
with tracks=True, zone=True, text=True, text=True, intersecting=False, remove=False, locked footprints=True, group_only=False
12-09 20:56:10 root 340:updating GUI message: 'Preparing for replication'
12-09 20:56:10 root 345:updating GUI with: 0
12-09 20:56:10 com_github_MitjaNemec_ReplicateLayout.replicate_layout 358:Getting the list of source footprints
12-09 20:56:10 com_github_MitjaNemec_ReplicateLayout.replicate_layout 368:Getting the list of all the remaining footprints
12-09 20:56:10 com_github_MitjaNemec_ReplicateLayout.replicate_layout 375:Getting source tracks
12-09 20:56:10 com_github_MitjaNemec_ReplicateLayout.replicate_layout 1336:Filtering list of tracks
12-09 20:56:10 com_github_MitjaNemec_ReplicateLayout.replicate_layout 379:Getting source zones
12-09 20:56:10 root 345:updating GUI with: 50
12-09 20:56:10 com_github_MitjaNemec_ReplicateLayout.replicate_layout 383:Getting source text items
12-09 20:56:10 com_github_MitjaNemec_ReplicateLayout.replicate_layout 387:Getting source drawing items
12-09 20:56:10 root 340:updating GUI message: 'Replicating footprints'
12-09 20:56:10 com_github_MitjaNemec_ReplicateLayout.replicate_layout 863:Replicating footprints
12-09 20:56:10 com_github_MitjaNemec_ReplicateLayout.replicate_layout 870:Replicating footprints on sheet ['/left/']
12-09 20:56:10 com_github_MitjaNemec_ReplicateLayout.replicate_layout 835:Src fp.id: '87B8FC13-22F1-4558-A867-69678B024155'
12-09 20:56:10 com_github_MitjaNemec_ReplicateLayout.replicate_layout 839:Dst fp.id: '87B8FC13-22F1-4558-A867-69678B024155'
12-09 20:56:10 com_github_MitjaNemec_ReplicateLayout.replicate_layout 888:Replicating footprint: 'D22'
12-09 20:56:10 com_github_MitjaNemec_ReplicateLayout.replicate_layout 835:Src fp.id: '5F87FB6C-E411-4CDF-8E81-5937592113F7'
12-09 20:56:10 com_github_MitjaNemec_ReplicateLayout.replicate_layout 839:Dst fp.id: '5F87FB6C-E411-4CDF-8E81-5937592113F7'
12-09 20:56:10 com_github_MitjaNemec_ReplicateLayout.replicate_layout 895:found match in dst footprint: 'D18'
12-09 20:56:10 com_github_MitjaNemec_ReplicateLayout.replicate_layout 990:Src text UUid:99a100ea-cc29-4e85-999e-abf1e62cebdb
12-09 20:56:10 com_github_MitjaNemec_ReplicateLayout.replicate_layout 991:Dst text UUid:0f9a45a7-b557-41b8-9576-33afcd596be1
12-09 20:56:10 com_github_MitjaNemec_ReplicateLayout.replicate_layout 990:Src text UUid:3582de24-b5a7-48a5-820c-2fc91a74ae35
12-09 20:56:10 com_github_MitjaNemec_ReplicateLayout.replicate_layout 991:Dst text UUid:62d54d02-0208-48b0-820f-2b2c566d5092
12-09 20:56:10 com_github_MitjaNemec_ReplicateLayout.replicate_layout 990:Src text UUid:f70da378-dafa-424c-85a7-c5cfb11800eb
12-09 20:56:10 com_github_MitjaNemec_ReplicateLayout.replicate_layout 991:Dst text UUid:079bb5e8-2e4b-43da-87ab-e2b7852f3917
12-09 20:56:10 com_github_MitjaNemec_ReplicateLayout.replicate_layout 990:Src text UUid:e9de192d-0166-4f45-9e12-248bc7f81966
12-09 20:56:10 com_github_MitjaNemec_ReplicateLayout.replicate_layout 991:Dst text UUid:d1e82427-de29-4a61-8453-4832015fb031
12-09 20:56:10 com_github_MitjaNemec_ReplicateLayout.replicate_layout 990:Src text UUid:14dd08ef-3637-44be-bb72-ef81632a2b71
12-09 20:56:10 com_github_MitjaNemec_ReplicateLayout.replicate_layout 991:Dst text UUid:62d54d02-0208-48b0-820f-2b2c566d5092
12-09 20:56:10 com_github_MitjaNemec_ReplicateLayout.replicate_layout 888:Replicating footprint: 'SW23'
12-09 20:56:10 com_github_MitjaNemec_ReplicateLayout.replicate_layout 835:Src fp.id: 'DD5E9862-A306-490D-8AA0-2947D39ABB19'
12-09 20:56:10 com_github_MitjaNemec_ReplicateLayout.replicate_layout 839:Dst fp.id: 'DD5E9862-A306-490D-8AA0-2947D39ABB19'
12-09 20:56:10 com_github_MitjaNemec_ReplicateLayout.replicate_layout 895:found match in dst footprint: 'SW19'
12-09 20:56:10 com_github_MitjaNemec_ReplicateLayout.replicate_layout 990:Src text UUid:67635bee-869c-490d-98fd-4b9a0bf83a95
12-09 20:56:10 com_github_MitjaNemec_ReplicateLayout.replicate_layout 991:Dst text UUid:fd61d043-feee-43b1-9194-b9457bd8f6bf
12-09 20:56:10 com_github_MitjaNemec_ReplicateLayout.replicate_layout 990:Src text UUid:c346326b-9268-427d-9e42-c7b0f9246a2f
12-09 20:56:10 com_github_MitjaNemec_ReplicateLayout.replicate_layout 991:Dst text UUid:d1daab51-e94f-4aa0-a4db-a529cff1393a
12-09 20:56:10 com_github_MitjaNemec_ReplicateLayout.replicate_layout 990:Src text UUid:e1f2a7b7-5c8e-4001-bcb8-988e68e50976
12-09 20:56:10 com_github_MitjaNemec_ReplicateLayout.replicate_layout 991:Dst text UUid:dc8c81fc-1445-480a-9ad2-250ecfd5f9ce
12-09 20:56:10 com_github_MitjaNemec_ReplicateLayout.replicate_layout 888:Replicating footprint: 'SW37'
12-09 20:56:10 com_github_MitjaNemec_ReplicateLayout.replicate_layout 835:Src fp.id: '02BA176D-8B74-4FEF-A941-2D30AAB17A00'
12-09 20:56:10 com_github_MitjaNemec_ReplicateLayout.replicate_layout 839:Dst fp.id: '02BA176D-8B74-4FEF-A941-2D30AAB17A00'
12-09 20:56:10 com_github_MitjaNemec_ReplicateLayout.replicate_layout 895:found match in dst footprint: 'SW33'
12-09 20:56:10 com_github_MitjaNemec_ReplicateLayout.replicate_layout 990:Src text UUid:b6ebb5db-046f-4b14-98d0-dc33dff72663
12-09 20:56:10 com_github_MitjaNemec_ReplicateLayout.replicate_layout 991:Dst text UUid:84c73aa4-4867-4e19-925c-5ae75d357d44
12-09 20:56:10 com_github_MitjaNemec_ReplicateLayout.replicate_layout 990:Src text UUid:8b3e4463-2306-4343-88f6-fc2ce13a92da
12-09 20:56:10 com_github_MitjaNemec_ReplicateLayout.replicate_layout 991:Dst text UUid:17b27aaf-e563-4a7c-bd7a-93a819e44fba
12-09 20:56:10 com_github_MitjaNemec_ReplicateLayout.replicate_layout 990:Src text UUid:cae1884f-ce90-41fa-9d70-7cb2b78bb891
12-09 20:56:10 com_github_MitjaNemec_ReplicateLayout.replicate_layout 991:Dst text UUid:28497332-81b5-4d11-b6de-91ffa980ace9
12-09 20:56:10 com_github_MitjaNemec_ReplicateLayout.replicate_layout 888:Replicating footprint: 'D79'
12-09 20:56:10 com_github_MitjaNemec_ReplicateLayout.replicate_layout 835:Src fp.id: '2607B290-CDE0-46B9-9FA2-F97EE908ABD5'
12-09 20:56:10 com_github_MitjaNemec_ReplicateLayout.replicate_layout 839:Dst fp.id: '2607B290-CDE0-46B9-9FA2-F97EE908ABD5'
12-09 20:56:10 com_github_MitjaNemec_ReplicateLayout.replicate_layout 895:found match in dst footprint: 'D74'
12-09 20:56:10 com_github_MitjaNemec_ReplicateLayout.replicate_layout 990:Src text UUid:1441a03f-58a0-47eb-b775-2525ad0e66ff
12-09 20:56:10 com_github_MitjaNemec_ReplicateLayout.replicate_layout 991:Dst text UUid:8f9e99b0-c3d3-4bf9-aeb4-e4289173fe9c
12-09 20:56:10 com_github_MitjaNemec_ReplicateLayout.replicate_layout 990:Src text UUid:58ef8153-d2bf-447f-a67f-adab094f0ea6
12-09 20:56:10 com_github_MitjaNemec_ReplicateLayout.replicate_layout 991:Dst text UUid:00225fd7-7e79-473d-aaed-74b3bc802f73
12-09 20:56:10 com_github_MitjaNemec_ReplicateLayout.replicate_layout 888:Replicating footprint: 'H11'
12-09 20:56:10 com_github_MitjaNemec_ReplicateLayout.replicate_layout 835:Src fp.id: '4D4C5DBC-7B6E-4FA9-B137-B4C90A68AB5D'
12-09 20:56:10 com_github_MitjaNemec_ReplicateLayout.replicate_layout 839:Dst fp.id: '4D4C5DBC-7B6E-4FA9-B137-B4C90A68AB5D'
12-09 20:56:10 com_github_MitjaNemec_ReplicateLayout.replicate_layout 895:found match in dst footprint: 'H9'
12-09 20:56:10 com_github_MitjaNemec_ReplicateLayout.replicate_layout 990:Src text UUid:026387b5-b9d7-444d-bc85-60de959c6f2e
12-09 20:56:10 com_github_MitjaNemec_ReplicateLayout.replicate_layout 991:Dst text UUid:01324090-c0c8-4725-84a1-a7989b596aa6
12-09 20:56:10 com_github_MitjaNemec_ReplicateLayout.replicate_layout 990:Src text UUid:5c0ffa0d-2c10-4c84-a533-40e73825798e
12-09 20:56:10 com_github_MitjaNemec_ReplicateLayout.replicate_layout 991:Dst text UUid:693c41f4-e642-427b-8472-a53601f6b535
12-09 20:56:10 com_github_MitjaNemec_ReplicateLayout.replicate_layout 990:Src text UUid:fb018284-29e2-4930-b855-8a1f243526fe
12-09 20:56:10 com_github_MitjaNemec_ReplicateLayout.replicate_layout 991:Dst text UUid:0f615f1e-2b9a-4a7e-bb7c-59a3474494c6
12-09 20:56:10 com_github_MitjaNemec_ReplicateLayout.replicate_layout 888:Replicating footprint: 'SW6'
12-09 20:56:10 com_github_MitjaNemec_ReplicateLayout.replicate_layout 835:Src fp.id: '2BA3AD6C-E370-471C-B5F1-BB3460AED329'
12-09 20:56:10 com_github_MitjaNemec_ReplicateLayout.replicate_layout 839:Dst fp.id: '2BA3AD6C-E370-471C-B5F1-BB3460AED329'
12-09 20:56:10 com_github_MitjaNemec_ReplicateLayout.replicate_layout 895:found match in dst footprint: 'SW5'
12-09 20:56:10 com_github_MitjaNemec_ReplicateLayout.replicate_layout 990:Src text UUid:d24c2f43-5b72-4d27-9694-dacbe076a5cb
12-09 20:56:10 com_github_MitjaNemec_ReplicateLayout.replicate_layout 991:Dst text UUid:33f0dfc2-0637-47bc-b80a-8076bdb1999b
12-09 20:56:10 com_github_MitjaNemec_ReplicateLayout.replicate_layout 990:Src text UUid:2bb1eb99-8e57-4789-aa7c-b2b5624a585f
12-09 20:56:10 com_github_MitjaNemec_ReplicateLayout.replicate_layout 991:Dst text UUid:9e777115-fb57-46ec-ba5a-632db02498c0
12-09 20:56:10 com_github_MitjaNemec_ReplicateLayout.replicate_layout 990:Src text UUid:03bedf24-0544-4b25-899f-381488f906d8
12-09 20:56:10 com_github_MitjaNemec_ReplicateLayout.replicate_layout 991:Dst text UUid:78a9796a-b53c-41db-b345-ef97259219f5
12-09 20:56:10 com_github_MitjaNemec_ReplicateLayout.replicate_layout 888:Replicating footprint: 'SW16'
12-09 20:56:10 root 345:updating GUI with: 7
12-09 20:56:10 com_github_MitjaNemec_ReplicateLayout.replicate_layout 835:Src fp.id: 'B530BFD6-5426-42F3-BEE7-544826E97227'
12-09 20:56:10 com_github_MitjaNemec_ReplicateLayout.replicate_layout 839:Dst fp.id: 'B530BFD6-5426-42F3-BEE7-544826E97227'
12-09 20:56:10 com_github_MitjaNemec_ReplicateLayout.replicate_layout 895:found match in dst footprint: 'SW12'
12-09 20:56:10 com_github_MitjaNemec_ReplicateLayout.replicate_layout 990:Src text UUid:3ecacc96-5b19-4055-9b32-606817a25294
12-09 20:56:10 com_github_MitjaNemec_ReplicateLayout.replicate_layout 991:Dst text UUid:d084dc20-35ab-474d-a626-5dea31b2f69c
12-09 20:56:10 com_github_MitjaNemec_ReplicateLayout.replicate_layout 990:Src text UUid:3a4f5156-c863-4372-ac03-ff94f1b973f5
12-09 20:56:10 com_github_MitjaNemec_ReplicateLayout.replicate_layout 991:Dst text UUid:644eea59-f6ec-4aa9-8eac-69808307e11e
12-09 20:56:10 com_github_MitjaNemec_ReplicateLayout.replicate_layout 990:Src text UUid:a6b2bc9d-f929-4c24-b329-039305340413
12-09 20:56:10 com_github_MitjaNemec_ReplicateLayout.replicate_layout 991:Dst text UUid:893bd5c1-fcb4-4559-9191-6e213f7edb66
12-09 20:56:10 com_github_MitjaNemec_ReplicateLayout.replicate_layout 888:Replicating footprint: 'SW31'
12-09 20:56:10 com_github_MitjaNemec_ReplicateLayout.replicate_layout 835:Src fp.id: 'EEE6876B-DB86-4C4F-8B59-4FD32D8A3ECE'
12-09 20:56:10 com_github_MitjaNemec_ReplicateLayout.replicate_layout 839:Dst fp.id: 'EEE6876B-DB86-4C4F-8B59-4FD32D8A3ECE'
12-09 20:56:10 com_github_MitjaNemec_ReplicateLayout.replicate_layout 895:found match in dst footprint: 'SW27'
12-09 20:56:10 com_github_MitjaNemec_ReplicateLayout.replicate_layout 990:Src text UUid:799ab446-3b0f-49e9-84cc-61929b5d6798
12-09 20:56:10 com_github_MitjaNemec_ReplicateLayout.replicate_layout 991:Dst text UUid:cffb283f-35e5-46f1-a19d-9f50adf0f691
12-09 20:56:10 com_github_MitjaNemec_ReplicateLayout.replicate_layout 990:Src text UUid:80853429-0d9f-4c17-b837-450b819da478
12-09 20:56:10 com_github_MitjaNemec_ReplicateLayout.replicate_layout 991:Dst text UUid:c4321fc1-b294-4607-8275-97bc369b7535
12-09 20:56:10 com_github_MitjaNemec_ReplicateLayout.replicate_layout 990:Src text UUid:9c896191-3333-4e3c-8bb7-7791e0676433
12-09 20:56:10 com_github_MitjaNemec_ReplicateLayout.replicate_layout 991:Dst text UUid:04972324-0a46-49de-b097-6c7a361ffe01
12-09 20:56:10 com_github_MitjaNemec_ReplicateLayout.replicate_layout 888:Replicating footprint: 'D78'
12-09 20:56:10 com_github_MitjaNemec_ReplicateLayout.replicate_layout 835:Src fp.id: '6FDA46DC-C9F0-4CC0-967D-8F3121191C18'
12-09 20:56:10 com_github_MitjaNemec_ReplicateLayout.replicate_layout 839:Dst fp.id: '6FDA46DC-C9F0-4CC0-967D-8F3121191C18'
12-09 20:56:10 com_github_MitjaNemec_ReplicateLayout.replicate_layout 895:found match in dst footprint: 'D73'
12-09 20:56:10 com_github_MitjaNemec_ReplicateLayout.replicate_layout 990:Src text UUid:4a689219-59c9-458c-aeb5-8ae8d544fe5b
12-09 20:56:10 com_github_MitjaNemec_ReplicateLayout.replicate_layout 991:Dst text UUid:522d00a8-4357-4384-b9b0-055b099e77a5
12-09 20:56:10 com_github_MitjaNemec_ReplicateLayout.replicate_layout 990:Src text UUid:6cec0a10-58f6-425b-9103-a6ade2117231
12-09 20:56:10 com_github_MitjaNemec_ReplicateLayout.replicate_layout 991:Dst text UUid:d05a28fd-f9cc-4ddf-ad9c-e0da666d9cc3
12-09 20:56:10 com_github_MitjaNemec_ReplicateLayout.replicate_layout 888:Replicating footprint: 'C10'
12-09 20:56:10 com_github_MitjaNemec_ReplicateLayout.replicate_layout 835:Src fp.id: '560F4AD7-0091-43C9-B3AD-754BFD4C8244'
12-09 20:56:10 com_github_MitjaNemec_ReplicateLayout.replicate_layout 839:Dst fp.id: '560F4AD7-0091-43C9-B3AD-754BFD4C8244'
12-09 20:56:10 com_github_MitjaNemec_ReplicateLayout.replicate_layout 895:found match in dst footprint: 'C9'
12-09 20:56:10 com_github_MitjaNemec_ReplicateLayout.replicate_layout 990:Src text UUid:39da6faf-1964-41c4-89dd-914e495e9f3e
12-09 20:56:10 com_github_MitjaNemec_ReplicateLayout.replicate_layout 991:Dst text UUid:b0d0ffbf-b8e4-4a70-81dc-3f9220740c8a
12-09 20:56:10 com_github_MitjaNemec_ReplicateLayout.replicate_layout 990:Src text UUid:2872f19a-8fe4-4852-96f7-ba257c9d5df8
12-09 20:56:10 com_github_MitjaNemec_ReplicateLayout.replicate_layout 991:Dst text UUid:bbc68ad3-c41c-4f3e-af07-5f3f3b04f53d
12-09 20:56:10 com_github_MitjaNemec_ReplicateLayout.replicate_layout 990:Src text UUid:8b7ca3cc-eae1-43c8-8552-5d2f4f1718c5
12-09 20:56:10 com_github_MitjaNemec_ReplicateLayout.replicate_layout 991:Dst text UUid:0b1a89dc-145f-477c-b939-219332fa0bdc
12-09 20:56:10 com_github_MitjaNemec_ReplicateLayout.replicate_layout 888:Replicating footprint: 'D4'
12-09 20:56:10 com_github_MitjaNemec_ReplicateLayout.replicate_layout 835:Src fp.id: 'CC221E95-96E5-4D0C-A8BE-B1DC01F7CF31'
12-09 20:56:10 com_github_MitjaNemec_ReplicateLayout.replicate_layout 839:Dst fp.id: 'CC221E95-96E5-4D0C-A8BE-B1DC01F7CF31'
12-09 20:56:10 com_github_MitjaNemec_ReplicateLayout.replicate_layout 895:found match in dst footprint: 'D3'
12-09 20:56:10 com_github_MitjaNemec_ReplicateLayout.replicate_layout 990:Src text UUid:94dd0ebd-4793-4980-8f4b-a47612fc2516
12-09 20:56:10 com_github_MitjaNemec_ReplicateLayout.replicate_layout 991:Dst text UUid:e5091c41-2de2-4664-8fdb-42e74cd751b9
12-09 20:56:10 com_github_MitjaNemec_ReplicateLayout.replicate_layout 990:Src text UUid:66b5ef97-c99b-485b-bd55-2d3126053cdb
12-09 20:56:10 com_github_MitjaNemec_ReplicateLayout.replicate_layout 991:Dst text UUid:ff2c4c9a-2428-45cc-81be-039f8def6062
12-09 20:56:10 com_github_MitjaNemec_ReplicateLayout.replicate_layout 990:Src text UUid:2f8bc72f-40f8-4fd3-92fc-2d65a7abb692
12-09 20:56:10 com_github_MitjaNemec_ReplicateLayout.replicate_layout 991:Dst text UUid:dd0218bb-3138-466b-931c-e98150d0e22c
12-09 20:56:10 com_github_MitjaNemec_ReplicateLayout.replicate_layout 990:Src text UUid:020e6483-eccd-4454-96c0-a3e5a89df23f
12-09 20:56:10 com_github_MitjaNemec_ReplicateLayout.replicate_layout 991:Dst text UUid:3aff961c-f308-4bf2-adf5-d2cbd0ee964b
12-09 20:56:10 com_github_MitjaNemec_ReplicateLayout.replicate_layout 990:Src text UUid:5d35615f-c402-4239-a6dc-2e39f6416906
12-09 20:56:10 com_github_MitjaNemec_ReplicateLayout.replicate_layout 991:Dst text UUid:ff2c4c9a-2428-45cc-81be-039f8def6062
12-09 20:56:10 com_github_MitjaNemec_ReplicateLayout.replicate_layout 888:Replicating footprint: 'D15'
12-09 20:56:10 com_github_MitjaNemec_ReplicateLayout.replicate_layout 835:Src fp.id: '7544A652-04E3-4884-AB51-77173DB17565'
12-09 20:56:10 com_github_MitjaNemec_ReplicateLayout.replicate_layout 839:Dst fp.id: '7544A652-04E3-4884-AB51-77173DB17565'
12-09 20:56:10 com_github_MitjaNemec_ReplicateLayout.replicate_layout 895:found match in dst footprint: 'D11'
12-09 20:56:10 com_github_MitjaNemec_ReplicateLayout.replicate_layout 990:Src text UUid:3d82e82f-d14e-4a1e-959b-740a48bb99e9
12-09 20:56:10 com_github_MitjaNemec_ReplicateLayout.replicate_layout 991:Dst text UUid:6a2fc4f5-2fb4-4c70-9e00-bebb2f8a704d
12-09 20:56:10 com_github_MitjaNemec_ReplicateLayout.replicate_layout 990:Src text UUid:f3a6e146-91d5-4e44-86fc-c430df1cc42b
12-09 20:56:10 com_github_MitjaNemec_ReplicateLayout.replicate_layout 991:Dst text UUid:700ef07a-4504-44cf-81d3-c8a2c8694f11
12-09 20:56:10 com_github_MitjaNemec_ReplicateLayout.replicate_layout 990:Src text UUid:7383a563-770f-46c6-80ef-cd59f6742749
12-09 20:56:10 com_github_MitjaNemec_ReplicateLayout.replicate_layout 991:Dst text UUid:1f200420-397e-46b0-8ffb-a89d02eb1cdd
12-09 20:56:10 com_github_MitjaNemec_ReplicateLayout.replicate_layout 990:Src text UUid:01dc6d4c-7fd4-4874-a65e-a8bbad31531f
12-09 20:56:10 com_github_MitjaNemec_ReplicateLayout.replicate_layout 991:Dst text UUid:ded6f7c5-dbb1-49f9-b9e8-c5d738b57b4c
12-09 20:56:10 com_github_MitjaNemec_ReplicateLayout.replicate_layout 990:Src text UUid:c1b02132-8df2-46b5-98a1-5f0ae47e7445
12-09 20:56:10 com_github_MitjaNemec_ReplicateLayout.replicate_layout 991:Dst text UUid:700ef07a-4504-44cf-81d3-c8a2c8694f11
12-09 20:56:10 com_github_MitjaNemec_ReplicateLayout.replicate_layout 888:Replicating footprint: 'SW4'
12-09 20:56:10 com_github_MitjaNemec_ReplicateLayout.replicate_layout 835:Src fp.id: 'DD012EAC-D2C4-4B63-8727-0B3565ED4A54'
12-09 20:56:10 com_github_MitjaNemec_ReplicateLayout.replicate_layout 839:Dst fp.id: 'DD012EAC-D2C4-4B63-8727-0B3565ED4A54'
12-09 20:56:10 com_github_MitjaNemec_ReplicateLayout.replicate_layout 895:found match in dst footprint: 'SW3'
12-09 20:56:10 com_github_MitjaNemec_ReplicateLayout.replicate_layout 990:Src text UUid:3e9e7bf5-069d-4bc0-a277-ac1a953fbf22
12-09 20:56:10 com_github_MitjaNemec_ReplicateLayout.replicate_layout 991:Dst text UUid:3c193cb6-ecdb-4f9f-aa6a-be9f800f296e
12-09 20:56:10 com_github_MitjaNemec_ReplicateLayout.replicate_layout 990:Src text UUid:db4c8af3-455f-4205-a65a-997d6b73260a
12-09 20:56:10 com_github_MitjaNemec_ReplicateLayout.replicate_layout 991:Dst text UUid:80876c55-bcd1-420b-bc26-fe62b15fdbeb
12-09 20:56:10 com_github_MitjaNemec_ReplicateLayout.replicate_layout 990:Src text UUid:5ae85344-31ce-4546-a213-8d53eabc68d5
12-09 20:56:10 com_github_MitjaNemec_ReplicateLayout.replicate_layout 991:Dst text UUid:c701e0b5-954e-4a00-a424-94c142d2c2d2
12-09 20:56:10 com_github_MitjaNemec_ReplicateLayout.replicate_layout 888:Replicating footprint: 'R4'
12-09 20:56:10 com_github_MitjaNemec_ReplicateLayout.replicate_layout 835:Src fp.id: '4E05671F-D030-4C75-90D2-A1EFC87D30E3'
12-09 20:56:10 com_github_MitjaNemec_ReplicateLayout.replicate_layout 839:Dst fp.id: '4E05671F-D030-4C75-90D2-A1EFC87D30E3'
12-09 20:56:10 com_github_MitjaNemec_ReplicateLayout.replicate_layout 895:found match in dst footprint: 'R3'
12-09 20:56:10 com_github_MitjaNemec_ReplicateLayout.replicate_layout 990:Src text UUid:5d5ce6f7-452d-460d-964d-920745ffd79e
12-09 20:56:10 com_github_MitjaNemec_ReplicateLayout.replicate_layout 991:Dst text UUid:78d1da8e-094e-4447-a232-87e27a710912
12-09 20:56:10 com_github_MitjaNemec_ReplicateLayout.replicate_layout 990:Src text UUid:a7a085b9-967d-4d5b-84b7-b35df0332605
12-09 20:56:10 com_github_MitjaNemec_ReplicateLayout.replicate_layout 991:Dst text UUid:5d5baac5-5f74-4c86-81db-b5d6ad7529bc
12-09 20:56:10 com_github_MitjaNemec_ReplicateLayout.replicate_layout 990:Src text UUid:b4534dae-3c34-4ba8-a7aa-54bcdda91a98
12-09 20:56:10 com_github_MitjaNemec_ReplicateLayout.replicate_layout 991:Dst text UUid:79ae4a9f-aef4-430f-926a-34f51c60d2d9
12-09 20:56:10 com_github_MitjaNemec_ReplicateLayout.replicate_layout 888:Replicating footprint: 'D60'
12-09 20:56:10 com_github_MitjaNemec_ReplicateLayout.replicate_layout 835:Src fp.id: '41C63291-5895-4931-B4BE-FE057DDF8C83'
12-09 20:56:10 com_github_MitjaNemec_ReplicateLayout.replicate_layout 839:Dst fp.id: '41C63291-5895-4931-B4BE-FE057DDF8C83'
12-09 20:56:10 com_github_MitjaNemec_ReplicateLayout.replicate_layout 895:found match in dst footprint: 'D55'
12-09 20:56:10 com_github_MitjaNemec_ReplicateLayout.replicate_layout 990:Src text UUid:368be825-371b-4fde-8320-0f4c06c2cb34
12-09 20:56:10 com_github_MitjaNemec_ReplicateLayout.replicate_layout 991:Dst text UUid:6145b339-a70a-43f0-8035-df2128b0fd68
12-09 20:56:10 com_github_MitjaNemec_ReplicateLayout.replicate_layout 990:Src text UUid:06cc4397-5338-4d05-9490-154e36589dd1
12-09 20:56:10 com_github_MitjaNemec_ReplicateLayout.replicate_layout 991:Dst text UUid:a8a50787-d5c8-4407-803b-c10a65e43faa
12-09 20:56:10 com_github_MitjaNemec_ReplicateLayout.replicate_layout 888:Replicating footprint: 'SW42'
12-09 20:56:10 com_github_MitjaNemec_ReplicateLayout.replicate_layout 835:Src fp.id: '87B8FC13-22F1-4558-A867-69678B024155'
12-09 20:56:10 com_github_MitjaNemec_ReplicateLayout.replicate_layout 839:Dst fp.id: '87B8FC13-22F1-4558-A867-69678B024155'
12-09 20:56:10 com_github_MitjaNemec_ReplicateLayout.replicate_layout 895:found match in dst footprint: 'SW41'
12-09 20:56:10 com_github_MitjaNemec_ReplicateLayout.replicate_layout 990:Src text UUid:4356cfac-2bd1-43b2-bd9e-580e74ff81c4
12-09 20:56:10 com_github_MitjaNemec_ReplicateLayout.replicate_layout 991:Dst text UUid:b70fee7d-5469-4bfb-bdc2-132ca150eaeb
12-09 20:56:10 com_github_MitjaNemec_ReplicateLayout.replicate_layout 990:Src text UUid:9e657542-93cf-43b1-bab0-d0114cbe0eff
12-09 20:56:10 com_github_MitjaNemec_ReplicateLayout.replicate_layout 991:Dst text UUid:349097ab-d92e-4347-b030-e40e0d70bef5
12-09 20:56:10 com_github_MitjaNemec_ReplicateLayout.replicate_layout 990:Src text UUid:2964bc94-08c4-43cd-9033-4f6cd96e9c0a
12-09 20:56:10 com_github_MitjaNemec_ReplicateLayout.replicate_layout 991:Dst text UUid:5e8d9ff7-15b8-4005-a56c-b8c2efd5bc4a
12-09 20:56:10 com_github_MitjaNemec_ReplicateLayout.replicate_layout 888:Replicating footprint: 'SW40'
12-09 20:56:10 com_github_MitjaNemec_ReplicateLayout.replicate_layout 835:Src fp.id: 'F0EAEB21-FA60-4FBD-9332-9FBFBB990949'
12-09 20:56:10 com_github_MitjaNemec_ReplicateLayout.replicate_layout 839:Dst fp.id: 'F0EAEB21-FA60-4FBD-9332-9FBFBB990949'
12-09 20:56:10 com_github_MitjaNemec_ReplicateLayout.replicate_layout 895:found match in dst footprint: 'SW36'
12-09 20:56:10 com_github_MitjaNemec_ReplicateLayout.replicate_layout 990:Src text UUid:3551f68c-1a3d-43f6-a7ef-c2d53e6345a2
12-09 20:56:10 com_github_MitjaNemec_ReplicateLayout.replicate_layout 991:Dst text UUid:32d4fb7f-1cfd-48be-ac37-59f155a3a3cf
12-09 20:56:10 com_github_MitjaNemec_ReplicateLayout.replicate_layout 990:Src text UUid:2b95cb3c-54bb-49e7-8c6a-113953f8e9e9
12-09 20:56:10 com_github_MitjaNemec_ReplicateLayout.replicate_layout 991:Dst text UUid:d6d5a9cc-db5f-4048-9352-87c7d0e2ad8a
12-09 20:56:10 com_github_MitjaNemec_ReplicateLayout.replicate_layout 990:Src text UUid:43bea5a7-e8dd-470c-9e5e-87fe806857af
12-09 20:56:10 com_github_MitjaNemec_ReplicateLayout.replicate_layout 991:Dst text UUid:50f5d7a4-a17b-4327-9349-ed7bca8ed869
12-09 20:56:10 com_github_MitjaNemec_ReplicateLayout.replicate_layout 888:Replicating footprint: 'R6'
12-09 20:56:10 com_github_MitjaNemec_ReplicateLayout.replicate_layout 835:Src fp.id: 'C424A1F3-7CC9-4D14-8E29-7DA6EF7087A4'
12-09 20:56:10 com_github_MitjaNemec_ReplicateLayout.replicate_layout 839:Dst fp.id: 'C424A1F3-7CC9-4D14-8E29-7DA6EF7087A4'
12-09 20:56:10 com_github_MitjaNemec_ReplicateLayout.replicate_layout 895:found match in dst footprint: 'R5'
12-09 20:56:10 com_github_MitjaNemec_ReplicateLayout.replicate_layout 990:Src text UUid:fd6e6738-7028-47d2-af30-698496c53991
12-09 20:56:10 com_github_MitjaNemec_ReplicateLayout.replicate_layout 991:Dst text UUid:11a7a787-e3cb-4b3a-b1ab-e7a0df69c390
12-09 20:56:10 com_github_MitjaNemec_ReplicateLayout.replicate_layout 990:Src text UUid:49ed1513-0ae8-4acc-b724-7d8d5374c1f4
12-09 20:56:10 com_github_MitjaNemec_ReplicateLayout.replicate_layout 991:Dst text UUid:5cb1ec05-0773-4549-bf17-0755365f6614
12-09 20:56:10 com_github_MitjaNemec_ReplicateLayout.replicate_layout 990:Src text UUid:03b6c85a-a6b0-4e37-b1e5-39fee03b50d7
12-09 20:56:10 com_github_MitjaNemec_ReplicateLayout.replicate_layout 991:Dst text UUid:24028ddb-34c5-4848-88e1-18a29bd9d9ca
12-09 20:56:10 com_github_MitjaNemec_ReplicateLayout.replicate_layout 888:Replicating footprint: 'SW2'
12-09 20:56:10 com_github_MitjaNemec_ReplicateLayout.replicate_layout 835:Src fp.id: 'BF555CFC-4AE0-4471-808B-44F4455E20FB'
12-09 20:56:10 com_github_MitjaNemec_ReplicateLayout.replicate_layout 839:Dst fp.id: 'BF555CFC-4AE0-4471-808B-44F4455E20FB'
12-09 20:56:10 com_github_MitjaNemec_ReplicateLayout.replicate_layout 895:found match in dst footprint: 'SW1'
12-09 20:56:10 com_github_MitjaNemec_ReplicateLayout.replicate_layout 990:Src text UUid:f73e7c08-9950-45fa-9e7e-668da93709c4
12-09 20:56:10 com_github_MitjaNemec_ReplicateLayout.replicate_layout 991:Dst text UUid:6de4b83e-bd77-4424-b73e-56830a4e7fae
12-09 20:56:10 com_github_MitjaNemec_ReplicateLayout.replicate_layout 990:Src text UUid:e89420b2-b30d-4bc8-a9f0-a12578784a0a
12-09 20:56:10 com_github_MitjaNemec_ReplicateLayout.replicate_layout 991:Dst text UUid:1dc80d9d-3f6d-4771-9db9-1e8a276e22ef
12-09 20:56:10 com_github_MitjaNemec_ReplicateLayout.replicate_layout 990:Src text UUid:b32eb008-4b9b-4cba-be3a-2030002cd355
12-09 20:56:10 com_github_MitjaNemec_ReplicateLayout.replicate_layout 991:Dst text UUid:6522c4b2-8b61-476e-bf53-ad1f0f758ef8
12-09 20:56:10 com_github_MitjaNemec_ReplicateLayout.replicate_layout 888:Replicating footprint: 'TP2'
12-09 20:56:10 com_github_MitjaNemec_ReplicateLayout.replicate_layout 835:Src fp.id: '3609C02D-6BB6-4B37-8A63-DA2CDAF04B06'
12-09 20:56:10 com_github_MitjaNemec_ReplicateLayout.replicate_layout 839:Dst fp.id: '3609C02D-6BB6-4B37-8A63-DA2CDAF04B06'
12-09 20:56:10 com_github_MitjaNemec_ReplicateLayout.replicate_layout 895:found match in dst footprint: 'TP1'
12-09 20:56:10 com_github_MitjaNemec_ReplicateLayout.replicate_layout 990:Src text UUid:c1ff05b8-d04b-4188-82fa-3f09109b570b
12-09 20:56:10 com_github_MitjaNemec_ReplicateLayout.replicate_layout 991:Dst text UUid:31828595-d279-4c3e-a8c2-0b16f1657763
12-09 20:56:10 com_github_MitjaNemec_ReplicateLayout.replicate_layout 990:Src text UUid:b0a62824-296f-489f-b8ad-e8f9a2b3711f
12-09 20:56:10 com_github_MitjaNemec_ReplicateLayout.replicate_layout 991:Dst text UUid:200ec27b-d71c-406f-ab2d-8f3da1521a42
12-09 20:56:10 com_github_MitjaNemec_ReplicateLayout.replicate_layout 990:Src text UUid:eec58d30-fa4f-4faa-a610-b8f9582c554d
12-09 20:56:10 com_github_MitjaNemec_ReplicateLayout.replicate_layout 991:Dst text UUid:8bbe3908-d6dc-4b9e-a105-135ce17250aa
12-09 20:56:10 com_github_MitjaNemec_ReplicateLayout.replicate_layout 888:Replicating footprint: 'D39'
12-09 20:56:10 com_github_MitjaNemec_ReplicateLayout.replicate_layout 835:Src fp.id: '94A9F5E7-37C3-401E-83ED-3AAAD9553CB4'
12-09 20:56:10 com_github_MitjaNemec_ReplicateLayout.replicate_layout 839:Dst fp.id: '94A9F5E7-37C3-401E-83ED-3AAAD9553CB4'
12-09 20:56:10 com_github_MitjaNemec_ReplicateLayout.replicate_layout 895:found match in dst footprint: 'D35'
12-09 20:56:10 com_github_MitjaNemec_ReplicateLayout.replicate_layout 990:Src text UUid:b78165e8-1836-47ea-9fa9-c36fc056f897
12-09 20:56:10 com_github_MitjaNemec_ReplicateLayout.replicate_layout 991:Dst text UUid:aa0ee45a-dde0-4dc3-bef1-9845942e0c44
12-09 20:56:10 com_github_MitjaNemec_ReplicateLayout.replicate_layout 990:Src text UUid:c292d1ee-3d52-404d-93da-92fbc45acb7b
12-09 20:56:10 com_github_MitjaNemec_ReplicateLayout.replicate_layout 991:Dst text UUid:787112e9-9774-4013-a6cb-1a3f9da0ed7b
12-09 20:56:10 com_github_MitjaNemec_ReplicateLayout.replicate_layout 990:Src text UUid:88ac754f-7ff3-4f29-813c-eec1793fc1cc
12-09 20:56:10 com_github_MitjaNemec_ReplicateLayout.replicate_layout 991:Dst text UUid:284e0d88-dc3d-4cd7-aa7f-a9c7fbf7ee14
12-09 20:56:10 com_github_MitjaNemec_ReplicateLayout.replicate_layout 990:Src text UUid:2296c33e-1b6d-471a-99e3-2cf7a614ee5d
12-09 20:56:10 com_github_MitjaNemec_ReplicateLayout.replicate_layout 991:Dst text UUid:212cd0f6-9fa8-40f7-ab31-daea8bdc47ba
12-09 20:56:10 com_github_MitjaNemec_ReplicateLayout.replicate_layout 990:Src text UUid:64e77f3a-f7f2-46e6-9110-55c705964065
12-09 20:56:10 com_github_MitjaNemec_ReplicateLayout.replicate_layout 991:Dst text UUid:787112e9-9774-4013-a6cb-1a3f9da0ed7b
12-09 20:56:10 com_github_MitjaNemec_ReplicateLayout.replicate_layout 888:Replicating footprint: 'D14'
12-09 20:56:10 com_github_MitjaNemec_ReplicateLayout.replicate_layout 835:Src fp.id: '25237E0E-D272-4CF2-8373-1933B7F7F256'
12-09 20:56:10 com_github_MitjaNemec_ReplicateLayout.replicate_layout 839:Dst fp.id: '25237E0E-D272-4CF2-8373-1933B7F7F256'
12-09 20:56:10 com_github_MitjaNemec_ReplicateLayout.replicate_layout 895:found match in dst footprint: 'D10'
12-09 20:56:10 com_github_MitjaNemec_ReplicateLayout.replicate_layout 990:Src text UUid:ad8765a6-a3bf-42d4-9916-899e6cfd0148
12-09 20:56:10 com_github_MitjaNemec_ReplicateLayout.replicate_layout 991:Dst text UUid:6fd2d0fc-1b13-4686-aaed-a21a5f16a421
12-09 20:56:10 com_github_MitjaNemec_ReplicateLayout.replicate_layout 990:Src text UUid:c60a4a01-38be-46ef-8283-7a54656901dc
12-09 20:56:10 com_github_MitjaNemec_ReplicateLayout.replicate_layout 991:Dst text UUid:d6ac226c-b38d-4694-bf70-0032d08419d0
12-09 20:56:10 com_github_MitjaNemec_ReplicateLayout.replicate_layout 990:Src text UUid:97dd6e94-589e-42a5-b9b9-4abcbf8b8924
12-09 20:56:10 com_github_MitjaNemec_ReplicateLayout.replicate_layout 991:Dst text UUid:e80c1c80-3759-42a3-b929-64d2742245d9
12-09 20:56:10 com_github_MitjaNemec_ReplicateLayout.replicate_layout 990:Src text UUid:2848bedc-c9da-4ccd-8d39-e79d263b7c4f
12-09 20:56:10 com_github_MitjaNemec_ReplicateLayout.replicate_layout 991:Dst text UUid:d005066a-1d06-42f0-9719-99e504b5df85
12-09 20:56:10 com_github_MitjaNemec_ReplicateLayout.replicate_layout 990:Src text UUid:32eb4a19-1bb0-4058-9ce2-4426433b6e1b
12-09 20:56:10 com_github_MitjaNemec_ReplicateLayout.replicate_layout 991:Dst text UUid:d6ac226c-b38d-4694-bf70-0032d08419d0
12-09 20:56:10 com_github_MitjaNemec_ReplicateLayout.replicate_layout 888:Replicating footprint: 'D46'
12-09 20:56:10 com_github_MitjaNemec_ReplicateLayout.replicate_layout 835:Src fp.id: '1D06B35E-6FC7-48A9-9174-CC20FA6F9FA2'
12-09 20:56:10 com_github_MitjaNemec_ReplicateLayout.replicate_layout 839:Dst fp.id: '1D06B35E-6FC7-48A9-9174-CC20FA6F9FA2'
12-09 20:56:10 com_github_MitjaNemec_ReplicateLayout.replicate_layout 895:found match in dst footprint: 'D45'
12-09 20:56:10 com_github_MitjaNemec_ReplicateLayout.replicate_layout 990:Src text UUid:e7be43d4-fabe-4364-9948-82e663fa694c
12-09 20:56:10 com_github_MitjaNemec_ReplicateLayout.replicate_layout 991:Dst text UUid:7d89540f-82d3-40a9-a10e-87f9670fec3e
12-09 20:56:10 com_github_MitjaNemec_ReplicateLayout.replicate_layout 990:Src text UUid:10dc421b-e895-4c3e-aa6b-34b07fdb1c27
12-09 20:56:10 com_github_MitjaNemec_ReplicateLayout.replicate_layout 991:Dst text UUid:f69f720f-ef5f-40ec-a9f6-52eaf37de191
12-09 20:56:10 com_github_MitjaNemec_ReplicateLayout.replicate_layout 888:Replicating footprint: 'C2'
12-09 20:56:10 com_github_MitjaNemec_ReplicateLayout.replicate_layout 835:Src fp.id: '28E7FD04-6D36-45A9-822A-2BDD5A991B70'
12-09 20:56:10 com_github_MitjaNemec_ReplicateLayout.replicate_layout 839:Dst fp.id: '28E7FD04-6D36-45A9-822A-2BDD5A991B70'
12-09 20:56:10 com_github_MitjaNemec_ReplicateLayout.replicate_layout 895:found match in dst footprint: 'C1'
12-09 20:56:10 com_github_MitjaNemec_ReplicateLayout.replicate_layout 990:Src text UUid:588067b7-14ea-4b1c-a3ab-7deb48ddedf0
12-09 20:56:10 com_github_MitjaNemec_ReplicateLayout.replicate_layout 991:Dst text UUid:e070751d-c7d1-41c7-b6fc-fc772b5d77b1
12-09 20:56:10 com_github_MitjaNemec_ReplicateLayout.replicate_layout 990:Src text UUid:fbde7579-19a3-4dea-8904-3264122237b3
12-09 20:56:10 com_github_MitjaNemec_ReplicateLayout.replicate_layout 991:Dst text UUid:10dc717c-79b3-4782-96da-1e8a9e163b85
12-09 20:56:10 com_github_MitjaNemec_ReplicateLayout.replicate_layout 990:Src text UUid:47ff0d11-2820-4276-a950-59ac7e2df4d8
12-09 20:56:10 com_github_MitjaNemec_ReplicateLayout.replicate_layout 991:Dst text UUid:04461713-7598-43fc-a049-0d394a415d00
12-09 20:56:10 com_github_MitjaNemec_ReplicateLayout.replicate_layout 888:Replicating footprint: 'D69'
12-09 20:56:10 com_github_MitjaNemec_ReplicateLayout.replicate_layout 835:Src fp.id: '2D79724D-A5E1-4CCC-A330-00CD7071313D'
12-09 20:56:10 com_github_MitjaNemec_ReplicateLayout.replicate_layout 839:Dst fp.id: '2D79724D-A5E1-4CCC-A330-00CD7071313D'
12-09 20:56:10 com_github_MitjaNemec_ReplicateLayout.replicate_layout 895:found match in dst footprint: 'D64'
12-09 20:56:10 com_github_MitjaNemec_ReplicateLayout.replicate_layout 990:Src text UUid:c6cb17ec-6bec-489b-af40-8ffe98acb501
12-09 20:56:10 com_github_MitjaNemec_ReplicateLayout.replicate_layout 991:Dst text UUid:62c56932-5cd2-46a5-92c8-5a5fc7bd3ee3
12-09 20:56:10 com_github_MitjaNemec_ReplicateLayout.replicate_layout 990:Src text UUid:82dca5b4-883e-41e8-9f73-f421bf97c2ae
12-09 20:56:10 com_github_MitjaNemec_ReplicateLayout.replicate_layout 991:Dst text UUid:9bf4585f-41b3-4311-aa11-056815f7b15d
12-09 20:56:10 com_github_MitjaNemec_ReplicateLayout.replicate_layout 888:Replicating footprint: 'SW15'
12-09 20:56:10 com_github_MitjaNemec_ReplicateLayout.replicate_layout 835:Src fp.id: '1C7D62BA-3809-499A-B2EE-9B4DB3AB8033'
12-09 20:56:10 com_github_MitjaNemec_ReplicateLayout.replicate_layout 839:Dst fp.id: '1C7D62BA-3809-499A-B2EE-9B4DB3AB8033'
12-09 20:56:10 com_github_MitjaNemec_ReplicateLayout.replicate_layout 895:found match in dst footprint: 'SW11'
12-09 20:56:10 com_github_MitjaNemec_ReplicateLayout.replicate_layout 990:Src text UUid:88655d96-c9ff-4b46-aaab-1de2d3da4be2
12-09 20:56:10 com_github_MitjaNemec_ReplicateLayout.replicate_layout 991:Dst text UUid:14858bb3-27d7-43c1-aff7-4265f3030841
12-09 20:56:10 com_github_MitjaNemec_ReplicateLayout.replicate_layout 990:Src text UUid:6fc4b803-2cea-4eca-9e8c-9ff3a9205720
12-09 20:56:10 com_github_MitjaNemec_ReplicateLayout.replicate_layout 991:Dst text UUid:b0776513-2045-4468-827e-7444a709cbf9
12-09 20:56:10 com_github_MitjaNemec_ReplicateLayout.replicate_layout 990:Src text UUid:1f3c1cea-98fb-4c02-a9d8-8d16d0aa731d
12-09 20:56:10 com_github_MitjaNemec_ReplicateLayout.replicate_layout 991:Dst text UUid:1f4e6022-c764-4f9a-9fbd-bf45ca019611
12-09 20:56:10 com_github_MitjaNemec_ReplicateLayout.replicate_layout 888:Replicating footprint: 'U4'
12-09 20:56:10 com_github_MitjaNemec_ReplicateLayout.replicate_layout 835:Src fp.id: '0B0AFF5C-58EA-40BD-9890-A628970A22BB'
12-09 20:56:10 com_github_MitjaNemec_ReplicateLayout.replicate_layout 839:Dst fp.id: '0B0AFF5C-58EA-40BD-9890-A628970A22BB'
12-09 20:56:10 com_github_MitjaNemec_ReplicateLayout.replicate_layout 895:found match in dst footprint: 'U3'
12-09 20:56:10 com_github_MitjaNemec_ReplicateLayout.replicate_layout 990:Src text UUid:9932a2bb-0104-4831-ad14-938040d1886f
12-09 20:56:10 com_github_MitjaNemec_ReplicateLayout.replicate_layout 991:Dst text UUid:4c1b1f51-6f45-4b5b-a2b8-99e47f373906
12-09 20:56:10 com_github_MitjaNemec_ReplicateLayout.replicate_layout 990:Src text UUid:f5369bea-b16a-4a93-888f-2c479e54686a
12-09 20:56:10 com_github_MitjaNemec_ReplicateLayout.replicate_layout 991:Dst text UUid:f017abc9-5104-4c3e-80c0-d01ec9f0579b
12-09 20:56:10 com_github_MitjaNemec_ReplicateLayout.replicate_layout 990:Src text UUid:2fa7916e-c041-460c-b69a-1694c47a07d7
12-09 20:56:10 com_github_MitjaNemec_ReplicateLayout.replicate_layout 991:Dst text UUid:c1b6a8bf-ce6d-4037-9690-8de29eacf334
12-09 20:56:10 com_github_MitjaNemec_ReplicateLayout.replicate_layout 888:Replicating footprint: 'R2'
12-09 20:56:10 com_github_MitjaNemec_ReplicateLayout.replicate_layout 835:Src fp.id: '726F1FBB-E487-411E-BC51-5FBC9273430F'
12-09 20:56:10 com_github_MitjaNemec_ReplicateLayout.replicate_layout 839:Dst fp.id: '726F1FBB-E487-411E-BC51-5FBC9273430F'
12-09 20:56:10 com_github_MitjaNemec_ReplicateLayout.replicate_layout 895:found match in dst footprint: 'R1'
12-09 20:56:10 com_github_MitjaNemec_ReplicateLayout.replicate_layout 990:Src text UUid:e0cbbdad-ba7e-4931-8433-d710a235cee8
12-09 20:56:10 com_github_MitjaNemec_ReplicateLayout.replicate_layout 991:Dst text UUid:fa03f94e-0386-4ff8-a21d-79257478c161
12-09 20:56:10 com_github_MitjaNemec_ReplicateLayout.replicate_layout 990:Src text UUid:7d20b0db-a6d8-4f80-8286-a8b54b31c101
12-09 20:56:10 com_github_MitjaNemec_ReplicateLayout.replicate_layout 991:Dst text UUid:e1bf37e4-8585-4796-b7b1-8e3d6111f0dc
12-09 20:56:10 com_github_MitjaNemec_ReplicateLayout.replicate_layout 990:Src text UUid:c8d49b7b-dc59-44d1-b6f6-c60213a683f3
12-09 20:56:10 com_github_MitjaNemec_ReplicateLayout.replicate_layout 991:Dst text UUid:0f50feb6-7045-4935-b849-28b905682229
12-09 20:56:10 com_github_MitjaNemec_ReplicateLayout.replicate_layout 888:Replicating footprint: 'D49'
12-09 20:56:10 com_github_MitjaNemec_ReplicateLayout.replicate_layout 835:Src fp.id: 'F8B95893-FFDE-4860-B201-426EB41DDBD0'
12-09 20:56:10 com_github_MitjaNemec_ReplicateLayout.replicate_layout 839:Dst fp.id: 'F8B95893-FFDE-4860-B201-426EB41DDBD0'
12-09 20:56:10 com_github_MitjaNemec_ReplicateLayout.replicate_layout 895:found match in dst footprint: 'D47'
12-09 20:56:10 com_github_MitjaNemec_ReplicateLayout.replicate_layout 990:Src text UUid:6cfccf11-11ef-447d-83bf-e75b041e8dfc
12-09 20:56:10 com_github_MitjaNemec_ReplicateLayout.replicate_layout 991:Dst text UUid:95959910-1021-4587-b9fd-c1a582a9ae74
12-09 20:56:10 com_github_MitjaNemec_ReplicateLayout.replicate_layout 990:Src text UUid:b6754388-3c93-4a91-a69a-d36d19dd227e
12-09 20:56:10 com_github_MitjaNemec_ReplicateLayout.replicate_layout 991:Dst text UUid:0fa74d09-e97c-4734-9193-a13c5fed8679
12-09 20:56:10 com_github_MitjaNemec_ReplicateLayout.replicate_layout 888:Replicating footprint: 'SW8'
12-09 20:56:10 com_github_MitjaNemec_ReplicateLayout.replicate_layout 835:Src fp.id: 'C9DC783C-1B86-4167-930C-C5E1BC898FA1'
12-09 20:56:10 com_github_MitjaNemec_ReplicateLayout.replicate_layout 839:Dst fp.id: 'C9DC783C-1B86-4167-930C-C5E1BC898FA1'
12-09 20:56:10 com_github_MitjaNemec_ReplicateLayout.replicate_layout 895:found match in dst footprint: 'SW7'
12-09 20:56:10 com_github_MitjaNemec_ReplicateLayout.replicate_layout 990:Src text UUid:7af16c39-f5eb-47db-b982-6a7d55f71a9d
12-09 20:56:10 com_github_MitjaNemec_ReplicateLayout.replicate_layout 991:Dst text UUid:54b2cba5-0ddc-4062-9c79-b56e41b40179
12-09 20:56:10 com_github_MitjaNemec_ReplicateLayout.replicate_layout 990:Src text UUid:18d8c182-5403-4e0d-8c64-3325a11349fc
12-09 20:56:10 com_github_MitjaNemec_ReplicateLayout.replicate_layout 991:Dst text UUid:fdbf0ecc-7efd-433b-a11f-9249d45b2932
12-09 20:56:10 com_github_MitjaNemec_ReplicateLayout.replicate_layout 990:Src text UUid:09a66842-2721-40ac-819e-cb13f6d833b7
12-09 20:56:10 com_github_MitjaNemec_ReplicateLayout.replicate_layout 991:Dst text UUid:71e2972a-0ddd-45f3-969f-522137a6aea5
12-09 20:56:10 com_github_MitjaNemec_ReplicateLayout.replicate_layout 888:Replicating footprint: 'D21'
12-09 20:56:10 com_github_MitjaNemec_ReplicateLayout.replicate_layout 835:Src fp.id: 'DA75CEB5-B266-470B-96DF-8BE8932BAA5C'
12-09 20:56:10 com_github_MitjaNemec_ReplicateLayout.replicate_layout 839:Dst fp.id: 'DA75CEB5-B266-470B-96DF-8BE8932BAA5C'
12-09 20:56:10 com_github_MitjaNemec_ReplicateLayout.replicate_layout 895:found match in dst footprint: 'D17'
12-09 20:56:10 com_github_MitjaNemec_ReplicateLayout.replicate_layout 990:Src text UUid:8d7ed3ea-5f3e-42d9-ba27-81081a73922a
12-09 20:56:10 com_github_MitjaNemec_ReplicateLayout.replicate_layout 991:Dst text UUid:a320add9-c9cc-4fad-a521-c8c75b14c50a
12-09 20:56:10 com_github_MitjaNemec_ReplicateLayout.replicate_layout 990:Src text UUid:5dfdf0fd-c26e-44e7-8dd4-5c90d58d3000
12-09 20:56:10 com_github_MitjaNemec_ReplicateLayout.replicate_layout 991:Dst text UUid:b957ed48-9928-46d0-84a8-3b0b4dd2d4e9
12-09 20:56:10 com_github_MitjaNemec_ReplicateLayout.replicate_layout 990:Src text UUid:7dc67907-9e4d-4b32-91f0-e9ccd93180c3
12-09 20:56:10 com_github_MitjaNemec_ReplicateLayout.replicate_layout 991:Dst text UUid:576b1872-e2ba-4a5a-9676-0ca3fe2391f3
12-09 20:56:10 com_github_MitjaNemec_ReplicateLayout.replicate_layout 990:Src text UUid:c61d9b95-21f1-480c-b71c-20294e084ae9
12-09 20:56:10 com_github_MitjaNemec_ReplicateLayout.replicate_layout 991:Dst text UUid:957297df-c158-4ab4-8afa-9f0ad68612e5
12-09 20:56:10 com_github_MitjaNemec_ReplicateLayout.replicate_layout 990:Src text UUid:4ba3e4e8-0712-4c06-aab6-4b006932225f
12-09 20:56:10 com_github_MitjaNemec_ReplicateLayout.replicate_layout 991:Dst text UUid:b957ed48-9928-46d0-84a8-3b0b4dd2d4e9
12-09 20:56:10 com_github_MitjaNemec_ReplicateLayout.replicate_layout 888:Replicating footprint: 'H7'
12-09 20:56:10 com_github_MitjaNemec_ReplicateLayout.replicate_layout 835:Src fp.id: 'C88A3A98-F4A1-4EE2-9BFD-582780D63ED3'
12-09 20:56:10 com_github_MitjaNemec_ReplicateLayout.replicate_layout 839:Dst fp.id: 'C88A3A98-F4A1-4EE2-9BFD-582780D63ED3'
12-09 20:56:10 com_github_MitjaNemec_ReplicateLayout.replicate_layout 895:found match in dst footprint: 'H5'
12-09 20:56:10 com_github_MitjaNemec_ReplicateLayout.replicate_layout 990:Src text UUid:85fe02ca-6bd1-4d92-a6d6-b9b4079d6326
12-09 20:56:10 com_github_MitjaNemec_ReplicateLayout.replicate_layout 991:Dst text UUid:6c421236-568c-444b-89ae-88c94b7e108c
12-09 20:56:10 com_github_MitjaNemec_ReplicateLayout.replicate_layout 990:Src text UUid:14744238-9bc3-4c59-84d1-656e19ce7fdc
12-09 20:56:10 com_github_MitjaNemec_ReplicateLayout.replicate_layout 991:Dst text UUid:66ee5d58-bac0-4ea8-af40-cd80708b7396
12-09 20:56:10 com_github_MitjaNemec_ReplicateLayout.replicate_layout 990:Src text UUid:e072b664-b1aa-4793-a99e-e80e6dc8db78
12-09 20:56:10 com_github_MitjaNemec_ReplicateLayout.replicate_layout 991:Dst text UUid:a655bc61-d45c-454d-813a-49b4dda72d0e
12-09 20:56:10 com_github_MitjaNemec_ReplicateLayout.replicate_layout 888:Replicating footprint: 'SW39'
12-09 20:56:10 com_github_MitjaNemec_ReplicateLayout.replicate_layout 835:Src fp.id: '08A52672-1C05-4B2F-96A8-F884C6029873'
12-09 20:56:10 com_github_MitjaNemec_ReplicateLayout.replicate_layout 839:Dst fp.id: '08A52672-1C05-4B2F-96A8-F884C6029873'
12-09 20:56:10 com_github_MitjaNemec_ReplicateLayout.replicate_layout 895:found match in dst footprint: 'SW35'
12-09 20:56:10 com_github_MitjaNemec_ReplicateLayout.replicate_layout 990:Src text UUid:ba4ae452-f12f-4236-b284-95751f52186a
12-09 20:56:10 com_github_MitjaNemec_ReplicateLayout.replicate_layout 991:Dst text UUid:c99f37c2-f9f8-4f8e-9b24-241827255567
12-09 20:56:10 com_github_MitjaNemec_ReplicateLayout.replicate_layout 990:Src text UUid:76f96131-9616-468c-975c-d2521fd600b5
12-09 20:56:10 com_github_MitjaNemec_ReplicateLayout.replicate_layout 991:Dst text UUid:5adf432a-4d93-4ed9-820c-cfb39396c29f
12-09 20:56:10 com_github_MitjaNemec_ReplicateLayout.replicate_layout 990:Src text UUid:9ad8b84b-b30b-4717-b5bd-2e53b14ad0cd
12-09 20:56:10 com_github_MitjaNemec_ReplicateLayout.replicate_layout 991:Dst text UUid:ee446bc2-daa5-4236-b366-02a4882a7018
12-09 20:56:10 com_github_MitjaNemec_ReplicateLayout.replicate_layout 888:Replicating footprint: 'SW30'
12-09 20:56:10 com_github_MitjaNemec_ReplicateLayout.replicate_layout 835:Src fp.id: '95ECD772-537D-4EB2-BE6B-065022A33499'
12-09 20:56:10 com_github_MitjaNemec_ReplicateLayout.replicate_layout 839:Dst fp.id: '95ECD772-537D-4EB2-BE6B-065022A33499'
12-09 20:56:10 com_github_MitjaNemec_ReplicateLayout.replicate_layout 895:found match in dst footprint: 'SW26'
12-09 20:56:10 com_github_MitjaNemec_ReplicateLayout.replicate_layout 990:Src text UUid:d9897c09-605c-499a-9c28-109cdcacb92d
12-09 20:56:10 com_github_MitjaNemec_ReplicateLayout.replicate_layout 991:Dst text UUid:9116d884-7b06-4e04-ab39-67068adc05c3
12-09 20:56:10 com_github_MitjaNemec_ReplicateLayout.replicate_layout 990:Src text UUid:2c17dfa6-91f8-4bbc-b714-965366823903
12-09 20:56:10 com_github_MitjaNemec_ReplicateLayout.replicate_layout 991:Dst text UUid:1f4c05a3-e81b-4518-a17e-4853fdc1953f
12-09 20:56:10 com_github_MitjaNemec_ReplicateLayout.replicate_layout 990:Src text UUid:e54ce851-5ca3-4449-98b3-e88785e2c820
12-09 20:56:10 com_github_MitjaNemec_ReplicateLayout.replicate_layout 991:Dst text UUid:8f015745-b08b-4de5-b203-7e394443c645
12-09 20:56:10 com_github_MitjaNemec_ReplicateLayout.replicate_layout 888:Replicating footprint: 'D40'
12-09 20:56:10 com_github_MitjaNemec_ReplicateLayout.replicate_layout 835:Src fp.id: '111B388B-23EF-43BD-90DB-61B3D5AB8109'
12-09 20:56:10 com_github_MitjaNemec_ReplicateLayout.replicate_layout 839:Dst fp.id: '111B388B-23EF-43BD-90DB-61B3D5AB8109'
12-09 20:56:10 com_github_MitjaNemec_ReplicateLayout.replicate_layout 895:found match in dst footprint: 'D36'
12-09 20:56:10 com_github_MitjaNemec_ReplicateLayout.replicate_layout 990:Src text UUid:2dc60d70-76f3-4cf4-976a-dd8a48ad4b8d
12-09 20:56:10 com_github_MitjaNemec_ReplicateLayout.replicate_layout 991:Dst text UUid:d47faaed-0a25-4c7f-89c5-33a260c092b2
12-09 20:56:10 com_github_MitjaNemec_ReplicateLayout.replicate_layout 990:Src text UUid:1a7e4b7c-daca-4923-b802-2dbbbc686227
12-09 20:56:10 com_github_MitjaNemec_ReplicateLayout.replicate_layout 991:Dst text UUid:22142762-3238-4459-b594-ae32b258ee1b
12-09 20:56:10 com_github_MitjaNemec_ReplicateLayout.replicate_layout 990:Src text UUid:71ebac33-3308-49ec-aa50-412c845c05e7
12-09 20:56:10 com_github_MitjaNemec_ReplicateLayout.replicate_layout 991:Dst text UUid:0e718d0b-3fc4-45c0-97e9-960e6c611148
12-09 20:56:10 com_github_MitjaNemec_ReplicateLayout.replicate_layout 990:Src text UUid:56cddf2c-2936-4632-967e-1a605e1a265f
12-09 20:56:10 com_github_MitjaNemec_ReplicateLayout.replicate_layout 991:Dst text UUid:9563f926-2000-416b-828c-f16ace8cc6b9
12-09 20:56:10 com_github_MitjaNemec_ReplicateLayout.replicate_layout 990:Src text UUid:502a5478-797b-46e3-bc9c-ccfdd46dbb23
12-09 20:56:10 com_github_MitjaNemec_ReplicateLayout.replicate_layout 991:Dst text UUid:22142762-3238-4459-b594-ae32b258ee1b
12-09 20:56:10 com_github_MitjaNemec_ReplicateLayout.replicate_layout 888:Replicating footprint: 'D50'
12-09 20:56:10 com_github_MitjaNemec_ReplicateLayout.replicate_layout 835:Src fp.id: '8AC5D077-0BF4-4F61-B207-B693D1438D9A'
12-09 20:56:10 com_github_MitjaNemec_ReplicateLayout.replicate_layout 839:Dst fp.id: '8AC5D077-0BF4-4F61-B207-B693D1438D9A'
12-09 20:56:10 com_github_MitjaNemec_ReplicateLayout.replicate_layout 895:found match in dst footprint: 'D48'
12-09 20:56:10 com_github_MitjaNemec_ReplicateLayout.replicate_layout 990:Src text UUid:ea5c56d5-7864-4726-adbb-907279a5f7b2
12-09 20:56:10 com_github_MitjaNemec_ReplicateLayout.replicate_layout 991:Dst text UUid:af93bd2d-6fb5-4daa-b15a-620241e6d281
12-09 20:56:10 com_github_MitjaNemec_ReplicateLayout.replicate_layout 990:Src text UUid:01c88e32-2812-410f-b488-f7624447cc3a
12-09 20:56:10 com_github_MitjaNemec_ReplicateLayout.replicate_layout 991:Dst text UUid:cff15a75-cc97-47f7-894e-43c6a81031cc
12-09 20:56:10 com_github_MitjaNemec_ReplicateLayout.replicate_layout 888:Replicating footprint: 'OLED2'
12-09 20:56:10 com_github_MitjaNemec_ReplicateLayout.replicate_layout 835:Src fp.id: '1962C185-D5FD-48D1-8015-307C441694D8'
12-09 20:56:10 com_github_MitjaNemec_ReplicateLayout.replicate_layout 839:Dst fp.id: '1962C185-D5FD-48D1-8015-307C441694D8'
12-09 20:56:10 com_github_MitjaNemec_ReplicateLayout.replicate_layout 895:found match in dst footprint: 'OLED1'
12-09 20:56:10 com_github_MitjaNemec_ReplicateLayout.replicate_layout 990:Src text UUid:8da4e023-dd5b-4bfe-b14e-ccaa106596b7
12-09 20:56:10 com_github_MitjaNemec_ReplicateLayout.replicate_layout 991:Dst text UUid:750025e6-5188-4f21-9bd0-b1aa3fa055a0
12-09 20:56:10 com_github_MitjaNemec_ReplicateLayout.replicate_layout 990:Src text UUid:facf359c-a79b-42a5-a0c6-3984be38eed2
12-09 20:56:10 com_github_MitjaNemec_ReplicateLayout.replicate_layout 991:Dst text UUid:37f8f0c9-2cc9-45c5-aabd-7822779bcf5e
12-09 20:56:10 com_github_MitjaNemec_ReplicateLayout.replicate_layout 990:Src text UUid:14810681-8b98-45a0-a385-16e29b8f2029
12-09 20:56:10 com_github_MitjaNemec_ReplicateLayout.replicate_layout 991:Dst text UUid:7dad0371-d040-472f-b4be-22aecfcc1127
12-09 20:56:10 com_github_MitjaNemec_ReplicateLayout.replicate_layout 990:Src text UUid:ec9ec06c-da21-4e17-ac73-5ac297f718e8
12-09 20:56:10 com_github_MitjaNemec_ReplicateLayout.replicate_layout 991:Dst text UUid:8ae24200-bd7f-4c08-9aac-127a6c12ae14
12-09 20:56:10 com_github_MitjaNemec_ReplicateLayout.replicate_layout 990:Src text UUid:9ca95d1b-88bd-41f3-b89a-e80053a33cc2
12-09 20:56:10 com_github_MitjaNemec_ReplicateLayout.replicate_layout 991:Dst text UUid:58ec1177-e3fb-4c56-8d53-390035f865b0
12-09 20:56:10 com_github_MitjaNemec_ReplicateLayout.replicate_layout 990:Src text UUid:034b5cc4-65fa-443c-9182-d4bb097cff4a
12-09 20:56:10 com_github_MitjaNemec_ReplicateLayout.replicate_layout 991:Dst text UUid:a8e4cf8d-4bf4-4c3e-8f04-c8876c6eceea
12-09 20:56:10 com_github_MitjaNemec_ReplicateLayout.replicate_layout 990:Src text UUid:f08b1d01-e073-47cb-a8bf-1768a452f37d
12-09 20:56:10 com_github_MitjaNemec_ReplicateLayout.replicate_layout 991:Dst text UUid:cfe6102b-33d7-4e36-a13e-62f815be42a1
12-09 20:56:10 com_github_MitjaNemec_ReplicateLayout.replicate_layout 888:Replicating footprint: 'D80'
12-09 20:56:10 com_github_MitjaNemec_ReplicateLayout.replicate_layout 835:Src fp.id: 'AE112F25-34B6-42AE-858C-7C344AE9FC32'
12-09 20:56:10 com_github_MitjaNemec_ReplicateLayout.replicate_layout 839:Dst fp.id: 'AE112F25-34B6-42AE-858C-7C344AE9FC32'
12-09 20:56:10 com_github_MitjaNemec_ReplicateLayout.replicate_layout 895:found match in dst footprint: 'D75'
12-09 20:56:10 com_github_MitjaNemec_ReplicateLayout.replicate_layout 990:Src text UUid:bc5e1856-ab75-4781-b035-85922d2fc933
12-09 20:56:10 com_github_MitjaNemec_ReplicateLayout.replicate_layout 991:Dst text UUid:59e4d866-0c39-4d62-90c1-cca26a2d8174
12-09 20:56:10 com_github_MitjaNemec_ReplicateLayout.replicate_layout 990:Src text UUid:1958ade3-3e64-417e-a6fd-286f4410b378
12-09 20:56:10 com_github_MitjaNemec_ReplicateLayout.replicate_layout 991:Dst text UUid:e9396b35-014c-4b42-987b-347247eef9e2
12-09 20:56:10 com_github_MitjaNemec_ReplicateLayout.replicate_layout 888:Replicating footprint: 'D72'
12-09 20:56:10 com_github_MitjaNemec_ReplicateLayout.replicate_layout 835:Src fp.id: '2B1E7A03-1BB7-4809-9394-30E4AA81CE54'
12-09 20:56:10 com_github_MitjaNemec_ReplicateLayout.replicate_layout 839:Dst fp.id: '2B1E7A03-1BB7-4809-9394-30E4AA81CE54'
12-09 20:56:10 com_github_MitjaNemec_ReplicateLayout.replicate_layout 895:found match in dst footprint: 'D67'
12-09 20:56:10 com_github_MitjaNemec_ReplicateLayout.replicate_layout 990:Src text UUid:c6e8a329-5154-4693-89bb-ef9f4f68bbdb
12-09 20:56:10 com_github_MitjaNemec_ReplicateLayout.replicate_layout 991:Dst text UUid:058731f4-db50-4879-8d4e-760538e9bccb
12-09 20:56:10 com_github_MitjaNemec_ReplicateLayout.replicate_layout 990:Src text UUid:9d84e34d-38fd-4737-934c-ee9d379bbef2
12-09 20:56:10 com_github_MitjaNemec_ReplicateLayout.replicate_layout 991:Dst text UUid:2541f146-b443-400e-bdb7-995c6f7a6b2a
12-09 20:56:10 com_github_MitjaNemec_ReplicateLayout.replicate_layout 888:Replicating footprint: 'D58'
12-09 20:56:10 com_github_MitjaNemec_ReplicateLayout.replicate_layout 835:Src fp.id: '2986D4E9-8699-4AE5-A54C-080E43230080'
12-09 20:56:10 com_github_MitjaNemec_ReplicateLayout.replicate_layout 839:Dst fp.id: '2986D4E9-8699-4AE5-A54C-080E43230080'
12-09 20:56:10 com_github_MitjaNemec_ReplicateLayout.replicate_layout 895:found match in dst footprint: 'D53'
12-09 20:56:10 com_github_MitjaNemec_ReplicateLayout.replicate_layout 990:Src text UUid:2d46eb48-8d43-4088-a36a-e02133ceaa21
12-09 20:56:10 com_github_MitjaNemec_ReplicateLayout.replicate_layout 991:Dst text UUid:e625bbbc-d201-434f-821e-d313523bd0aa
12-09 20:56:10 com_github_MitjaNemec_ReplicateLayout.replicate_layout 990:Src text UUid:dbf77ad2-add0-4224-a1f7-1ea0d6f5315e
12-09 20:56:10 com_github_MitjaNemec_ReplicateLayout.replicate_layout 991:Dst text UUid:f1d3584b-78f7-4068-958a-47cee0965e1a
12-09 20:56:10 com_github_MitjaNemec_ReplicateLayout.replicate_layout 888:Replicating footprint: 'D31'
12-09 20:56:10 com_github_MitjaNemec_ReplicateLayout.replicate_layout 835:Src fp.id: '84E38FAB-1FC1-498C-97CD-0E597CAFB29B'
12-09 20:56:10 com_github_MitjaNemec_ReplicateLayout.replicate_layout 839:Dst fp.id: '84E38FAB-1FC1-498C-97CD-0E597CAFB29B'
12-09 20:56:10 com_github_MitjaNemec_ReplicateLayout.replicate_layout 895:found match in dst footprint: 'D27'
12-09 20:56:10 com_github_MitjaNemec_ReplicateLayout.replicate_layout 990:Src text UUid:4cc73bc0-a278-402a-86e1-edddffb72719
12-09 20:56:10 com_github_MitjaNemec_ReplicateLayout.replicate_layout 991:Dst text UUid:e516b157-6b6b-4e2e-bb6b-f88a51c4c1a4
12-09 20:56:10 com_github_MitjaNemec_ReplicateLayout.replicate_layout 990:Src text UUid:c892e8f3-6733-4108-8e32-8edd3767365f
12-09 20:56:10 com_github_MitjaNemec_ReplicateLayout.replicate_layout 991:Dst text UUid:847a2ea6-3c5f-4ea0-96cb-e98a65a3a974
12-09 20:56:10 com_github_MitjaNemec_ReplicateLayout.replicate_layout 990:Src text UUid:5e3adcc2-bd34-494d-862f-ce63c65da9bf
12-09 20:56:10 com_github_MitjaNemec_ReplicateLayout.replicate_layout 991:Dst text UUid:61523a23-c52b-4dbf-8a23-328fc240f98f
12-09 20:56:10 com_github_MitjaNemec_ReplicateLayout.replicate_layout 990:Src text UUid:285526b2-4a31-4c3b-b258-53a0b4a69255
12-09 20:56:10 com_github_MitjaNemec_ReplicateLayout.replicate_layout 991:Dst text UUid:083c448e-e372-4444-b909-fba5535f4ae0
12-09 20:56:10 com_github_MitjaNemec_ReplicateLayout.replicate_layout 990:Src text UUid:651138f6-a976-4d25-aca2-e60dabaee747
12-09 20:56:10 com_github_MitjaNemec_ReplicateLayout.replicate_layout 991:Dst text UUid:847a2ea6-3c5f-4ea0-96cb-e98a65a3a974
12-09 20:56:10 com_github_MitjaNemec_ReplicateLayout.replicate_layout 888:Replicating footprint: 'D2'
12-09 20:56:10 com_github_MitjaNemec_ReplicateLayout.replicate_layout 835:Src fp.id: '73C1F3CF-C3A4-4E5D-B851-46AB3BFB3CB1'
12-09 20:56:10 com_github_MitjaNemec_ReplicateLayout.replicate_layout 839:Dst fp.id: '73C1F3CF-C3A4-4E5D-B851-46AB3BFB3CB1'
12-09 20:56:10 com_github_MitjaNemec_ReplicateLayout.replicate_layout 895:found match in dst footprint: 'D1'
12-09 20:56:10 com_github_MitjaNemec_ReplicateLayout.replicate_layout 990:Src text UUid:d8d3c891-3f62-4ee2-a85b-94e1a6cfcaff
12-09 20:56:10 com_github_MitjaNemec_ReplicateLayout.replicate_layout 991:Dst text UUid:ddd3bf5a-db44-41a6-86a9-2e748181e08a
12-09 20:56:10 com_github_MitjaNemec_ReplicateLayout.replicate_layout 990:Src text UUid:a3e8b5c6-612e-4c31-8306-9a4cdd6697a8
12-09 20:56:10 com_github_MitjaNemec_ReplicateLayout.replicate_layout 991:Dst text UUid:51982861-1d6a-42ac-8c97-1ea651b33d33
12-09 20:56:10 com_github_MitjaNemec_ReplicateLayout.replicate_layout 990:Src text UUid:0ae03ad4-9c80-4159-8bfb-0d51bfc00153
12-09 20:56:10 com_github_MitjaNemec_ReplicateLayout.replicate_layout 991:Dst text UUid:437466e5-74be-4072-b055-647edbc3f6cc
12-09 20:56:10 com_github_MitjaNemec_ReplicateLayout.replicate_layout 990:Src text UUid:a876cea6-da28-4377-82c3-26d3f5c1fe2a
12-09 20:56:10 com_github_MitjaNemec_ReplicateLayout.replicate_layout 991:Dst text UUid:d72d06a6-581b-4fa1-a803-4e59d74e5cde
12-09 20:56:10 com_github_MitjaNemec_ReplicateLayout.replicate_layout 990:Src text UUid:79ea3d17-8213-41f6-aca2-2a16c704344c
12-09 20:56:10 com_github_MitjaNemec_ReplicateLayout.replicate_layout 991:Dst text UUid:51982861-1d6a-42ac-8c97-1ea651b33d33
12-09 20:56:10 com_github_MitjaNemec_ReplicateLayout.replicate_layout 888:Replicating footprint: 'D13'
12-09 20:56:10 com_github_MitjaNemec_ReplicateLayout.replicate_layout 835:Src fp.id: 'CB65A4B1-8C85-4371-9E0C-2AF0956BB45A'
12-09 20:56:10 com_github_MitjaNemec_ReplicateLayout.replicate_layout 839:Dst fp.id: 'CB65A4B1-8C85-4371-9E0C-2AF0956BB45A'
12-09 20:56:10 com_github_MitjaNemec_ReplicateLayout.replicate_layout 895:found match in dst footprint: 'D9'
12-09 20:56:10 com_github_MitjaNemec_ReplicateLayout.replicate_layout 990:Src text UUid:4878ce7d-3cdd-4f9f-aa03-589406bb0ade
12-09 20:56:10 com_github_MitjaNemec_ReplicateLayout.replicate_layout 991:Dst text UUid:28992e18-650a-47e6-8f20-3a7a2a610177
12-09 20:56:10 com_github_MitjaNemec_ReplicateLayout.replicate_layout 990:Src text UUid:ebd89ada-5a49-4c67-8093-e8dcf3921534
12-09 20:56:10 com_github_MitjaNemec_ReplicateLayout.replicate_layout 991:Dst text UUid:3c9532e9-80f1-4a7e-83b0-545373c66976
12-09 20:56:10 com_github_MitjaNemec_ReplicateLayout.replicate_layout 990:Src text UUid:9392e98a-f18a-46db-a2b5-ab01efe5eedb
12-09 20:56:10 com_github_MitjaNemec_ReplicateLayout.replicate_layout 991:Dst text UUid:2314dbd3-077f-4297-903a-636615f22629
12-09 20:56:10 com_github_MitjaNemec_ReplicateLayout.replicate_layout 990:Src text UUid:845fbc9f-9df1-41b4-a8cb-35e0b5d44692
12-09 20:56:10 com_github_MitjaNemec_ReplicateLayout.replicate_layout 991:Dst text UUid:b8dae8fe-e6e2-473e-b618-f4980a371f08
12-09 20:56:10 com_github_MitjaNemec_ReplicateLayout.replicate_layout 990:Src text UUid:9332a987-c793-4628-b102-cc4d1bfa41d2
12-09 20:56:10 com_github_MitjaNemec_ReplicateLayout.replicate_layout 991:Dst text UUid:3c9532e9-80f1-4a7e-83b0-545373c66976
12-09 20:56:10 com_github_MitjaNemec_ReplicateLayout.replicate_layout 888:Replicating footprint: 'H4'
12-09 20:56:10 root 345:updating GUI with: 44
12-09 20:56:10 com_github_MitjaNemec_ReplicateLayout.replicate_layout 835:Src fp.id: 'AFF37958-B8F9-4D19-8D57-2AD6FA9E5854'
12-09 20:56:10 com_github_MitjaNemec_ReplicateLayout.replicate_layout 839:Dst fp.id: 'AFF37958-B8F9-4D19-8D57-2AD6FA9E5854'
12-09 20:56:10 com_github_MitjaNemec_ReplicateLayout.replicate_layout 895:found match in dst footprint: 'H3'
12-09 20:56:10 com_github_MitjaNemec_ReplicateLayout.replicate_layout 990:Src text UUid:b6acd38e-b05f-4bf2-8bd2-ba466584cc85
12-09 20:56:10 com_github_MitjaNemec_ReplicateLayout.replicate_layout 991:Dst text UUid:675b1c81-89c1-4b39-80e4-b58c9de9db63
12-09 20:56:10 com_github_MitjaNemec_ReplicateLayout.replicate_layout 990:Src text UUid:5cfdba1b-a62e-436a-8976-2f2b88d665d0
12-09 20:56:10 com_github_MitjaNemec_ReplicateLayout.replicate_layout 991:Dst text UUid:b880f47c-c652-4232-84fe-d474153743e5
12-09 20:56:10 com_github_MitjaNemec_ReplicateLayout.replicate_layout 990:Src text UUid:e960f081-7df0-4271-8ce3-ef31c3210582
12-09 20:56:10 com_github_MitjaNemec_ReplicateLayout.replicate_layout 991:Dst text UUid:32a6d36f-638b-4cf0-9d49-87bf87532bef
12-09 20:56:10 com_github_MitjaNemec_ReplicateLayout.replicate_layout 888:Replicating footprint: 'SW38'
12-09 20:56:10 com_github_MitjaNemec_ReplicateLayout.replicate_layout 835:Src fp.id: '6E38C91B-230F-487F-9CC4-BE72309C22F0'
12-09 20:56:10 com_github_MitjaNemec_ReplicateLayout.replicate_layout 839:Dst fp.id: '6E38C91B-230F-487F-9CC4-BE72309C22F0'
12-09 20:56:10 com_github_MitjaNemec_ReplicateLayout.replicate_layout 895:found match in dst footprint: 'SW34'
12-09 20:56:10 com_github_MitjaNemec_ReplicateLayout.replicate_layout 990:Src text UUid:50453d80-bc60-4d72-a5b5-cee508d68e79
12-09 20:56:10 com_github_MitjaNemec_ReplicateLayout.replicate_layout 991:Dst text UUid:9ab358f3-dca9-4c9a-8e14-c3b579b81ae6
12-09 20:56:10 com_github_MitjaNemec_ReplicateLayout.replicate_layout 990:Src text UUid:cfdb7344-c1b9-4f04-9831-1bf1b67fab51
12-09 20:56:10 com_github_MitjaNemec_ReplicateLayout.replicate_layout 991:Dst text UUid:615bae55-5aed-49f6-9ed4-2f686341f7e5
12-09 20:56:10 com_github_MitjaNemec_ReplicateLayout.replicate_layout 990:Src text UUid:0e006653-fe1f-4d77-b841-600ba2802490
12-09 20:56:10 com_github_MitjaNemec_ReplicateLayout.replicate_layout 991:Dst text UUid:0cd5c9ec-1d1f-4da6-8e6c-fc063420845d
12-09 20:56:10 com_github_MitjaNemec_ReplicateLayout.replicate_layout 888:Replicating footprint: 'SW13'
12-09 20:56:10 com_github_MitjaNemec_ReplicateLayout.replicate_layout 835:Src fp.id: 'CDFDCF57-F754-4657-89C7-0A371660E8C1'
12-09 20:56:10 com_github_MitjaNemec_ReplicateLayout.replicate_layout 839:Dst fp.id: 'CDFDCF57-F754-4657-89C7-0A371660E8C1'
12-09 20:56:10 com_github_MitjaNemec_ReplicateLayout.replicate_layout 895:found match in dst footprint: 'SW9'
12-09 20:56:10 com_github_MitjaNemec_ReplicateLayout.replicate_layout 990:Src text UUid:671a21fb-1d9d-48af-b807-748d859c37fe
12-09 20:56:10 com_github_MitjaNemec_ReplicateLayout.replicate_layout 991:Dst text UUid:e02bf989-2844-4238-a625-e09b13ef0206
12-09 20:56:10 com_github_MitjaNemec_ReplicateLayout.replicate_layout 990:Src text UUid:73eb1b80-d1d6-4aa9-b0d8-5f6faf95ac49
12-09 20:56:10 com_github_MitjaNemec_ReplicateLayout.replicate_layout 991:Dst text UUid:1ba1b5d6-0b07-4026-987d-13c64c4ec126
12-09 20:56:10 com_github_MitjaNemec_ReplicateLayout.replicate_layout 990:Src text UUid:7e39dce0-5b38-49dc-abc4-ccc05739508a
12-09 20:56:10 com_github_MitjaNemec_ReplicateLayout.replicate_layout 991:Dst text UUid:49b64c09-5afc-4759-8da3-f16a7dd4a010
12-09 20:56:10 com_github_MitjaNemec_ReplicateLayout.replicate_layout 888:Replicating footprint: 'D84'
12-09 20:56:10 com_github_MitjaNemec_ReplicateLayout.replicate_layout 835:Src fp.id: 'B4C8890F-3F56-41E9-A729-5A55D59C68F5'
12-09 20:56:10 com_github_MitjaNemec_ReplicateLayout.replicate_layout 839:Dst fp.id: 'B4C8890F-3F56-41E9-A729-5A55D59C68F5'
12-09 20:56:10 com_github_MitjaNemec_ReplicateLayout.replicate_layout 895:found match in dst footprint: 'D83'
12-09 20:56:10 com_github_MitjaNemec_ReplicateLayout.replicate_layout 990:Src text UUid:4b20ebf1-3e9d-4ff5-a539-8d4f568d0348
12-09 20:56:10 com_github_MitjaNemec_ReplicateLayout.replicate_layout 991:Dst text UUid:1783b6ea-acb6-4732-aaef-b9b43a0b2952
12-09 20:56:10 com_github_MitjaNemec_ReplicateLayout.replicate_layout 990:Src text UUid:1bdbb866-8a8b-40a4-8f0c-10d2a2fea457
12-09 20:56:10 com_github_MitjaNemec_ReplicateLayout.replicate_layout 991:Dst text UUid:bc2cb888-647e-440a-b55a-c6e0ea77f6a6
12-09 20:56:10 com_github_MitjaNemec_ReplicateLayout.replicate_layout 888:Replicating footprint: 'SW24'
12-09 20:56:10 com_github_MitjaNemec_ReplicateLayout.replicate_layout 835:Src fp.id: 'B359C6D0-6997-43D5-AD96-D0A2E32BD33C'
12-09 20:56:10 com_github_MitjaNemec_ReplicateLayout.replicate_layout 839:Dst fp.id: 'B359C6D0-6997-43D5-AD96-D0A2E32BD33C'
12-09 20:56:10 com_github_MitjaNemec_ReplicateLayout.replicate_layout 895:found match in dst footprint: 'SW20'
12-09 20:56:10 com_github_MitjaNemec_ReplicateLayout.replicate_layout 990:Src text UUid:cc8e10d1-5c5a-4861-9080-af1f6e45f5d9
12-09 20:56:10 com_github_MitjaNemec_ReplicateLayout.replicate_layout 991:Dst text UUid:9cec6bde-3cc6-4e31-b342-76d817e63557
12-09 20:56:10 com_github_MitjaNemec_ReplicateLayout.replicate_layout 990:Src text UUid:db38d740-4514-4516-b86a-2e087c57b5b3
12-09 20:56:10 com_github_MitjaNemec_ReplicateLayout.replicate_layout 991:Dst text UUid:7dd6e8f2-758f-4da3-bfed-537e0dc57825
12-09 20:56:10 com_github_MitjaNemec_ReplicateLayout.replicate_layout 990:Src text UUid:350b0405-e9de-41bf-84ed-c3dea8a29977
12-09 20:56:10 com_github_MitjaNemec_ReplicateLayout.replicate_layout 991:Dst text UUid:e73636fd-6a83-4605-9b20-b880afedd1fa
12-09 20:56:10 com_github_MitjaNemec_ReplicateLayout.replicate_layout 888:Replicating footprint: 'PIR2'
12-09 20:56:10 com_github_MitjaNemec_ReplicateLayout.replicate_layout 835:Src fp.id: '3B9FD864-1658-40F8-9953-801B66703967'
12-09 20:56:10 com_github_MitjaNemec_ReplicateLayout.replicate_layout 839:Dst fp.id: '3B9FD864-1658-40F8-9953-801B66703967'
12-09 20:56:10 com_github_MitjaNemec_ReplicateLayout.replicate_layout 895:found match in dst footprint: 'PIR1'
12-09 20:56:10 com_github_MitjaNemec_ReplicateLayout.replicate_layout 990:Src text UUid:d5b6a87e-fb33-41db-a35c-0d78c563ecc3
12-09 20:56:10 com_github_MitjaNemec_ReplicateLayout.replicate_layout 991:Dst text UUid:441f55a7-0789-49bf-ae77-d2f39736452a
12-09 20:56:10 com_github_MitjaNemec_ReplicateLayout.replicate_layout 990:Src text UUid:8b678b84-0f09-4ff0-870e-8f17d75fcc7a
12-09 20:56:10 com_github_MitjaNemec_ReplicateLayout.replicate_layout 991:Dst text UUid:f28e1207-270e-47fc-9fd0-9bf7118d834c
12-09 20:56:10 com_github_MitjaNemec_ReplicateLayout.replicate_layout 990:Src text UUid:b863d59d-4138-4a95-8492-b1e84b59ee0f
12-09 20:56:10 com_github_MitjaNemec_ReplicateLayout.replicate_layout 991:Dst text UUid:cda5f8ad-0f7b-4364-a9fd-b3067640b0f1
12-09 20:56:10 com_github_MitjaNemec_ReplicateLayout.replicate_layout 990:Src text UUid:3b965212-a4d6-4d66-8881-64dcfb4bfde7
12-09 20:56:10 com_github_MitjaNemec_ReplicateLayout.replicate_layout 991:Dst text UUid:8016350d-791c-40c7-81bb-73f614d2ba75
12-09 20:56:10 com_github_MitjaNemec_ReplicateLayout.replicate_layout 990:Src text UUid:31536eeb-51fd-45b7-b25d-b72521fb22ae
12-09 20:56:10 com_github_MitjaNemec_ReplicateLayout.replicate_layout 991:Dst text UUid:473547ea-cd2b-4ed6-824b-e34286600b16
12-09 20:56:10 com_github_MitjaNemec_ReplicateLayout.replicate_layout 990:Src text UUid:4fa9185e-de75-463e-92e3-3b58414addbd
12-09 20:56:10 com_github_MitjaNemec_ReplicateLayout.replicate_layout 991:Dst text UUid:240bc60b-b0d0-474e-be91-6f11ae3f596b
12-09 20:56:10 com_github_MitjaNemec_ReplicateLayout.replicate_layout 990:Src text UUid:1882e302-6100-4adf-bbdf-f8c973eb57a7
12-09 20:56:10 com_github_MitjaNemec_ReplicateLayout.replicate_layout 991:Dst text UUid:ab596938-7e6a-4b7e-af97-9d7e7aa02e65
12-09 20:56:10 com_github_MitjaNemec_ReplicateLayout.replicate_layout 990:Src text UUid:be7690f5-4652-4b8e-8b86-c6c1292adb31
12-09 20:56:10 com_github_MitjaNemec_ReplicateLayout.replicate_layout 991:Dst text UUid:0576c2c1-71ab-4ecc-a97e-5d4ef84ee94c
12-09 20:56:10 com_github_MitjaNemec_ReplicateLayout.replicate_layout 990:Src text UUid:25201806-ef85-4be8-9eb4-0aa40e8f91dd
12-09 20:56:10 com_github_MitjaNemec_ReplicateLayout.replicate_layout 991:Dst text UUid:d9210469-c497-4e91-b7ba-cf32ffacdb1a
12-09 20:56:10 com_github_MitjaNemec_ReplicateLayout.replicate_layout 990:Src text UUid:ae147d05-c6a6-4686-9db2-7824809c175a
12-09 20:56:10 com_github_MitjaNemec_ReplicateLayout.replicate_layout 991:Dst text UUid:306e6770-1618-40a7-9555-640a5f54f4e3
12-09 20:56:10 com_github_MitjaNemec_ReplicateLayout.replicate_layout 888:Replicating footprint: 'SW21'
12-09 20:56:10 com_github_MitjaNemec_ReplicateLayout.replicate_layout 835:Src fp.id: 'A4011534-0815-44E7-95C6-5FEB5943E396'
12-09 20:56:10 com_github_MitjaNemec_ReplicateLayout.replicate_layout 839:Dst fp.id: 'A4011534-0815-44E7-95C6-5FEB5943E396'
12-09 20:56:10 com_github_MitjaNemec_ReplicateLayout.replicate_layout 895:found match in dst footprint: 'SW17'
12-09 20:56:10 com_github_MitjaNemec_ReplicateLayout.replicate_layout 990:Src text UUid:9db7b7db-7a2e-4a99-bb24-552ac3314ac5
12-09 20:56:10 com_github_MitjaNemec_ReplicateLayout.replicate_layout 991:Dst text UUid:74c7f989-e11a-414b-ac87-18788da59494
12-09 20:56:10 com_github_MitjaNemec_ReplicateLayout.replicate_layout 990:Src text UUid:173d8e83-dba1-4210-8ed3-ac47db98a887
12-09 20:56:10 com_github_MitjaNemec_ReplicateLayout.replicate_layout 991:Dst text UUid:caa581a8-18cf-4e61-96da-34e7445e84b5
12-09 20:56:10 com_github_MitjaNemec_ReplicateLayout.replicate_layout 990:Src text UUid:b7229584-50be-44f0-9665-d946a4a03d41
12-09 20:56:10 com_github_MitjaNemec_ReplicateLayout.replicate_layout 991:Dst text UUid:8e0c00dc-a8a5-4022-8bfb-8f8679b0cf58
12-09 20:56:10 com_github_MitjaNemec_ReplicateLayout.replicate_layout 888:Replicating footprint: 'D8'
12-09 20:56:10 com_github_MitjaNemec_ReplicateLayout.replicate_layout 835:Src fp.id: '68EBFEB9-4246-433D-A2AB-0E41DFF03F64'
12-09 20:56:10 com_github_MitjaNemec_ReplicateLayout.replicate_layout 839:Dst fp.id: '68EBFEB9-4246-433D-A2AB-0E41DFF03F64'
12-09 20:56:10 com_github_MitjaNemec_ReplicateLayout.replicate_layout 895:found match in dst footprint: 'D7'
12-09 20:56:10 com_github_MitjaNemec_ReplicateLayout.replicate_layout 990:Src text UUid:fc941d12-3199-4229-b257-8eadc2331682
12-09 20:56:10 com_github_MitjaNemec_ReplicateLayout.replicate_layout 991:Dst text UUid:5d238828-6d60-4874-b454-1e391e560e26
12-09 20:56:10 com_github_MitjaNemec_ReplicateLayout.replicate_layout 990:Src text UUid:d69a78c9-afc8-499c-a4f5-20f3dda253de
12-09 20:56:10 com_github_MitjaNemec_ReplicateLayout.replicate_layout 991:Dst text UUid:82a5c8dd-2770-4cc1-89c9-b226847b44a6
12-09 20:56:10 com_github_MitjaNemec_ReplicateLayout.replicate_layout 990:Src text UUid:9ebbeaf0-bbd6-4fe5-9ae1-69ff4d9050d4
12-09 20:56:10 com_github_MitjaNemec_ReplicateLayout.replicate_layout 991:Dst text UUid:615144d3-704a-4e86-9472-3e45029912ca
12-09 20:56:10 com_github_MitjaNemec_ReplicateLayout.replicate_layout 990:Src text UUid:efc3cfca-5cd2-4bb2-8d98-87388ccf5590
12-09 20:56:10 com_github_MitjaNemec_ReplicateLayout.replicate_layout 991:Dst text UUid:293c58e6-e613-4af7-962e-f57a3d33defc
12-09 20:56:10 com_github_MitjaNemec_ReplicateLayout.replicate_layout 990:Src text UUid:412a75fd-fa3d-4cce-a31d-94c87cbc78de
12-09 20:56:10 com_github_MitjaNemec_ReplicateLayout.replicate_layout 991:Dst text UUid:82a5c8dd-2770-4cc1-89c9-b226847b44a6
12-09 20:56:10 com_github_MitjaNemec_ReplicateLayout.replicate_layout 888:Replicating footprint: 'D23'
12-09 20:56:10 com_github_MitjaNemec_ReplicateLayout.replicate_layout 835:Src fp.id: 'CEA8F37F-D058-4E68-8714-1911E080AD68'
12-09 20:56:10 com_github_MitjaNemec_ReplicateLayout.replicate_layout 839:Dst fp.id: 'CEA8F37F-D058-4E68-8714-1911E080AD68'
12-09 20:56:10 com_github_MitjaNemec_ReplicateLayout.replicate_layout 895:found match in dst footprint: 'D19'
12-09 20:56:10 com_github_MitjaNemec_ReplicateLayout.replicate_layout 990:Src text UUid:c7b3512e-2066-4483-b805-4fa25f3955d9
12-09 20:56:10 com_github_MitjaNemec_ReplicateLayout.replicate_layout 991:Dst text UUid:265ff42b-1b8f-4413-a207-f920e5023ed0
12-09 20:56:10 com_github_MitjaNemec_ReplicateLayout.replicate_layout 990:Src text UUid:d454cec2-7f18-46e1-a1ff-a2ce4d9eb80c
12-09 20:56:10 com_github_MitjaNemec_ReplicateLayout.replicate_layout 991:Dst text UUid:1cf08543-64b8-4573-8ac6-bb549e34c82c
12-09 20:56:10 com_github_MitjaNemec_ReplicateLayout.replicate_layout 990:Src text UUid:80e21185-0b27-4af9-8bfe-17b0c2ed9672
12-09 20:56:10 com_github_MitjaNemec_ReplicateLayout.replicate_layout 991:Dst text UUid:17dce1c2-12fd-43f3-8090-a489649d5d31
12-09 20:56:10 com_github_MitjaNemec_ReplicateLayout.replicate_layout 990:Src text UUid:81ba0284-54b8-4ffb-9c82-95dcd15122fb
12-09 20:56:10 com_github_MitjaNemec_ReplicateLayout.replicate_layout 991:Dst text UUid:e1c88839-2c3b-44cb-88ab-2709e54be148
12-09 20:56:10 com_github_MitjaNemec_ReplicateLayout.replicate_layout 990:Src text UUid:67a7a065-0edd-4b1d-852b-c5d7ec485cd0
12-09 20:56:10 com_github_MitjaNemec_ReplicateLayout.replicate_layout 991:Dst text UUid:1cf08543-64b8-4573-8ac6-bb549e34c82c
12-09 20:56:10 com_github_MitjaNemec_ReplicateLayout.replicate_layout 888:Replicating footprint: 'SW14'
12-09 20:56:10 com_github_MitjaNemec_ReplicateLayout.replicate_layout 835:Src fp.id: 'A876B090-C927-4D7A-B8E4-9C3A001EDADE'
12-09 20:56:10 com_github_MitjaNemec_ReplicateLayout.replicate_layout 839:Dst fp.id: 'A876B090-C927-4D7A-B8E4-9C3A001EDADE'
12-09 20:56:10 com_github_MitjaNemec_ReplicateLayout.replicate_layout 895:found match in dst footprint: 'SW10'
12-09 20:56:10 com_github_MitjaNemec_ReplicateLayout.replicate_layout 990:Src text UUid:495f08a5-2846-4a0f-b642-eb56339ddf23
12-09 20:56:10 com_github_MitjaNemec_ReplicateLayout.replicate_layout 991:Dst text UUid:10736cb6-0e90-4a2b-8fd0-d46f53fb2646
12-09 20:56:10 com_github_MitjaNemec_ReplicateLayout.replicate_layout 990:Src text UUid:216ba1ac-a330-495b-a123-0f0f6674b7d3
12-09 20:56:10 com_github_MitjaNemec_ReplicateLayout.replicate_layout 991:Dst text UUid:26c6f2cb-3069-45fa-aa6b-bc0c8bfe0252
12-09 20:56:10 com_github_MitjaNemec_ReplicateLayout.replicate_layout 990:Src text UUid:2798294b-ac37-46ab-bfd2-31c076f900fe
12-09 20:56:10 com_github_MitjaNemec_ReplicateLayout.replicate_layout 991:Dst text UUid:15da6618-9a28-49cd-b086-c7db18830e08
12-09 20:56:10 com_github_MitjaNemec_ReplicateLayout.replicate_layout 888:Replicating footprint: 'D24'
12-09 20:56:10 com_github_MitjaNemec_ReplicateLayout.replicate_layout 835:Src fp.id: 'A43A2329-BD77-4674-82EB-6ACA605E0477'
12-09 20:56:10 com_github_MitjaNemec_ReplicateLayout.replicate_layout 839:Dst fp.id: 'A43A2329-BD77-4674-82EB-6ACA605E0477'
12-09 20:56:10 com_github_MitjaNemec_ReplicateLayout.replicate_layout 895:found match in dst footprint: 'D20'
12-09 20:56:10 com_github_MitjaNemec_ReplicateLayout.replicate_layout 990:Src text UUid:ec0e8b2e-ac7c-43c6-b986-6e0dbf00fec9
12-09 20:56:10 com_github_MitjaNemec_ReplicateLayout.replicate_layout 991:Dst text UUid:05f00c67-8a04-46d3-bb4e-5a7f373335ed
12-09 20:56:10 com_github_MitjaNemec_ReplicateLayout.replicate_layout 990:Src text UUid:3122a72a-590f-4ae8-8c40-85d3481fd386
12-09 20:56:10 com_github_MitjaNemec_ReplicateLayout.replicate_layout 991:Dst text UUid:86281c93-739d-4294-8361-548824256c89
12-09 20:56:10 com_github_MitjaNemec_ReplicateLayout.replicate_layout 990:Src text UUid:ca12fc94-c688-4c51-92cb-19f5bab59f5c
12-09 20:56:10 com_github_MitjaNemec_ReplicateLayout.replicate_layout 991:Dst text UUid:500c03ed-9aec-4b9c-851b-a426406eb060
12-09 20:56:10 com_github_MitjaNemec_ReplicateLayout.replicate_layout 990:Src text UUid:20ebe2d5-5943-40fe-b89b-52a744cda16d
12-09 20:56:10 com_github_MitjaNemec_ReplicateLayout.replicate_layout 991:Dst text UUid:5ef64acb-952b-442d-8a97-93dbbeaea2ec
12-09 20:56:10 com_github_MitjaNemec_ReplicateLayout.replicate_layout 990:Src text UUid:97838f35-ebae-4a32-924d-2382086824d6
12-09 20:56:10 com_github_MitjaNemec_ReplicateLayout.replicate_layout 991:Dst text UUid:86281c93-739d-4294-8361-548824256c89
12-09 20:56:10 com_github_MitjaNemec_ReplicateLayout.replicate_layout 888:Replicating footprint: 'D44'
12-09 20:56:10 com_github_MitjaNemec_ReplicateLayout.replicate_layout 835:Src fp.id: '7987F72A-534C-43E7-811F-D8799DF9B48E'
12-09 20:56:10 com_github_MitjaNemec_ReplicateLayout.replicate_layout 839:Dst fp.id: '7987F72A-534C-43E7-811F-D8799DF9B48E'
12-09 20:56:10 com_github_MitjaNemec_ReplicateLayout.replicate_layout 895:found match in dst footprint: 'D43'
12-09 20:56:10 com_github_MitjaNemec_ReplicateLayout.replicate_layout 990:Src text UUid:17370505-6ea8-4e41-915b-bc187ad23021
12-09 20:56:10 com_github_MitjaNemec_ReplicateLayout.replicate_layout 991:Dst text UUid:9f364909-aa98-4e3f-ba4a-d302b322ccec
12-09 20:56:10 com_github_MitjaNemec_ReplicateLayout.replicate_layout 990:Src text UUid:9390ddfd-70f1-4e86-a9d3-0dd17341f83b
12-09 20:56:10 com_github_MitjaNemec_ReplicateLayout.replicate_layout 991:Dst text UUid:1dee63b2-de41-46dc-846a-9a87edbb87dc
12-09 20:56:10 com_github_MitjaNemec_ReplicateLayout.replicate_layout 888:Replicating footprint: 'TP4'
12-09 20:56:10 com_github_MitjaNemec_ReplicateLayout.replicate_layout 835:Src fp.id: '183D1BE1-952E-4525-8636-74CD07DF5CE9'
12-09 20:56:10 com_github_MitjaNemec_ReplicateLayout.replicate_layout 839:Dst fp.id: '183D1BE1-952E-4525-8636-74CD07DF5CE9'
12-09 20:56:10 com_github_MitjaNemec_ReplicateLayout.replicate_layout 895:found match in dst footprint: 'TP3'
12-09 20:56:10 com_github_MitjaNemec_ReplicateLayout.replicate_layout 990:Src text UUid:bf786ea2-1072-4844-8963-01d9154e8954
12-09 20:56:10 com_github_MitjaNemec_ReplicateLayout.replicate_layout 991:Dst text UUid:bdd27b6f-47e9-48c4-894b-5364485d9a4a
12-09 20:56:10 com_github_MitjaNemec_ReplicateLayout.replicate_layout 990:Src text UUid:8a4885a0-92e2-4932-a330-d928b8dc3faf
12-09 20:56:10 com_github_MitjaNemec_ReplicateLayout.replicate_layout 991:Dst text UUid:75da0279-76f9-4642-9dd6-617184975bd6
12-09 20:56:10 com_github_MitjaNemec_ReplicateLayout.replicate_layout 990:Src text UUid:80923be1-c5fa-4c90-8682-5f4db5af861f
12-09 20:56:10 com_github_MitjaNemec_ReplicateLayout.replicate_layout 991:Dst text UUid:3249b867-e158-476b-a479-73221c25d816
12-09 20:56:10 com_github_MitjaNemec_ReplicateLayout.replicate_layout 888:Replicating footprint: 'D29'
12-09 20:56:10 com_github_MitjaNemec_ReplicateLayout.replicate_layout 835:Src fp.id: '4A5A97F5-EC36-4392-A740-CEDBAF4B17A0'
12-09 20:56:10 com_github_MitjaNemec_ReplicateLayout.replicate_layout 839:Dst fp.id: '4A5A97F5-EC36-4392-A740-CEDBAF4B17A0'
12-09 20:56:10 com_github_MitjaNemec_ReplicateLayout.replicate_layout 895:found match in dst footprint: 'D25'
12-09 20:56:10 com_github_MitjaNemec_ReplicateLayout.replicate_layout 990:Src text UUid:cbaae2bf-965d-49e2-9495-ac82920e7aed
12-09 20:56:10 com_github_MitjaNemec_ReplicateLayout.replicate_layout 991:Dst text UUid:258e8eec-e306-4d64-9625-a3e377aecf7e
12-09 20:56:10 com_github_MitjaNemec_ReplicateLayout.replicate_layout 990:Src text UUid:fa901024-73ed-4e77-af76-dfb34086c929
12-09 20:56:10 com_github_MitjaNemec_ReplicateLayout.replicate_layout 991:Dst text UUid:5be5d0f0-e9d4-472f-be39-f34ca4abf03b
12-09 20:56:10 com_github_MitjaNemec_ReplicateLayout.replicate_layout 990:Src text UUid:55b306ef-2ef3-492f-bfea-7b443507375d
12-09 20:56:10 com_github_MitjaNemec_ReplicateLayout.replicate_layout 991:Dst text UUid:e35d339c-0bd9-4e19-ae6d-8bc5c6ae2332
12-09 20:56:10 com_github_MitjaNemec_ReplicateLayout.replicate_layout 990:Src text UUid:932f3cce-4f17-42ad-912c-6a5f1c0ce914
12-09 20:56:10 com_github_MitjaNemec_ReplicateLayout.replicate_layout 991:Dst text UUid:7ad8b3b4-30f0-41b4-87fb-6b490fa7ed82
12-09 20:56:10 com_github_MitjaNemec_ReplicateLayout.replicate_layout 990:Src text UUid:9f0f278e-7e42-451d-bfce-8009e54f62d5
12-09 20:56:10 com_github_MitjaNemec_ReplicateLayout.replicate_layout 991:Dst text UUid:5be5d0f0-e9d4-472f-be39-f34ca4abf03b
12-09 20:56:10 com_github_MitjaNemec_ReplicateLayout.replicate_layout 888:Replicating footprint: 'D61'
12-09 20:56:10 com_github_MitjaNemec_ReplicateLayout.replicate_layout 835:Src fp.id: 'C1B2A705-059C-40A8-8657-A00DCE4B65AD'
12-09 20:56:10 com_github_MitjaNemec_ReplicateLayout.replicate_layout 839:Dst fp.id: 'C1B2A705-059C-40A8-8657-A00DCE4B65AD'
12-09 20:56:10 com_github_MitjaNemec_ReplicateLayout.replicate_layout 895:found match in dst footprint: 'D56'
12-09 20:56:10 com_github_MitjaNemec_ReplicateLayout.replicate_layout 990:Src text UUid:da2a0c38-6b38-46d9-9dee-93a513360bbc
12-09 20:56:10 com_github_MitjaNemec_ReplicateLayout.replicate_layout 991:Dst text UUid:2e076b7c-3263-4f7b-8b68-6e7dafdeb90d
12-09 20:56:10 com_github_MitjaNemec_ReplicateLayout.replicate_layout 990:Src text UUid:d2008fde-2383-435e-89b7-ee29d59702d2
12-09 20:56:10 com_github_MitjaNemec_ReplicateLayout.replicate_layout 991:Dst text UUid:58f7f778-0db6-4ddf-a115-4a225834184d
12-09 20:56:10 com_github_MitjaNemec_ReplicateLayout.replicate_layout 888:Replicating footprint: 'SW32'
12-09 20:56:10 com_github_MitjaNemec_ReplicateLayout.replicate_layout 835:Src fp.id: 'F5848425-2DED-4438-A3DE-F295C8EEC82C'
12-09 20:56:10 com_github_MitjaNemec_ReplicateLayout.replicate_layout 839:Dst fp.id: 'F5848425-2DED-4438-A3DE-F295C8EEC82C'
12-09 20:56:10 com_github_MitjaNemec_ReplicateLayout.replicate_layout 895:found match in dst footprint: 'SW28'
12-09 20:56:10 com_github_MitjaNemec_ReplicateLayout.replicate_layout 990:Src text UUid:4e589425-617b-4427-bf86-9082fc28bc03
12-09 20:56:10 com_github_MitjaNemec_ReplicateLayout.replicate_layout 991:Dst text UUid:812dde2b-812c-49c7-a57f-2bdc11a79209
12-09 20:56:10 com_github_MitjaNemec_ReplicateLayout.replicate_layout 990:Src text UUid:a123a0c9-5bc9-4e00-b69d-5d70a62cfeea
12-09 20:56:10 com_github_MitjaNemec_ReplicateLayout.replicate_layout 991:Dst text UUid:89edaa58-a320-44e8-b3ad-860f8a8aaaa5
12-09 20:56:10 com_github_MitjaNemec_ReplicateLayout.replicate_layout 990:Src text UUid:6b25d1cc-5aa2-4706-9ca9-a35d02e57ae6
12-09 20:56:10 com_github_MitjaNemec_ReplicateLayout.replicate_layout 991:Dst text UUid:4aaa988c-5e40-418e-b68f-7555edd35d58
12-09 20:56:10 com_github_MitjaNemec_ReplicateLayout.replicate_layout 888:Replicating footprint: 'D68'
12-09 20:56:10 com_github_MitjaNemec_ReplicateLayout.replicate_layout 835:Src fp.id: '4EA54DC5-FDF7-410C-8088-2C220E18F4E2'
12-09 20:56:10 com_github_MitjaNemec_ReplicateLayout.replicate_layout 839:Dst fp.id: '4EA54DC5-FDF7-410C-8088-2C220E18F4E2'
12-09 20:56:10 com_github_MitjaNemec_ReplicateLayout.replicate_layout 895:found match in dst footprint: 'D63'
12-09 20:56:10 com_github_MitjaNemec_ReplicateLayout.replicate_layout 990:Src text UUid:fc281934-19cc-4bee-89fd-2b631456fa2a
12-09 20:56:10 com_github_MitjaNemec_ReplicateLayout.replicate_layout 991:Dst text UUid:ff3142af-0026-48a4-bb7a-2e8fa7b31cbb
12-09 20:56:10 com_github_MitjaNemec_ReplicateLayout.replicate_layout 990:Src text UUid:68b4d82d-85a9-4aea-9e4d-99855bf2f514
12-09 20:56:10 com_github_MitjaNemec_ReplicateLayout.replicate_layout 991:Dst text UUid:a2838366-fc64-4638-828e-8fe277de95c9
12-09 20:56:10 com_github_MitjaNemec_ReplicateLayout.replicate_layout 888:Replicating footprint: 'D32'
12-09 20:56:10 com_github_MitjaNemec_ReplicateLayout.replicate_layout 835:Src fp.id: '165C7120-83FD-471B-BA8E-63280CD5BD68'
12-09 20:56:10 com_github_MitjaNemec_ReplicateLayout.replicate_layout 839:Dst fp.id: '165C7120-83FD-471B-BA8E-63280CD5BD68'
12-09 20:56:10 com_github_MitjaNemec_ReplicateLayout.replicate_layout 895:found match in dst footprint: 'D28'
12-09 20:56:10 com_github_MitjaNemec_ReplicateLayout.replicate_layout 990:Src text UUid:3804de08-47a0-417a-a8f6-cf3a9cd9af24
12-09 20:56:10 com_github_MitjaNemec_ReplicateLayout.replicate_layout 991:Dst text UUid:f7c97a70-d25a-4230-9fa5-20069688b595
12-09 20:56:10 com_github_MitjaNemec_ReplicateLayout.replicate_layout 990:Src text UUid:84e987a9-1cfa-4b1d-bc56-f153e0cce2fe
12-09 20:56:10 com_github_MitjaNemec_ReplicateLayout.replicate_layout 991:Dst text UUid:eeece77b-f612-4deb-b729-2e3b253841b8
12-09 20:56:10 com_github_MitjaNemec_ReplicateLayout.replicate_layout 990:Src text UUid:c585729a-666c-4d26-a6ff-ab8f3877f6b2
12-09 20:56:10 com_github_MitjaNemec_ReplicateLayout.replicate_layout 991:Dst text UUid:e1c5d055-1684-45a7-8782-baa7b1e863b0
12-09 20:56:10 com_github_MitjaNemec_ReplicateLayout.replicate_layout 990:Src text UUid:f721d896-9eec-4ed1-92f9-f3879c4a16f4
12-09 20:56:10 com_github_MitjaNemec_ReplicateLayout.replicate_layout 991:Dst text UUid:46dc333b-39b5-439d-912f-7706dd08d32d
12-09 20:56:10 com_github_MitjaNemec_ReplicateLayout.replicate_layout 990:Src text UUid:30c1b8f1-e90e-4d0d-8b20-632bfa793600
12-09 20:56:10 com_github_MitjaNemec_ReplicateLayout.replicate_layout 991:Dst text UUid:eeece77b-f612-4deb-b729-2e3b253841b8
12-09 20:56:10 com_github_MitjaNemec_ReplicateLayout.replicate_layout 888:Replicating footprint: 'D38'
12-09 20:56:10 com_github_MitjaNemec_ReplicateLayout.replicate_layout 835:Src fp.id: '740DE656-F564-4725-BE70-B4BCEEC30E3C'
12-09 20:56:10 com_github_MitjaNemec_ReplicateLayout.replicate_layout 839:Dst fp.id: '740DE656-F564-4725-BE70-B4BCEEC30E3C'
12-09 20:56:10 com_github_MitjaNemec_ReplicateLayout.replicate_layout 895:found match in dst footprint: 'D34'
12-09 20:56:10 com_github_MitjaNemec_ReplicateLayout.replicate_layout 990:Src text UUid:fee4531a-cb69-4d8c-a739-1870d1bb024f
12-09 20:56:10 com_github_MitjaNemec_ReplicateLayout.replicate_layout 991:Dst text UUid:3aacb149-d96a-4ec5-99df-ff381c95de4b
12-09 20:56:10 com_github_MitjaNemec_ReplicateLayout.replicate_layout 990:Src text UUid:32610395-6be0-4366-becb-2169548f96fe
12-09 20:56:10 com_github_MitjaNemec_ReplicateLayout.replicate_layout 991:Dst text UUid:f5c35d13-2c76-4bcc-8480-fbedff90b1db
12-09 20:56:10 com_github_MitjaNemec_ReplicateLayout.replicate_layout 990:Src text UUid:742319f7-1a07-41f7-97f0-8029862077f9
12-09 20:56:10 com_github_MitjaNemec_ReplicateLayout.replicate_layout 991:Dst text UUid:6adf8e24-09bd-49d9-b8c8-17291eeacdc5
12-09 20:56:10 com_github_MitjaNemec_ReplicateLayout.replicate_layout 990:Src text UUid:4f68e545-7d16-4647-bc6d-346d844aaa37
12-09 20:56:10 com_github_MitjaNemec_ReplicateLayout.replicate_layout 991:Dst text UUid:2360924a-0709-40c9-b6ec-7ca95f309373
12-09 20:56:10 com_github_MitjaNemec_ReplicateLayout.replicate_layout 990:Src text UUid:f2e744ea-7958-48e2-b21f-24b7276ef88c
12-09 20:56:10 com_github_MitjaNemec_ReplicateLayout.replicate_layout 991:Dst text UUid:f5c35d13-2c76-4bcc-8480-fbedff90b1db
12-09 20:56:10 com_github_MitjaNemec_ReplicateLayout.replicate_layout 888:Replicating footprint: 'D6'
12-09 20:56:10 com_github_MitjaNemec_ReplicateLayout.replicate_layout 835:Src fp.id: '0E158004-9B9A-405C-8E25-870F0B8EE566'
12-09 20:56:10 com_github_MitjaNemec_ReplicateLayout.replicate_layout 839:Dst fp.id: '0E158004-9B9A-405C-8E25-870F0B8EE566'
12-09 20:56:10 com_github_MitjaNemec_ReplicateLayout.replicate_layout 895:found match in dst footprint: 'D5'
12-09 20:56:10 com_github_MitjaNemec_ReplicateLayout.replicate_layout 990:Src text UUid:cf765b7c-b3b2-4934-a8d3-70c4aae7f827
12-09 20:56:10 com_github_MitjaNemec_ReplicateLayout.replicate_layout 991:Dst text UUid:7a7daabe-8f9e-4746-8cbb-0401e61f8e0b
12-09 20:56:10 com_github_MitjaNemec_ReplicateLayout.replicate_layout 990:Src text UUid:46639309-23ed-4608-ba20-bdf844399c42
12-09 20:56:10 com_github_MitjaNemec_ReplicateLayout.replicate_layout 991:Dst text UUid:366f2033-167d-4779-876b-a55f91123a3c
12-09 20:56:10 com_github_MitjaNemec_ReplicateLayout.replicate_layout 990:Src text UUid:398c0fac-208f-4ab4-a69f-564fd3888a75
12-09 20:56:10 com_github_MitjaNemec_ReplicateLayout.replicate_layout 991:Dst text UUid:7b936d2f-55b4-4739-a06c-6e3c60e9cb95
12-09 20:56:10 com_github_MitjaNemec_ReplicateLayout.replicate_layout 990:Src text UUid:c66bc198-5fb8-4f82-95e6-fe6af0ebd1ef
12-09 20:56:10 com_github_MitjaNemec_ReplicateLayout.replicate_layout 991:Dst text UUid:4695def3-a517-42cc-8977-03df80e5e237
12-09 20:56:10 com_github_MitjaNemec_ReplicateLayout.replicate_layout 990:Src text UUid:e3fcc30f-2047-4cf5-bbf9-c556536cd564
12-09 20:56:10 com_github_MitjaNemec_ReplicateLayout.replicate_layout 991:Dst text UUid:366f2033-167d-4779-876b-a55f91123a3c
12-09 20:56:10 com_github_MitjaNemec_ReplicateLayout.replicate_layout 888:Replicating footprint: 'D82'
12-09 20:56:10 com_github_MitjaNemec_ReplicateLayout.replicate_layout 835:Src fp.id: 'C0E9209A-CD8A-4A05-98DC-450820F35E9E'
12-09 20:56:10 com_github_MitjaNemec_ReplicateLayout.replicate_layout 839:Dst fp.id: 'C0E9209A-CD8A-4A05-98DC-450820F35E9E'
12-09 20:56:10 com_github_MitjaNemec_ReplicateLayout.replicate_layout 895:found match in dst footprint: 'D77'
12-09 20:56:10 com_github_MitjaNemec_ReplicateLayout.replicate_layout 990:Src text UUid:dba9f231-94d0-425c-9f5f-a341e509e7c2
12-09 20:56:10 com_github_MitjaNemec_ReplicateLayout.replicate_layout 991:Dst text UUid:abd4e6ec-7423-4056-9b97-ecc617f90f51
12-09 20:56:10 com_github_MitjaNemec_ReplicateLayout.replicate_layout 990:Src text UUid:905af265-e0f7-4895-87a3-8344f9e0e565
12-09 20:56:10 com_github_MitjaNemec_ReplicateLayout.replicate_layout 991:Dst text UUid:d1375e14-c8ef-4928-a7c7-5397ca9f3214
12-09 20:56:10 com_github_MitjaNemec_ReplicateLayout.replicate_layout 888:Replicating footprint: 'D81'
12-09 20:56:10 com_github_MitjaNemec_ReplicateLayout.replicate_layout 835:Src fp.id: 'F8EFCDE3-B636-4880-9D0B-84109E8AF31C'
12-09 20:56:10 com_github_MitjaNemec_ReplicateLayout.replicate_layout 839:Dst fp.id: 'F8EFCDE3-B636-4880-9D0B-84109E8AF31C'
12-09 20:56:10 com_github_MitjaNemec_ReplicateLayout.replicate_layout 895:found match in dst footprint: 'D76'
12-09 20:56:10 com_github_MitjaNemec_ReplicateLayout.replicate_layout 990:Src text UUid:dcd31748-b5ae-4f7c-aebb-e46658bfbdb7
12-09 20:56:10 com_github_MitjaNemec_ReplicateLayout.replicate_layout 991:Dst text UUid:680b3987-686e-4f6c-a0f1-0fdd23333305
12-09 20:56:10 com_github_MitjaNemec_ReplicateLayout.replicate_layout 990:Src text UUid:3ff67d46-2d05-45c0-b3ee-d4d42fecd451
12-09 20:56:10 com_github_MitjaNemec_ReplicateLayout.replicate_layout 991:Dst text UUid:95b38805-d32a-4351-b2b6-cc205004079a
12-09 20:56:10 com_github_MitjaNemec_ReplicateLayout.replicate_layout 888:Replicating footprint: 'D70'
12-09 20:56:10 com_github_MitjaNemec_ReplicateLayout.replicate_layout 835:Src fp.id: 'C9B21B0B-2F6B-496F-B479-99E926A2AF25'
12-09 20:56:10 com_github_MitjaNemec_ReplicateLayout.replicate_layout 839:Dst fp.id: 'C9B21B0B-2F6B-496F-B479-99E926A2AF25'
12-09 20:56:10 com_github_MitjaNemec_ReplicateLayout.replicate_layout 895:found match in dst footprint: 'D65'
12-09 20:56:10 com_github_MitjaNemec_ReplicateLayout.replicate_layout 990:Src text UUid:a59ca5a6-27de-44d1-adca-8931313555fd
12-09 20:56:10 com_github_MitjaNemec_ReplicateLayout.replicate_layout 991:Dst text UUid:5ba0b34a-4b61-46a4-967f-f2487f96f6c6
12-09 20:56:10 com_github_MitjaNemec_ReplicateLayout.replicate_layout 990:Src text UUid:36272613-1e6b-4038-a318-6133826d4262
12-09 20:56:10 com_github_MitjaNemec_ReplicateLayout.replicate_layout 991:Dst text UUid:c612bbfd-f54a-4710-863c-76f3300883a3
12-09 20:56:10 com_github_MitjaNemec_ReplicateLayout.replicate_layout 888:Replicating footprint: 'D71'
12-09 20:56:10 com_github_MitjaNemec_ReplicateLayout.replicate_layout 835:Src fp.id: 'B8AE9055-5C19-45F5-8889-7DF3044BE190'
12-09 20:56:10 com_github_MitjaNemec_ReplicateLayout.replicate_layout 839:Dst fp.id: 'B8AE9055-5C19-45F5-8889-7DF3044BE190'
12-09 20:56:10 com_github_MitjaNemec_ReplicateLayout.replicate_layout 895:found match in dst footprint: 'D66'
12-09 20:56:10 com_github_MitjaNemec_ReplicateLayout.replicate_layout 990:Src text UUid:ed97cc37-fc38-4d28-a8e8-16a5132c5590
12-09 20:56:10 com_github_MitjaNemec_ReplicateLayout.replicate_layout 991:Dst text UUid:80d658b9-9009-41ab-9ea1-fe70e6cb245c
12-09 20:56:10 com_github_MitjaNemec_ReplicateLayout.replicate_layout 990:Src text UUid:5b788923-3230-4c17-927f-ecf946209e1d
12-09 20:56:10 com_github_MitjaNemec_ReplicateLayout.replicate_layout 991:Dst text UUid:a61f99c1-6f1b-4d0d-b871-488f36a9dbd8
12-09 20:56:10 com_github_MitjaNemec_ReplicateLayout.replicate_layout 888:Replicating footprint: 'D30'
12-09 20:56:10 com_github_MitjaNemec_ReplicateLayout.replicate_layout 835:Src fp.id: 'EFC3A1F2-9AB1-4D00-8BAF-BC5B69174486'
12-09 20:56:10 com_github_MitjaNemec_ReplicateLayout.replicate_layout 839:Dst fp.id: 'EFC3A1F2-9AB1-4D00-8BAF-BC5B69174486'
12-09 20:56:10 com_github_MitjaNemec_ReplicateLayout.replicate_layout 895:found match in dst footprint: 'D26'
12-09 20:56:10 com_github_MitjaNemec_ReplicateLayout.replicate_layout 990:Src text UUid:ed054ae9-425b-4434-9d4b-c76418052776
12-09 20:56:10 com_github_MitjaNemec_ReplicateLayout.replicate_layout 991:Dst text UUid:fda1c468-7f98-443c-9df1-5dc602b4e151
12-09 20:56:10 com_github_MitjaNemec_ReplicateLayout.replicate_layout 990:Src text UUid:9fea82f4-ab02-406f-9c28-1037d8173c73
12-09 20:56:10 com_github_MitjaNemec_ReplicateLayout.replicate_layout 991:Dst text UUid:89f5730e-e35e-4b6c-ab3e-1b8a5f536504
12-09 20:56:10 com_github_MitjaNemec_ReplicateLayout.replicate_layout 990:Src text UUid:67d79d3a-688b-41c1-a9a0-78d58045382d
12-09 20:56:10 com_github_MitjaNemec_ReplicateLayout.replicate_layout 991:Dst text UUid:73deb2a0-1dc3-4132-ab1c-f139cb92bd20
12-09 20:56:10 com_github_MitjaNemec_ReplicateLayout.replicate_layout 990:Src text UUid:22e842b5-34b7-4121-b73d-1c3245ad5506
12-09 20:56:10 com_github_MitjaNemec_ReplicateLayout.replicate_layout 991:Dst text UUid:45fcfaa0-b9af-42a6-8f77-8fe5d057fdd2
12-09 20:56:10 com_github_MitjaNemec_ReplicateLayout.replicate_layout 990:Src text UUid:9b31f218-7217-41e8-9c6b-db505efce7eb
12-09 20:56:10 com_github_MitjaNemec_ReplicateLayout.replicate_layout 991:Dst text UUid:89f5730e-e35e-4b6c-ab3e-1b8a5f536504
12-09 20:56:10 com_github_MitjaNemec_ReplicateLayout.replicate_layout 888:Replicating footprint: 'D42'
12-09 20:56:10 com_github_MitjaNemec_ReplicateLayout.replicate_layout 835:Src fp.id: '0549F774-F306-464E-8D1C-71EFFE2DD292'
12-09 20:56:10 com_github_MitjaNemec_ReplicateLayout.replicate_layout 839:Dst fp.id: '0549F774-F306-464E-8D1C-71EFFE2DD292'
12-09 20:56:10 com_github_MitjaNemec_ReplicateLayout.replicate_layout 895:found match in dst footprint: 'D41'
12-09 20:56:10 com_github_MitjaNemec_ReplicateLayout.replicate_layout 990:Src text UUid:f4c7c2b7-7470-45f7-893f-0d597180dc20
12-09 20:56:10 com_github_MitjaNemec_ReplicateLayout.replicate_layout 991:Dst text UUid:2b08305a-1afe-4e90-99a4-4a72b2d1263a
12-09 20:56:10 com_github_MitjaNemec_ReplicateLayout.replicate_layout 990:Src text UUid:d1170314-25f9-4db3-8be2-c1a361f8d6a7
12-09 20:56:10 com_github_MitjaNemec_ReplicateLayout.replicate_layout 991:Dst text UUid:d98f50c2-afee-407d-8c26-6ea12cd23a10
12-09 20:56:10 com_github_MitjaNemec_ReplicateLayout.replicate_layout 990:Src text UUid:a4fb7955-5a27-48d8-bf65-cbcb23522559
12-09 20:56:10 com_github_MitjaNemec_ReplicateLayout.replicate_layout 991:Dst text UUid:47c38719-8297-41e5-8bd4-dc65ec50f3f6
12-09 20:56:10 com_github_MitjaNemec_ReplicateLayout.replicate_layout 990:Src text UUid:ead8c4b3-cdd2-41c6-8d55-1fef2196ad00
12-09 20:56:10 com_github_MitjaNemec_ReplicateLayout.replicate_layout 991:Dst text UUid:444dbc55-bea3-4e34-875a-aa97cae572b9
12-09 20:56:10 com_github_MitjaNemec_ReplicateLayout.replicate_layout 990:Src text UUid:2ab472de-34e9-47a4-8c4b-6c3e14599a8f
12-09 20:56:10 com_github_MitjaNemec_ReplicateLayout.replicate_layout 991:Dst text UUid:d98f50c2-afee-407d-8c26-6ea12cd23a10
12-09 20:56:10 com_github_MitjaNemec_ReplicateLayout.replicate_layout 888:Replicating footprint: 'U2'
12-09 20:56:10 com_github_MitjaNemec_ReplicateLayout.replicate_layout 835:Src fp.id: '025435FE-4CF6-4791-AF0B-762F0222E425'
12-09 20:56:10 com_github_MitjaNemec_ReplicateLayout.replicate_layout 839:Dst fp.id: '025435FE-4CF6-4791-AF0B-762F0222E425'
12-09 20:56:10 com_github_MitjaNemec_ReplicateLayout.replicate_layout 895:found match in dst footprint: 'U1'
12-09 20:56:10 com_github_MitjaNemec_ReplicateLayout.replicate_layout 990:Src text UUid:66ac6e2c-e7a2-460e-b029-7aaf172ce9c9
12-09 20:56:10 com_github_MitjaNemec_ReplicateLayout.replicate_layout 991:Dst text UUid:3977eb50-2036-4b95-bcc5-e7358bab5aee
12-09 20:56:10 com_github_MitjaNemec_ReplicateLayout.replicate_layout 990:Src text UUid:093c8e6d-f321-491e-9ddd-e6009cdf5ac7
12-09 20:56:10 com_github_MitjaNemec_ReplicateLayout.replicate_layout 991:Dst text UUid:b3f40d80-644b-4309-87e5-b616180db2c5
12-09 20:56:10 com_github_MitjaNemec_ReplicateLayout.replicate_layout 888:Replicating footprint: 'SW44'
12-09 20:56:10 com_github_MitjaNemec_ReplicateLayout.replicate_layout 835:Src fp.id: '1F65D831-FDC4-4304-9A92-9CAAF3EF46B3'
12-09 20:56:10 com_github_MitjaNemec_ReplicateLayout.replicate_layout 839:Dst fp.id: '1F65D831-FDC4-4304-9A92-9CAAF3EF46B3'
12-09 20:56:10 com_github_MitjaNemec_ReplicateLayout.replicate_layout 895:found match in dst footprint: 'SW43'
12-09 20:56:10 com_github_MitjaNemec_ReplicateLayout.replicate_layout 990:Src text UUid:2d55839d-f070-485a-8aec-8df47a62cd15
12-09 20:56:10 com_github_MitjaNemec_ReplicateLayout.replicate_layout 991:Dst text UUid:c5aa7d63-f622-4355-9bc8-04c1e25bebfe
12-09 20:56:10 com_github_MitjaNemec_ReplicateLayout.replicate_layout 990:Src text UUid:41595584-3c53-4632-bec5-bd1497fe3a2d
12-09 20:56:10 com_github_MitjaNemec_ReplicateLayout.replicate_layout 991:Dst text UUid:e9bad165-f70d-4e6a-b815-d26f36e3f60d
12-09 20:56:10 com_github_MitjaNemec_ReplicateLayout.replicate_layout 990:Src text UUid:6a1f0a0d-0bec-4425-b35b-983ed8846f74
12-09 20:56:10 com_github_MitjaNemec_ReplicateLayout.replicate_layout 991:Dst text UUid:d6013fd8-5647-4121-86c5-4bdab4091249
12-09 20:56:10 com_github_MitjaNemec_ReplicateLayout.replicate_layout 888:Replicating footprint: 'D62'
12-09 20:56:10 com_github_MitjaNemec_ReplicateLayout.replicate_layout 835:Src fp.id: 'ABDA2787-74D8-49EF-93C9-0E3A6E96F1A3'
12-09 20:56:10 com_github_MitjaNemec_ReplicateLayout.replicate_layout 839:Dst fp.id: 'ABDA2787-74D8-49EF-93C9-0E3A6E96F1A3'
12-09 20:56:10 com_github_MitjaNemec_ReplicateLayout.replicate_layout 895:found match in dst footprint: 'D57'
12-09 20:56:10 com_github_MitjaNemec_ReplicateLayout.replicate_layout 990:Src text UUid:038e1eb0-fe4e-447c-bf15-855d8b2f2a89
12-09 20:56:10 com_github_MitjaNemec_ReplicateLayout.replicate_layout 991:Dst text UUid:70ec9f36-b697-45ac-a95a-7181f7ef3d74
12-09 20:56:10 com_github_MitjaNemec_ReplicateLayout.replicate_layout 990:Src text UUid:b4e3ab81-02cd-4272-b6c7-7608902568fd
12-09 20:56:10 com_github_MitjaNemec_ReplicateLayout.replicate_layout 991:Dst text UUid:00795e8d-344b-43b5-ba15-2125a5d06987
12-09 20:56:10 com_github_MitjaNemec_ReplicateLayout.replicate_layout 888:Replicating footprint: 'D37'
12-09 20:56:10 com_github_MitjaNemec_ReplicateLayout.replicate_layout 835:Src fp.id: '413DE622-EFD1-425C-A5F3-9FBB473696E9'
12-09 20:56:10 com_github_MitjaNemec_ReplicateLayout.replicate_layout 839:Dst fp.id: '413DE622-EFD1-425C-A5F3-9FBB473696E9'
12-09 20:56:10 com_github_MitjaNemec_ReplicateLayout.replicate_layout 895:found match in dst footprint: 'D33'
12-09 20:56:10 com_github_MitjaNemec_ReplicateLayout.replicate_layout 990:Src text UUid:e1d3516b-8baf-448c-abed-627ae98f5a6b
12-09 20:56:10 com_github_MitjaNemec_ReplicateLayout.replicate_layout 991:Dst text UUid:6727e1e1-25b4-4749-ba91-3cc38b79161d
12-09 20:56:10 com_github_MitjaNemec_ReplicateLayout.replicate_layout 990:Src text UUid:52e94597-062d-4d91-b96e-e58964cd0a7b
12-09 20:56:10 com_github_MitjaNemec_ReplicateLayout.replicate_layout 991:Dst text UUid:9fa164e6-222e-485c-8783-db67fdcf4912
12-09 20:56:10 com_github_MitjaNemec_ReplicateLayout.replicate_layout 990:Src text UUid:0c04e920-2c23-4950-868a-cfd9c886f2a8
12-09 20:56:10 com_github_MitjaNemec_ReplicateLayout.replicate_layout 991:Dst text UUid:62d6b5e4-f686-4604-bb8c-f59cdfa9d184
12-09 20:56:10 com_github_MitjaNemec_ReplicateLayout.replicate_layout 990:Src text UUid:650fbd9b-b1ce-4a70-9ab3-ae9fee387510
12-09 20:56:10 com_github_MitjaNemec_ReplicateLayout.replicate_layout 991:Dst text UUid:a6deab0d-3911-41a3-a7e9-c558e8cff451
12-09 20:56:10 com_github_MitjaNemec_ReplicateLayout.replicate_layout 990:Src text UUid:c9b4481d-7493-42e4-9e22-ab3fb72c398f
12-09 20:56:10 com_github_MitjaNemec_ReplicateLayout.replicate_layout 991:Dst text UUid:9fa164e6-222e-485c-8783-db67fdcf4912
12-09 20:56:10 com_github_MitjaNemec_ReplicateLayout.replicate_layout 888:Replicating footprint: 'D59'
12-09 20:56:10 com_github_MitjaNemec_ReplicateLayout.replicate_layout 835:Src fp.id: '2BB029F5-3C6D-4545-A402-6B0A88026549'
12-09 20:56:10 com_github_MitjaNemec_ReplicateLayout.replicate_layout 839:Dst fp.id: '2BB029F5-3C6D-4545-A402-6B0A88026549'
12-09 20:56:10 com_github_MitjaNemec_ReplicateLayout.replicate_layout 895:found match in dst footprint: 'D54'
12-09 20:56:10 com_github_MitjaNemec_ReplicateLayout.replicate_layout 990:Src text UUid:25c2b9fc-43ae-4499-92be-d373f5b164b7
12-09 20:56:10 com_github_MitjaNemec_ReplicateLayout.replicate_layout 991:Dst text UUid:45f7223d-8485-420b-a50a-af61cbc30f7c
12-09 20:56:10 com_github_MitjaNemec_ReplicateLayout.replicate_layout 990:Src text UUid:c95790fb-8d74-47d4-bc93-7820daacd5f5
12-09 20:56:10 com_github_MitjaNemec_ReplicateLayout.replicate_layout 991:Dst text UUid:90e2cc0a-c246-4e51-aa1d-a242296c0ff4
12-09 20:56:10 com_github_MitjaNemec_ReplicateLayout.replicate_layout 888:Replicating footprint: 'SW22'
12-09 20:56:10 com_github_MitjaNemec_ReplicateLayout.replicate_layout 835:Src fp.id: '61A9962C-B8CE-4524-A23C-83B0AC7A9990'
12-09 20:56:10 com_github_MitjaNemec_ReplicateLayout.replicate_layout 839:Dst fp.id: '61A9962C-B8CE-4524-A23C-83B0AC7A9990'
12-09 20:56:10 com_github_MitjaNemec_ReplicateLayout.replicate_layout 895:found match in dst footprint: 'SW18'
12-09 20:56:10 com_github_MitjaNemec_ReplicateLayout.replicate_layout 990:Src text UUid:214536d4-bbaa-4276-a96e-37745126ef5f
12-09 20:56:10 com_github_MitjaNemec_ReplicateLayout.replicate_layout 991:Dst text UUid:a7e1b271-94c8-433a-8efc-c3b436acd0e2
12-09 20:56:10 com_github_MitjaNemec_ReplicateLayout.replicate_layout 990:Src text UUid:2735cd03-736f-4f27-9da7-2906815e0029
12-09 20:56:10 com_github_MitjaNemec_ReplicateLayout.replicate_layout 991:Dst text UUid:c8de94b0-5df2-498d-b878-b0097b6951d9
12-09 20:56:10 com_github_MitjaNemec_ReplicateLayout.replicate_layout 990:Src text UUid:8973be37-239d-482d-b6c0-f0461e92666b
12-09 20:56:10 com_github_MitjaNemec_ReplicateLayout.replicate_layout 991:Dst text UUid:8d62cdd7-c339-452d-bd81-1234f63e6fa4
12-09 20:56:10 com_github_MitjaNemec_ReplicateLayout.replicate_layout 888:Replicating footprint: 'H2'
12-09 20:56:10 com_github_MitjaNemec_ReplicateLayout.replicate_layout 835:Src fp.id: '6337E3CD-F8C6-473E-8CDA-F9D682832FBD'
12-09 20:56:10 com_github_MitjaNemec_ReplicateLayout.replicate_layout 839:Dst fp.id: '6337E3CD-F8C6-473E-8CDA-F9D682832FBD'
12-09 20:56:10 com_github_MitjaNemec_ReplicateLayout.replicate_layout 895:found match in dst footprint: 'H1'
12-09 20:56:10 com_github_MitjaNemec_ReplicateLayout.replicate_layout 990:Src text UUid:65747408-0d62-4e6a-bb59-cf32bafc8659
12-09 20:56:10 com_github_MitjaNemec_ReplicateLayout.replicate_layout 991:Dst text UUid:f59fe54e-1e4d-4719-907b-dcf21d5245a9
12-09 20:56:10 com_github_MitjaNemec_ReplicateLayout.replicate_layout 990:Src text UUid:3cdb8798-ca74-4ab1-9697-03364cb996a6
12-09 20:56:10 com_github_MitjaNemec_ReplicateLayout.replicate_layout 991:Dst text UUid:174109ae-597f-42bc-93e7-07e74786372b
12-09 20:56:10 com_github_MitjaNemec_ReplicateLayout.replicate_layout 990:Src text UUid:53e71c49-097b-41e8-80d9-7671e6e356a1
12-09 20:56:10 com_github_MitjaNemec_ReplicateLayout.replicate_layout 991:Dst text UUid:0546ce71-a231-4552-a54e-132e8b2d1063
12-09 20:56:10 com_github_MitjaNemec_ReplicateLayout.replicate_layout 888:Replicating footprint: 'D16'
12-09 20:56:10 com_github_MitjaNemec_ReplicateLayout.replicate_layout 835:Src fp.id: '77857D8F-BD8A-4A71-9A83-27DAC4231B2D'
12-09 20:56:10 com_github_MitjaNemec_ReplicateLayout.replicate_layout 839:Dst fp.id: '77857D8F-BD8A-4A71-9A83-27DAC4231B2D'
12-09 20:56:10 com_github_MitjaNemec_ReplicateLayout.replicate_layout 895:found match in dst footprint: 'D12'
12-09 20:56:10 com_github_MitjaNemec_ReplicateLayout.replicate_layout 990:Src text UUid:f9b59487-3aae-417c-824a-445e63d21cb9
12-09 20:56:10 com_github_MitjaNemec_ReplicateLayout.replicate_layout 991:Dst text UUid:4c23a935-b9f3-44f3-b100-9c7f5c9bed54
12-09 20:56:10 com_github_MitjaNemec_ReplicateLayout.replicate_layout 990:Src text UUid:213160ab-2812-4bb2-b19b-de2d4f5eebbd
12-09 20:56:10 com_github_MitjaNemec_ReplicateLayout.replicate_layout 991:Dst text UUid:6a5547bb-d1fd-4e52-890a-4dc44c35195e
12-09 20:56:10 com_github_MitjaNemec_ReplicateLayout.replicate_layout 990:Src text UUid:c03ab497-59a4-44fc-86bf-2ea0cc447d3d
12-09 20:56:10 com_github_MitjaNemec_ReplicateLayout.replicate_layout 991:Dst text UUid:1b7ab7d4-21a8-4908-8cdc-f8ad17c3ae38
12-09 20:56:10 com_github_MitjaNemec_ReplicateLayout.replicate_layout 990:Src text UUid:0d9bc683-5fd1-47b0-80a6-19f3364f3d09
12-09 20:56:10 com_github_MitjaNemec_ReplicateLayout.replicate_layout 991:Dst text UUid:65247fb3-c4e5-45a0-b945-440680060de2
12-09 20:56:10 com_github_MitjaNemec_ReplicateLayout.replicate_layout 990:Src text UUid:8a28d6db-ca4d-4f3e-a83e-d3f5687371de
12-09 20:56:10 com_github_MitjaNemec_ReplicateLayout.replicate_layout 991:Dst text UUid:6a5547bb-d1fd-4e52-890a-4dc44c35195e
12-09 20:56:10 com_github_MitjaNemec_ReplicateLayout.replicate_layout 888:Replicating footprint: 'D52'
12-09 20:56:10 com_github_MitjaNemec_ReplicateLayout.replicate_layout 835:Src fp.id: '1DCFEDE1-A331-4C39-B68A-D56DD6C25396'
12-09 20:56:10 com_github_MitjaNemec_ReplicateLayout.replicate_layout 839:Dst fp.id: '1DCFEDE1-A331-4C39-B68A-D56DD6C25396'
12-09 20:56:10 com_github_MitjaNemec_ReplicateLayout.replicate_layout 895:found match in dst footprint: 'D51'
12-09 20:56:10 com_github_MitjaNemec_ReplicateLayout.replicate_layout 990:Src text UUid:a9789921-25bf-413b-a787-b1d13d8948a4
12-09 20:56:10 com_github_MitjaNemec_ReplicateLayout.replicate_layout 991:Dst text UUid:b2eb93a3-480a-4251-b0fa-870e2c9d5470
12-09 20:56:10 com_github_MitjaNemec_ReplicateLayout.replicate_layout 990:Src text UUid:1161564f-41c2-41fd-97a1-b3a78c176279
12-09 20:56:10 com_github_MitjaNemec_ReplicateLayout.replicate_layout 991:Dst text UUid:33346422-f7a1-454c-8ca2-a34ef938637e
12-09 20:56:10 com_github_MitjaNemec_ReplicateLayout.replicate_layout 888:Replicating footprint: 'SW29'
12-09 20:56:10 com_github_MitjaNemec_ReplicateLayout.replicate_layout 835:Src fp.id: '727D1481-DE07-409F-A05E-B9CCD41A939C'
12-09 20:56:10 com_github_MitjaNemec_ReplicateLayout.replicate_layout 839:Dst fp.id: '727D1481-DE07-409F-A05E-B9CCD41A939C'
12-09 20:56:10 com_github_MitjaNemec_ReplicateLayout.replicate_layout 895:found match in dst footprint: 'SW25'
12-09 20:56:10 com_github_MitjaNemec_ReplicateLayout.replicate_layout 990:Src text UUid:8de0dad5-061b-4c3c-b11d-ca6b9728dc93
12-09 20:56:10 com_github_MitjaNemec_ReplicateLayout.replicate_layout 991:Dst text UUid:9b013d26-232e-4bc8-8fb9-a4d59d6e4130
12-09 20:56:10 com_github_MitjaNemec_ReplicateLayout.replicate_layout 990:Src text UUid:a0431e7c-e34b-47f4-9585-7dc6a4ed90e8
12-09 20:56:10 com_github_MitjaNemec_ReplicateLayout.replicate_layout 991:Dst text UUid:48b66a73-4fa8-469d-8c2e-727ea6974202
12-09 20:56:10 com_github_MitjaNemec_ReplicateLayout.replicate_layout 990:Src text UUid:71e631f5-f006-44f8-b74e-6532eef58ca7
12-09 20:56:10 com_github_MitjaNemec_ReplicateLayout.replicate_layout 991:Dst text UUid:92dfae34-f49e-4f94-a12e-eed0f9e5ceba
12-09 20:56:10 com_github_MitjaNemec_ReplicateLayout.replicate_layout 888:Replicating footprint: 'C47'
12-09 20:56:10 com_github_MitjaNemec_ReplicateLayout.replicate_layout 835:Src fp.id: 'F61E8D3E-2338-49C0-86AE-B2EA207E0826'
12-09 20:56:10 com_github_MitjaNemec_ReplicateLayout.replicate_layout 839:Dst fp.id: 'F61E8D3E-2338-49C0-86AE-B2EA207E0826'
12-09 20:56:10 com_github_MitjaNemec_ReplicateLayout.replicate_layout 895:found match in dst footprint: 'C41'
12-09 20:56:10 com_github_MitjaNemec_ReplicateLayout.replicate_layout 990:Src text UUid:ec50a58f-f70c-4211-8f3c-4aef06fc3f4d
12-09 20:56:10 com_github_MitjaNemec_ReplicateLayout.replicate_layout 991:Dst text UUid:926a0c5b-838d-4cbc-bc93-f985efd3e9e0
12-09 20:56:10 com_github_MitjaNemec_ReplicateLayout.replicate_layout 990:Src text UUid:dfebbe65-6392-4d0b-86dc-d69f2e2349aa
12-09 20:56:10 com_github_MitjaNemec_ReplicateLayout.replicate_layout 991:Dst text UUid:ec4dd850-0b0f-4c04-aaaf-4048c2677fe6
12-09 20:56:10 com_github_MitjaNemec_ReplicateLayout.replicate_layout 990:Src text UUid:b5803a55-3d8c-498e-884c-23cff0f24259
12-09 20:56:10 com_github_MitjaNemec_ReplicateLayout.replicate_layout 991:Dst text UUid:89470e56-f06a-4cb5-9a37-d34d96355e7c
12-09 20:56:10 com_github_MitjaNemec_ReplicateLayout.replicate_layout 888:Replicating footprint: 'C34'
12-09 20:56:10 com_github_MitjaNemec_ReplicateLayout.replicate_layout 835:Src fp.id: 'A886C11D-E024-4E49-8FF0-827372F6DD72'
12-09 20:56:10 com_github_MitjaNemec_ReplicateLayout.replicate_layout 839:Dst fp.id: 'A886C11D-E024-4E49-8FF0-827372F6DD72'
12-09 20:56:10 com_github_MitjaNemec_ReplicateLayout.replicate_layout 895:found match in dst footprint: 'C28'
12-09 20:56:10 com_github_MitjaNemec_ReplicateLayout.replicate_layout 990:Src text UUid:dcd3f7fc-47b0-47f9-a2ce-fcdb00794ca3
12-09 20:56:10 com_github_MitjaNemec_ReplicateLayout.replicate_layout 991:Dst text UUid:0ad71cad-aece-4691-9abb-4984cd53907c
12-09 20:56:10 com_github_MitjaNemec_ReplicateLayout.replicate_layout 990:Src text UUid:8ddb8c28-fbed-4756-bae4-45c8ad974185
12-09 20:56:10 com_github_MitjaNemec_ReplicateLayout.replicate_layout 991:Dst text UUid:2da61bf3-477f-4ddf-8057-143885c6cd73
12-09 20:56:10 com_github_MitjaNemec_ReplicateLayout.replicate_layout 990:Src text UUid:10a9a316-6f5f-49db-b281-77e56bcf5616
12-09 20:56:10 com_github_MitjaNemec_ReplicateLayout.replicate_layout 991:Dst text UUid:763e5c29-d1e2-4e59-aa9c-e8d5010645f3
12-09 20:56:10 com_github_MitjaNemec_ReplicateLayout.replicate_layout 888:Replicating footprint: 'C33'
12-09 20:56:10 root 345:updating GUI with: 83
12-09 20:56:10 com_github_MitjaNemec_ReplicateLayout.replicate_layout 835:Src fp.id: '553967F0-D1A2-4D3A-9386-80B3FECF3C15'
12-09 20:56:10 com_github_MitjaNemec_ReplicateLayout.replicate_layout 839:Dst fp.id: '553967F0-D1A2-4D3A-9386-80B3FECF3C15'
12-09 20:56:10 com_github_MitjaNemec_ReplicateLayout.replicate_layout 895:found match in dst footprint: 'C27'
12-09 20:56:10 com_github_MitjaNemec_ReplicateLayout.replicate_layout 990:Src text UUid:af3afbd9-8863-4cda-a516-3f60714afb5b
12-09 20:56:10 com_github_MitjaNemec_ReplicateLayout.replicate_layout 991:Dst text UUid:09e0d651-3072-4769-af59-42c0fb2736b2
12-09 20:56:10 com_github_MitjaNemec_ReplicateLayout.replicate_layout 990:Src text UUid:79082c22-5b10-4668-ace2-5b874777f52a
12-09 20:56:10 com_github_MitjaNemec_ReplicateLayout.replicate_layout 991:Dst text UUid:87f79a16-dbad-45e0-8008-769198ddd8fc
12-09 20:56:10 com_github_MitjaNemec_ReplicateLayout.replicate_layout 990:Src text UUid:b41d2cc9-7423-4113-9107-b7d62a03ab43
12-09 20:56:10 com_github_MitjaNemec_ReplicateLayout.replicate_layout 991:Dst text UUid:2d2023f7-bfa8-41bb-ab2f-a481f1bada76
12-09 20:56:10 com_github_MitjaNemec_ReplicateLayout.replicate_layout 888:Replicating footprint: 'C21'
12-09 20:56:10 com_github_MitjaNemec_ReplicateLayout.replicate_layout 835:Src fp.id: 'F056FB0B-24A3-41EA-AE34-7D05545C596A'
12-09 20:56:10 com_github_MitjaNemec_ReplicateLayout.replicate_layout 839:Dst fp.id: 'F056FB0B-24A3-41EA-AE34-7D05545C596A'
12-09 20:56:10 com_github_MitjaNemec_ReplicateLayout.replicate_layout 895:found match in dst footprint: 'C15'
12-09 20:56:10 com_github_MitjaNemec_ReplicateLayout.replicate_layout 990:Src text UUid:bde8cf34-5432-43a6-844c-e1059abde933
12-09 20:56:10 com_github_MitjaNemec_ReplicateLayout.replicate_layout 991:Dst text UUid:4ef926c8-ddbf-47ac-8de3-3ce013601918
12-09 20:56:10 com_github_MitjaNemec_ReplicateLayout.replicate_layout 990:Src text UUid:8731f4d5-0248-40ab-beae-cb9ede463923
12-09 20:56:10 com_github_MitjaNemec_ReplicateLayout.replicate_layout 991:Dst text UUid:07842552-8dcf-4dbf-a016-8ac52a3a0cb3
12-09 20:56:10 com_github_MitjaNemec_ReplicateLayout.replicate_layout 990:Src text UUid:7972ffc7-2a33-4124-b8e1-70716f7716e2
12-09 20:56:10 com_github_MitjaNemec_ReplicateLayout.replicate_layout 991:Dst text UUid:38887d6e-1aac-46bf-a2c5-138b13b6bbf4
12-09 20:56:10 com_github_MitjaNemec_ReplicateLayout.replicate_layout 888:Replicating footprint: 'C43'
12-09 20:56:10 com_github_MitjaNemec_ReplicateLayout.replicate_layout 835:Src fp.id: 'BB98707D-14B0-49CA-94BF-DE8BBFA05531'
12-09 20:56:10 com_github_MitjaNemec_ReplicateLayout.replicate_layout 839:Dst fp.id: 'BB98707D-14B0-49CA-94BF-DE8BBFA05531'
12-09 20:56:10 com_github_MitjaNemec_ReplicateLayout.replicate_layout 895:found match in dst footprint: 'C37'
12-09 20:56:10 com_github_MitjaNemec_ReplicateLayout.replicate_layout 990:Src text UUid:1461c2de-23c8-4d59-b69a-fb228306f7b4
12-09 20:56:10 com_github_MitjaNemec_ReplicateLayout.replicate_layout 991:Dst text UUid:81b0e883-ce29-4604-95d2-c7c4fd6bf9b7
12-09 20:56:10 com_github_MitjaNemec_ReplicateLayout.replicate_layout 990:Src text UUid:9e1be587-7b57-4efb-a569-bec1db8145d6
12-09 20:56:10 com_github_MitjaNemec_ReplicateLayout.replicate_layout 991:Dst text UUid:9e3f370e-61ff-47b5-8517-22d2431a929d
12-09 20:56:10 com_github_MitjaNemec_ReplicateLayout.replicate_layout 990:Src text UUid:a3737fbb-be13-4830-81df-650de9530059
12-09 20:56:10 com_github_MitjaNemec_ReplicateLayout.replicate_layout 991:Dst text UUid:9ea4aacc-2e37-408f-b425-04ed7d6e15b2
12-09 20:56:10 com_github_MitjaNemec_ReplicateLayout.replicate_layout 888:Replicating footprint: 'C31'
12-09 20:56:10 com_github_MitjaNemec_ReplicateLayout.replicate_layout 835:Src fp.id: 'A5B79D61-52BE-4675-BC48-ED583AB8145D'
12-09 20:56:10 com_github_MitjaNemec_ReplicateLayout.replicate_layout 839:Dst fp.id: 'A5B79D61-52BE-4675-BC48-ED583AB8145D'
12-09 20:56:10 com_github_MitjaNemec_ReplicateLayout.replicate_layout 895:found match in dst footprint: 'C25'
12-09 20:56:10 com_github_MitjaNemec_ReplicateLayout.replicate_layout 990:Src text UUid:c65c6320-3bcb-4adf-8c33-901a06bff98d
12-09 20:56:10 com_github_MitjaNemec_ReplicateLayout.replicate_layout 991:Dst text UUid:01c98223-da57-4af0-9fd5-dbf38391ac8b
12-09 20:56:10 com_github_MitjaNemec_ReplicateLayout.replicate_layout 990:Src text UUid:162318a9-17f9-4bd8-8c70-ae6158372edf
12-09 20:56:10 com_github_MitjaNemec_ReplicateLayout.replicate_layout 991:Dst text UUid:196913b2-3742-46b8-b096-d9eb6b484532
12-09 20:56:10 com_github_MitjaNemec_ReplicateLayout.replicate_layout 990:Src text UUid:f7cb28e2-d7c2-4a92-8573-b6b2dd64576b
12-09 20:56:10 com_github_MitjaNemec_ReplicateLayout.replicate_layout 991:Dst text UUid:892c7e78-94a9-41b6-8bfe-e4cba37f83df
12-09 20:56:10 com_github_MitjaNemec_ReplicateLayout.replicate_layout 888:Replicating footprint: 'C7'
12-09 20:56:10 com_github_MitjaNemec_ReplicateLayout.replicate_layout 835:Src fp.id: '0DA195EF-AFF7-4B1F-BE71-3F5A40E9CD4E'
12-09 20:56:10 com_github_MitjaNemec_ReplicateLayout.replicate_layout 839:Dst fp.id: '0DA195EF-AFF7-4B1F-BE71-3F5A40E9CD4E'
12-09 20:56:10 com_github_MitjaNemec_ReplicateLayout.replicate_layout 895:found match in dst footprint: 'C5'
12-09 20:56:10 com_github_MitjaNemec_ReplicateLayout.replicate_layout 990:Src text UUid:e06eec80-15e6-4baf-b2ab-2183466946bf
12-09 20:56:10 com_github_MitjaNemec_ReplicateLayout.replicate_layout 991:Dst text UUid:5f52f19d-195b-49ef-8e0a-fe7597f85465
12-09 20:56:10 com_github_MitjaNemec_ReplicateLayout.replicate_layout 990:Src text UUid:4c199308-ee65-4d49-aeb6-8297475879cc
12-09 20:56:10 com_github_MitjaNemec_ReplicateLayout.replicate_layout 991:Dst text UUid:af64953d-1337-4b60-a225-ba7cd55bdb5d
12-09 20:56:10 com_github_MitjaNemec_ReplicateLayout.replicate_layout 990:Src text UUid:386b7796-a638-46f6-af9e-32b5e5798e7a
12-09 20:56:10 com_github_MitjaNemec_ReplicateLayout.replicate_layout 991:Dst text UUid:76ec8025-8a13-41e7-ba10-3517b1dc8ebe
12-09 20:56:10 com_github_MitjaNemec_ReplicateLayout.replicate_layout 888:Replicating footprint: 'C4'
12-09 20:56:10 com_github_MitjaNemec_ReplicateLayout.replicate_layout 835:Src fp.id: '53456AE3-60F3-4D3C-BC69-35A32A733226'
12-09 20:56:10 com_github_MitjaNemec_ReplicateLayout.replicate_layout 839:Dst fp.id: '53456AE3-60F3-4D3C-BC69-35A32A733226'
12-09 20:56:10 com_github_MitjaNemec_ReplicateLayout.replicate_layout 895:found match in dst footprint: 'C3'
12-09 20:56:10 com_github_MitjaNemec_ReplicateLayout.replicate_layout 990:Src text UUid:d3cb39ad-da2f-454f-bffe-74d044cecbb5
12-09 20:56:10 com_github_MitjaNemec_ReplicateLayout.replicate_layout 991:Dst text UUid:3b22e725-b186-458c-84eb-daad10b13267
12-09 20:56:10 com_github_MitjaNemec_ReplicateLayout.replicate_layout 990:Src text UUid:aef50636-6cfe-46b9-845f-40f81f72d827
12-09 20:56:10 com_github_MitjaNemec_ReplicateLayout.replicate_layout 991:Dst text UUid:f91b01c0-b4ce-4eae-a104-72254b8552f3
12-09 20:56:10 com_github_MitjaNemec_ReplicateLayout.replicate_layout 990:Src text UUid:f20185a2-52ff-4c4b-96b9-1ac58708b18e
12-09 20:56:10 com_github_MitjaNemec_ReplicateLayout.replicate_layout 991:Dst text UUid:72eeff86-4520-40df-833f-37f61292024b
12-09 20:56:10 com_github_MitjaNemec_ReplicateLayout.replicate_layout 888:Replicating footprint: 'C19'
12-09 20:56:10 com_github_MitjaNemec_ReplicateLayout.replicate_layout 835:Src fp.id: '81CFDABA-F2EA-4F8E-B969-17237E0BF753'
12-09 20:56:10 com_github_MitjaNemec_ReplicateLayout.replicate_layout 839:Dst fp.id: '81CFDABA-F2EA-4F8E-B969-17237E0BF753'
12-09 20:56:10 com_github_MitjaNemec_ReplicateLayout.replicate_layout 895:found match in dst footprint: 'C13'
12-09 20:56:10 com_github_MitjaNemec_ReplicateLayout.replicate_layout 990:Src text UUid:dc263bb8-8d1b-4006-b1f3-e2ae1855a591
12-09 20:56:10 com_github_MitjaNemec_ReplicateLayout.replicate_layout 991:Dst text UUid:0ebc0d28-2ec4-4e0d-a408-68c90b1c7407
12-09 20:56:10 com_github_MitjaNemec_ReplicateLayout.replicate_layout 990:Src text UUid:b8229c13-f63c-45b7-9dee-ddc278caee02
12-09 20:56:10 com_github_MitjaNemec_ReplicateLayout.replicate_layout 991:Dst text UUid:9e74cee3-c24c-498d-a2fd-e8cceb21d55c
12-09 20:56:10 com_github_MitjaNemec_ReplicateLayout.replicate_layout 990:Src text UUid:fca9f18e-9764-4395-8163-2973dd03cc45
12-09 20:56:10 com_github_MitjaNemec_ReplicateLayout.replicate_layout 991:Dst text UUid:da9fd852-b811-471a-a4ce-7fef7336fd09
12-09 20:56:10 com_github_MitjaNemec_ReplicateLayout.replicate_layout 888:Replicating footprint: 'C35'
12-09 20:56:10 com_github_MitjaNemec_ReplicateLayout.replicate_layout 835:Src fp.id: '19AF6BB4-BC1A-42E1-B77F-009DAC87CEE0'
12-09 20:56:10 com_github_MitjaNemec_ReplicateLayout.replicate_layout 839:Dst fp.id: '19AF6BB4-BC1A-42E1-B77F-009DAC87CEE0'
12-09 20:56:10 com_github_MitjaNemec_ReplicateLayout.replicate_layout 895:found match in dst footprint: 'C29'
12-09 20:56:10 com_github_MitjaNemec_ReplicateLayout.replicate_layout 990:Src text UUid:dc312004-6cd0-4715-887f-b1fb83627ff5
12-09 20:56:10 com_github_MitjaNemec_ReplicateLayout.replicate_layout 991:Dst text UUid:d8c5e247-0150-471f-912d-a93aa5975f3a
12-09 20:56:10 com_github_MitjaNemec_ReplicateLayout.replicate_layout 990:Src text UUid:3a9d4344-86f4-4e4f-84ea-8ee0cf52ba91
12-09 20:56:10 com_github_MitjaNemec_ReplicateLayout.replicate_layout 991:Dst text UUid:e71dba69-5fba-426b-b3ad-0d4b813c8917
12-09 20:56:10 com_github_MitjaNemec_ReplicateLayout.replicate_layout 990:Src text UUid:2c06c713-8aa4-47d3-bfba-e6c0476d4990
12-09 20:56:10 com_github_MitjaNemec_ReplicateLayout.replicate_layout 991:Dst text UUid:fa8d9eef-5cb1-42da-83ae-322c880864a0
12-09 20:56:10 com_github_MitjaNemec_ReplicateLayout.replicate_layout 888:Replicating footprint: 'C44'
12-09 20:56:10 com_github_MitjaNemec_ReplicateLayout.replicate_layout 835:Src fp.id: '484AEC5D-5E74-4E37-BFB6-9CF07C16185B'
12-09 20:56:10 com_github_MitjaNemec_ReplicateLayout.replicate_layout 839:Dst fp.id: '484AEC5D-5E74-4E37-BFB6-9CF07C16185B'
12-09 20:56:10 com_github_MitjaNemec_ReplicateLayout.replicate_layout 895:found match in dst footprint: 'C38'
12-09 20:56:10 com_github_MitjaNemec_ReplicateLayout.replicate_layout 990:Src text UUid:3ef75a4d-8560-409f-a5c9-43c81a65e67a
12-09 20:56:10 com_github_MitjaNemec_ReplicateLayout.replicate_layout 991:Dst text UUid:a9174655-e2f7-4808-a351-df7c9d179248
12-09 20:56:10 com_github_MitjaNemec_ReplicateLayout.replicate_layout 990:Src text UUid:3e95fae4-2120-4d01-a3a8-5f11952baaa8
12-09 20:56:10 com_github_MitjaNemec_ReplicateLayout.replicate_layout 991:Dst text UUid:a4e7ad35-b8b3-48a5-b2ca-c8402cc651d9
12-09 20:56:10 com_github_MitjaNemec_ReplicateLayout.replicate_layout 990:Src text UUid:3751e02d-4d25-4809-b11e-2ced17ec2c1f
12-09 20:56:10 com_github_MitjaNemec_ReplicateLayout.replicate_layout 991:Dst text UUid:69a1c5d4-4e21-4c8f-b1ad-3f8cd8663da0
12-09 20:56:10 com_github_MitjaNemec_ReplicateLayout.replicate_layout 888:Replicating footprint: 'C8'
12-09 20:56:10 com_github_MitjaNemec_ReplicateLayout.replicate_layout 835:Src fp.id: 'B7249258-4312-48CE-B6D2-F808850BDA56'
12-09 20:56:10 com_github_MitjaNemec_ReplicateLayout.replicate_layout 839:Dst fp.id: 'B7249258-4312-48CE-B6D2-F808850BDA56'
12-09 20:56:10 com_github_MitjaNemec_ReplicateLayout.replicate_layout 895:found match in dst footprint: 'C6'
12-09 20:56:10 com_github_MitjaNemec_ReplicateLayout.replicate_layout 990:Src text UUid:27b6ff60-3cea-4684-b92b-82544cf3cd99
12-09 20:56:10 com_github_MitjaNemec_ReplicateLayout.replicate_layout 991:Dst text UUid:e4294894-c8c6-456c-a7e5-070b4087b5f0
12-09 20:56:10 com_github_MitjaNemec_ReplicateLayout.replicate_layout 990:Src text UUid:82a0bbc9-6c1f-46a6-b3e7-2bf04aa07791
12-09 20:56:10 com_github_MitjaNemec_ReplicateLayout.replicate_layout 991:Dst text UUid:af58cfbe-3c99-45f3-b293-d43ee3c14846
12-09 20:56:10 com_github_MitjaNemec_ReplicateLayout.replicate_layout 990:Src text UUid:39422afa-5b92-4384-9b09-26aa7f4148cd
12-09 20:56:10 com_github_MitjaNemec_ReplicateLayout.replicate_layout 991:Dst text UUid:e99bbb2f-8428-4d07-9bad-74641b77af30
12-09 20:56:10 com_github_MitjaNemec_ReplicateLayout.replicate_layout 888:Replicating footprint: 'C22'
12-09 20:56:10 com_github_MitjaNemec_ReplicateLayout.replicate_layout 835:Src fp.id: '5841293D-030F-49D0-9D95-B227ED8F2542'
12-09 20:56:10 com_github_MitjaNemec_ReplicateLayout.replicate_layout 839:Dst fp.id: '5841293D-030F-49D0-9D95-B227ED8F2542'
12-09 20:56:10 com_github_MitjaNemec_ReplicateLayout.replicate_layout 895:found match in dst footprint: 'C16'
12-09 20:56:10 com_github_MitjaNemec_ReplicateLayout.replicate_layout 990:Src text UUid:6c92cc66-6a58-4494-97c9-81b0f336b49b
12-09 20:56:10 com_github_MitjaNemec_ReplicateLayout.replicate_layout 991:Dst text UUid:f9d74e3c-bf84-4515-88de-505b6f033fe8
12-09 20:56:10 com_github_MitjaNemec_ReplicateLayout.replicate_layout 990:Src text UUid:ad9125fa-de97-415b-9770-63473213a438
12-09 20:56:10 com_github_MitjaNemec_ReplicateLayout.replicate_layout 991:Dst text UUid:2dd69f57-5344-40f7-aeb1-05c8698b45d5
12-09 20:56:10 com_github_MitjaNemec_ReplicateLayout.replicate_layout 990:Src text UUid:ace7ce5b-279d-4d04-a93c-0d24eb3b2ec1
12-09 20:56:10 com_github_MitjaNemec_ReplicateLayout.replicate_layout 991:Dst text UUid:a545c6c1-b6fb-400b-9042-605125a94c1d
12-09 20:56:10 com_github_MitjaNemec_ReplicateLayout.replicate_layout 888:Replicating footprint: 'C46'
12-09 20:56:10 com_github_MitjaNemec_ReplicateLayout.replicate_layout 835:Src fp.id: '4EEFF491-BEE9-4A2D-BA1C-C53C2E9E43EB'
12-09 20:56:10 com_github_MitjaNemec_ReplicateLayout.replicate_layout 839:Dst fp.id: '4EEFF491-BEE9-4A2D-BA1C-C53C2E9E43EB'
12-09 20:56:10 com_github_MitjaNemec_ReplicateLayout.replicate_layout 895:found match in dst footprint: 'C40'
12-09 20:56:10 com_github_MitjaNemec_ReplicateLayout.replicate_layout 990:Src text UUid:1b1c6636-9830-43d5-a702-dfaed284cc1b
12-09 20:56:10 com_github_MitjaNemec_ReplicateLayout.replicate_layout 991:Dst text UUid:da2884c5-d4dd-4553-b6cf-b9353e42d59b
12-09 20:56:10 com_github_MitjaNemec_ReplicateLayout.replicate_layout 990:Src text UUid:cd198e7e-5f4e-48d9-b588-c5c9a9ce5a2c
12-09 20:56:10 com_github_MitjaNemec_ReplicateLayout.replicate_layout 991:Dst text UUid:b097c224-e649-4d32-bc30-beb4ecdd642d
12-09 20:56:10 com_github_MitjaNemec_ReplicateLayout.replicate_layout 990:Src text UUid:ad3573ab-3733-4ce8-b6ff-7dd2296c3555
12-09 20:56:10 com_github_MitjaNemec_ReplicateLayout.replicate_layout 991:Dst text UUid:0b228a3d-46a5-4c83-8626-a278a795d548
12-09 20:56:10 com_github_MitjaNemec_ReplicateLayout.replicate_layout 888:Replicating footprint: 'C45'
12-09 20:56:10 com_github_MitjaNemec_ReplicateLayout.replicate_layout 835:Src fp.id: '11EAC201-9828-42A6-A84D-599C349402C8'
12-09 20:56:10 com_github_MitjaNemec_ReplicateLayout.replicate_layout 839:Dst fp.id: '11EAC201-9828-42A6-A84D-599C349402C8'
12-09 20:56:10 com_github_MitjaNemec_ReplicateLayout.replicate_layout 895:found match in dst footprint: 'C39'
12-09 20:56:10 com_github_MitjaNemec_ReplicateLayout.replicate_layout 990:Src text UUid:41f73091-0e28-48af-a48a-ba8d3491709a
12-09 20:56:10 com_github_MitjaNemec_ReplicateLayout.replicate_layout 991:Dst text UUid:1643f85a-8d63-47fd-a7c6-0b061c38c56b
12-09 20:56:10 com_github_MitjaNemec_ReplicateLayout.replicate_layout 990:Src text UUid:f8db2385-3915-4450-8938-ba615b291ac1
12-09 20:56:10 com_github_MitjaNemec_ReplicateLayout.replicate_layout 991:Dst text UUid:37866c5f-9d5f-4be0-bd2c-75ae0bb0ef42
12-09 20:56:10 com_github_MitjaNemec_ReplicateLayout.replicate_layout 990:Src text UUid:d02b5dcc-d50b-4c73-b1dd-a03333b3dc2e
12-09 20:56:10 com_github_MitjaNemec_ReplicateLayout.replicate_layout 991:Dst text UUid:1b29ac42-cf65-4199-a667-093cc195b28e
12-09 20:56:10 com_github_MitjaNemec_ReplicateLayout.replicate_layout 888:Replicating footprint: 'C20'
12-09 20:56:10 com_github_MitjaNemec_ReplicateLayout.replicate_layout 835:Src fp.id: '39FC3D0A-92B8-4446-BED5-687B77283182'
12-09 20:56:10 com_github_MitjaNemec_ReplicateLayout.replicate_layout 839:Dst fp.id: '39FC3D0A-92B8-4446-BED5-687B77283182'
12-09 20:56:10 com_github_MitjaNemec_ReplicateLayout.replicate_layout 895:found match in dst footprint: 'C14'
12-09 20:56:10 com_github_MitjaNemec_ReplicateLayout.replicate_layout 990:Src text UUid:e7371b9d-aef0-426b-8ae0-14995bfcfac6
12-09 20:56:10 com_github_MitjaNemec_ReplicateLayout.replicate_layout 991:Dst text UUid:d6185da8-1468-4ecc-ae38-6a205b4874e4
12-09 20:56:10 com_github_MitjaNemec_ReplicateLayout.replicate_layout 990:Src text UUid:38144649-fd2f-47f6-b2cf-f67b599cd566
12-09 20:56:10 com_github_MitjaNemec_ReplicateLayout.replicate_layout 991:Dst text UUid:1e7886f0-40b5-4940-83ce-750ea8bf677d
12-09 20:56:10 com_github_MitjaNemec_ReplicateLayout.replicate_layout 990:Src text UUid:4f34e4bc-6756-4348-aa59-c8c3c7232b67
12-09 20:56:10 com_github_MitjaNemec_ReplicateLayout.replicate_layout 991:Dst text UUid:79600158-a625-43b9-ad95-0d54e607b516
12-09 20:56:10 com_github_MitjaNemec_ReplicateLayout.replicate_layout 888:Replicating footprint: 'C32'
12-09 20:56:10 com_github_MitjaNemec_ReplicateLayout.replicate_layout 835:Src fp.id: '0C223CB0-35B9-467B-9780-868020E9C2D1'
12-09 20:56:10 com_github_MitjaNemec_ReplicateLayout.replicate_layout 839:Dst fp.id: '0C223CB0-35B9-467B-9780-868020E9C2D1'
12-09 20:56:10 com_github_MitjaNemec_ReplicateLayout.replicate_layout 895:found match in dst footprint: 'C26'
12-09 20:56:10 com_github_MitjaNemec_ReplicateLayout.replicate_layout 990:Src text UUid:2f536426-5c35-4934-8082-4406251dff8f
12-09 20:56:10 com_github_MitjaNemec_ReplicateLayout.replicate_layout 991:Dst text UUid:1943570b-a3d2-4346-87b4-4003d152ba25
12-09 20:56:10 com_github_MitjaNemec_ReplicateLayout.replicate_layout 990:Src text UUid:6eec7a56-b619-4673-bf61-c84172f0d26b
12-09 20:56:10 com_github_MitjaNemec_ReplicateLayout.replicate_layout 991:Dst text UUid:cf3cfdb1-d055-4619-a044-fa50ec441ed9
12-09 20:56:10 com_github_MitjaNemec_ReplicateLayout.replicate_layout 990:Src text UUid:e340ac47-cf7b-4314-a711-3f4215dce3ae
12-09 20:56:10 com_github_MitjaNemec_ReplicateLayout.replicate_layout 991:Dst text UUid:3a4292c4-ec76-452e-8aa5-89c65ffbcef7
12-09 20:56:10 com_github_MitjaNemec_ReplicateLayout.replicate_layout 888:Replicating footprint: 'C23'
12-09 20:56:10 com_github_MitjaNemec_ReplicateLayout.replicate_layout 835:Src fp.id: 'A450BA83-DF48-4E88-8BBA-E651E8E89535'
12-09 20:56:10 com_github_MitjaNemec_ReplicateLayout.replicate_layout 839:Dst fp.id: 'A450BA83-DF48-4E88-8BBA-E651E8E89535'
12-09 20:56:10 com_github_MitjaNemec_ReplicateLayout.replicate_layout 895:found match in dst footprint: 'C17'
12-09 20:56:10 com_github_MitjaNemec_ReplicateLayout.replicate_layout 990:Src text UUid:4562c2a7-0075-4939-bd41-da72ebdb7a0e
12-09 20:56:10 com_github_MitjaNemec_ReplicateLayout.replicate_layout 991:Dst text UUid:b143253c-2cbc-45dd-9a14-ea0e241b665b
12-09 20:56:10 com_github_MitjaNemec_ReplicateLayout.replicate_layout 990:Src text UUid:e0e6e69d-2c3b-4e60-8f6b-ad00d7bd4bbc
12-09 20:56:10 com_github_MitjaNemec_ReplicateLayout.replicate_layout 991:Dst text UUid:50f8f4fb-2eb5-4950-aae8-b9ec3c9380a4
12-09 20:56:10 com_github_MitjaNemec_ReplicateLayout.replicate_layout 990:Src text UUid:5ce62eac-01c8-437a-8148-35cbe656ac66
12-09 20:56:10 com_github_MitjaNemec_ReplicateLayout.replicate_layout 991:Dst text UUid:5dad3f33-9983-48a8-ba25-e442c047c0fd
12-09 20:56:10 com_github_MitjaNemec_ReplicateLayout.replicate_layout 888:Replicating footprint: 'C12'
12-09 20:56:10 com_github_MitjaNemec_ReplicateLayout.replicate_layout 835:Src fp.id: '54731AE2-40AE-45E5-A1B5-143CB867AFCF'
12-09 20:56:10 com_github_MitjaNemec_ReplicateLayout.replicate_layout 839:Dst fp.id: '54731AE2-40AE-45E5-A1B5-143CB867AFCF'
12-09 20:56:10 com_github_MitjaNemec_ReplicateLayout.replicate_layout 895:found match in dst footprint: 'C11'
12-09 20:56:10 com_github_MitjaNemec_ReplicateLayout.replicate_layout 990:Src text UUid:189dffd9-f123-4931-87a4-37dde952212c
12-09 20:56:10 com_github_MitjaNemec_ReplicateLayout.replicate_layout 991:Dst text UUid:e7c3cd9c-9554-477d-8c3d-1348ea89718c
12-09 20:56:10 com_github_MitjaNemec_ReplicateLayout.replicate_layout 990:Src text UUid:a21a911e-442e-40e5-9699-e1ffabaadb62
12-09 20:56:10 com_github_MitjaNemec_ReplicateLayout.replicate_layout 991:Dst text UUid:7587ac8b-9e7f-4997-9101-9ec21d6b447b
12-09 20:56:10 com_github_MitjaNemec_ReplicateLayout.replicate_layout 990:Src text UUid:a6058288-d36d-4c17-9ca7-597b8c09323d
12-09 20:56:10 com_github_MitjaNemec_ReplicateLayout.replicate_layout 991:Dst text UUid:755205cf-d626-4ee2-9204-e9faccac5f7f
12-09 20:56:10 root 340:updating GUI message: 'Replicating tracks'
12-09 20:56:10 com_github_MitjaNemec_ReplicateLayout.replicate_layout 1014:Replicating tracks
12-09 20:56:10 com_github_MitjaNemec_ReplicateLayout.replicate_layout 1020:Replicating tracks on sheet ['/left/']
12-09 20:56:10 com_github_MitjaNemec_ReplicateLayout.replicate_layout 835:Src fp.id: '87B8FC13-22F1-4558-A867-69678B024155'
12-09 20:56:10 com_github_MitjaNemec_ReplicateLayout.replicate_layout 839:Dst fp.id: '87B8FC13-22F1-4558-A867-69678B024155'
12-09 20:56:10 com_github_MitjaNemec_ReplicateLayout.replicate_layout 776:Significant difference between src net: ['', 'right', 'ROW1'] and dst net: ['', 'left', 'ROW1'], with src_net_depth=3, dst_net_depth=3, src_fp_depth=1, dst_fp_depth=1, match level 0.74
12-09 20:56:10 com_github_MitjaNemec_ReplicateLayout.replicate_layout 776:Significant difference between src net: ['', 'right', 'ROW2'] and dst net: ['', 'left', 'ROW2'], with src_net_depth=3, dst_net_depth=3, src_fp_depth=1, dst_fp_depth=1, match level 0.74
12-09 20:56:10 com_github_MitjaNemec_ReplicateLayout.replicate_layout 776:Significant difference between src net: ['', 'right', 'COL3'] and dst net: ['', 'left', 'COL3'], with src_net_depth=3, dst_net_depth=3, src_fp_depth=1, dst_fp_depth=1, match level 0.74
12-09 20:56:10 com_github_MitjaNemec_ReplicateLayout.replicate_layout 776:Significant difference between src net: ['', 'right', 'ROT_A'] and dst net: ['', 'left', 'ROT_A'], with src_net_depth=3, dst_net_depth=3, src_fp_depth=1, dst_fp_depth=1, match level 0.74
12-09 20:56:10 com_github_MitjaNemec_ReplicateLayout.replicate_layout 776:Significant difference between src net: ['', 'right', 'ROT_B'] and dst net: ['', 'left', 'ROT_B'], with src_net_depth=3, dst_net_depth=3, src_fp_depth=1, dst_fp_depth=1, match level 0.74
12-09 20:56:10 com_github_MitjaNemec_ReplicateLayout.replicate_layout 776:Significant difference between src net: ['', 'right', 'ROW2'] and dst net: ['', 'left', 'ROW2'], with src_net_depth=3, dst_net_depth=3, src_fp_depth=1, dst_fp_depth=1, match level 0.74
12-09 20:56:10 com_github_MitjaNemec_ReplicateLayout.replicate_layout 776:Significant difference between src net: ['', 'right', 'ROW1'] and dst net: ['', 'left', 'ROW1'], with src_net_depth=3, dst_net_depth=3, src_fp_depth=1, dst_fp_depth=1, match level 0.74
12-09 20:56:10 com_github_MitjaNemec_ReplicateLayout.replicate_layout 776:Significant difference between src net: ['', 'right', 'ROW4'] and dst net: ['', 'left', 'ROW4'], with src_net_depth=3, dst_net_depth=3, src_fp_depth=1, dst_fp_depth=1, match level 0.74
12-09 20:56:10 com_github_MitjaNemec_ReplicateLayout.replicate_layout 776:Significant difference between src net: ['', 'right', 'ROW3'] and dst net: ['', 'left', 'ROW3'], with src_net_depth=3, dst_net_depth=3, src_fp_depth=1, dst_fp_depth=1, match level 0.74
12-09 20:56:10 com_github_MitjaNemec_ReplicateLayout.replicate_layout 776:Significant difference between src net: ['', 'right', 'ROW1'] and dst net: ['', 'left', 'ROW1'], with src_net_depth=3, dst_net_depth=3, src_fp_depth=1, dst_fp_depth=1, match level 0.74
12-09 20:56:10 com_github_MitjaNemec_ReplicateLayout.replicate_layout 776:Significant difference between src net: ['', 'right', 'VBAT'] and dst net: ['', 'left', 'VBAT'], with src_net_depth=3, dst_net_depth=3, src_fp_depth=1, dst_fp_depth=1, match level 0.74
12-09 20:56:10 com_github_MitjaNemec_ReplicateLayout.replicate_layout 776:Significant difference between src net: ['', 'right', 'COL4'] and dst net: ['', 'left', 'COL4'], with src_net_depth=3, dst_net_depth=3, src_fp_depth=1, dst_fp_depth=1, match level 0.74
12-09 20:56:10 com_github_MitjaNemec_ReplicateLayout.replicate_layout 776:Significant difference between src net: ['', 'right', 'COL4'] and dst net: ['', 'left', 'COL4'], with src_net_depth=3, dst_net_depth=3, src_fp_depth=1, dst_fp_depth=1, match level 0.74
12-09 20:56:10 com_github_MitjaNemec_ReplicateLayout.replicate_layout 776:Significant difference between src net: ['', 'right', 'COL5'] and dst net: ['', 'left', 'COL5'], with src_net_depth=3, dst_net_depth=3, src_fp_depth=1, dst_fp_depth=1, match level 0.74
12-09 20:56:10 com_github_MitjaNemec_ReplicateLayout.replicate_layout 776:Significant difference between src net: ['', 'right', 'ROW3'] and dst net: ['', 'left', 'ROW3'], with src_net_depth=3, dst_net_depth=3, src_fp_depth=1, dst_fp_depth=1, match level 0.74
12-09 20:56:10 com_github_MitjaNemec_ReplicateLayout.replicate_layout 776:Significant difference between src net: ['', 'right', 'ROW2'] and dst net: ['', 'left', 'ROW2'], with src_net_depth=3, dst_net_depth=3, src_fp_depth=1, dst_fp_depth=1, match level 0.74
12-09 20:56:10 com_github_MitjaNemec_ReplicateLayout.replicate_layout 776:Significant difference between src net: ['', 'right', 'COL3'] and dst net: ['', 'left', 'COL3'], with src_net_depth=3, dst_net_depth=3, src_fp_depth=1, dst_fp_depth=1, match level 0.74
12-09 20:56:10 com_github_MitjaNemec_ReplicateLayout.replicate_layout 776:Significant difference between src net: ['', 'right', 'BAT_PIN'] and dst net: ['', 'left', 'BAT_PIN'], with src_net_depth=3, dst_net_depth=3, src_fp_depth=1, dst_fp_depth=1, match level 0.74
12-09 20:56:10 com_github_MitjaNemec_ReplicateLayout.replicate_layout 776:Significant difference between src net: ['', 'right', 'BAT_PIN'] and dst net: ['', 'left', 'BAT_PIN'], with src_net_depth=3, dst_net_depth=3, src_fp_depth=1, dst_fp_depth=1, match level 0.74
12-09 20:56:10 com_github_MitjaNemec_ReplicateLayout.replicate_layout 776:Significant difference between src net: ['', 'right', 'ROW2'] and dst net: ['', 'left', 'ROW2'], with src_net_depth=3, dst_net_depth=3, src_fp_depth=1, dst_fp_depth=1, match level 0.74
12-09 20:56:10 com_github_MitjaNemec_ReplicateLayout.replicate_layout 776:Significant difference between src net: ['', 'right', 'ROW1'] and dst net: ['', 'left', 'ROW1'], with src_net_depth=3, dst_net_depth=3, src_fp_depth=1, dst_fp_depth=1, match level 0.74
12-09 20:56:10 com_github_MitjaNemec_ReplicateLayout.replicate_layout 776:Significant difference between src net: ['', 'right', 'VBAT'] and dst net: ['', 'left', 'VBAT'], with src_net_depth=3, dst_net_depth=3, src_fp_depth=1, dst_fp_depth=1, match level 0.74
12-09 20:56:10 com_github_MitjaNemec_ReplicateLayout.replicate_layout 776:Significant difference between src net: ['', 'right', 'COL1'] and dst net: ['', 'left', 'COL1'], with src_net_depth=3, dst_net_depth=3, src_fp_depth=1, dst_fp_depth=1, match level 0.74
12-09 20:56:10 com_github_MitjaNemec_ReplicateLayout.replicate_layout 776:Significant difference between src net: ['', 'right', 'COL2'] and dst net: ['', 'left', 'COL2'], with src_net_depth=3, dst_net_depth=3, src_fp_depth=1, dst_fp_depth=1, match level 0.74
12-09 20:56:10 com_github_MitjaNemec_ReplicateLayout.replicate_layout 776:Significant difference between src net: ['', 'right', 'COL3'] and dst net: ['', 'left', 'COL3'], with src_net_depth=3, dst_net_depth=3, src_fp_depth=1, dst_fp_depth=1, match level 0.74
12-09 20:56:10 com_github_MitjaNemec_ReplicateLayout.replicate_layout 776:Significant difference between src net: ['', 'right', 'EXP_SDA'] and dst net: ['', 'left', 'EXP_SDA'], with src_net_depth=3, dst_net_depth=3, src_fp_depth=1, dst_fp_depth=1, match level 0.74
12-09 20:56:10 com_github_MitjaNemec_ReplicateLayout.replicate_layout 776:Significant difference between src net: ['', 'right', 'EXP_SCL'] and dst net: ['', 'left', 'EXP_SCL'], with src_net_depth=3, dst_net_depth=3, src_fp_depth=1, dst_fp_depth=1, match level 0.74
12-09 20:56:10 com_github_MitjaNemec_ReplicateLayout.replicate_layout 776:Significant difference between src net: ['', 'right', 'ROW5'] and dst net: ['', 'left', 'ROW5'], with src_net_depth=3, dst_net_depth=3, src_fp_depth=1, dst_fp_depth=1, match level 0.74
12-09 20:56:10 com_github_MitjaNemec_ReplicateLayout.replicate_layout 776:Significant difference between src net: ['', 'right', 'ROW4'] and dst net: ['', 'left', 'ROW4'], with src_net_depth=3, dst_net_depth=3, src_fp_depth=1, dst_fp_depth=1, match level 0.74
12-09 20:56:10 com_github_MitjaNemec_ReplicateLayout.replicate_layout 776:Significant difference between src net: ['', 'right', 'ROW3'] and dst net: ['', 'left', 'ROW3'], with src_net_depth=3, dst_net_depth=3, src_fp_depth=1, dst_fp_depth=1, match level 0.74
12-09 20:56:10 com_github_MitjaNemec_ReplicateLayout.replicate_layout 776:Significant difference between src net: ['', 'right', 'COL1'] and dst net: ['', 'left', 'COL1'], with src_net_depth=3, dst_net_depth=3, src_fp_depth=1, dst_fp_depth=1, match level 0.74
12-09 20:56:10 com_github_MitjaNemec_ReplicateLayout.replicate_layout 776:Significant difference between src net: ['', 'right', 'COL2'] and dst net: ['', 'left', 'COL2'], with src_net_depth=3, dst_net_depth=3, src_fp_depth=1, dst_fp_depth=1, match level 0.74
12-09 20:56:10 com_github_MitjaNemec_ReplicateLayout.replicate_layout 776:Significant difference between src net: ['', 'right', 'ROW1'] and dst net: ['', 'left', 'ROW1'], with src_net_depth=3, dst_net_depth=3, src_fp_depth=1, dst_fp_depth=1, match level 0.74
12-09 20:56:10 com_github_MitjaNemec_ReplicateLayout.replicate_layout 776:Significant difference between src net: ['', 'right', 'BACKLIGHT_LED'] and dst net: ['', 'left', 'BACKLIGHT_LED'], with src_net_depth=3, dst_net_depth=3, src_fp_depth=1, dst_fp_depth=1, match level 0.74
12-09 20:56:10 com_github_MitjaNemec_ReplicateLayout.replicate_layout 776:Significant difference between src net: ['', 'right', 'ROW4'] and dst net: ['', 'left', 'ROW4'], with src_net_depth=3, dst_net_depth=3, src_fp_depth=1, dst_fp_depth=1, match level 0.74
12-09 20:56:10 com_github_MitjaNemec_ReplicateLayout.replicate_layout 776:Significant difference between src net: ['', 'right', 'ROW1'] and dst net: ['', 'left', 'ROW1'], with src_net_depth=3, dst_net_depth=3, src_fp_depth=1, dst_fp_depth=1, match level 0.74
12-09 20:56:10 com_github_MitjaNemec_ReplicateLayout.replicate_layout 776:Significant difference between src net: ['', 'right', 'VBAT'] and dst net: ['', 'left', 'VBAT'], with src_net_depth=3, dst_net_depth=3, src_fp_depth=1, dst_fp_depth=1, match level 0.74
12-09 20:56:10 com_github_MitjaNemec_ReplicateLayout.replicate_layout 776:Significant difference between src net: ['', 'right', 'BAT_PIN'] and dst net: ['', 'left', 'BAT_PIN'], with src_net_depth=3, dst_net_depth=3, src_fp_depth=1, dst_fp_depth=1, match level 0.74
12-09 20:56:10 com_github_MitjaNemec_ReplicateLayout.replicate_layout 776:Significant difference between src net: ['', 'right', 'COL2'] and dst net: ['', 'left', 'COL2'], with src_net_depth=3, dst_net_depth=3, src_fp_depth=1, dst_fp_depth=1, match level 0.74
12-09 20:56:10 com_github_MitjaNemec_ReplicateLayout.replicate_layout 776:Significant difference between src net: ['', 'right', 'ROW4'] and dst net: ['', 'left', 'ROW4'], with src_net_depth=3, dst_net_depth=3, src_fp_depth=1, dst_fp_depth=1, match level 0.74
12-09 20:56:10 com_github_MitjaNemec_ReplicateLayout.replicate_layout 776:Significant difference between src net: ['', 'right', 'ROW4'] and dst net: ['', 'left', 'ROW4'], with src_net_depth=3, dst_net_depth=3, src_fp_depth=1, dst_fp_depth=1, match level 0.74
12-09 20:56:10 com_github_MitjaNemec_ReplicateLayout.replicate_layout 776:Significant difference between src net: ['', 'right', 'COL1'] and dst net: ['', 'left', 'COL1'], with src_net_depth=3, dst_net_depth=3, src_fp_depth=1, dst_fp_depth=1, match level 0.74
12-09 20:56:10 com_github_MitjaNemec_ReplicateLayout.replicate_layout 776:Significant difference between src net: ['', 'right', 'COL5'] and dst net: ['', 'left', 'COL5'], with src_net_depth=3, dst_net_depth=3, src_fp_depth=1, dst_fp_depth=1, match level 0.74
12-09 20:56:10 com_github_MitjaNemec_ReplicateLayout.replicate_layout 776:Significant difference between src net: ['', 'right', 'ROW3'] and dst net: ['', 'left', 'ROW3'], with src_net_depth=3, dst_net_depth=3, src_fp_depth=1, dst_fp_depth=1, match level 0.74
12-09 20:56:10 com_github_MitjaNemec_ReplicateLayout.replicate_layout 776:Significant difference between src net: ['', 'right', 'COL4'] and dst net: ['', 'left', 'COL4'], with src_net_depth=3, dst_net_depth=3, src_fp_depth=1, dst_fp_depth=1, match level 0.74
12-09 20:56:10 com_github_MitjaNemec_ReplicateLayout.replicate_layout 776:Significant difference between src net: ['', 'right', 'COL4'] and dst net: ['', 'left', 'COL4'], with src_net_depth=3, dst_net_depth=3, src_fp_depth=1, dst_fp_depth=1, match level 0.74
12-09 20:56:10 com_github_MitjaNemec_ReplicateLayout.replicate_layout 776:Significant difference between src net: ['', 'right', 'ROW1'] and dst net: ['', 'left', 'ROW1'], with src_net_depth=3, dst_net_depth=3, src_fp_depth=1, dst_fp_depth=1, match level 0.74
12-09 20:56:10 com_github_MitjaNemec_ReplicateLayout.replicate_layout 776:Significant difference between src net: ['', 'right', 'COL3'] and dst net: ['', 'left', 'COL3'], with src_net_depth=3, dst_net_depth=3, src_fp_depth=1, dst_fp_depth=1, match level 0.74
12-09 20:56:10 com_github_MitjaNemec_ReplicateLayout.replicate_layout 776:Significant difference between src net: ['', 'right', 'ROW2'] and dst net: ['', 'left', 'ROW2'], with src_net_depth=3, dst_net_depth=3, src_fp_depth=1, dst_fp_depth=1, match level 0.74
12-09 20:56:10 com_github_MitjaNemec_ReplicateLayout.replicate_layout 776:Significant difference between src net: ['', 'right', 'ROW4'] and dst net: ['', 'left', 'ROW4'], with src_net_depth=3, dst_net_depth=3, src_fp_depth=1, dst_fp_depth=1, match level 0.74
12-09 20:56:10 com_github_MitjaNemec_ReplicateLayout.replicate_layout 776:Significant difference between src net: ['', 'right', 'ROW3'] and dst net: ['', 'left', 'ROW3'], with src_net_depth=3, dst_net_depth=3, src_fp_depth=1, dst_fp_depth=1, match level 0.74
12-09 20:56:10 com_github_MitjaNemec_ReplicateLayout.replicate_layout 776:Significant difference between src net: ['', 'right', 'COL5'] and dst net: ['', 'left', 'COL5'], with src_net_depth=3, dst_net_depth=3, src_fp_depth=1, dst_fp_depth=1, match level 0.74
12-09 20:56:10 com_github_MitjaNemec_ReplicateLayout.replicate_layout 776:Significant difference between src net: ['', 'right', 'COL1'] and dst net: ['', 'left', 'COL1'], with src_net_depth=3, dst_net_depth=3, src_fp_depth=1, dst_fp_depth=1, match level 0.74
12-09 20:56:10 com_github_MitjaNemec_ReplicateLayout.replicate_layout 776:Significant difference between src net: ['', 'right', 'COL2'] and dst net: ['', 'left', 'COL2'], with src_net_depth=3, dst_net_depth=3, src_fp_depth=1, dst_fp_depth=1, match level 0.74
12-09 20:56:10 com_github_MitjaNemec_ReplicateLayout.replicate_layout 776:Significant difference between src net: ['', 'right', 'ROW2'] and dst net: ['', 'left', 'ROW2'], with src_net_depth=3, dst_net_depth=3, src_fp_depth=1, dst_fp_depth=1, match level 0.74
12-09 20:56:10 com_github_MitjaNemec_ReplicateLayout.replicate_layout 776:Significant difference between src net: ['', 'right', 'COL5'] and dst net: ['', 'left', 'COL5'], with src_net_depth=3, dst_net_depth=3, src_fp_depth=1, dst_fp_depth=1, match level 0.74
12-09 20:56:10 com_github_MitjaNemec_ReplicateLayout.replicate_layout 776:Significant difference between src net: ['', 'right', 'ROW1'] and dst net: ['', 'left', 'ROW1'], with src_net_depth=3, dst_net_depth=3, src_fp_depth=1, dst_fp_depth=1, match level 0.74
12-09 20:56:10 com_github_MitjaNemec_ReplicateLayout.replicate_layout 776:Significant difference between src net: ['', 'right', 'COL3'] and dst net: ['', 'left', 'COL3'], with src_net_depth=3, dst_net_depth=3, src_fp_depth=1, dst_fp_depth=1, match level 0.74
12-09 20:56:10 com_github_MitjaNemec_ReplicateLayout.replicate_layout 776:Significant difference between src net: ['', 'right', 'COL1'] and dst net: ['', 'left', 'COL1'], with src_net_depth=3, dst_net_depth=3, src_fp_depth=1, dst_fp_depth=1, match level 0.74
12-09 20:56:10 com_github_MitjaNemec_ReplicateLayout.replicate_layout 776:Significant difference between src net: ['', 'right', 'COL2'] and dst net: ['', 'left', 'COL2'], with src_net_depth=3, dst_net_depth=3, src_fp_depth=1, dst_fp_depth=1, match level 0.74
12-09 20:56:10 com_github_MitjaNemec_ReplicateLayout.replicate_layout 776:Significant difference between src net: ['', 'right', 'ROT_B'] and dst net: ['', 'left', 'ROT_B'], with src_net_depth=3, dst_net_depth=3, src_fp_depth=1, dst_fp_depth=1, match level 0.74
12-09 20:56:10 com_github_MitjaNemec_ReplicateLayout.replicate_layout 776:Significant difference between src net: ['', 'right', 'EXP_SCL'] and dst net: ['', 'left', 'EXP_SCL'], with src_net_depth=3, dst_net_depth=3, src_fp_depth=1, dst_fp_depth=1, match level 0.74
12-09 20:56:10 com_github_MitjaNemec_ReplicateLayout.replicate_layout 776:Significant difference between src net: ['', 'right', 'EXP_SDA'] and dst net: ['', 'left', 'EXP_SDA'], with src_net_depth=3, dst_net_depth=3, src_fp_depth=1, dst_fp_depth=1, match level 0.74
12-09 20:56:10 com_github_MitjaNemec_ReplicateLayout.replicate_layout 776:Significant difference between src net: ['', 'right', 'COL4'] and dst net: ['', 'left', 'COL4'], with src_net_depth=3, dst_net_depth=3, src_fp_depth=1, dst_fp_depth=1, match level 0.74
12-09 20:56:10 com_github_MitjaNemec_ReplicateLayout.replicate_layout 776:Significant difference between src net: ['', 'right', 'COL5'] and dst net: ['', 'left', 'COL5'], with src_net_depth=3, dst_net_depth=3, src_fp_depth=1, dst_fp_depth=1, match level 0.74
12-09 20:56:10 com_github_MitjaNemec_ReplicateLayout.replicate_layout 776:Significant difference between src net: ['', 'right', 'BACKLIGHT_LED'] and dst net: ['', 'left', 'BACKLIGHT_LED'], with src_net_depth=3, dst_net_depth=3, src_fp_depth=1, dst_fp_depth=1, match level 0.74
12-09 20:56:10 com_github_MitjaNemec_ReplicateLayout.replicate_layout 776:Significant difference between src net: ['', 'right', 'ROT_A'] and dst net: ['', 'left', 'ROT_A'], with src_net_depth=3, dst_net_depth=3, src_fp_depth=1, dst_fp_depth=1, match level 0.74
12-09 20:56:10 com_github_MitjaNemec_ReplicateLayout.replicate_layout 776:Significant difference between src net: ['', 'right', 'ROW5'] and dst net: ['', 'left', 'ROW5'], with src_net_depth=3, dst_net_depth=3, src_fp_depth=1, dst_fp_depth=1, match level 0.74
12-09 20:56:10 com_github_MitjaNemec_ReplicateLayout.replicate_layout 776:Significant difference between src net: ['', 'right', 'COL5'] and dst net: ['', 'left', 'COL5'], with src_net_depth=3, dst_net_depth=3, src_fp_depth=1, dst_fp_depth=1, match level 0.74
12-09 20:56:10 com_github_MitjaNemec_ReplicateLayout.replicate_layout 776:Significant difference between src net: ['', 'right', 'ROW3'] and dst net: ['', 'left', 'ROW3'], with src_net_depth=3, dst_net_depth=3, src_fp_depth=1, dst_fp_depth=1, match level 0.74
12-09 20:56:10 com_github_MitjaNemec_ReplicateLayout.replicate_layout 792:Net pairs for sheet ['/left/'] :[('Net-(D81-DOUT)', 'Net-(D76-DOUT)'), ('Net-(D70-DOUT)', 'Net-(D65-DOUT)'), ('Net-(D23-A)', 'Net-(D19-A)'), ('Net-(D44-DIN)', 'Net-(D43-DIN)'), ('/right/COL1', '/left/COL1'), ('/right/ROW4', '/left/ROW4'), ('Net-(D72-DOUT)', 'Net-(D67-DOUT)'), ('Net-(D39-A)', 'Net-(D35-A)'), ('Net-(D2-A)', 'Net-(D1-A)'), ('Net-(D59-DOUT)', 'Net-(D54-DOUT)'), ('Net-(D80-DOUT)', 'Net-(D75-DOUT)'), ('/right/ROT_A', '/left/ROT_A'), ('Net-(D6-A)', 'Net-(D5-A)'), ('', ''), ('Net-(D4-A)', 'Net-(D3-A)'), ('Net-(D24-A)', 'Net-(D20-A)'), ('Net-(D32-A)', 'Net-(D28-A)'), ('/right/ROW5', '/left/ROW5'), ('Net-(D60-DOUT)', 'Net-(D55-DOUT)'), ('Net-(D58-DOUT)', 'Net-(D53-DOUT)'), ('GND', 'GND'), ('/right/ROW3', '/left/ROW3'), ('/right/BACKLIGHT_LED', '/left/BACKLIGHT_LED'), ('Net-(D16-A)', 'Net-(D12-A)'), ('Net-(D29-A)', 'Net-(D25-A)'), ('Net-(D8-A)', 'Net-(D7-A)'), ('unconnected-(U2-3V3-Pad12)', 'unconnected-(U1-3V3-Pad12)'), ('Net-(D31-A)', 'Net-(D27-A)'), ('Net-(OLED2-SDA)', 'Net-(OLED1-SDA)'), ('/right/ROW1', '/left/ROW1'), ('Net-(D40-A)', 'Net-(D36-A)'), ('/right/ROT_B', '/left/ROT_B'), ('Net-(D78-DOUT)', 'Net-(D73-DOUT)'), ('Net-(D42-A)', 'Net-(D41-A)'), ('Net-(D37-A)', 'Net-(D33-A)'), ('/right/VBAT', '/left/VBAT'), ('Net-(D46-DOUT)', 'Net-(D45-DOUT)'), ('Net-(D50-DOUT)', 'Net-(D48-DOUT)'), ('unconnected-(U2-GND-Pad22)', 'unconnected-(U1-GND-Pad22)'), ('unconnected-(U2-PA31_SWDIO-Pad19)', 'unconnected-(U1-PA31_SWDIO-Pad19)'), ('unconnected-(U4-A1-Pad2)', 'unconnected-(U3-A1-Pad2)'), ('Net-(D30-A)', 'Net-(D26-A)'), ('Net-(D21-A)', 'Net-(D17-A)'), ('/right/BAT_PIN', '/left/BAT_PIN'), ('/right/ROW2', '/left/ROW2'), ('Net-(OLED2-SCL)', 'Net-(OLED1-SCL)'), ('Net-(D49-DOUT)', 'Net-(D47-DOUT)'), ('Net-(D15-A)', 'Net-(D11-A)'), ('/right/COL4', '/left/COL4'), ('Net-(D68-DOUT)', 'Net-(D63-DOUT)'), ('unconnected-(U2-NFC2-Pad18)', 'unconnected-(U1-NFC2-Pad18)'), ('+3.3V', '+3.3V'), ('/right/EXP_SDA', '/left/EXP_SDA'), ('+5V', '+5V'), ('Net-(D62-DOUT)', 'Net-(D57-DOUT)'), ('Net-(D79-DOUT)', 'Net-(D74-DOUT)'), ('/right/COL2', '/left/COL2'), ('unconnected-(U4-A2-Pad3)', 'unconnected-(U3-A2-Pad3)'), ('unconnected-(U2-RESET-Pad21)', 'unconnected-(U1-RESET-Pad21)'), ('unconnected-(U2-5V-Pad14)', 'unconnected-(U1-5V-Pad14)'), ('Net-(D82-DOUT)', 'Net-(D77-DOUT)'), ('Net-(D61-DOUT)', 'Net-(D56-DOUT)'), ('Net-(D44-DOUT)', 'Net-(D43-DOUT)'), ('unconnected-(U4-A0-Pad1)', 'unconnected-(U3-A0-Pad1)'), ('Net-(PIR2-OUT)', 'Net-(PIR1-OUT)'), ('Net-(D52-DOUT)', 'Net-(D51-DOUT)'), ('unconnected-(U4-~{INT}-Pad13)', 'unconnected-(U3-~{INT}-Pad13)'), ('unconnected-(U2-NFC1-Pad17)', 'unconnected-(U1-NFC1-Pad17)'), ('/right/COL3', '/left/COL3'), ('/right/EXP_SCL', '/left/EXP_SCL'), ('Net-(D13-A)', 'Net-(D9-A)'), ('Net-(D69-DOUT)', 'Net-(D64-DOUT)'), ('Net-(D71-DOUT)', 'Net-(D66-DOUT)'), ('Net-(D14-A)', 'Net-(D10-A)'), ('/right/COL5', '/left/COL5'), ('Net-(D22-A)', 'Net-(D18-A)'), ('unconnected-(D84-DOUT-Pad1)', 'unconnected-(D83-DOUT-Pad1)'), ('unconnected-(U2-PA30_SWCLK-Pad20)', 'unconnected-(U1-PA30_SWCLK-Pad20)')]
12-09 20:56:10 root 345:updating GUI with: 0
12-09 20:56:10 root 340:updating GUI message: 'Replicating zones'
12-09 20:56:10 com_github_MitjaNemec_ReplicateLayout.replicate_layout 1084:Replicating zones
12-09 20:56:10 com_github_MitjaNemec_ReplicateLayout.replicate_layout 1091:Replicating zones on sheet ['/left/']
12-09 20:56:10 com_github_MitjaNemec_ReplicateLayout.replicate_layout 835:Src fp.id: '87B8FC13-22F1-4558-A867-69678B024155'
12-09 20:56:10 com_github_MitjaNemec_ReplicateLayout.replicate_layout 839:Dst fp.id: '87B8FC13-22F1-4558-A867-69678B024155'
12-09 20:56:10 com_github_MitjaNemec_ReplicateLayout.replicate_layout 776:Significant difference between src net: ['', 'right', 'ROW1'] and dst net: ['', 'left', 'ROW1'], with src_net_depth=3, dst_net_depth=3, src_fp_depth=1, dst_fp_depth=1, match level 0.74
12-09 20:56:10 com_github_MitjaNemec_ReplicateLayout.replicate_layout 776:Significant difference between src net: ['', 'right', 'ROW2'] and dst net: ['', 'left', 'ROW2'], with src_net_depth=3, dst_net_depth=3, src_fp_depth=1, dst_fp_depth=1, match level 0.74
12-09 20:56:10 com_github_MitjaNemec_ReplicateLayout.replicate_layout 776:Significant difference between src net: ['', 'right', 'COL3'] and dst net: ['', 'left', 'COL3'], with src_net_depth=3, dst_net_depth=3, src_fp_depth=1, dst_fp_depth=1, match level 0.74
12-09 20:56:10 com_github_MitjaNemec_ReplicateLayout.replicate_layout 776:Significant difference between src net: ['', 'right', 'ROT_A'] and dst net: ['', 'left', 'ROT_A'], with src_net_depth=3, dst_net_depth=3, src_fp_depth=1, dst_fp_depth=1, match level 0.74
12-09 20:56:10 com_github_MitjaNemec_ReplicateLayout.replicate_layout 776:Significant difference between src net: ['', 'right', 'ROT_B'] and dst net: ['', 'left', 'ROT_B'], with src_net_depth=3, dst_net_depth=3, src_fp_depth=1, dst_fp_depth=1, match level 0.74
12-09 20:56:10 com_github_MitjaNemec_ReplicateLayout.replicate_layout 776:Significant difference between src net: ['', 'right', 'ROW2'] and dst net: ['', 'left', 'ROW2'], with src_net_depth=3, dst_net_depth=3, src_fp_depth=1, dst_fp_depth=1, match level 0.74
12-09 20:56:10 com_github_MitjaNemec_ReplicateLayout.replicate_layout 776:Significant difference between src net: ['', 'right', 'ROW1'] and dst net: ['', 'left', 'ROW1'], with src_net_depth=3, dst_net_depth=3, src_fp_depth=1, dst_fp_depth=1, match level 0.74
12-09 20:56:10 com_github_MitjaNemec_ReplicateLayout.replicate_layout 776:Significant difference between src net: ['', 'right', 'ROW4'] and dst net: ['', 'left', 'ROW4'], with src_net_depth=3, dst_net_depth=3, src_fp_depth=1, dst_fp_depth=1, match level 0.74
12-09 20:56:10 com_github_MitjaNemec_ReplicateLayout.replicate_layout 776:Significant difference between src net: ['', 'right', 'ROW3'] and dst net: ['', 'left', 'ROW3'], with src_net_depth=3, dst_net_depth=3, src_fp_depth=1, dst_fp_depth=1, match level 0.74
12-09 20:56:10 com_github_MitjaNemec_ReplicateLayout.replicate_layout 776:Significant difference between src net: ['', 'right', 'ROW1'] and dst net: ['', 'left', 'ROW1'], with src_net_depth=3, dst_net_depth=3, src_fp_depth=1, dst_fp_depth=1, match level 0.74
12-09 20:56:10 com_github_MitjaNemec_ReplicateLayout.replicate_layout 776:Significant difference between src net: ['', 'right', 'VBAT'] and dst net: ['', 'left', 'VBAT'], with src_net_depth=3, dst_net_depth=3, src_fp_depth=1, dst_fp_depth=1, match level 0.74
12-09 20:56:10 com_github_MitjaNemec_ReplicateLayout.replicate_layout 776:Significant difference between src net: ['', 'right', 'COL4'] and dst net: ['', 'left', 'COL4'], with src_net_depth=3, dst_net_depth=3, src_fp_depth=1, dst_fp_depth=1, match level 0.74
12-09 20:56:10 com_github_MitjaNemec_ReplicateLayout.replicate_layout 776:Significant difference between src net: ['', 'right', 'COL4'] and dst net: ['', 'left', 'COL4'], with src_net_depth=3, dst_net_depth=3, src_fp_depth=1, dst_fp_depth=1, match level 0.74
12-09 20:56:10 com_github_MitjaNemec_ReplicateLayout.replicate_layout 776:Significant difference between src net: ['', 'right', 'COL5'] and dst net: ['', 'left', 'COL5'], with src_net_depth=3, dst_net_depth=3, src_fp_depth=1, dst_fp_depth=1, match level 0.74
12-09 20:56:10 com_github_MitjaNemec_ReplicateLayout.replicate_layout 776:Significant difference between src net: ['', 'right', 'ROW3'] and dst net: ['', 'left', 'ROW3'], with src_net_depth=3, dst_net_depth=3, src_fp_depth=1, dst_fp_depth=1, match level 0.74
12-09 20:56:10 com_github_MitjaNemec_ReplicateLayout.replicate_layout 776:Significant difference between src net: ['', 'right', 'ROW2'] and dst net: ['', 'left', 'ROW2'], with src_net_depth=3, dst_net_depth=3, src_fp_depth=1, dst_fp_depth=1, match level 0.74
12-09 20:56:10 com_github_MitjaNemec_ReplicateLayout.replicate_layout 776:Significant difference between src net: ['', 'right', 'COL3'] and dst net: ['', 'left', 'COL3'], with src_net_depth=3, dst_net_depth=3, src_fp_depth=1, dst_fp_depth=1, match level 0.74
12-09 20:56:10 com_github_MitjaNemec_ReplicateLayout.replicate_layout 776:Significant difference between src net: ['', 'right', 'BAT_PIN'] and dst net: ['', 'left', 'BAT_PIN'], with src_net_depth=3, dst_net_depth=3, src_fp_depth=1, dst_fp_depth=1, match level 0.74
12-09 20:56:10 com_github_MitjaNemec_ReplicateLayout.replicate_layout 776:Significant difference between src net: ['', 'right', 'BAT_PIN'] and dst net: ['', 'left', 'BAT_PIN'], with src_net_depth=3, dst_net_depth=3, src_fp_depth=1, dst_fp_depth=1, match level 0.74
12-09 20:56:10 com_github_MitjaNemec_ReplicateLayout.replicate_layout 776:Significant difference between src net: ['', 'right', 'ROW2'] and dst net: ['', 'left', 'ROW2'], with src_net_depth=3, dst_net_depth=3, src_fp_depth=1, dst_fp_depth=1, match level 0.74
12-09 20:56:10 com_github_MitjaNemec_ReplicateLayout.replicate_layout 776:Significant difference between src net: ['', 'right', 'ROW1'] and dst net: ['', 'left', 'ROW1'], with src_net_depth=3, dst_net_depth=3, src_fp_depth=1, dst_fp_depth=1, match level 0.74
12-09 20:56:10 com_github_MitjaNemec_ReplicateLayout.replicate_layout 776:Significant difference between src net: ['', 'right', 'VBAT'] and dst net: ['', 'left', 'VBAT'], with src_net_depth=3, dst_net_depth=3, src_fp_depth=1, dst_fp_depth=1, match level 0.74
12-09 20:56:10 com_github_MitjaNemec_ReplicateLayout.replicate_layout 776:Significant difference between src net: ['', 'right', 'COL1'] and dst net: ['', 'left', 'COL1'], with src_net_depth=3, dst_net_depth=3, src_fp_depth=1, dst_fp_depth=1, match level 0.74
12-09 20:56:10 com_github_MitjaNemec_ReplicateLayout.replicate_layout 776:Significant difference between src net: ['', 'right', 'COL2'] and dst net: ['', 'left', 'COL2'], with src_net_depth=3, dst_net_depth=3, src_fp_depth=1, dst_fp_depth=1, match level 0.74
12-09 20:56:10 com_github_MitjaNemec_ReplicateLayout.replicate_layout 776:Significant difference between src net: ['', 'right', 'COL3'] and dst net: ['', 'left', 'COL3'], with src_net_depth=3, dst_net_depth=3, src_fp_depth=1, dst_fp_depth=1, match level 0.74
12-09 20:56:10 com_github_MitjaNemec_ReplicateLayout.replicate_layout 776:Significant difference between src net: ['', 'right', 'EXP_SDA'] and dst net: ['', 'left', 'EXP_SDA'], with src_net_depth=3, dst_net_depth=3, src_fp_depth=1, dst_fp_depth=1, match level 0.74
12-09 20:56:10 com_github_MitjaNemec_ReplicateLayout.replicate_layout 776:Significant difference between src net: ['', 'right', 'EXP_SCL'] and dst net: ['', 'left', 'EXP_SCL'], with src_net_depth=3, dst_net_depth=3, src_fp_depth=1, dst_fp_depth=1, match level 0.74
12-09 20:56:10 com_github_MitjaNemec_ReplicateLayout.replicate_layout 776:Significant difference between src net: ['', 'right', 'ROW5'] and dst net: ['', 'left', 'ROW5'], with src_net_depth=3, dst_net_depth=3, src_fp_depth=1, dst_fp_depth=1, match level 0.74
12-09 20:56:10 com_github_MitjaNemec_ReplicateLayout.replicate_layout 776:Significant difference between src net: ['', 'right', 'ROW4'] and dst net: ['', 'left', 'ROW4'], with src_net_depth=3, dst_net_depth=3, src_fp_depth=1, dst_fp_depth=1, match level 0.74
12-09 20:56:10 com_github_MitjaNemec_ReplicateLayout.replicate_layout 776:Significant difference between src net: ['', 'right', 'ROW3'] and dst net: ['', 'left', 'ROW3'], with src_net_depth=3, dst_net_depth=3, src_fp_depth=1, dst_fp_depth=1, match level 0.74
12-09 20:56:10 com_github_MitjaNemec_ReplicateLayout.replicate_layout 776:Significant difference between src net: ['', 'right', 'COL1'] and dst net: ['', 'left', 'COL1'], with src_net_depth=3, dst_net_depth=3, src_fp_depth=1, dst_fp_depth=1, match level 0.74
12-09 20:56:10 com_github_MitjaNemec_ReplicateLayout.replicate_layout 776:Significant difference between src net: ['', 'right', 'COL2'] and dst net: ['', 'left', 'COL2'], with src_net_depth=3, dst_net_depth=3, src_fp_depth=1, dst_fp_depth=1, match level 0.74
12-09 20:56:10 com_github_MitjaNemec_ReplicateLayout.replicate_layout 776:Significant difference between src net: ['', 'right', 'ROW1'] and dst net: ['', 'left', 'ROW1'], with src_net_depth=3, dst_net_depth=3, src_fp_depth=1, dst_fp_depth=1, match level 0.74
12-09 20:56:10 com_github_MitjaNemec_ReplicateLayout.replicate_layout 776:Significant difference between src net: ['', 'right', 'BACKLIGHT_LED'] and dst net: ['', 'left', 'BACKLIGHT_LED'], with src_net_depth=3, dst_net_depth=3, src_fp_depth=1, dst_fp_depth=1, match level 0.74
12-09 20:56:10 com_github_MitjaNemec_ReplicateLayout.replicate_layout 776:Significant difference between src net: ['', 'right', 'ROW4'] and dst net: ['', 'left', 'ROW4'], with src_net_depth=3, dst_net_depth=3, src_fp_depth=1, dst_fp_depth=1, match level 0.74
12-09 20:56:10 com_github_MitjaNemec_ReplicateLayout.replicate_layout 776:Significant difference between src net: ['', 'right', 'ROW1'] and dst net: ['', 'left', 'ROW1'], with src_net_depth=3, dst_net_depth=3, src_fp_depth=1, dst_fp_depth=1, match level 0.74
12-09 20:56:10 com_github_MitjaNemec_ReplicateLayout.replicate_layout 776:Significant difference between src net: ['', 'right', 'VBAT'] and dst net: ['', 'left', 'VBAT'], with src_net_depth=3, dst_net_depth=3, src_fp_depth=1, dst_fp_depth=1, match level 0.74
12-09 20:56:10 com_github_MitjaNemec_ReplicateLayout.replicate_layout 776:Significant difference between src net: ['', 'right', 'BAT_PIN'] and dst net: ['', 'left', 'BAT_PIN'], with src_net_depth=3, dst_net_depth=3, src_fp_depth=1, dst_fp_depth=1, match level 0.74
12-09 20:56:10 com_github_MitjaNemec_ReplicateLayout.replicate_layout 776:Significant difference between src net: ['', 'right', 'COL2'] and dst net: ['', 'left', 'COL2'], with src_net_depth=3, dst_net_depth=3, src_fp_depth=1, dst_fp_depth=1, match level 0.74
12-09 20:56:10 com_github_MitjaNemec_ReplicateLayout.replicate_layout 776:Significant difference between src net: ['', 'right', 'ROW4'] and dst net: ['', 'left', 'ROW4'], with src_net_depth=3, dst_net_depth=3, src_fp_depth=1, dst_fp_depth=1, match level 0.74
12-09 20:56:10 com_github_MitjaNemec_ReplicateLayout.replicate_layout 776:Significant difference between src net: ['', 'right', 'ROW4'] and dst net: ['', 'left', 'ROW4'], with src_net_depth=3, dst_net_depth=3, src_fp_depth=1, dst_fp_depth=1, match level 0.74
12-09 20:56:10 com_github_MitjaNemec_ReplicateLayout.replicate_layout 776:Significant difference between src net: ['', 'right', 'COL1'] and dst net: ['', 'left', 'COL1'], with src_net_depth=3, dst_net_depth=3, src_fp_depth=1, dst_fp_depth=1, match level 0.74
12-09 20:56:10 com_github_MitjaNemec_ReplicateLayout.replicate_layout 776:Significant difference between src net: ['', 'right', 'COL5'] and dst net: ['', 'left', 'COL5'], with src_net_depth=3, dst_net_depth=3, src_fp_depth=1, dst_fp_depth=1, match level 0.74
12-09 20:56:10 com_github_MitjaNemec_ReplicateLayout.replicate_layout 776:Significant difference between src net: ['', 'right', 'ROW3'] and dst net: ['', 'left', 'ROW3'], with src_net_depth=3, dst_net_depth=3, src_fp_depth=1, dst_fp_depth=1, match level 0.74
12-09 20:56:10 com_github_MitjaNemec_ReplicateLayout.replicate_layout 776:Significant difference between src net: ['', 'right', 'COL4'] and dst net: ['', 'left', 'COL4'], with src_net_depth=3, dst_net_depth=3, src_fp_depth=1, dst_fp_depth=1, match level 0.74
12-09 20:56:10 com_github_MitjaNemec_ReplicateLayout.replicate_layout 776:Significant difference between src net: ['', 'right', 'COL4'] and dst net: ['', 'left', 'COL4'], with src_net_depth=3, dst_net_depth=3, src_fp_depth=1, dst_fp_depth=1, match level 0.74
12-09 20:56:10 com_github_MitjaNemec_ReplicateLayout.replicate_layout 776:Significant difference between src net: ['', 'right', 'ROW1'] and dst net: ['', 'left', 'ROW1'], with src_net_depth=3, dst_net_depth=3, src_fp_depth=1, dst_fp_depth=1, match level 0.74
12-09 20:56:10 com_github_MitjaNemec_ReplicateLayout.replicate_layout 776:Significant difference between src net: ['', 'right', 'COL3'] and dst net: ['', 'left', 'COL3'], with src_net_depth=3, dst_net_depth=3, src_fp_depth=1, dst_fp_depth=1, match level 0.74
12-09 20:56:10 com_github_MitjaNemec_ReplicateLayout.replicate_layout 776:Significant difference between src net: ['', 'right', 'ROW2'] and dst net: ['', 'left', 'ROW2'], with src_net_depth=3, dst_net_depth=3, src_fp_depth=1, dst_fp_depth=1, match level 0.74
12-09 20:56:10 com_github_MitjaNemec_ReplicateLayout.replicate_layout 776:Significant difference between src net: ['', 'right', 'ROW4'] and dst net: ['', 'left', 'ROW4'], with src_net_depth=3, dst_net_depth=3, src_fp_depth=1, dst_fp_depth=1, match level 0.74
12-09 20:56:10 com_github_MitjaNemec_ReplicateLayout.replicate_layout 776:Significant difference between src net: ['', 'right', 'ROW3'] and dst net: ['', 'left', 'ROW3'], with src_net_depth=3, dst_net_depth=3, src_fp_depth=1, dst_fp_depth=1, match level 0.74
12-09 20:56:10 com_github_MitjaNemec_ReplicateLayout.replicate_layout 776:Significant difference between src net: ['', 'right', 'COL5'] and dst net: ['', 'left', 'COL5'], with src_net_depth=3, dst_net_depth=3, src_fp_depth=1, dst_fp_depth=1, match level 0.74
12-09 20:56:10 com_github_MitjaNemec_ReplicateLayout.replicate_layout 776:Significant difference between src net: ['', 'right', 'COL1'] and dst net: ['', 'left', 'COL1'], with src_net_depth=3, dst_net_depth=3, src_fp_depth=1, dst_fp_depth=1, match level 0.74
12-09 20:56:10 com_github_MitjaNemec_ReplicateLayout.replicate_layout 776:Significant difference between src net: ['', 'right', 'COL2'] and dst net: ['', 'left', 'COL2'], with src_net_depth=3, dst_net_depth=3, src_fp_depth=1, dst_fp_depth=1, match level 0.74
12-09 20:56:10 com_github_MitjaNemec_ReplicateLayout.replicate_layout 776:Significant difference between src net: ['', 'right', 'ROW2'] and dst net: ['', 'left', 'ROW2'], with src_net_depth=3, dst_net_depth=3, src_fp_depth=1, dst_fp_depth=1, match level 0.74
12-09 20:56:10 com_github_MitjaNemec_ReplicateLayout.replicate_layout 776:Significant difference between src net: ['', 'right', 'COL5'] and dst net: ['', 'left', 'COL5'], with src_net_depth=3, dst_net_depth=3, src_fp_depth=1, dst_fp_depth=1, match level 0.74
12-09 20:56:10 com_github_MitjaNemec_ReplicateLayout.replicate_layout 776:Significant difference between src net: ['', 'right', 'ROW1'] and dst net: ['', 'left', 'ROW1'], with src_net_depth=3, dst_net_depth=3, src_fp_depth=1, dst_fp_depth=1, match level 0.74
12-09 20:56:10 com_github_MitjaNemec_ReplicateLayout.replicate_layout 776:Significant difference between src net: ['', 'right', 'COL3'] and dst net: ['', 'left', 'COL3'], with src_net_depth=3, dst_net_depth=3, src_fp_depth=1, dst_fp_depth=1, match level 0.74
12-09 20:56:10 com_github_MitjaNemec_ReplicateLayout.replicate_layout 776:Significant difference between src net: ['', 'right', 'COL1'] and dst net: ['', 'left', 'COL1'], with src_net_depth=3, dst_net_depth=3, src_fp_depth=1, dst_fp_depth=1, match level 0.74
12-09 20:56:10 com_github_MitjaNemec_ReplicateLayout.replicate_layout 776:Significant difference between src net: ['', 'right', 'COL2'] and dst net: ['', 'left', 'COL2'], with src_net_depth=3, dst_net_depth=3, src_fp_depth=1, dst_fp_depth=1, match level 0.74
12-09 20:56:10 com_github_MitjaNemec_ReplicateLayout.replicate_layout 776:Significant difference between src net: ['', 'right', 'ROT_B'] and dst net: ['', 'left', 'ROT_B'], with src_net_depth=3, dst_net_depth=3, src_fp_depth=1, dst_fp_depth=1, match level 0.74
12-09 20:56:10 com_github_MitjaNemec_ReplicateLayout.replicate_layout 776:Significant difference between src net: ['', 'right', 'EXP_SCL'] and dst net: ['', 'left', 'EXP_SCL'], with src_net_depth=3, dst_net_depth=3, src_fp_depth=1, dst_fp_depth=1, match level 0.74
12-09 20:56:10 com_github_MitjaNemec_ReplicateLayout.replicate_layout 776:Significant difference between src net: ['', 'right', 'EXP_SDA'] and dst net: ['', 'left', 'EXP_SDA'], with src_net_depth=3, dst_net_depth=3, src_fp_depth=1, dst_fp_depth=1, match level 0.74
12-09 20:56:10 com_github_MitjaNemec_ReplicateLayout.replicate_layout 776:Significant difference between src net: ['', 'right', 'COL4'] and dst net: ['', 'left', 'COL4'], with src_net_depth=3, dst_net_depth=3, src_fp_depth=1, dst_fp_depth=1, match level 0.74
12-09 20:56:10 com_github_MitjaNemec_ReplicateLayout.replicate_layout 776:Significant difference between src net: ['', 'right', 'COL5'] and dst net: ['', 'left', 'COL5'], with src_net_depth=3, dst_net_depth=3, src_fp_depth=1, dst_fp_depth=1, match level 0.74
12-09 20:56:10 com_github_MitjaNemec_ReplicateLayout.replicate_layout 776:Significant difference between src net: ['', 'right', 'BACKLIGHT_LED'] and dst net: ['', 'left', 'BACKLIGHT_LED'], with src_net_depth=3, dst_net_depth=3, src_fp_depth=1, dst_fp_depth=1, match level 0.74
12-09 20:56:10 com_github_MitjaNemec_ReplicateLayout.replicate_layout 776:Significant difference between src net: ['', 'right', 'ROT_A'] and dst net: ['', 'left', 'ROT_A'], with src_net_depth=3, dst_net_depth=3, src_fp_depth=1, dst_fp_depth=1, match level 0.74
12-09 20:56:10 com_github_MitjaNemec_ReplicateLayout.replicate_layout 776:Significant difference between src net: ['', 'right', 'ROW5'] and dst net: ['', 'left', 'ROW5'], with src_net_depth=3, dst_net_depth=3, src_fp_depth=1, dst_fp_depth=1, match level 0.74
12-09 20:56:10 com_github_MitjaNemec_ReplicateLayout.replicate_layout 776:Significant difference between src net: ['', 'right', 'COL5'] and dst net: ['', 'left', 'COL5'], with src_net_depth=3, dst_net_depth=3, src_fp_depth=1, dst_fp_depth=1, match level 0.74
12-09 20:56:10 com_github_MitjaNemec_ReplicateLayout.replicate_layout 776:Significant difference between src net: ['', 'right', 'ROW3'] and dst net: ['', 'left', 'ROW3'], with src_net_depth=3, dst_net_depth=3, src_fp_depth=1, dst_fp_depth=1, match level 0.74
12-09 20:56:10 com_github_MitjaNemec_ReplicateLayout.replicate_layout 792:Net pairs for sheet ['/left/'] :[('Net-(D81-DOUT)', 'Net-(D76-DOUT)'), ('Net-(D70-DOUT)', 'Net-(D65-DOUT)'), ('Net-(D23-A)', 'Net-(D19-A)'), ('Net-(D44-DIN)', 'Net-(D43-DIN)'), ('/right/COL1', '/left/COL1'), ('/right/ROW4', '/left/ROW4'), ('Net-(D72-DOUT)', 'Net-(D67-DOUT)'), ('Net-(D39-A)', 'Net-(D35-A)'), ('Net-(D2-A)', 'Net-(D1-A)'), ('Net-(D59-DOUT)', 'Net-(D54-DOUT)'), ('Net-(D80-DOUT)', 'Net-(D75-DOUT)'), ('/right/ROT_A', '/left/ROT_A'), ('Net-(D6-A)', 'Net-(D5-A)'), ('', ''), ('Net-(D4-A)', 'Net-(D3-A)'), ('Net-(D24-A)', 'Net-(D20-A)'), ('Net-(D32-A)', 'Net-(D28-A)'), ('/right/ROW5', '/left/ROW5'), ('Net-(D60-DOUT)', 'Net-(D55-DOUT)'), ('Net-(D58-DOUT)', 'Net-(D53-DOUT)'), ('GND', 'GND'), ('/right/ROW3', '/left/ROW3'), ('/right/BACKLIGHT_LED', '/left/BACKLIGHT_LED'), ('Net-(D16-A)', 'Net-(D12-A)'), ('Net-(D29-A)', 'Net-(D25-A)'), ('Net-(D8-A)', 'Net-(D7-A)'), ('unconnected-(U2-3V3-Pad12)', 'unconnected-(U1-3V3-Pad12)'), ('Net-(D31-A)', 'Net-(D27-A)'), ('Net-(OLED2-SDA)', 'Net-(OLED1-SDA)'), ('/right/ROW1', '/left/ROW1'), ('Net-(D40-A)', 'Net-(D36-A)'), ('/right/ROT_B', '/left/ROT_B'), ('Net-(D78-DOUT)', 'Net-(D73-DOUT)'), ('Net-(D42-A)', 'Net-(D41-A)'), ('Net-(D37-A)', 'Net-(D33-A)'), ('/right/VBAT', '/left/VBAT'), ('Net-(D46-DOUT)', 'Net-(D45-DOUT)'), ('Net-(D50-DOUT)', 'Net-(D48-DOUT)'), ('unconnected-(U2-GND-Pad22)', 'unconnected-(U1-GND-Pad22)'), ('unconnected-(U2-PA31_SWDIO-Pad19)', 'unconnected-(U1-PA31_SWDIO-Pad19)'), ('unconnected-(U4-A1-Pad2)', 'unconnected-(U3-A1-Pad2)'), ('Net-(D30-A)', 'Net-(D26-A)'), ('Net-(D21-A)', 'Net-(D17-A)'), ('/right/BAT_PIN', '/left/BAT_PIN'), ('/right/ROW2', '/left/ROW2'), ('Net-(OLED2-SCL)', 'Net-(OLED1-SCL)'), ('Net-(D49-DOUT)', 'Net-(D47-DOUT)'), ('Net-(D15-A)', 'Net-(D11-A)'), ('/right/COL4', '/left/COL4'), ('Net-(D68-DOUT)', 'Net-(D63-DOUT)'), ('unconnected-(U2-NFC2-Pad18)', 'unconnected-(U1-NFC2-Pad18)'), ('+3.3V', '+3.3V'), ('/right/EXP_SDA', '/left/EXP_SDA'), ('+5V', '+5V'), ('Net-(D62-DOUT)', 'Net-(D57-DOUT)'), ('Net-(D79-DOUT)', 'Net-(D74-DOUT)'), ('/right/COL2', '/left/COL2'), ('unconnected-(U4-A2-Pad3)', 'unconnected-(U3-A2-Pad3)'), ('unconnected-(U2-RESET-Pad21)', 'unconnected-(U1-RESET-Pad21)'), ('unconnected-(U2-5V-Pad14)', 'unconnected-(U1-5V-Pad14)'), ('Net-(D82-DOUT)', 'Net-(D77-DOUT)'), ('Net-(D61-DOUT)', 'Net-(D56-DOUT)'), ('Net-(D44-DOUT)', 'Net-(D43-DOUT)'), ('unconnected-(U4-A0-Pad1)', 'unconnected-(U3-A0-Pad1)'), ('Net-(PIR2-OUT)', 'Net-(PIR1-OUT)'), ('Net-(D52-DOUT)', 'Net-(D51-DOUT)'), ('unconnected-(U4-~{INT}-Pad13)', 'unconnected-(U3-~{INT}-Pad13)'), ('unconnected-(U2-NFC1-Pad17)', 'unconnected-(U1-NFC1-Pad17)'), ('/right/COL3', '/left/COL3'), ('/right/EXP_SCL', '/left/EXP_SCL'), ('Net-(D13-A)', 'Net-(D9-A)'), ('Net-(D69-DOUT)', 'Net-(D64-DOUT)'), ('Net-(D71-DOUT)', 'Net-(D66-DOUT)'), ('Net-(D14-A)', 'Net-(D10-A)'), ('/right/COL5', '/left/COL5'), ('Net-(D22-A)', 'Net-(D18-A)'), ('unconnected-(D84-DOUT-Pad1)', 'unconnected-(D83-DOUT-Pad1)'), ('unconnected-(U2-PA30_SWCLK-Pad20)', 'unconnected-(U1-PA30_SWCLK-Pad20)')]
12-09 20:56:10 root 340:updating GUI message: 'Replicating text'
12-09 20:56:10 root 345:updating GUI with: 0
12-09 20:56:10 com_github_MitjaNemec_ReplicateLayout.replicate_layout 1173:Replicating text
12-09 20:56:10 com_github_MitjaNemec_ReplicateLayout.replicate_layout 1180:Replicating text on sheet ['/left/']
12-09 20:56:10 com_github_MitjaNemec_ReplicateLayout.replicate_layout 835:Src fp.id: '87B8FC13-22F1-4558-A867-69678B024155'
12-09 20:56:10 com_github_MitjaNemec_ReplicateLayout.replicate_layout 839:Dst fp.id: '87B8FC13-22F1-4558-A867-69678B024155'
12-09 20:56:10 root 340:updating GUI message: 'Replicating drawings'
12-09 20:56:10 com_github_MitjaNemec_ReplicateLayout.replicate_layout 1224:Replicating drawings
12-09 20:56:10 com_github_MitjaNemec_ReplicateLayout.replicate_layout 1230:Replicating drawings on sheet ['/left/']
12-09 20:56:10 com_github_MitjaNemec_ReplicateLayout.replicate_layout 835:Src fp.id: '87B8FC13-22F1-4558-A867-69678B024155'
12-09 20:56:10 com_github_MitjaNemec_ReplicateLayout.replicate_layout 839:Dst fp.id: '87B8FC13-22F1-4558-A867-69678B024155'
12-09 20:56:10 root 340:updating GUI message: 'Removing duplicates'
12-09 20:56:10 com_github_MitjaNemec_ReplicateLayout.action_replicate_layout 264:Replication complete
12-09 20:56:10 com_github_MitjaNemec_ReplicateLayout.action_replicate_layout 267:Letting the user know there are some issues with replicated design
12-09 20:56:10 com_github_MitjaNemec_ReplicateLayout.action_replicate_layout 271:Looks like the design has an exotic connectivity that the plugin might not handle properly
 Make sure that you check the connectivity around:
Footprint D34, pad 2
Footprint SW34, pad 1
Footprint U1, pad 6
Footprint SW12, pad 1
Footprint SW27, pad 1
Footprint U1, pad 2
Footprint R3, pad 1
Footprint D20, pad 1
Footprint SW9, pad 1
Footprint SW5, pad 1
Footprint U1, pad 7
Footprint TP1, pad 1
Footprint D18, pad 1
Footprint R5, pad 2
Footprint D5, pad 1
Footprint SW10, pad 1
Footprint D12, pad 1
Footprint SW17, pad 1
Footprint U1, pad 1
Footprint D34, pad 1
Footprint U3, pad 9
Footprint D11, pad 1
Footprint SW26, pad 1
Footprint SW20, pad 1
Footprint SW11, pad 1
Footprint SW36, pad 1
Footprint D41, pad 1
Footprint D36, pad 1
Footprint SW28, pad 1
Footprint D26, pad 1
Footprint D3, pad 1
Footprint U1, pad 9
Footprint SW3, pad 1
Footprint D17, pad 1
Footprint U3, pad 10
Footprint D33, pad 1
Footprint SW18, pad 1
Footprint SW33, pad 1
Footprint D7, pad 1
Footprint U1, pad 8
Footprint D10, pad 1
Footprint SW35, pad 1
Footprint D35, pad 1
Footprint D25, pad 1
Footprint U1, pad 10
Footprint R1, pad 1
Footprint SW1, pad 1
Footprint SW19, pad 1
Footprint D9, pad 1
Footprint D27, pad 1
Footprint SW34, pad 2
Footprint D1, pad 1
Footprint U1, pad 11
Footprint U3, pad 15
Footprint SW25, pad 1
Footprint SW43, pad B
Footprint U1, pad 3
Footprint D28, pad 1
Footprint U3, pad 4
Footprint U3, pad 5
Footprint SW41, pad 1
Footprint U3, pad 6
Footprint R3, pad 2
Footprint U1, pad 15
Footprint U1, pad 4
Footprint SW7, pad 1
Footprint U3, pad 14
Footprint SW43, pad A
Footprint U1, pad 5
Footprint D19, pad 1

