  0
SECTION
  2
HEADER
  9
$ANGBASE
  50
0.0
  9
$ANGDIR
  70
1
  9
$MEASUREMENT
  70
0
  9
$INSUNITS
  70
1
  0
ENDSEC
  0
SECTION
  2
TABLES
  0
TABLE
  2
LTYPE
  70
4
  0
LTYPE
  5
40F
  2
CONTINUOUS
  70
0
  3
Solid line
  72
65
  73
0
  40
0.0
  0
LTYPE
  5
410
  2
DASHDOT
 70
0
  3
Dash Dot ____ _ ____ _
 72
65
 73
4
 40
2.0
 49
1.25
 49
-0.25
 49
0.25
 49
-0.25
  0
LTYPE
  5
411
  2
DASHED
 70
0
  3
Dashed __ __ __ __ __
 72
65
 73
2
 40
0.75
 49
0.5
 49
-0.25
  0
LTYPE
  5
43B
  2
DOTTED
 70
0
  3
Dotted .  .  .  .
 72
65
 73
2
 40
0.2
 49
0.0
 49
-0.2
  0
ENDTAB
  0
TABLE
  2
STYLE
  70
4
  0
STYLE
  2
KICAD
  70
0
  40
0
  41
1
  42
1
  50
0
  71
0
  3
isocp.shx
  0
STYLE
  2
KICADB
  70
0
  40
0
  41
1
  42
1
  50
0
  71
0
  3
isocp.shx
  0
STYLE
  2
KICADI
  70
0
  40
0
  41
1
  42
1
  50
15
  71
0
  3
isocp.shx
  0
STYLE
  2
KICADBI
  70
0
  40
0
  41
1
  42
1
  50
15
  71
0
  3
isocp.shx
  0
ENDTAB
  0
TABLE
  2
LAYER
  70
1
  0
LAYER
  2
Edge.Cuts
  70
0
  62
254
  420
13685453
  6
CONTINUOUS
  0
ENDTAB
  0
ENDSEC
  0
SECTION
  2
ENTITIES
0
LINE
8
Edge.Cuts
6
CONTINUOUS
10
5.0047107086614169
20
-4.9137201968503934
11
5.0099074803149604
21
-4.9155303543307083
0
LINE
8
Edge.Cuts
6
CONTINUOUS
10
5.0099074803149604
20
-4.9155303543307083
11
5.0144800787401573
21
-4.918592086614173
0
LINE
8
Edge.Cuts
6
CONTINUOUS
10
5.0144800787401573
20
-4.918592086614173
11
5.018132913385827
21
-4.9227071653543302
0
LINE
8
Edge.Cuts
6
CONTINUOUS
10
5.018132913385827
20
-4.9227071653543302
11
5.0181331102362208
21
-4.9227073228346452
0
LINE
8
Edge.Cuts
6
CONTINUOUS
10
5.0181331102362208
20
-4.9227073228346452
11
5.0188810629921257
21
-4.9238038582677168
0
LINE
8
Edge.Cuts
6
CONTINUOUS
10
5.0188810629921257
20
-4.9238038582677168
11
5.020686968503937
21
-4.9257496062992123
0
LINE
8
Edge.Cuts
6
CONTINUOUS
10
5.020686968503937
20
-4.9257496062992123
11
5.0227624409448817
21
-4.9274048031496065
0
LINE
8
Edge.Cuts
6
CONTINUOUS
10
5.0227624409448817
20
-4.9274048031496065
11
5.0239113779527562
21
-4.9280682677165357
0
LINE
8
Edge.Cuts
6
CONTINUOUS
10
5.0239113779527562
20
-4.9280682677165357
11
5.0239116535433066
21
-4.928068385826772
0
LINE
8
Edge.Cuts
6
CONTINUOUS
10
5.0239116535433066
20
-4.928068385826772
11
5.0718391338582673
21
-4.9557393307086617
0
LINE
8
Edge.Cuts
6
CONTINUOUS
10
5.0718391338582673
20
-4.9557393307086617
11
5.0718391732283461
21
-4.9557393700787404
0
LINE
8
Edge.Cuts
6
CONTINUOUS
10
5.0718391732283461
20
-4.9557393700787404
11
5.0729885826771657
21
-4.9564030314960625
0
LINE
8
Edge.Cuts
6
CONTINUOUS
10
5.0729885826771657
20
-4.9564030314960625
11
5.0754594881889759
21
-4.9573729527559056
0
LINE
8
Edge.Cuts
6
CONTINUOUS
10
5.0754594881889759
20
-4.9573729527559056
11
5.0780473622047246
21
-4.9579638582677168
0
LINE
8
Edge.Cuts
6
CONTINUOUS
10
5.0780473622047246
20
-4.9579638582677168
11
5.0793709055118113
21
-4.958063149606299
0
LINE
8
Edge.Cuts
6
CONTINUOUS
10
5.0793709055118113
20
-4.958063149606299
11
5.0793709842519688
21
-4.958063149606299
0
LINE
8
Edge.Cuts
6
CONTINUOUS
10
5.0793709842519688
20
-4.958063149606299
11
5.0847616929133856
21
-4.9591691338582677
0
LINE
8
Edge.Cuts
6
CONTINUOUS
10
5.0847616929133856
20
-4.9591691338582677
11
5.0896995275590546
21
-4.9615982677165356
0
LINE
8
Edge.Cuts
6
CONTINUOUS
10
5.0896995275590546
20
-4.9615982677165356
11
5.0938655905511814
21
-4.9651937007874016
0
LINE
8
Edge.Cuts
6
CONTINUOUS
10
5.0938655905511814
20
-4.9651937007874016
11
5.0969907480314962
21
-4.9697231889763778
0
LINE
8
Edge.Cuts
6
CONTINUOUS
10
5.0969907480314962
20
-4.9697231889763778
11
5.0988732283464566
21
-4.974894212598425
0
LINE
8
Edge.Cuts
6
CONTINUOUS
10
5.0988732283464566
20
-4.974894212598425
11
5.0993914173228347
21
-4.9803727559055115
0
LINE
8
Edge.Cuts
6
CONTINUOUS
10
5.0993914173228347
20
-4.9803727559055115
11
5.0985118503937006
21
-4.985805
0
LINE
8
Edge.Cuts
6
CONTINUOUS
10
5.0985118503937006
20
-4.985805
11
5.0962912992125986
21
-4.9908401181102358
0
LINE
8
Edge.Cuts
6
CONTINUOUS
10
5.0962912992125986
20
-4.9908401181102358
11
5.0928732283464564
21
-4.9951528740157478
0
LINE
8
Edge.Cuts
6
CONTINUOUS
10
5.0928732283464564
20
-4.9951528740157478
11
5.088478503937008
21
-4.9984646062992129
0
LINE
8
Edge.Cuts
6
CONTINUOUS
10
5.088478503937008
20
-4.9984646062992129
11
5.0884784251968505
21
-4.9984647244094491
0
LINE
8
Edge.Cuts
6
CONTINUOUS
10
5.0884784251968505
20
-4.9984647244094491
11
5.0871193307086617
21
-4.9992415354330708
0
LINE
8
Edge.Cuts
6
CONTINUOUS
10
5.0871193307086617
20
-4.9992415354330708
11
5.0847139763779525
21
-5.00124562992126
0
LINE
8
Edge.Cuts
6
CONTINUOUS
10
5.0847139763779525
20
-5.00124562992126
11
5.0826973228346457
21
-5.0036404724409449
0
LINE
8
Edge.Cuts
6
CONTINUOUS
10
5.0826973228346457
20
-5.0036404724409449
11
5.0819134251968503
21
-5.0049954724409451
0
LINE
8
Edge.Cuts
6
CONTINUOUS
10
5.0819134251968503
20
-5.0049954724409451
11
5.081913307086614
21
-5.0049955118110239
0
LINE
8
Edge.Cuts
6
CONTINUOUS
10
5.081913307086614
20
-5.0049955118110239
11
5.0506357480314961
21
-5.0591699606299212
0
LINE
8
Edge.Cuts
6
CONTINUOUS
10
5.0506357480314961
20
-5.0591699606299212
11
5.0498542125984249
21
-5.0605263385826769
0
LINE
8
Edge.Cuts
6
CONTINUOUS
10
5.0498542125984249
20
-5.0605263385826769
11
5.0487885039370077
21
-5.0634702362204722
0
LINE
8
Edge.Cuts
6
CONTINUOUS
10
5.0487885039370077
20
-5.0634702362204722
11
5.0482555905511806
21
-5.0665553543307089
0
LINE
8
Edge.Cuts
6
CONTINUOUS
10
5.0482555905511806
20
-5.0665553543307089
11
5.048262401574803
21
-5.0681207874015746
0
LINE
8
Edge.Cuts
6
CONTINUOUS
10
5.048262401574803
20
-5.0681207874015746
11
5.0475916929133859
21
-5.0735827559055116
0
LINE
8
Edge.Cuts
6
CONTINUOUS
10
5.0475916929133859
20
-5.0735827559055116
11
5.0455657874015749
21
-5.0786992519685041
0
LINE
8
Edge.Cuts
6
CONTINUOUS
10
5.0455657874015749
20
-5.0786992519685041
11
5.0423155118110232
21
-5.0831398425196852
0
LINE
8
Edge.Cuts
6
CONTINUOUS
10
5.0423155118110232
20
-5.0831398425196852
11
5.0380508267716531
21
-5.0866177165354332
0
LINE
8
Edge.Cuts
6
CONTINUOUS
10
5.0380508267716531
20
-5.0866177165354332
11
5.0330471653543309
21
-5.0889082283464564
0
LINE
8
Edge.Cuts
6
CONTINUOUS
10
5.0330471653543309
20
-5.0889082283464564
11
5.0276277165354326
21
-5.0898634645669292
0
LINE
8
Edge.Cuts
6
CONTINUOUS
10
5.0276277165354326
20
-5.0898634645669292
11
5.0221424803149608
21
-5.0894217322834647
0
LINE
8
Edge.Cuts
6
CONTINUOUS
10
5.0221424803149608
20
-5.0894217322834647
11
5.0169457480314961
21
-5.0876115354330711
0
LINE
8
Edge.Cuts
6
CONTINUOUS
10
5.0169457480314961
20
-5.0876115354330711
11
5.0123731102362203
21
-5.0845498031496064
0
LINE
8
Edge.Cuts
6
CONTINUOUS
10
5.0123731102362203
20
-5.0845498031496064
11
5.0087199606299215
21
-5.0804342913385829
0
LINE
8
Edge.Cuts
6
CONTINUOUS
10
5.0087199606299215
20
-5.0804342913385829
11
5.0079721653543308
21
-5.0793377165354325
0
LINE
8
Edge.Cuts
6
CONTINUOUS
10
5.0079721653543308
20
-5.0793377165354325
11
5.0061664960629919
21
-5.0773920078740158
0
LINE
8
Edge.Cuts
6
CONTINUOUS
10
5.0061664960629919
20
-5.0773920078740158
11
5.0040910236220473
21
-5.0757370472440941
0
LINE
8
Edge.Cuts
6
CONTINUOUS
10
5.0040910236220473
20
-5.0757370472440941
11
5.0029416141732286
21
-5.0750734645669286
0
LINE
8
Edge.Cuts
6
CONTINUOUS
10
5.0029416141732286
20
-5.0750734645669286
11
5.0029415354330711
21
-5.0750734645669286
0
LINE
8
Edge.Cuts
6
CONTINUOUS
10
5.0029415354330711
20
-5.0750734645669286
11
4.9550140551181103
21
-5.0474025196850389
0
LINE
8
Edge.Cuts
6
CONTINUOUS
10
4.9550140551181103
20
-5.0474025196850389
11
4.9550140157480316
21
-5.0474025196850389
0
LINE
8
Edge.Cuts
6
CONTINUOUS
10
4.9550140157480316
20
-5.0474025196850389
11
4.9538646456692916
21
-5.0467388582677168
0
LINE
8
Edge.Cuts
6
CONTINUOUS
10
4.9538646456692916
20
-5.0467388582677168
11
4.9513937007874018
21
-5.0457689370078738
0
LINE
8
Edge.Cuts
6
CONTINUOUS
10
4.9513937007874018
20
-5.0457689370078738
11
4.948805826771653
21
-5.0451779921259838
0
LINE
8
Edge.Cuts
6
CONTINUOUS
10
4.948805826771653
20
-5.0451779921259838
11
4.9474824015748027
21
-5.0450787007874016
0
LINE
8
Edge.Cuts
6
CONTINUOUS
10
4.9474824015748027
20
-5.0450787007874016
11
4.9474823228346452
21
-5.0450787401574804
0
LINE
8
Edge.Cuts
6
CONTINUOUS
10
4.9474823228346452
20
-5.0450787401574804
11
4.9420915748031495
21
-5.0439727952755904
0
LINE
8
Edge.Cuts
6
CONTINUOUS
10
4.9420915748031495
20
-5.0439727952755904
11
4.9371537007874018
21
-5.0415436614173226
0
LINE
8
Edge.Cuts
6
CONTINUOUS
10
4.9371537007874018
20
-5.0415436614173226
11
4.9329875984251963
21
-5.0379482283464565
0
LINE
8
Edge.Cuts
6
CONTINUOUS
10
4.9329875984251963
20
-5.0379482283464565
11
4.9298624015748027
21
-5.0334187401574804
0
LINE
8
Edge.Cuts
6
CONTINUOUS
10
4.9298624015748027
20
-5.0334187401574804
11
4.9279799212598423
21
-5.0282477165354331
0
LINE
8
Edge.Cuts
6
CONTINUOUS
10
4.9279799212598423
20
-5.0282477165354331
11
4.9274617322834642
21
-5.0227691338582678
0
LINE
8
Edge.Cuts
6
CONTINUOUS
10
4.9274617322834642
20
-5.0227691338582678
11
4.9283413385826771
21
-5.0173368503937006
0
LINE
8
Edge.Cuts
6
CONTINUOUS
10
4.9283413385826771
20
-5.0173368503937006
11
4.9305618897637791
21
-5.0123017322834649
0
LINE
8
Edge.Cuts
6
CONTINUOUS
10
4.9305618897637791
20
-5.0123017322834649
11
4.9339799606299213
21
-5.0079889763779528
0
LINE
8
Edge.Cuts
6
CONTINUOUS
10
4.9339799606299213
20
-5.0079889763779528
11
4.9383747244094485
21
-5.004677204724409
0
LINE
8
Edge.Cuts
6
CONTINUOUS
10
4.9383747244094485
20
-5.004677204724409
11
4.9383748425196847
21
-5.0046770866141728
0
LINE
8
Edge.Cuts
6
CONTINUOUS
10
4.9383748425196847
20
-5.0046770866141728
11
4.9397339370078743
21
-5.0039003149606298
0
LINE
8
Edge.Cuts
6
CONTINUOUS
10
4.9397339370078743
20
-5.0039003149606298
11
4.9421392913385827
21
-5.0018962204724406
0
LINE
8
Edge.Cuts
6
CONTINUOUS
10
4.9421392913385827
20
-5.0018962204724406
11
4.9441559055118107
21
-4.9995013779527557
0
LINE
8
Edge.Cuts
6
CONTINUOUS
10
4.9441559055118107
20
-4.9995013779527557
11
4.9449397637795274
21
-4.9981463779527555
0
LINE
8
Edge.Cuts
6
CONTINUOUS
10
4.9449397637795274
20
-4.9981463779527555
11
4.9449397637795274
21
-4.9981463385826768
0
LINE
8
Edge.Cuts
6
CONTINUOUS
10
4.9449397637795274
20
-4.9981463385826768
11
4.9762174409448816
21
-4.9439718897637794
0
LINE
8
Edge.Cuts
6
CONTINUOUS
10
4.9762174409448816
20
-4.9439718897637794
11
4.9769988976377952
21
-4.9426155511811025
0
LINE
8
Edge.Cuts
6
CONTINUOUS
10
4.9769988976377952
20
-4.9426155511811025
11
4.9780645669291337
21
-4.9396716141732284
0
LINE
8
Edge.Cuts
6
CONTINUOUS
10
4.9780645669291337
20
-4.9396716141732284
11
4.9785975196850396
21
-4.936586456692913
0
LINE
8
Edge.Cuts
6
CONTINUOUS
10
4.9785975196850396
20
-4.936586456692913
11
4.9785907480314959
21
-4.9350210629921261
0
LINE
8
Edge.Cuts
6
CONTINUOUS
10
4.9785907480314959
20
-4.9350210629921261
11
4.9785908661417322
21
-4.9350206299212598
0
LINE
8
Edge.Cuts
6
CONTINUOUS
10
4.9785908661417322
20
-4.9350206299212598
11
4.9792615748031492
21
-4.9295591338582678
0
LINE
8
Edge.Cuts
6
CONTINUOUS
10
4.9792615748031492
20
-4.9295591338582678
11
4.9812874803149603
21
-4.9244426377952752
0
LINE
8
Edge.Cuts
6
CONTINUOUS
10
4.9812874803149603
20
-4.9244426377952752
11
4.984537755905512
21
-4.9200020866141729
0
LINE
8
Edge.Cuts
6
CONTINUOUS
10
4.984537755905512
20
-4.9200020866141729
11
4.9888024015748034
21
-4.916524212598425
0
LINE
8
Edge.Cuts
6
CONTINUOUS
10
4.9888024015748034
20
-4.916524212598425
11
4.9938060629921255
21
-4.9142337007874017
0
LINE
8
Edge.Cuts
6
CONTINUOUS
10
4.9938060629921255
20
-4.9142337007874017
11
4.9992255118110238
21
-4.913278464566929
0
LINE
8
Edge.Cuts
6
CONTINUOUS
10
4.9992255118110238
20
-4.913278464566929
11
5.0047107086614169
21
-4.9137201968503934
0
LINE
8
Edge.Cuts
6
CONTINUOUS
10
4.9971442519685034
20
-4.9173217716535431
11
4.9928112598425196
21
-4.918671062992126
0
LINE
8
Edge.Cuts
6
CONTINUOUS
10
4.9928112598425196
20
-4.918671062992126
11
4.9889583070866141
21
-4.9210690551181102
0
LINE
8
Edge.Cuts
6
CONTINUOUS
10
4.9889583070866141
20
-4.9210690551181102
11
4.9858342519685035
21
-4.9243608661417317
0
LINE
8
Edge.Cuts
6
CONTINUOUS
10
4.9858342519685035
20
-4.9243608661417317
11
4.983640866141732
21
-4.9283338582677167
0
LINE
8
Edge.Cuts
6
CONTINUOUS
10
4.983640866141732
20
-4.9283338582677167
11
4.982519842519685
21
-4.9327314566929132
0
LINE
8
Edge.Cuts
6
CONTINUOUS
10
4.982519842519685
20
-4.9327314566929132
11
4.9825277559055117
21
-4.9350005511811021
0
LINE
8
Edge.Cuts
6
CONTINUOUS
10
4.9825277559055117
20
-4.9350005511811021
11
4.9825276377952754
21
-4.9350008661417322
0
LINE
8
Edge.Cuts
6
CONTINUOUS
10
4.9825276377952754
20
-4.9350008661417322
11
4.9822119291338582
21
-4.9387994488188971
0
LINE
8
Edge.Cuts
6
CONTINUOUS
10
4.9822119291338582
20
-4.9387994488188971
11
4.9812349212598424
21
-4.9424840944881892
0
LINE
8
Edge.Cuts
6
CONTINUOUS
10
4.9812349212598424
20
-4.9424840944881892
11
4.9796270078740159
21
-4.9459403543307081
0
LINE
8
Edge.Cuts
6
CONTINUOUS
10
4.9796270078740159
20
-4.9459403543307081
11
4.9796269685039372
21
-4.9459403543307081
0
LINE
8
Edge.Cuts
6
CONTINUOUS
10
4.9796269685039372
20
-4.9459403543307081
11
4.9796269685039372
21
-4.9459403937007869
0
LINE
8
Edge.Cuts
6
CONTINUOUS
10
4.9796269685039372
20
-4.9459403937007869
11
4.9483493700787404
21
-5.0001147244094488
0
LINE
8
Edge.Cuts
6
CONTINUOUS
10
4.9483493700787404
20
-5.0001147244094488
11
4.9483493700787404
21
-5.0001148031496063
0
LINE
8
Edge.Cuts
6
CONTINUOUS
10
4.9483493700787404
20
-5.0001148031496063
11
4.9461601574803149
21
-5.0032355905511814
0
LINE
8
Edge.Cuts
6
CONTINUOUS
10
4.9461601574803149
20
-5.0032355905511814
11
4.9434575984251969
21
-5.0059240551181103
0
LINE
8
Edge.Cuts
6
CONTINUOUS
10
4.9434575984251969
20
-5.0059240551181103
11
4.9403254724409447
21
-5.008096929133858
0
LINE
8
Edge.Cuts
6
CONTINUOUS
10
4.9403254724409447
20
-5.008096929133858
11
4.9403253543307084
21
-5.008096929133858
0
LINE
8
Edge.Cuts
6
CONTINUOUS
10
4.9403253543307084
20
-5.008096929133858
11
4.9383563779527559
21
-5.0092246062992123
0
LINE
8
Edge.Cuts
6
CONTINUOUS
10
4.9383563779527559
20
-5.0092246062992123
11
4.9351084645669294
21
-5.0123942519685034
0
LINE
8
Edge.Cuts
6
CONTINUOUS
10
4.9351084645669294
20
-5.0123942519685034
11
4.9327644094488186
21
-5.0162802755905513
0
LINE
8
Edge.Cuts
6
CONTINUOUS
10
4.9327644094488186
20
-5.0162802755905513
11
4.9314756299212599
21
-5.0206316929133861
0
LINE
8
Edge.Cuts
6
CONTINUOUS
10
4.9314756299212599
20
-5.0206316929133861
11
4.9313253937007877
21
-5.0251674803149609
0
LINE
8
Edge.Cuts
6
CONTINUOUS
10
4.9313253937007877
20
-5.0251674803149609
11
4.9323233858267717
21
-5.0295946456692908
0
LINE
8
Edge.Cuts
6
CONTINUOUS
10
4.9323233858267717
20
-5.0295946456692908
11
4.9344051574803149
21
-5.0336272834645666
0
LINE
8
Edge.Cuts
6
CONTINUOUS
10
4.9344051574803149
20
-5.0336272834645666
11
4.9374362204724411
21
-5.0370049212598422
0
LINE
8
Edge.Cuts
6
CONTINUOUS
10
4.9374362204724411
20
-5.0370049212598422
11
4.9412208661417321
21
-5.0395094094488186
0
LINE
8
Edge.Cuts
6
CONTINUOUS
10
4.9412208661417321
20
-5.0395094094488186
11
4.945514566929134
21
-5.0409789763779527
0
LINE
8
Edge.Cuts
6
CONTINUOUS
10
4.945514566929134
20
-5.0409789763779527
11
4.9477768897637793
21
-5.0411527165354331
0
LINE
8
Edge.Cuts
6
CONTINUOUS
10
4.9477768897637793
20
-5.0411527165354331
11
4.9477770078740155
21
-5.0411527165354331
0
LINE
8
Edge.Cuts
6
CONTINUOUS
10
4.9477770078740155
20
-5.0411527165354331
11
4.9509761417322835
21
-5.0416352755905507
0
LINE
8
Edge.Cuts
6
CONTINUOUS
10
4.9509761417322835
20
-5.0416352755905507
11
4.9540676771653542
21
-5.042589133858268
0
LINE
8
Edge.Cuts
6
CONTINUOUS
10
4.9540676771653542
20
-5.042589133858268
11
4.9569825984251965
21
-5.0439929921259843
0
LINE
8
Edge.Cuts
6
CONTINUOUS
10
4.9569825984251965
20
-5.0439929921259843
11
4.9569826377952753
21
-5.043993031496063
0
LINE
8
Edge.Cuts
6
CONTINUOUS
10
4.9569826377952753
20
-5.043993031496063
11
5.0049099999999997
21
-5.0716638976377952
0
LINE
8
Edge.Cuts
6
CONTINUOUS
10
5.0049099999999997
20
-5.0716638976377952
11
5.0049100787401573
21
-5.071663937007874
0
LINE
8
Edge.Cuts
6
CONTINUOUS
10
5.0049100787401573
20
-5.071663937007874
11
5.0075832677165355
21
-5.0734863779527561
0
LINE
8
Edge.Cuts
6
CONTINUOUS
10
5.0075832677165355
20
-5.0734863779527561
11
5.0099550787401572
21
-5.075686771653543
0
LINE
8
Edge.Cuts
6
CONTINUOUS
10
5.0099550787401572
20
-5.075686771653543
11
5.0119725590551178
21
-5.0782160236220468
0
LINE
8
Edge.Cuts
6
CONTINUOUS
10
5.0119725590551178
20
-5.0782160236220468
11
5.0132542913385825
21
-5.0800884645669289
0
LINE
8
Edge.Cuts
6
CONTINUOUS
10
5.0132542913385825
20
-5.0800884645669289
11
5.0166738582677164
21
-5.0830721653543307
0
LINE
8
Edge.Cuts
6
CONTINUOUS
10
5.0166738582677164
20
-5.0830721653543307
11
5.0207351181102364
21
-5.0850974803149604
0
LINE
8
Edge.Cuts
6
CONTINUOUS
10
5.0207351181102364
20
-5.0850974803149604
11
5.0251757480314962
21
-5.0860336220472444
0
LINE
8
Edge.Cuts
6
CONTINUOUS
10
5.0251757480314962
20
-5.0860336220472444
11
5.029708976377953
21
-5.085820157480315
0
LINE
8
Edge.Cuts
6
CONTINUOUS
10
5.029708976377953
20
-5.085820157480315
11
5.0340419685039368
21
-5.0844708661417322
0
LINE
8
Edge.Cuts
6
CONTINUOUS
10
5.0340419685039368
20
-5.0844708661417322
11
5.0378949212598423
21
-5.0820728740157479
0
LINE
8
Edge.Cuts
6
CONTINUOUS
10
5.0378949212598423
20
-5.0820728740157479
11
5.0410189763779529
21
-5.0787810629921255
0
LINE
8
Edge.Cuts
6
CONTINUOUS
10
5.0410189763779529
20
-5.0787810629921255
11
5.0432123622047245
21
-5.0748080708661414
0
LINE
8
Edge.Cuts
6
CONTINUOUS
10
5.0432123622047245
20
-5.0748080708661414
11
5.0443333858267714
21
-5.0704104724409449
0
LINE
8
Edge.Cuts
6
CONTINUOUS
10
5.0443333858267714
20
-5.0704104724409449
11
5.0443254724409448
21
-5.0681413385826772
0
LINE
8
Edge.Cuts
6
CONTINUOUS
10
5.0443254724409448
20
-5.0681413385826772
11
5.0446411811023619
21
-5.0643424015748026
0
LINE
8
Edge.Cuts
6
CONTINUOUS
10
5.0446411811023619
20
-5.0643424015748026
11
5.0456181889763778
21
-5.0606577165354327
0
LINE
8
Edge.Cuts
6
CONTINUOUS
10
5.0456181889763778
20
-5.0606577165354327
11
5.0472262204724405
21
-5.0572014566929129
0
LINE
8
Edge.Cuts
6
CONTINUOUS
10
5.0472262204724405
20
-5.0572014566929129
11
5.078503858267716
21
-5.0030269685039368
0
LINE
8
Edge.Cuts
6
CONTINUOUS
10
5.078503858267716
20
-5.0030269685039368
11
5.078504015748031
21
-5.0030267322834643
0
LINE
8
Edge.Cuts
6
CONTINUOUS
10
5.078504015748031
20
-5.0030267322834643
11
5.0806931102362203
21
-4.9999062598425192
0
LINE
8
Edge.Cuts
6
CONTINUOUS
10
5.0806931102362203
20
-4.9999062598425192
11
5.0833956299212595
21
-4.997217834645669
0
LINE
8
Edge.Cuts
6
CONTINUOUS
10
5.0833956299212595
20
-4.997217834645669
11
5.086527716535433
21
-4.9950449606299214
0
LINE
8
Edge.Cuts
6
CONTINUOUS
10
5.086527716535433
20
-4.9950449606299214
11
5.0865277559055118
21
-4.9950449212598427
0
LINE
8
Edge.Cuts
6
CONTINUOUS
10
5.0865277559055118
20
-4.9950449212598427
11
5.0884968110236217
21
-4.9939172440944883
0
LINE
8
Edge.Cuts
6
CONTINUOUS
10
5.0884968110236217
20
-4.9939172440944883
11
5.0917447244094491
21
-4.9907475984251963
0
LINE
8
Edge.Cuts
6
CONTINUOUS
10
5.0917447244094491
20
-4.9907475984251963
11
5.0940887795275591
21
-4.9868615748031493
0
LINE
8
Edge.Cuts
6
CONTINUOUS
10
5.0940887795275591
20
-4.9868615748031493
11
5.095377519685039
21
-4.9825101574803146
0
LINE
8
Edge.Cuts
6
CONTINUOUS
10
5.095377519685039
20
-4.9825101574803146
11
5.0955277559055121
21
-4.9779744094488185
0
LINE
8
Edge.Cuts
6
CONTINUOUS
10
5.0955277559055121
20
-4.9779744094488185
11
5.0945297637795273
21
-4.9735472440944877
0
LINE
8
Edge.Cuts
6
CONTINUOUS
10
5.0945297637795273
20
-4.9735472440944877
11
5.0924480314960627
21
-4.9695146456692916
0
LINE
8
Edge.Cuts
6
CONTINUOUS
10
5.0924480314960627
20
-4.9695146456692916
11
5.0894169685039365
21
-4.9661370078740159
0
LINE
8
Edge.Cuts
6
CONTINUOUS
10
5.0894169685039365
20
-4.9661370078740159
11
5.0856323622047244
21
-4.9636325196850395
0
LINE
8
Edge.Cuts
6
CONTINUOUS
10
5.0856323622047244
20
-4.9636325196850395
11
5.0813386614173224
21
-4.9621629133858267
0
LINE
8
Edge.Cuts
6
CONTINUOUS
10
5.0813386614173224
20
-4.9621629133858267
11
5.0790761811023621
21
-4.9619891338582676
0
LINE
8
Edge.Cuts
6
CONTINUOUS
10
5.0790761811023621
20
-4.9619891338582676
11
5.0790761023622046
21
-4.9619890944881888
0
LINE
8
Edge.Cuts
6
CONTINUOUS
10
5.0790761023622046
20
-4.9619890944881888
11
5.0758770472440942
21
-4.9615066141732278
0
LINE
8
Edge.Cuts
6
CONTINUOUS
10
5.0758770472440942
20
-4.9615066141732278
11
5.0727854724409447
21
-4.9605527559055114
0
LINE
8
Edge.Cuts
6
CONTINUOUS
10
5.0727854724409447
20
-4.9605527559055114
11
5.0698707480314962
21
-4.9591488976377951
0
LINE
8
Edge.Cuts
6
CONTINUOUS
10
5.0698707480314962
20
-4.9591488976377951
11
5.0698706299212599
21
-4.9591488582677163
0
LINE
8
Edge.Cuts
6
CONTINUOUS
10
5.0698706299212599
20
-4.9591488582677163
11
5.0219431496062992
21
-4.9314779133858266
0
LINE
8
Edge.Cuts
6
CONTINUOUS
10
5.0219431496062992
20
-4.9314779133858266
11
5.0219430708661417
21
-4.9314778346456691
0
LINE
8
Edge.Cuts
6
CONTINUOUS
10
5.0219430708661417
20
-4.9314778346456691
11
5.0219428346456692
21
-4.9314777952755904
0
LINE
8
Edge.Cuts
6
CONTINUOUS
10
5.0219428346456692
20
-4.9314777952755904
11
5.0192700393700784
21
-4.9296551968503932
0
LINE
8
Edge.Cuts
6
CONTINUOUS
10
5.0192700393700784
20
-4.9296551968503932
11
5.0168984251968505
21
-4.9274549212598426
0
LINE
8
Edge.Cuts
6
CONTINUOUS
10
5.0168984251968505
20
-4.9274549212598426
11
5.0148808267716536
21
-4.9249260629921254
0
LINE
8
Edge.Cuts
6
CONTINUOUS
10
5.0148808267716536
20
-4.9249260629921254
11
5.0148807480314961
21
-4.9249259055118113
0
LINE
8
Edge.Cuts
6
CONTINUOUS
10
5.0148807480314961
20
-4.9249259055118113
11
5.0148806692913386
21
-4.9249258267716538
0
LINE
8
Edge.Cuts
6
CONTINUOUS
10
5.0148806692913386
20
-4.9249258267716538
11
5.013598937007874
21
-4.9230533858267718
0
LINE
8
Edge.Cuts
6
CONTINUOUS
10
5.013598937007874
20
-4.9230533858267718
11
5.01017937007874
21
-4.9200697244094487
0
LINE
8
Edge.Cuts
6
CONTINUOUS
10
5.01017937007874
20
-4.9200697244094487
11
5.00611811023622
21
-4.9180444488188977
0
LINE
8
Edge.Cuts
6
CONTINUOUS
10
5.00611811023622
20
-4.9180444488188977
11
5.0016774803149602
21
-4.9171083070866137
0
LINE
8
Edge.Cuts
6
CONTINUOUS
10
5.0016774803149602
20
-4.9171083070866137
11
4.9971442519685034
21
-4.9173217716535431
0
LINE
8
Edge.Cuts
6
CONTINUOUS
10
7.2227767322834646
20
-4.9020261811023618
11
7.2277804330708664
21
-4.9043167322834647
0
LINE
8
Edge.Cuts
6
CONTINUOUS
10
7.2277804330708664
20
-4.9043167322834647
11
7.2320451181102356
21
-4.9077946062992126
0
LINE
8
Edge.Cuts
6
CONTINUOUS
10
7.2320451181102356
20
-4.9077946062992126
11
7.2352953543307086
21
-4.9122351968503937
0
LINE
8
Edge.Cuts
6
CONTINUOUS
10
7.2352953543307086
20
-4.9122351968503937
11
7.2373212992125984
21
-4.9173517322834641
0
LINE
8
Edge.Cuts
6
CONTINUOUS
10
7.2373212992125984
20
-4.9173517322834641
11
7.2379920078740154
21
-4.9228137007874011
0
LINE
8
Edge.Cuts
6
CONTINUOUS
10
7.2379920078740154
20
-4.9228137007874011
11
7.2379851968503939
21
-4.9243790944881889
0
LINE
8
Edge.Cuts
6
CONTINUOUS
10
7.2379851968503939
20
-4.9243790944881889
11
7.2385181102362202
21
-4.9274642519685035
0
LINE
8
Edge.Cuts
6
CONTINUOUS
10
7.2385181102362202
20
-4.9274642519685035
11
7.2395838188976374
21
-4.9304081102362201
0
LINE
8
Edge.Cuts
6
CONTINUOUS
10
7.2395838188976374
20
-4.9304081102362201
11
7.2403653149606297
21
-4.9317644881889766
0
LINE
8
Edge.Cuts
6
CONTINUOUS
10
7.2403653149606297
20
-4.9317644881889766
11
7.2716428740157477
21
-4.9859388188976377
0
LINE
8
Edge.Cuts
6
CONTINUOUS
10
7.2716428740157477
20
-4.9859388188976377
11
7.2716429527559052
21
-4.9859388976377952
0
LINE
8
Edge.Cuts
6
CONTINUOUS
10
7.2716429527559052
20
-4.9859388976377952
11
7.2724268503937006
21
-4.9872938976377954
0
LINE
8
Edge.Cuts
6
CONTINUOUS
10
7.2724268503937006
20
-4.9872938976377954
11
7.2744435433070862
21
-4.9896887401574803
0
LINE
8
Edge.Cuts
6
CONTINUOUS
10
7.2744435433070862
20
-4.9896887401574803
11
7.2768488976377954
21
-4.9916928740157482
0
LINE
8
Edge.Cuts
6
CONTINUOUS
10
7.2768488976377954
20
-4.9916928740157482
11
7.2782079527559054
21
-4.9924696850393699
0
LINE
8
Edge.Cuts
6
CONTINUOUS
10
7.2782079527559054
20
-4.9924696850393699
11
7.2782083070866141
21
-4.9924700787401575
0
LINE
8
Edge.Cuts
6
CONTINUOUS
10
7.2782083070866141
20
-4.9924700787401575
11
7.2826026771653538
21
-4.9957815748031491
0
LINE
8
Edge.Cuts
6
CONTINUOUS
10
7.2826026771653538
20
-4.9957815748031491
11
7.286020748031496
21
-5.0000943307086612
0
LINE
8
Edge.Cuts
6
CONTINUOUS
10
7.286020748031496
20
-5.0000943307086612
11
7.2882412598425192
21
-5.005129409448819
0
LINE
8
Edge.Cuts
6
CONTINUOUS
10
7.2882412598425192
20
-5.005129409448819
11
7.2891208661417322
21
-5.0105616535433066
0
LINE
8
Edge.Cuts
6
CONTINUOUS
10
7.2891208661417322
20
-5.0105616535433066
11
7.288602677165354
21
-5.0160401968503932
0
LINE
8
Edge.Cuts
6
CONTINUOUS
10
7.288602677165354
20
-5.0160401968503932
11
7.2867202362204724
21
-5.0212112204724404
0
LINE
8
Edge.Cuts
6
CONTINUOUS
10
7.2867202362204724
20
-5.0212112204724404
11
7.2835950787401575
21
-5.0257407086614174
0
LINE
8
Edge.Cuts
6
CONTINUOUS
10
7.2835950787401575
20
-5.0257407086614174
11
7.2794290157480317
21
-5.0293361417322835
0
LINE
8
Edge.Cuts
6
CONTINUOUS
10
7.2794290157480317
20
-5.0293361417322835
11
7.2744912204724406
21
-5.0317652755905513
0
LINE
8
Edge.Cuts
6
CONTINUOUS
10
7.2744912204724406
20
-5.0317652755905513
11
7.2691007874015749
21
-5.0328712204724404
0
LINE
8
Edge.Cuts
6
CONTINUOUS
10
7.2691007874015749
20
-5.0328712204724404
11
7.2691007480314962
21
-5.0328712598425192
0
LINE
8
Edge.Cuts
6
CONTINUOUS
10
7.2691007480314962
20
-5.0328712598425192
11
7.2691006692913387
21
-5.0328712598425192
0
LINE
8
Edge.Cuts
6
CONTINUOUS
10
7.2691006692913387
20
-5.0328712598425192
11
7.2691005118110237
21
-5.0328712992125979
0
LINE
8
Edge.Cuts
6
CONTINUOUS
10
7.2691005118110237
20
-5.0328712992125979
11
7.2691004330708662
21
-5.0328712598425192
0
LINE
8
Edge.Cuts
6
CONTINUOUS
10
7.2691004330708662
20
-5.0328712598425192
11
7.2677771653543308
21
-5.0329707086614173
0
LINE
8
Edge.Cuts
6
CONTINUOUS
10
7.2677771653543308
20
-5.0329707086614173
11
7.2651891338582679
21
-5.0335617716535435
0
LINE
8
Edge.Cuts
6
CONTINUOUS
10
7.2651891338582679
20
-5.0335617716535435
11
7.2627179921259843
21
-5.0345316141732281
0
LINE
8
Edge.Cuts
6
CONTINUOUS
10
7.2627179921259843
20
-5.0345316141732281
11
7.2615684645669294
21
-5.0351951968503936
0
LINE
8
Edge.Cuts
6
CONTINUOUS
10
7.2615684645669294
20
-5.0351951968503936
11
7.2615683858267719
21
-5.0351951968503936
0
LINE
8
Edge.Cuts
6
CONTINUOUS
10
7.2615683858267719
20
-5.0351951968503936
11
7.2136412204724412
21
-5.0628660629921258
0
LINE
8
Edge.Cuts
6
CONTINUOUS
10
7.2136412204724412
20
-5.0628660629921258
11
7.2136411417322837
21
-5.0628660629921258
0
LINE
8
Edge.Cuts
6
CONTINUOUS
10
7.2136411417322837
20
-5.0628660629921258
11
7.2136411417322837
21
-5.0628661023622046
0
LINE
8
Edge.Cuts
6
CONTINUOUS
10
7.2136411417322837
20
-5.0628661023622046
11
7.2124916929133853
21
-5.0635296456692913
0
LINE
8
Edge.Cuts
6
CONTINUOUS
10
7.2124916929133853
20
-5.0635296456692913
11
7.2104162598425194
21
-5.0651845669291333
0
LINE
8
Edge.Cuts
6
CONTINUOUS
10
7.2104162598425194
20
-5.0651845669291333
11
7.2086105905511806
21
-5.067130275590551
0
LINE
8
Edge.Cuts
6
CONTINUOUS
10
7.2086105905511806
20
-5.067130275590551
11
7.2078628346456695
21
-5.0682268110236217
0
LINE
8
Edge.Cuts
6
CONTINUOUS
10
7.2078628346456695
20
-5.0682268110236217
11
7.2078627952755907
21
-5.0682268897637792
0
LINE
8
Edge.Cuts
6
CONTINUOUS
10
7.2078627952755907
20
-5.0682268897637792
11
7.204209645669291
21
-5.0723424015748027
0
LINE
8
Edge.Cuts
6
CONTINUOUS
10
7.204209645669291
20
-5.0723424015748027
11
7.1996370078740153
21
-5.0754041338582674
0
LINE
8
Edge.Cuts
6
CONTINUOUS
10
7.1996370078740153
20
-5.0754041338582674
11
7.1944402755905514
21
-5.0772142913385823
0
LINE
8
Edge.Cuts
6
CONTINUOUS
10
7.1944402755905514
20
-5.0772142913385823
11
7.1889550393700787
21
-5.0776560629921255
0
LINE
8
Edge.Cuts
6
CONTINUOUS
10
7.1889550393700787
20
-5.0776560629921255
11
7.1835355511811025
21
-5.0767008267716536
0
LINE
8
Edge.Cuts
6
CONTINUOUS
10
7.1835355511811025
20
-5.0767008267716536
11
7.1785319291338583
21
-5.0744103149606294
0
LINE
8
Edge.Cuts
6
CONTINUOUS
10
7.1785319291338583
20
-5.0744103149606294
11
7.1742672440944881
21
-5.0709324409448815
0
LINE
8
Edge.Cuts
6
CONTINUOUS
10
7.1742672440944881
20
-5.0709324409448815
11
7.1710169685039364
21
-5.0664918503937004
0
LINE
8
Edge.Cuts
6
CONTINUOUS
10
7.1710169685039364
20
-5.0664918503937004
11
7.1689910236220467
21
-5.0613753543307087
0
LINE
8
Edge.Cuts
6
CONTINUOUS
10
7.1689910236220467
20
-5.0613753543307087
11
7.1683203149606296
21
-5.0559133858267717
0
LINE
8
Edge.Cuts
6
CONTINUOUS
10
7.1683203149606296
20
-5.0559133858267717
11
7.168327125984252
21
-5.054347992125984
0
LINE
8
Edge.Cuts
6
CONTINUOUS
10
7.168327125984252
20
-5.054347992125984
11
7.1677942125984249
21
-5.0512628346456694
0
LINE
8
Edge.Cuts
6
CONTINUOUS
10
7.1677942125984249
20
-5.0512628346456694
11
7.1667285039370077
21
-5.048318937007874
0
LINE
8
Edge.Cuts
6
CONTINUOUS
10
7.1667285039370077
20
-5.048318937007874
11
7.1659470078740153
21
-5.0469625590551184
0
LINE
8
Edge.Cuts
6
CONTINUOUS
10
7.1659470078740153
20
-5.0469625590551184
11
7.1346693700787398
21
-4.9927881102362202
0
LINE
8
Edge.Cuts
6
CONTINUOUS
10
7.1346693700787398
20
-4.9927881102362202
11
7.1338854724409444
21
-4.9914330708661412
0
LINE
8
Edge.Cuts
6
CONTINUOUS
10
7.1338854724409444
20
-4.9914330708661412
11
7.1318688188976376
21
-4.9890382283464563
0
LINE
8
Edge.Cuts
6
CONTINUOUS
10
7.1318688188976376
20
-4.9890382283464563
11
7.1294634645669293
21
-4.9870340944881892
0
LINE
8
Edge.Cuts
6
CONTINUOUS
10
7.1294634645669293
20
-4.9870340944881892
11
7.1281043700787396
21
-4.9862572834645666
0
LINE
8
Edge.Cuts
6
CONTINUOUS
10
7.1281043700787396
20
-4.9862572834645666
11
7.1281042519685034
21
-4.9862571653543304
0
LINE
8
Edge.Cuts
6
CONTINUOUS
10
7.1281042519685034
20
-4.9862571653543304
11
7.1237095669291337
21
-4.9829454330708662
0
LINE
8
Edge.Cuts
6
CONTINUOUS
10
7.1237095669291337
20
-4.9829454330708662
11
7.1202914960629924
21
-4.9786326771653542
0
LINE
8
Edge.Cuts
6
CONTINUOUS
10
7.1202914960629924
20
-4.9786326771653542
11
7.1180709842519683
21
-4.9735975984251963
0
LINE
8
Edge.Cuts
6
CONTINUOUS
10
7.1180709842519683
20
-4.9735975984251963
11
7.1171913779527554
21
-4.9681653543307087
0
LINE
8
Edge.Cuts
6
CONTINUOUS
10
7.1171913779527554
20
-4.9681653543307087
11
7.1177095669291335
21
-4.9626868110236222
0
LINE
8
Edge.Cuts
6
CONTINUOUS
10
7.1177095669291335
20
-4.9626868110236222
11
7.1195920472440939
21
-4.9575157874015749
0
LINE
8
Edge.Cuts
6
CONTINUOUS
10
7.1195920472440939
20
-4.9575157874015749
11
7.1227172047244096
21
-4.9529862992125979
0
LINE
8
Edge.Cuts
6
CONTINUOUS
10
7.1227172047244096
20
-4.9529862992125979
11
7.1268832283464567
21
-4.9493909055118106
0
LINE
8
Edge.Cuts
6
CONTINUOUS
10
7.1268832283464567
20
-4.9493909055118106
11
7.1318210629921257
21
-4.946961732283464
0
LINE
8
Edge.Cuts
6
CONTINUOUS
10
7.1318210629921257
20
-4.946961732283464
11
7.1372117716535435
21
-4.9458557480314962
0
LINE
8
Edge.Cuts
6
CONTINUOUS
10
7.1372117716535435
20
-4.9458557480314962
11
7.1372118110236222
21
-4.9458557480314962
0
LINE
8
Edge.Cuts
6
CONTINUOUS
10
7.1372118110236222
20
-4.9458557480314962
11
7.1385353149606301
21
-4.9457564173228343
0
LINE
8
Edge.Cuts
6
CONTINUOUS
10
7.1385353149606301
20
-4.9457564173228343
11
7.1411232283464567
21
-4.9451655118110232
0
LINE
8
Edge.Cuts
6
CONTINUOUS
10
7.1411232283464567
20
-4.9451655118110232
11
7.1435941732283466
21
-4.9441956299212597
0
LINE
8
Edge.Cuts
6
CONTINUOUS
10
7.1435941732283466
20
-4.9441956299212597
11
7.1447435826771653
21
-4.9435319685039367
0
LINE
8
Edge.Cuts
6
CONTINUOUS
10
7.1447435826771653
20
-4.9435319685039367
11
7.144743622047244
21
-4.943531929133858
0
LINE
8
Edge.Cuts
6
CONTINUOUS
10
7.144743622047244
20
-4.943531929133858
11
7.1926711023622047
21
-4.9158609842519683
0
LINE
8
Edge.Cuts
6
CONTINUOUS
10
7.1926711023622047
20
-4.9158609842519683
11
7.1926711023622047
21
-4.9158609448818895
0
LINE
8
Edge.Cuts
6
CONTINUOUS
10
7.1926711023622047
20
-4.9158609448818895
11
7.1926711417322835
21
-4.9158609448818895
0
LINE
8
Edge.Cuts
6
CONTINUOUS
10
7.1926711417322835
20
-4.9158609448818895
11
7.1938205905511809
21
-4.9151974015748028
0
LINE
8
Edge.Cuts
6
CONTINUOUS
10
7.1938205905511809
20
-4.9151974015748028
11
7.1958960236220468
21
-4.913542440944882
0
LINE
8
Edge.Cuts
6
CONTINUOUS
10
7.1958960236220468
20
-4.913542440944882
11
7.1977017322834644
21
-4.9115967322834644
0
LINE
8
Edge.Cuts
6
CONTINUOUS
10
7.1977017322834644
20
-4.9115967322834644
11
7.1984493307086614
21
-4.9105003937007874
0
LINE
8
Edge.Cuts
6
CONTINUOUS
10
7.1984493307086614
20
-4.9105003937007874
11
7.1984494488188977
21
-4.9105001574803149
0
LINE
8
Edge.Cuts
6
CONTINUOUS
10
7.1984494488188977
20
-4.9105001574803149
11
7.2021025984251965
21
-4.9063846456692914
0
LINE
8
Edge.Cuts
6
CONTINUOUS
10
7.2021025984251965
20
-4.9063846456692914
11
7.2066752362204722
21
-4.9033229133858267
0
LINE
8
Edge.Cuts
6
CONTINUOUS
10
7.2066752362204722
20
-4.9033229133858267
11
7.2118720078740157
21
-4.9015127165354331
0
LINE
8
Edge.Cuts
6
CONTINUOUS
10
7.2118720078740157
20
-4.9015127165354331
11
7.2173572834645672
21
-4.9010709448818899
0
LINE
8
Edge.Cuts
6
CONTINUOUS
10
7.2173572834645672
20
-4.9010709448818899
11
7.2227767322834646
21
-4.9020261811023618
0
LINE
8
Edge.Cuts
6
CONTINUOUS
10
7.2104646456692914
20
-4.9058369685039365
11
7.2064033858267713
21
-4.9078622834645671
0
LINE
8
Edge.Cuts
6
CONTINUOUS
10
7.2064033858267713
20
-4.9078622834645671
11
7.2029838188976374
21
-4.9108459448818893
0
LINE
8
Edge.Cuts
6
CONTINUOUS
10
7.2029838188976374
20
-4.9108459448818893
11
7.2017021259842515
21
-4.9127182283464563
0
LINE
8
Edge.Cuts
6
CONTINUOUS
10
7.2017021259842515
20
-4.9127182283464563
11
7.2017021259842515
21
-4.9127183858267713
0
LINE
8
Edge.Cuts
6
CONTINUOUS
10
7.2017021259842515
20
-4.9127183858267713
11
7.1996846456692909
21
-4.9152476771653539
0
LINE
8
Edge.Cuts
6
CONTINUOUS
10
7.1996846456692909
20
-4.9152476771653539
11
7.1973127952755904
21
-4.9174481102362204
0
LINE
8
Edge.Cuts
6
CONTINUOUS
10
7.1973127952755904
20
-4.9174481102362204
11
7.1946395669291334
21
-4.9192705511811026
0
LINE
8
Edge.Cuts
6
CONTINUOUS
10
7.1946395669291334
20
-4.9192705511811026
11
7.1946394881889759
21
-4.9192705511811026
0
LINE
8
Edge.Cuts
6
CONTINUOUS
10
7.1946394881889759
20
-4.9192705511811026
11
7.1467121259842514
21
-4.9469414566929135
0
LINE
8
Edge.Cuts
6
CONTINUOUS
10
7.1467121259842514
20
-4.9469414566929135
11
7.1467120866141727
21
-4.9469414960629923
0
LINE
8
Edge.Cuts
6
CONTINUOUS
10
7.1467120866141727
20
-4.9469414960629923
11
7.1437972047244092
21
-4.9483453149606298
0
LINE
8
Edge.Cuts
6
CONTINUOUS
10
7.1437972047244092
20
-4.9483453149606298
11
7.1407056692913384
21
-4.9492991732283462
0
LINE
8
Edge.Cuts
6
CONTINUOUS
10
7.1407056692913384
20
-4.9492991732283462
11
7.1375065748031492
21
-4.949781692913386
0
LINE
8
Edge.Cuts
6
CONTINUOUS
10
7.1375065748031492
20
-4.949781692913386
11
7.1375065748031492
21
-4.9497817322834647
0
LINE
8
Edge.Cuts
6
CONTINUOUS
10
7.1375065748031492
20
-4.9497817322834647
11
7.135244094488189
21
-4.9499555118110239
0
LINE
8
Edge.Cuts
6
CONTINUOUS
10
7.135244094488189
20
-4.9499555118110239
11
7.130950393700787
21
-4.9514251181102358
0
LINE
8
Edge.Cuts
6
CONTINUOUS
10
7.130950393700787
20
-4.9514251181102358
11
7.1271657874015748
21
-4.9539296062992122
0
LINE
8
Edge.Cuts
6
CONTINUOUS
10
7.1271657874015748
20
-4.9539296062992122
11
7.1241347637795274
21
-4.9573072440944879
0
LINE
8
Edge.Cuts
6
CONTINUOUS
10
7.1241347637795274
20
-4.9573072440944879
11
7.1220530314960628
21
-4.9613398425196849
0
LINE
8
Edge.Cuts
6
CONTINUOUS
10
7.1220530314960628
20
-4.9613398425196849
11
7.1210550393700789
21
-4.9657670078740157
0
LINE
8
Edge.Cuts
6
CONTINUOUS
10
7.1210550393700789
20
-4.9657670078740157
11
7.1212052755905511
21
-4.9703027559055117
0
LINE
8
Edge.Cuts
6
CONTINUOUS
10
7.1212052755905511
20
-4.9703027559055117
11
7.1224940551181097
21
-4.9746541732283465
0
LINE
8
Edge.Cuts
6
CONTINUOUS
10
7.1224940551181097
20
-4.9746541732283465
11
7.1248380708661418
21
-4.9785401574803148
0
LINE
8
Edge.Cuts
6
CONTINUOUS
10
7.1248380708661418
20
-4.9785401574803148
11
7.1280859842519684
21
-4.9817098031496059
0
LINE
8
Edge.Cuts
6
CONTINUOUS
10
7.1280859842519684
20
-4.9817098031496059
11
7.1300549999999996
21
-4.9828374803149602
0
LINE
8
Edge.Cuts
6
CONTINUOUS
10
7.1300549999999996
20
-4.9828374803149602
11
7.1300550787401571
21
-4.982837519685039
0
LINE
8
Edge.Cuts
6
CONTINUOUS
10
7.1300550787401571
20
-4.982837519685039
11
7.1331871653543306
21
-4.9850103937007875
0
LINE
8
Edge.Cuts
6
CONTINUOUS
10
7.1331871653543306
20
-4.9850103937007875
11
7.1358896850393698
21
-4.9876988976377952
0
LINE
8
Edge.Cuts
6
CONTINUOUS
10
7.1358896850393698
20
-4.9876988976377952
11
7.1380788976377954
21
-4.9908196062992127
0
LINE
8
Edge.Cuts
6
CONTINUOUS
10
7.1380788976377954
20
-4.9908196062992127
11
7.1693565354330708
21
-5.0449940551181101
0
LINE
8
Edge.Cuts
6
CONTINUOUS
10
7.1693565354330708
20
-5.0449940551181101
11
7.1709645669291335
21
-5.0484503543307087
0
LINE
8
Edge.Cuts
6
CONTINUOUS
10
7.1709645669291335
20
-5.0484503543307087
11
7.1719415354330707
21
-5.0521350393700786
0
LINE
8
Edge.Cuts
6
CONTINUOUS
10
7.1719415354330707
20
-5.0521350393700786
11
7.1722572440944878
21
-5.0559339370078735
0
LINE
8
Edge.Cuts
6
CONTINUOUS
10
7.1722572440944878
20
-5.0559339370078735
11
7.1722493307086612
21
-5.0582030708661412
0
LINE
8
Edge.Cuts
6
CONTINUOUS
10
7.1722493307086612
20
-5.0582030708661412
11
7.1733703543307081
21
-5.0626006692913386
0
LINE
8
Edge.Cuts
6
CONTINUOUS
10
7.1733703543307081
20
-5.0626006692913386
11
7.1755637401574806
21
-5.0665736614173227
0
LINE
8
Edge.Cuts
6
CONTINUOUS
10
7.1755637401574806
20
-5.0665736614173227
11
7.1786877952755903
21
-5.0698654724409451
0
LINE
8
Edge.Cuts
6
CONTINUOUS
10
7.1786877952755903
20
-5.0698654724409451
11
7.1825407480314958
21
-5.0722634251968506
0
LINE
8
Edge.Cuts
6
CONTINUOUS
10
7.1825407480314958
20
-5.0722634251968506
11
7.1868737795275592
21
-5.0736127559055113
0
LINE
8
Edge.Cuts
6
CONTINUOUS
10
7.1868737795275592
20
-5.0736127559055113
11
7.191407007874016
21
-5.0738262204724407
0
LINE
8
Edge.Cuts
6
CONTINUOUS
10
7.191407007874016
20
-5.0738262204724407
11
7.1958476377952758
21
-5.0728900393700789
0
LINE
8
Edge.Cuts
6
CONTINUOUS
10
7.1958476377952758
20
-5.0728900393700789
11
7.199908897637795
21
-5.0708647244094491
0
LINE
8
Edge.Cuts
6
CONTINUOUS
10
7.199908897637795
20
-5.0708647244094491
11
7.2033284645669289
21
-5.067881062992126
0
LINE
8
Edge.Cuts
6
CONTINUOUS
10
7.2033284645669289
20
-5.067881062992126
11
7.2046101968503935
21
-5.066008622047244
0
LINE
8
Edge.Cuts
6
CONTINUOUS
10
7.2046101968503935
20
-5.066008622047244
11
7.2046102362204723
21
-5.0660085433070865
0
LINE
8
Edge.Cuts
6
CONTINUOUS
10
7.2046102362204723
20
-5.0660085433070865
11
7.2066276377952754
21
-5.0634793700787402
0
LINE
8
Edge.Cuts
6
CONTINUOUS
10
7.2066276377952754
20
-5.0634793700787402
11
7.2089994881889758
21
-5.0612788976377949
0
LINE
8
Edge.Cuts
6
CONTINUOUS
10
7.2089994881889758
20
-5.0612788976377949
11
7.2116726377952753
21
-5.0594565748031499
0
LINE
8
Edge.Cuts
6
CONTINUOUS
10
7.2116726377952753
20
-5.0594565748031499
11
7.2116727165354328
21
-5.0594565354330712
0
LINE
8
Edge.Cuts
6
CONTINUOUS
10
7.2116727165354328
20
-5.0594565354330712
11
7.2596001968503936
21
-5.0317855118110231
0
LINE
8
Edge.Cuts
6
CONTINUOUS
10
7.2596001968503936
20
-5.0317855118110231
11
7.2596003149606299
21
-5.0317854330708665
0
LINE
8
Edge.Cuts
6
CONTINUOUS
10
7.2596003149606299
20
-5.0317854330708665
11
7.2596004330708661
21
-5.0317853543307089
0
LINE
8
Edge.Cuts
6
CONTINUOUS
10
7.2596004330708661
20
-5.0317853543307089
11
7.2625152755905509
21
-5.0303819291338581
0
LINE
8
Edge.Cuts
6
CONTINUOUS
10
7.2625152755905509
20
-5.0303819291338581
11
7.2656066141732278
21
-5.0294281496062991
0
LINE
8
Edge.Cuts
6
CONTINUOUS
10
7.2656066141732278
20
-5.0294281496062991
11
7.2688054724409445
21
-5.0289453543307081
0
LINE
8
Edge.Cuts
6
CONTINUOUS
10
7.2688054724409445
20
-5.0289453543307081
11
7.2688055511811021
21
-5.0289453543307081
0
LINE
8
Edge.Cuts
6
CONTINUOUS
10
7.2688055511811021
20
-5.0289453543307081
11
7.2688057086614171
21
-5.0289453149606302
0
LINE
8
Edge.Cuts
6
CONTINUOUS
10
7.2688057086614171
20
-5.0289453149606302
11
7.2710681889763782
21
-5.0287714960629923
0
LINE
8
Edge.Cuts
6
CONTINUOUS
10
7.2710681889763782
20
-5.0287714960629923
11
7.2753618897637793
21
-5.0273018897637796
0
LINE
8
Edge.Cuts
6
CONTINUOUS
10
7.2753618897637793
20
-5.0273018897637796
11
7.2791464566929136
21
-5.0247974015748031
0
LINE
8
Edge.Cuts
6
CONTINUOUS
10
7.2791464566929136
20
-5.0247974015748031
11
7.2821774803149601
21
-5.0214197637795275
0
LINE
8
Edge.Cuts
6
CONTINUOUS
10
7.2821774803149601
20
-5.0214197637795275
11
7.2842592125984247
21
-5.0173871653543305
0
LINE
8
Edge.Cuts
6
CONTINUOUS
10
7.2842592125984247
20
-5.0173871653543305
11
7.2852572047244095
21
-5.0129599999999996
0
LINE
8
Edge.Cuts
6
CONTINUOUS
10
7.2852572047244095
20
-5.0129599999999996
11
7.2851069685039365
21
-5.0084242519685036
0
LINE
8
Edge.Cuts
6
CONTINUOUS
10
7.2851069685039365
20
-5.0084242519685036
11
7.2838181889763778
21
-5.0040728346456689
0
LINE
8
Edge.Cuts
6
CONTINUOUS
10
7.2838181889763778
20
-5.0040728346456689
11
7.2814741732283466
21
-5.0001868503937006
0
LINE
8
Edge.Cuts
6
CONTINUOUS
10
7.2814741732283466
20
-5.0001868503937006
11
7.2782262598425191
21
-4.9970172047244095
0
LINE
8
Edge.Cuts
6
CONTINUOUS
10
7.2782262598425191
20
-4.9970172047244095
11
7.2762572047244092
21
-4.9958894881889764
0
LINE
8
Edge.Cuts
6
CONTINUOUS
10
7.2762572047244092
20
-4.9958894881889764
11
7.2762570078740154
21
-4.9958892913385826
0
LINE
8
Edge.Cuts
6
CONTINUOUS
10
7.2762570078740154
20
-4.9958892913385826
11
7.2731251968503932
21
-4.9937165354330704
0
LINE
8
Edge.Cuts
6
CONTINUOUS
10
7.2731251968503932
20
-4.9937165354330704
11
7.270422677165354
21
-4.9910281102362202
0
LINE
8
Edge.Cuts
6
CONTINUOUS
10
7.270422677165354
20
-4.9910281102362202
11
7.2682334251968506
21
-4.9879074803149601
0
LINE
8
Edge.Cuts
6
CONTINUOUS
10
7.2682334251968506
20
-4.9879074803149601
11
7.2682333858267718
21
-4.9879074015748026
0
LINE
8
Edge.Cuts
6
CONTINUOUS
10
7.2682333858267718
20
-4.9879074015748026
11
7.2369557874015751
21
-4.933732992125984
0
LINE
8
Edge.Cuts
6
CONTINUOUS
10
7.2369557874015751
20
-4.933732992125984
11
7.2353477559055115
21
-4.9302767322834642
0
LINE
8
Edge.Cuts
6
CONTINUOUS
10
7.2353477559055115
20
-4.9302767322834642
11
7.2343707874015744
21
-4.9265920472440943
0
LINE
8
Edge.Cuts
6
CONTINUOUS
10
7.2343707874015744
20
-4.9265920472440943
11
7.2340550787401572
21
-4.9227931496062993
0
LINE
8
Edge.Cuts
6
CONTINUOUS
10
7.2340550787401572
20
-4.9227931496062993
11
7.2340629921259838
21
-4.9205240157480317
0
LINE
8
Edge.Cuts
6
CONTINUOUS
10
7.2340629921259838
20
-4.9205240157480317
11
7.2329419685039369
21
-4.9161263779527555
0
LINE
8
Edge.Cuts
6
CONTINUOUS
10
7.2329419685039369
20
-4.9161263779527555
11
7.2307485826771654
21
-4.9121533858267714
0
LINE
8
Edge.Cuts
6
CONTINUOUS
10
7.2307485826771654
20
-4.9121533858267714
11
7.2276245275590547
21
-4.9088615748031499
0
LINE
8
Edge.Cuts
6
CONTINUOUS
10
7.2276245275590547
20
-4.9088615748031499
11
7.2237715354330705
21
-4.9064635826771656
0
LINE
8
Edge.Cuts
6
CONTINUOUS
10
7.2237715354330705
20
-4.9064635826771656
11
7.2194385039370079
21
-4.905114251968504
0
LINE
8
Edge.Cuts
6
CONTINUOUS
10
7.2194385039370079
20
-4.905114251968504
11
7.2149052755905512
21
-4.9049007874015746
0
LINE
8
Edge.Cuts
6
CONTINUOUS
10
7.2149052755905512
20
-4.9049007874015746
11
7.2104646456692914
21
-4.9058369685039365
0
LINE
8
Edge.Cuts
6
CONTINUOUS
10
3.9938429133858269
20
-4.492814881889764
11
3.9988933858267717
21
-4.4950002755905514
0
LINE
8
Edge.Cuts
6
CONTINUOUS
10
3.9988933858267717
20
-4.4950002755905514
11
4.003229881889764
21
-4.4983881889763779
0
LINE
8
Edge.Cuts
6
CONTINUOUS
10
4.003229881889764
20
-4.4983881889763779
11
4.0032299212598428
21
-4.4983882677165354
0
LINE
8
Edge.Cuts
6
CONTINUOUS
10
4.0032299212598428
20
-4.4983882677165354
11
4.0043319291338584
21
-4.4994999212598428
0
LINE
8
Edge.Cuts
6
CONTINUOUS
10
4.0043319291338584
20
-4.4994999212598428
11
4.0068903149606294
21
-4.5013046062992128
0
LINE
8
Edge.Cuts
6
CONTINUOUS
10
4.0068903149606294
20
-4.5013046062992128
11
4.0097255118110233
21
-4.5026326771653542
0
LINE
8
Edge.Cuts
6
CONTINUOUS
10
4.0097255118110233
20
-4.5026326771653542
11
4.0112372047244094
21
-4.5030391732283466
0
LINE
8
Edge.Cuts
6
CONTINUOUS
10
4.0112372047244094
20
-4.5030391732283466
11
4.0112372440944881
21
-4.5030392125984253
0
LINE
8
Edge.Cuts
6
CONTINUOUS
10
4.0112372440944881
20
-4.5030392125984253
11
4.0716610236220472
21
-4.519229724409449
0
LINE
8
Edge.Cuts
6
CONTINUOUS
10
4.0716610236220472
20
-4.519229724409449
11
4.0731734645669286
21
-4.5196335433070862
0
LINE
8
Edge.Cuts
6
CONTINUOUS
10
4.0731734645669286
20
-4.5196335433070862
11
4.0762928346456695
21
-4.5199009842519686
0
LINE
8
Edge.Cuts
6
CONTINUOUS
10
4.0762928346456695
20
-4.5199009842519686
11
4.0794107874015744
21
-4.519617244094488
0
LINE
8
Edge.Cuts
6
CONTINUOUS
10
4.0794107874015744
20
-4.519617244094488
11
4.080921102362205
21
-4.5192055118110233
0
LINE
8
Edge.Cuts
6
CONTINUOUS
10
4.080921102362205
20
-4.5192055118110233
11
4.0863705511811022
21
-4.5184397244094487
0
LINE
8
Edge.Cuts
6
CONTINUOUS
10
4.0863705511811022
20
-4.5184397244094487
11
4.0918370866141736
21
-4.5190723622047244
0
LINE
8
Edge.Cuts
6
CONTINUOUS
10
4.0918370866141736
20
-4.5190723622047244
11
4.0969675984251968
21
-4.5210625590551183
0
LINE
8
Edge.Cuts
6
CONTINUOUS
10
4.0969675984251968
20
-4.5210625590551183
11
4.101430748031496
21
-4.5242817716535431
0
LINE
8
Edge.Cuts
6
CONTINUOUS
10
4.101430748031496
20
-4.5242817716535431
11
4.1049382677165349
21
-4.5285221259842521
0
LINE
8
Edge.Cuts
6
CONTINUOUS
10
4.1049382677165349
20
-4.5285221259842521
11
4.1072635826771648
21
-4.5335096850393697
0
LINE
8
Edge.Cuts
6
CONTINUOUS
10
4.1072635826771648
20
-4.5335096850393697
11
4.1082565748031499
21
-4.5389223622047243
0
LINE
8
Edge.Cuts
6
CONTINUOUS
10
4.1082565748031499
20
-4.5389223622047243
11
4.1078530708661418
21
-4.5444105511811026
0
LINE
8
Edge.Cuts
6
CONTINUOUS
10
4.1078530708661418
20
-4.5444105511811026
11
4.1060791732283466
21
-4.5496198031496062
0
LINE
8
Edge.Cuts
6
CONTINUOUS
10
4.1060791732283466
20
-4.5496198031496062
11
4.1030494094488192
21
-4.554213582677165
0
LINE
8
Edge.Cuts
6
CONTINUOUS
10
4.1030494094488192
20
-4.554213582677165
11
4.1030493700787405
21
-4.5542137007874013
0
LINE
8
Edge.Cuts
6
CONTINUOUS
10
4.1030493700787405
20
-4.5542137007874013
11
4.1021837007874016
21
-4.5552197637795278
0
LINE
8
Edge.Cuts
6
CONTINUOUS
10
4.1021837007874016
20
-4.5552197637795278
11
4.1007716535433074
21
-4.5574675196850389
0
LINE
8
Edge.Cuts
6
CONTINUOUS
10
4.1007716535433074
20
-4.5574675196850389
11
4.0997102362204725
21
-4.5599005511811024
0
LINE
8
Edge.Cuts
6
CONTINUOUS
10
4.0997102362204725
20
-4.5599005511811024
11
4.0993667716535436
21
-4.5611825196850395
0
LINE
8
Edge.Cuts
6
CONTINUOUS
10
4.0993667716535436
20
-4.5611825196850395
11
4.0993667716535436
21
-4.5611826377952758
0
LINE
8
Edge.Cuts
6
CONTINUOUS
10
4.0993667716535436
20
-4.5611826377952758
11
4.0850432283464562
21
-4.6146387795275592
0
LINE
8
Edge.Cuts
6
CONTINUOUS
10
4.0850432283464562
20
-4.6146387795275592
11
4.0846996850393698
21
-4.6159207874015751
0
LINE
8
Edge.Cuts
6
CONTINUOUS
10
4.0846996850393698
20
-4.6159207874015751
11
4.0844023622047247
21
-4.6185585826771653
0
LINE
8
Edge.Cuts
6
CONTINUOUS
10
4.0844023622047247
20
-4.6185585826771653
11
4.0845013779527557
21
-4.6212112598425197
0
LINE
8
Edge.Cuts
6
CONTINUOUS
10
4.0845013779527557
20
-4.6212112598425197
11
4.0847479527559054
21
-4.62251531496063
0
LINE
8
Edge.Cuts
6
CONTINUOUS
10
4.0847479527559054
20
-4.62251531496063
11
4.0847479921259842
21
-4.6225153543307087
0
LINE
8
Edge.Cuts
6
CONTINUOUS
10
4.0847479921259842
20
-4.6225153543307087
11
4.085074960629921
21
-4.628008661417323
0
LINE
8
Edge.Cuts
6
CONTINUOUS
10
4.085074960629921
20
-4.628008661417323
11
4.0840066141732283
21
-4.6334069685039365
0
LINE
8
Edge.Cuts
6
CONTINUOUS
10
4.0840066141732283
20
-4.6334069685039365
11
4.0816119685039371
21
-4.6383616535433072
0
LINE
8
Edge.Cuts
6
CONTINUOUS
10
4.0816119685039371
20
-4.6383616535433072
11
4.0780456692913383
21
-4.6425526771653542
0
LINE
8
Edge.Cuts
6
CONTINUOUS
10
4.0780456692913383
20
-4.6425526771653542
11
4.0735380708661415
21
-4.6457094094488189
0
LINE
8
Edge.Cuts
6
CONTINUOUS
10
4.0735380708661415
20
-4.6457094094488189
11
4.0683802755905507
21
-4.6476278740157477
0
LINE
8
Edge.Cuts
6
CONTINUOUS
10
4.0683802755905507
20
-4.6476278740157477
11
4.0629054724409448
21
-4.6481842519685035
0
LINE
8
Edge.Cuts
6
CONTINUOUS
10
4.0629054724409448
20
-4.6481842519685035
11
4.0574672047244089
21
-4.6473425590551178
0
LINE
8
Edge.Cuts
6
CONTINUOUS
10
4.0574672047244089
20
-4.6473425590551178
11
4.0524167322834641
21
-4.6451571653543304
0
LINE
8
Edge.Cuts
6
CONTINUOUS
10
4.0524167322834641
20
-4.6451571653543304
11
4.0480802362204722
21
-4.6417692125984251
0
LINE
8
Edge.Cuts
6
CONTINUOUS
10
4.0480802362204722
20
-4.6417692125984251
11
4.0480801968503934
21
-4.6417691732283464
0
LINE
8
Edge.Cuts
6
CONTINUOUS
10
4.0480801968503934
20
-4.6417691732283464
11
4.0469781496062991
21
-4.640657519685039
0
LINE
8
Edge.Cuts
6
CONTINUOUS
10
4.0469781496062991
20
-4.640657519685039
11
4.0444197637795272
21
-4.6388527952755902
0
LINE
8
Edge.Cuts
6
CONTINUOUS
10
4.0444197637795272
20
-4.6388527952755902
11
4.0415845669291341
21
-4.6375247244094489
0
LINE
8
Edge.Cuts
6
CONTINUOUS
10
4.0415845669291341
20
-4.6375247244094489
11
4.0400728346456694
21
-4.6371182283464565
0
LINE
8
Edge.Cuts
6
CONTINUOUS
10
4.0400728346456694
20
-4.6371182283464565
11
3.979649094488189
21
-4.6209277165354328
0
LINE
8
Edge.Cuts
6
CONTINUOUS
10
3.979649094488189
20
-4.6209277165354328
11
3.9781366535433071
21
-4.6205238976377956
0
LINE
8
Edge.Cuts
6
CONTINUOUS
10
3.9781366535433071
20
-4.6205238976377956
11
3.9750172834645667
21
-4.6202564566929132
0
LINE
8
Edge.Cuts
6
CONTINUOUS
10
3.9750172834645667
20
-4.6202564566929132
11
3.9718993307086614
21
-4.6205401968503939
0
LINE
8
Edge.Cuts
6
CONTINUOUS
10
3.9718993307086614
20
-4.6205401968503939
11
3.9703890157480313
21
-4.6209519291338585
0
LINE
8
Edge.Cuts
6
CONTINUOUS
10
3.9703890157480313
20
-4.6209519291338585
11
3.9703885826771654
21
-4.6209518897637798
0
LINE
8
Edge.Cuts
6
CONTINUOUS
10
3.9703885826771654
20
-4.6209518897637798
11
3.9649395669291336
21
-4.6217176377952756
0
LINE
8
Edge.Cuts
6
CONTINUOUS
10
3.9649395669291336
20
-4.6217176377952756
11
3.9594730708661419
21
-4.6210849606299211
0
LINE
8
Edge.Cuts
6
CONTINUOUS
10
3.9594730708661419
20
-4.6210849606299211
11
3.954342598425197
21
-4.6190947637795272
0
LINE
8
Edge.Cuts
6
CONTINUOUS
10
3.954342598425197
20
-4.6190947637795272
11
3.9498794881889765
21
-4.6158755511811025
0
LINE
8
Edge.Cuts
6
CONTINUOUS
10
3.9498794881889765
20
-4.6158755511811025
11
3.9463719685039371
21
-4.611635275590551
0
LINE
8
Edge.Cuts
6
CONTINUOUS
10
3.9463719685039371
20
-4.611635275590551
11
3.9440466141732284
21
-4.6066477165354334
0
LINE
8
Edge.Cuts
6
CONTINUOUS
10
3.9440466141732284
20
-4.6066477165354334
11
3.9430536220472439
21
-4.6012350787401575
0
LINE
8
Edge.Cuts
6
CONTINUOUS
10
3.9430536220472439
20
-4.6012350787401575
11
3.9434570866141732
21
-4.595746929133858
0
LINE
8
Edge.Cuts
6
CONTINUOUS
10
3.9434570866141732
20
-4.595746929133858
11
3.9452309448818896
21
-4.5905376771653543
0
LINE
8
Edge.Cuts
6
CONTINUOUS
10
3.9452309448818896
20
-4.5905376771653543
11
3.9482603149606299
21
-4.5859443700787397
0
LINE
8
Edge.Cuts
6
CONTINUOUS
10
3.9482603149606299
20
-4.5859443700787397
11
3.9482604724409449
21
-4.5859440551181105
0
LINE
8
Edge.Cuts
6
CONTINUOUS
10
3.9482604724409449
20
-4.5859440551181105
11
3.9491260629921259
21
-4.5849377952755903
0
LINE
8
Edge.Cuts
6
CONTINUOUS
10
3.9491260629921259
20
-4.5849377952755903
11
3.9505381102362205
21
-4.5826897637795279
0
LINE
8
Edge.Cuts
6
CONTINUOUS
10
3.9505381102362205
20
-4.5826897637795279
11
3.9515997244094487
21
-4.5802565748031494
0
LINE
8
Edge.Cuts
6
CONTINUOUS
10
3.9515997244094487
20
-4.5802565748031494
11
3.9519433858267714
21
-4.578974488188976
0
LINE
8
Edge.Cuts
6
CONTINUOUS
10
3.9519433858267714
20
-4.578974488188976
11
3.9662668503937009
21
-4.5255186220472439
0
LINE
8
Edge.Cuts
6
CONTINUOUS
10
3.9662668503937009
20
-4.5255186220472439
11
3.9662668503937009
21
-4.5255185826771651
0
LINE
8
Edge.Cuts
6
CONTINUOUS
10
3.9662668503937009
20
-4.5255185826771651
11
3.966610433070866
21
-4.5242365748031492
0
LINE
8
Edge.Cuts
6
CONTINUOUS
10
3.966610433070866
20
-4.5242365748031492
11
3.9669077952755907
21
-4.521598779527559
0
LINE
8
Edge.Cuts
6
CONTINUOUS
10
3.9669077952755907
20
-4.521598779527559
11
3.9668087795275588
21
-4.5189461811023621
0
LINE
8
Edge.Cuts
6
CONTINUOUS
10
3.9668087795275588
20
-4.5189461811023621
11
3.9665621653543308
21
-4.5176420472440943
0
LINE
8
Edge.Cuts
6
CONTINUOUS
10
3.9665621653543308
20
-4.5176420472440943
11
3.9665621259842521
21
-4.5176420078740156
0
LINE
8
Edge.Cuts
6
CONTINUOUS
10
3.9665621259842521
20
-4.5176420078740156
11
3.9662351968503935
21
-4.5121487007874013
0
LINE
8
Edge.Cuts
6
CONTINUOUS
10
3.9662351968503935
20
-4.5121487007874013
11
3.9673035826771654
21
-4.5067504330708656
0
LINE
8
Edge.Cuts
6
CONTINUOUS
10
3.9673035826771654
20
-4.5067504330708656
11
3.9696982283464566
21
-4.5017957480314958
0
LINE
8
Edge.Cuts
6
CONTINUOUS
10
3.9696982283464566
20
-4.5017957480314958
11
3.973264527559055
21
-4.4976047244094488
0
LINE
8
Edge.Cuts
6
CONTINUOUS
10
3.973264527559055
20
-4.4976047244094488
11
3.977772086614173
21
-4.4944480708661416
0
LINE
8
Edge.Cuts
6
CONTINUOUS
10
3.977772086614173
20
-4.4944480708661416
11
3.9829298818897638
21
-4.4925295669291341
0
LINE
8
Edge.Cuts
6
CONTINUOUS
10
3.9829298818897638
20
-4.4925295669291341
11
3.9884046850393702
21
-4.4919732283464562
0
LINE
8
Edge.Cuts
6
CONTINUOUS
10
3.9884046850393702
20
-4.4919732283464562
11
3.9938429133858269
21
-4.492814881889764
0
LINE
8
Edge.Cuts
6
CONTINUOUS
10
3.9816132283464567
20
-4.4968823228346455
11
3.9775952362204725
21
-4.4989921259842518
0
LINE
8
Edge.Cuts
6
CONTINUOUS
10
3.9775952362204725
20
-4.4989921259842518
11
3.9742388188976379
21
-4.5020466535433066
0
LINE
8
Edge.Cuts
6
CONTINUOUS
10
3.9742388188976379
20
-4.5020466535433066
11
3.9717607874015748
21
-4.5058486220472442
0
LINE
8
Edge.Cuts
6
CONTINUOUS
10
3.9717607874015748
20
-4.5058486220472442
11
3.9703211417322835
21
-4.5101524803149609
0
LINE
8
Edge.Cuts
6
CONTINUOUS
10
3.9703211417322835
20
-4.5101524803149609
11
3.9700129133858266
21
-4.5146802362204728
0
LINE
8
Edge.Cuts
6
CONTINUOUS
10
3.9700129133858266
20
-4.5146802362204728
11
3.9704306299212599
21
-4.5169105905511806
0
LINE
8
Edge.Cuts
6
CONTINUOUS
10
3.9704306299212599
20
-4.5169105905511806
11
3.9704305905511812
21
-4.5169107086614169
0
LINE
8
Edge.Cuts
6
CONTINUOUS
10
3.9704305905511812
20
-4.5169107086614169
11
3.9707925196850393
21
-4.5201256299212593
0
LINE
8
Edge.Cuts
6
CONTINUOUS
10
3.9707925196850393
20
-4.5201256299212593
11
3.9706712992125985
21
-4.5233587007874014
0
LINE
8
Edge.Cuts
6
CONTINUOUS
10
3.9706712992125985
20
-4.5233587007874014
11
3.9700696850393702
21
-4.5265375984251968
0
LINE
8
Edge.Cuts
6
CONTINUOUS
10
3.9700696850393702
20
-4.5265375984251968
11
3.9557461417322832
21
-4.5799937401574802
0
LINE
8
Edge.Cuts
6
CONTINUOUS
10
3.9557461417322832
20
-4.5799937401574802
11
3.955746023622047
21
-4.5799938976377952
0
LINE
8
Edge.Cuts
6
CONTINUOUS
10
3.955746023622047
20
-4.5799938976377952
11
3.9557460629921257
21
-4.5799940944881889
0
LINE
8
Edge.Cuts
6
CONTINUOUS
10
3.9557460629921257
20
-4.5799940944881889
11
3.9546773228346455
21
-4.5830475196850395
0
LINE
8
Edge.Cuts
6
CONTINUOUS
10
3.9546773228346455
20
-4.5830475196850395
11
3.9531658661417324
21
-4.5859078346456688
0
LINE
8
Edge.Cuts
6
CONTINUOUS
10
3.9531658661417324
20
-4.5859078346456688
11
3.951245433070866
21
-4.5885112204724408
0
LINE
8
Edge.Cuts
6
CONTINUOUS
10
3.951245433070866
20
-4.5885112204724408
11
3.9512452362204722
21
-4.5885112992125983
0
LINE
8
Edge.Cuts
6
CONTINUOUS
10
3.9512452362204722
20
-4.5885112992125983
11
3.9512451968503934
21
-4.5885114566929133
0
LINE
8
Edge.Cuts
6
CONTINUOUS
10
3.9512451968503934
20
-4.5885114566929133
11
3.9497683464566928
21
-4.5902341338582673
0
LINE
8
Edge.Cuts
6
CONTINUOUS
10
3.9497683464566928
20
-4.5902341338582673
11
3.9477714173228344
21
-4.5943094094488188
0
LINE
8
Edge.Cuts
6
CONTINUOUS
10
3.9477714173228344
20
-4.5943094094488188
11
3.9468662598425195
21
-4.5987564566929136
0
LINE
8
Edge.Cuts
6
CONTINUOUS
10
3.9468662598425195
20
-4.5987564566929136
11
3.947111338582677
21
-4.6032880708661414
0
LINE
8
Edge.Cuts
6
CONTINUOUS
10
3.947111338582677
20
-4.6032880708661414
11
3.9484908267716534
21
-4.6076115354330707
0
LINE
8
Edge.Cuts
6
CONTINUOUS
10
3.9484908267716534
20
-4.6076115354330707
11
3.950915590551181
21
-4.6114476771653541
0
LINE
8
Edge.Cuts
6
CONTINUOUS
10
3.950915590551181
20
-4.6114476771653541
11
3.954229094488189
21
-4.6145487007874015
0
LINE
8
Edge.Cuts
6
CONTINUOUS
10
3.954229094488189
20
-4.6145487007874015
11
3.9582172834645668
21
-4.6167142913385826
0
LINE
8
Edge.Cuts
6
CONTINUOUS
10
3.9582172834645668
20
-4.6167142913385826
11
3.9626225590551178
21
-4.6178046456692909
0
LINE
8
Edge.Cuts
6
CONTINUOUS
10
3.9626225590551178
20
-4.6178046456692909
11
3.9671604724409448
21
-4.6177492913385825
0
LINE
8
Edge.Cuts
6
CONTINUOUS
10
3.9671604724409448
20
-4.6177492913385825
11
3.9693501968503937
21
-4.6171543700787403
0
LINE
8
Edge.Cuts
6
CONTINUOUS
10
3.9693501968503937
20
-4.6171543700787403
11
3.9693505118110237
21
-4.6171543700787403
0
LINE
8
Edge.Cuts
6
CONTINUOUS
10
3.9693505118110237
20
-4.6171543700787403
11
3.973101377952756
21
-4.616476181102362
0
LINE
8
Edge.Cuts
6
CONTINUOUS
10
3.973101377952756
20
-4.616476181102362
11
3.9769133858267716
21
-4.6164661811023624
0
LINE
8
Edge.Cuts
6
CONTINUOUS
10
3.9769133858267716
20
-4.6164661811023624
11
3.9806680708661415
21
-4.6171248818897634
0
LINE
8
Edge.Cuts
6
CONTINUOUS
10
3.9806680708661415
20
-4.6171248818897634
11
4.0410918110236222
21
-4.6333153937007872
0
LINE
8
Edge.Cuts
6
CONTINUOUS
10
4.0410918110236222
20
-4.6333153937007872
11
4.0446727952755905
21
-4.6346222834645667
0
LINE
8
Edge.Cuts
6
CONTINUOUS
10
4.0446727952755905
20
-4.6346222834645667
11
4.0479691338582677
21
-4.6365369291338583
0
LINE
8
Edge.Cuts
6
CONTINUOUS
10
4.0479691338582677
20
-4.6365369291338583
11
4.0508786220472439
21
-4.638999881889764
0
LINE
8
Edge.Cuts
6
CONTINUOUS
10
4.0508786220472439
20
-4.638999881889764
11
4.0508786614173227
21
-4.6389999212598427
0
LINE
8
Edge.Cuts
6
CONTINUOUS
10
4.0508786614173227
20
-4.6389999212598427
11
4.0524775590551183
21
-4.6406100393700784
0
LINE
8
Edge.Cuts
6
CONTINUOUS
10
4.0524775590551183
20
-4.6406100393700784
11
4.0563798031496061
21
-4.642926929133858
0
LINE
8
Edge.Cuts
6
CONTINUOUS
10
4.0563798031496061
20
-4.642926929133858
11
4.0607401181102363
21
-4.6441853543307081
0
LINE
8
Edge.Cuts
6
CONTINUOUS
10
4.0607401181102363
20
-4.6441853543307081
11
4.0652768110236224
21
-4.6443039763779526
0
LINE
8
Edge.Cuts
6
CONTINUOUS
10
4.0652768110236224
20
-4.6443039763779526
11
4.0696969291338583
21
-4.6432751574803151
0
LINE
8
Edge.Cuts
6
CONTINUOUS
10
4.0696969291338583
20
-4.6432751574803151
11
4.0737149606299212
21
-4.64116531496063
0
LINE
8
Edge.Cuts
6
CONTINUOUS
10
4.0737149606299212
20
-4.64116531496063
11
4.0770713779527554
21
-4.6381107874015743
0
LINE
8
Edge.Cuts
6
CONTINUOUS
10
4.0770713779527554
20
-4.6381107874015743
11
4.0795494094488189
21
-4.6343087795275588
0
LINE
8
Edge.Cuts
6
CONTINUOUS
10
4.0795494094488189
20
-4.6343087795275588
11
4.0809890157480311
21
-4.6300049212598422
0
LINE
8
Edge.Cuts
6
CONTINUOUS
10
4.0809890157480311
20
-4.6300049212598422
11
4.0812972047244092
21
-4.6254771259842515
0
LINE
8
Edge.Cuts
6
CONTINUOUS
10
4.0812972047244092
20
-4.6254771259842515
11
4.0808794881889767
21
-4.6232467716535428
0
LINE
8
Edge.Cuts
6
CONTINUOUS
10
4.0808794881889767
20
-4.6232467716535428
11
4.0805176377952757
21
-4.6200317716535428
0
LINE
8
Edge.Cuts
6
CONTINUOUS
10
4.0805176377952757
20
-4.6200317716535428
11
4.0806388188976381
21
-4.6167987007874016
0
LINE
8
Edge.Cuts
6
CONTINUOUS
10
4.0806388188976381
20
-4.6167987007874016
11
4.0812403937007877
21
-4.6136198031496063
0
LINE
8
Edge.Cuts
6
CONTINUOUS
10
4.0812403937007877
20
-4.6136198031496063
11
4.0955639370078742
21
-4.5601636614173229
0
LINE
8
Edge.Cuts
6
CONTINUOUS
10
4.0955639370078742
20
-4.5601636614173229
11
4.0966324015748032
21
-4.5571098425196848
0
LINE
8
Edge.Cuts
6
CONTINUOUS
10
4.0966324015748032
20
-4.5571098425196848
11
4.098143976377953
21
-4.5542493307086609
0
LINE
8
Edge.Cuts
6
CONTINUOUS
10
4.098143976377953
20
-4.5542493307086609
11
4.1000648818897636
21
-4.5516459842519685
0
LINE
8
Edge.Cuts
6
CONTINUOUS
10
4.1000648818897636
20
-4.5516459842519685
11
4.1000649212598423
21
-4.551645905511811
0
LINE
8
Edge.Cuts
6
CONTINUOUS
10
4.1000649212598423
20
-4.551645905511811
11
4.1015417716535429
21
-4.5499233070866136
0
LINE
8
Edge.Cuts
6
CONTINUOUS
10
4.1015417716535429
20
-4.5499233070866136
11
4.1035387401574805
21
-4.545848031496063
0
LINE
8
Edge.Cuts
6
CONTINUOUS
10
4.1035387401574805
20
-4.545848031496063
11
4.1044439370078738
21
-4.5414009842519683
0
LINE
8
Edge.Cuts
6
CONTINUOUS
10
4.1044439370078738
20
-4.5414009842519683
11
4.1041988582677167
21
-4.5368693700787404
0
LINE
8
Edge.Cuts
6
CONTINUOUS
10
4.1041988582677167
20
-4.5368693700787404
11
4.1028194094488191
21
-4.5325458661417324
0
LINE
8
Edge.Cuts
6
CONTINUOUS
10
4.1028194094488191
20
-4.5325458661417324
11
4.1003946062992123
21
-4.5287096850393702
0
LINE
8
Edge.Cuts
6
CONTINUOUS
10
4.1003946062992123
20
-4.5287096850393702
11
4.0970811023622042
21
-4.5256086614173228
0
LINE
8
Edge.Cuts
6
CONTINUOUS
10
4.0970811023622042
20
-4.5256086614173228
11
4.0930929133858269
21
-4.523443031496063
0
LINE
8
Edge.Cuts
6
CONTINUOUS
10
4.0930929133858269
20
-4.523443031496063
11
4.0886875984251967
21
-4.5223526771653546
0
LINE
8
Edge.Cuts
6
CONTINUOUS
10
4.0886875984251967
20
-4.5223526771653546
11
4.0841496850393701
21
-4.5224080314960631
0
LINE
8
Edge.Cuts
6
CONTINUOUS
10
4.0841496850393701
20
-4.5224080314960631
11
4.0819599212598421
21
-4.523002992125984
0
LINE
8
Edge.Cuts
6
CONTINUOUS
10
4.0819599212598421
20
-4.523002992125984
11
4.0782087401574802
21
-4.5236812598425198
0
LINE
8
Edge.Cuts
6
CONTINUOUS
10
4.0782087401574802
20
-4.5236812598425198
11
4.0743967322834642
21
-4.5236912598425194
0
LINE
8
Edge.Cuts
6
CONTINUOUS
10
4.0743967322834642
20
-4.5236912598425194
11
4.0706420472440943
21
-4.5230325590551184
0
LINE
8
Edge.Cuts
6
CONTINUOUS
10
4.0706420472440943
20
-4.5230325590551184
11
4.0102182677165352
21
-4.5068420472440947
0
LINE
8
Edge.Cuts
6
CONTINUOUS
10
4.0102182677165352
20
-4.5068420472440947
11
4.0102180708661415
21
-4.5068419291338584
0
LINE
8
Edge.Cuts
6
CONTINUOUS
10
4.0102180708661415
20
-4.5068419291338584
11
4.0066372440944882
21
-4.5055351181102363
0
LINE
8
Edge.Cuts
6
CONTINUOUS
10
4.0066372440944882
20
-4.5055351181102363
11
4.0033409448818897
21
-4.5036204724409448
0
LINE
8
Edge.Cuts
6
CONTINUOUS
10
4.0033409448818897
20
-4.5036204724409448
11
4.0004315354330711
21
-4.5011575196850391
0
LINE
8
Edge.Cuts
6
CONTINUOUS
10
4.0004315354330711
20
-4.5011575196850391
11
4.0004314566929136
21
-4.5011574803149603
0
LINE
8
Edge.Cuts
6
CONTINUOUS
10
4.0004314566929136
20
-4.5011574803149603
11
3.9988325590551179
21
-4.4995473622047246
0
LINE
8
Edge.Cuts
6
CONTINUOUS
10
3.9988325590551179
20
-4.4995473622047246
11
3.9949303149606297
21
-4.4972305118110238
0
LINE
8
Edge.Cuts
6
CONTINUOUS
10
3.9949303149606297
20
-4.4972305118110238
11
3.99057
21
-4.4959721259842516
0
LINE
8
Edge.Cuts
6
CONTINUOUS
10
3.99057
20
-4.4959721259842516
11
3.9860333070866143
21
-4.495853503937008
0
LINE
8
Edge.Cuts
6
CONTINUOUS
10
3.9860333070866143
20
-4.495853503937008
11
3.9816132283464567
21
-4.4968823228346455
0
LINE
8
Edge.Cuts
6
CONTINUOUS
10
8.1615594094488184
20
-4.4876968110236222
11
8.1666098818897641
21
-4.4898822047244096
0
LINE
8
Edge.Cuts
6
CONTINUOUS
10
8.1666098818897641
20
-4.4898822047244096
11
8.1709462992125985
21
-4.4932700787401574
0
LINE
8
Edge.Cuts
6
CONTINUOUS
10
8.1709462992125985
20
-4.4932700787401574
11
8.1709463385826773
21
-4.4932701181102361
0
LINE
8
Edge.Cuts
6
CONTINUOUS
10
8.1709463385826773
20
-4.4932701181102361
11
8.1720484645669291
21
-4.494381850393701
0
LINE
8
Edge.Cuts
6
CONTINUOUS
10
8.1720484645669291
20
-4.494381850393701
11
8.1746068503937011
21
-4.4961865748031498
0
LINE
8
Edge.Cuts
6
CONTINUOUS
10
8.1746068503937011
20
-4.4961865748031498
11
8.1774420472440941
21
-4.4975146456692912
0
LINE
8
Edge.Cuts
6
CONTINUOUS
10
8.1774420472440941
20
-4.4975146456692912
11
8.1789537795275589
21
-4.4979211417322835
0
LINE
8
Edge.Cuts
6
CONTINUOUS
10
8.1789537795275589
20
-4.4979211417322835
11
8.2393775196850392
21
-4.5141116535433072
0
LINE
8
Edge.Cuts
6
CONTINUOUS
10
8.2393775196850392
20
-4.5141116535433072
11
8.2408899606299215
21
-4.5145154724409444
0
LINE
8
Edge.Cuts
6
CONTINUOUS
10
8.2408899606299215
20
-4.5145154724409444
11
8.2440093307086606
21
-4.5147829133858268
0
LINE
8
Edge.Cuts
6
CONTINUOUS
10
8.2440093307086606
20
-4.5147829133858268
11
8.2471272834645664
21
-4.5144991732283462
0
LINE
8
Edge.Cuts
6
CONTINUOUS
10
8.2471272834645664
20
-4.5144991732283462
11
8.2486375984251961
21
-4.5140874409448815
0
LINE
8
Edge.Cuts
6
CONTINUOUS
10
8.2486375984251961
20
-4.5140874409448815
11
8.2486379921259836
21
-4.5140874409448815
0
LINE
8
Edge.Cuts
6
CONTINUOUS
10
8.2486379921259836
20
-4.5140874409448815
11
8.254087047244095
21
-4.5133217322834644
0
LINE
8
Edge.Cuts
6
CONTINUOUS
10
8.254087047244095
20
-4.5133217322834644
11
8.2595535433070868
21
-4.5139544094488189
0
LINE
8
Edge.Cuts
6
CONTINUOUS
10
8.2595535433070868
20
-4.5139544094488189
11
8.2646840157480312
21
-4.5159446062992128
0
LINE
8
Edge.Cuts
6
CONTINUOUS
10
8.2646840157480312
20
-4.5159446062992128
11
8.2691471259842526
21
-4.5191638188976375
0
LINE
8
Edge.Cuts
6
CONTINUOUS
10
8.2691471259842526
20
-4.5191638188976375
11
8.2726546456692915
21
-4.523404094488189
0
LINE
8
Edge.Cuts
6
CONTINUOUS
10
8.2726546456692915
20
-4.523404094488189
11
8.2749799999999993
21
-4.5283916535433066
0
LINE
8
Edge.Cuts
6
CONTINUOUS
10
8.2749799999999993
20
-4.5283916535433066
11
8.2759729921259844
21
-4.5338042913385825
0
LINE
8
Edge.Cuts
6
CONTINUOUS
10
8.2759729921259844
20
-4.5338042913385825
11
8.2755695275590551
21
-4.539292440944882
0
LINE
8
Edge.Cuts
6
CONTINUOUS
10
8.2755695275590551
20
-4.539292440944882
11
8.2737956692913386
21
-4.5445016929133857
0
LINE
8
Edge.Cuts
6
CONTINUOUS
10
8.2737956692913386
20
-4.5445016929133857
11
8.2707662598425191
21
-4.5490949606299216
0
LINE
8
Edge.Cuts
6
CONTINUOUS
10
8.2707662598425191
20
-4.5490949606299216
11
8.2707661417322829
21
-4.5490953149606295
0
LINE
8
Edge.Cuts
6
CONTINUOUS
10
8.2707661417322829
20
-4.5490953149606295
11
8.2699005511811023
21
-4.5501015748031497
0
LINE
8
Edge.Cuts
6
CONTINUOUS
10
8.2699005511811023
20
-4.5501015748031497
11
8.2684885039370073
21
-4.5523496062992121
0
LINE
8
Edge.Cuts
6
CONTINUOUS
10
8.2684885039370073
20
-4.5523496062992121
11
8.2674268897637795
21
-4.5547827952755906
0
LINE
8
Edge.Cuts
6
CONTINUOUS
10
8.2674268897637795
20
-4.5547827952755906
11
8.2670833070866134
21
-4.556064566929134
0
LINE
8
Edge.Cuts
6
CONTINUOUS
10
8.2670833070866134
20
-4.556064566929134
11
8.2670833070866134
21
-4.5560646062992127
0
LINE
8
Edge.Cuts
6
CONTINUOUS
10
8.2670833070866134
20
-4.5560646062992127
11
8.2527597637795278
21
-4.6095207480314961
0
LINE
8
Edge.Cuts
6
CONTINUOUS
10
8.2527597637795278
20
-4.6095207480314961
11
8.2527597637795278
21
-4.6095207874015749
0
LINE
8
Edge.Cuts
6
CONTINUOUS
10
8.2527597637795278
20
-4.6095207874015749
11
8.2524161811023617
21
-4.6108027952755908
0
LINE
8
Edge.Cuts
6
CONTINUOUS
10
8.2524161811023617
20
-4.6108027952755908
11
8.2521188188976371
21
-4.6134405905511811
0
LINE
8
Edge.Cuts
6
CONTINUOUS
10
8.2521188188976371
20
-4.6134405905511811
11
8.2522178346456698
21
-4.6160931889763779
0
LINE
8
Edge.Cuts
6
CONTINUOUS
10
8.2522178346456698
20
-4.6160931889763779
11
8.2524644094488195
21
-4.6173972440944882
0
LINE
8
Edge.Cuts
6
CONTINUOUS
10
8.2524644094488195
20
-4.6173972440944882
11
8.252464488188977
21
-4.6173973622047244
0
LINE
8
Edge.Cuts
6
CONTINUOUS
10
8.252464488188977
20
-4.6173973622047244
11
8.2527914173228343
21
-4.6228906692913387
0
LINE
8
Edge.Cuts
6
CONTINUOUS
10
8.2527914173228343
20
-4.6228906692913387
11
8.2517230314960628
21
-4.6282889370078735
0
LINE
8
Edge.Cuts
6
CONTINUOUS
10
8.2517230314960628
20
-4.6282889370078735
11
8.2493283858267716
21
-4.6332436220472442
0
LINE
8
Edge.Cuts
6
CONTINUOUS
10
8.2493283858267716
20
-4.6332436220472442
11
8.2457620866141728
21
-4.6374346456692912
0
LINE
8
Edge.Cuts
6
CONTINUOUS
10
8.2457620866141728
20
-4.6374346456692912
11
8.2412545275590556
21
-4.6405912992125984
0
LINE
8
Edge.Cuts
6
CONTINUOUS
10
8.2412545275590556
20
-4.6405912992125984
11
8.236096732283464
21
-4.6425098031496059
0
LINE
8
Edge.Cuts
6
CONTINUOUS
10
8.236096732283464
20
-4.6425098031496059
11
8.2306219291338589
21
-4.6430661417322829
0
LINE
8
Edge.Cuts
6
CONTINUOUS
10
8.2306219291338589
20
-4.6430661417322829
11
8.2251837007874009
21
-4.642224488188976
0
LINE
8
Edge.Cuts
6
CONTINUOUS
10
8.2251837007874009
20
-4.642224488188976
11
8.220133228346457
21
-4.6400390944881886
0
LINE
8
Edge.Cuts
6
CONTINUOUS
10
8.220133228346457
20
-4.6400390944881886
11
8.2157967322834651
21
-4.6366511811023621
0
LINE
8
Edge.Cuts
6
CONTINUOUS
10
8.2157967322834651
20
-4.6366511811023621
11
8.2157966535433076
21
-4.6366510629921258
0
LINE
8
Edge.Cuts
6
CONTINUOUS
10
8.2157966535433076
20
-4.6366510629921258
11
8.2146946850393707
21
-4.6355394488188972
0
LINE
8
Edge.Cuts
6
CONTINUOUS
10
8.2146946850393707
20
-4.6355394488188972
11
8.2121362992125988
21
-4.6337347637795272
0
LINE
8
Edge.Cuts
6
CONTINUOUS
10
8.2121362992125988
20
-4.6337347637795272
11
8.209301102362204
21
-4.6324066929133858
0
LINE
8
Edge.Cuts
6
CONTINUOUS
10
8.209301102362204
20
-4.6324066929133858
11
8.207789409448818
21
-4.6320001968503934
0
LINE
8
Edge.Cuts
6
CONTINUOUS
10
8.207789409448818
20
-4.6320001968503934
11
8.2077893307086605
21
-4.6320001181102359
0
LINE
8
Edge.Cuts
6
CONTINUOUS
10
8.2077893307086605
20
-4.6320001181102359
11
8.1473655905511801
21
-4.615809645669291
0
LINE
8
Edge.Cuts
6
CONTINUOUS
10
8.1473655905511801
20
-4.615809645669291
11
8.1458531496062996
21
-4.6154058267716538
0
LINE
8
Edge.Cuts
6
CONTINUOUS
10
8.1458531496062996
20
-4.6154058267716538
11
8.1427337795275587
21
-4.6151383858267714
0
LINE
8
Edge.Cuts
6
CONTINUOUS
10
8.1427337795275587
20
-4.6151383858267714
11
8.139615826771653
21
-4.6154221259842521
0
LINE
8
Edge.Cuts
6
CONTINUOUS
10
8.139615826771653
20
-4.6154221259842521
11
8.1381055118110233
21
-4.6158338582677167
0
LINE
8
Edge.Cuts
6
CONTINUOUS
10
8.1381055118110233
20
-4.6158338582677167
11
8.1326560629921261
21
-4.6165996456692913
0
LINE
8
Edge.Cuts
6
CONTINUOUS
10
8.1326560629921261
20
-4.6165996456692913
11
8.1271895275590555
21
-4.6159670078740156
0
LINE
8
Edge.Cuts
6
CONTINUOUS
10
8.1271895275590555
20
-4.6159670078740156
11
8.1220590157480306
21
-4.6139768110236217
0
LINE
8
Edge.Cuts
6
CONTINUOUS
10
8.1220590157480306
20
-4.6139768110236217
11
8.1175958661417322
21
-4.6107575984251969
0
LINE
8
Edge.Cuts
6
CONTINUOUS
10
8.1175958661417322
20
-4.6107575984251969
11
8.1140883464566933
21
-4.6065172440944879
0
LINE
8
Edge.Cuts
6
CONTINUOUS
10
8.1140883464566933
20
-4.6065172440944879
11
8.1117630314960625
21
-4.6015296850393703
0
LINE
8
Edge.Cuts
6
CONTINUOUS
10
8.1117630314960625
20
-4.6015296850393703
11
8.1107700393700792
21
-4.5961170078740157
0
LINE
8
Edge.Cuts
6
CONTINUOUS
10
8.1107700393700792
20
-4.5961170078740157
11
8.1111735433070873
21
-4.5906288188976374
0
LINE
8
Edge.Cuts
6
CONTINUOUS
10
8.1111735433070873
20
-4.5906288188976374
11
8.1129474409448825
21
-4.5854195669291338
0
LINE
8
Edge.Cuts
6
CONTINUOUS
10
8.1129474409448825
20
-4.5854195669291338
11
8.1159772440944877
21
-4.5808257086614175
0
LINE
8
Edge.Cuts
6
CONTINUOUS
10
8.1159772440944877
20
-4.5808257086614175
11
8.1159772440944877
21
-4.5808256692913387
0
LINE
8
Edge.Cuts
6
CONTINUOUS
10
8.1159772440944877
20
-4.5808256692913387
11
8.1168429133858258
21
-4.5798196062992123
0
LINE
8
Edge.Cuts
6
CONTINUOUS
10
8.1168429133858258
20
-4.5798196062992123
11
8.1182549606299208
21
-4.5775718503937011
0
LINE
8
Edge.Cuts
6
CONTINUOUS
10
8.1182549606299208
20
-4.5775718503937011
11
8.1193163779527548
21
-4.5751388188976376
0
LINE
8
Edge.Cuts
6
CONTINUOUS
10
8.1193163779527548
20
-4.5751388188976376
11
8.1196598425196846
21
-4.5738568110236217
0
LINE
8
Edge.Cuts
6
CONTINUOUS
10
8.1196598425196846
20
-4.5738568110236217
11
8.1196598425196846
21
-4.5738567322834642
0
LINE
8
Edge.Cuts
6
CONTINUOUS
10
8.1196598425196846
20
-4.5738567322834642
11
8.1339833858267721
21
-4.5204005905511808
0
LINE
8
Edge.Cuts
6
CONTINUOUS
10
8.1339833858267721
20
-4.5204005905511808
11
8.1343269291338576
21
-4.5191185826771649
0
LINE
8
Edge.Cuts
6
CONTINUOUS
10
8.1343269291338576
20
-4.5191185826771649
11
8.1346242519685035
21
-4.5164807874015747
0
LINE
8
Edge.Cuts
6
CONTINUOUS
10
8.1346242519685035
20
-4.5164807874015747
11
8.1345252362204725
21
-4.5138281102362203
0
LINE
8
Edge.Cuts
6
CONTINUOUS
10
8.1345252362204725
20
-4.5138281102362203
11
8.1342786220472441
21
-4.5125239763779526
0
LINE
8
Edge.Cuts
6
CONTINUOUS
10
8.1342786220472441
20
-4.5125239763779526
11
8.1339516535433063
21
-4.507030708661417
0
LINE
8
Edge.Cuts
6
CONTINUOUS
10
8.1339516535433063
20
-4.507030708661417
11
8.135019999999999
21
-4.5016324015748035
0
LINE
8
Edge.Cuts
6
CONTINUOUS
10
8.135019999999999
20
-4.5016324015748035
11
8.137414645669292
21
-4.4966777165354328
0
LINE
8
Edge.Cuts
6
CONTINUOUS
10
8.137414645669292
20
-4.4966777165354328
11
8.1409809448818891
21
-4.4924866929133858
0
LINE
8
Edge.Cuts
6
CONTINUOUS
10
8.1409809448818891
20
-4.4924866929133858
11
8.1454885433070867
21
-4.4893299606299211
0
LINE
8
Edge.Cuts
6
CONTINUOUS
10
8.1454885433070867
20
-4.4893299606299211
11
8.1506463385826766
21
-4.4874114960629923
0
LINE
8
Edge.Cuts
6
CONTINUOUS
10
8.1506463385826766
20
-4.4874114960629923
11
8.1561211417322834
21
-4.4868551181102365
0
LINE
8
Edge.Cuts
6
CONTINUOUS
10
8.1561211417322834
20
-4.4868551181102365
11
8.1615594094488184
21
-4.4876968110236222
0
LINE
8
Edge.Cuts
6
CONTINUOUS
10
8.1493296850393691
20
-4.491764212598425
11
8.1453116535433061
21
-4.49387405511811
0
LINE
8
Edge.Cuts
6
CONTINUOUS
10
8.1453116535433061
20
-4.49387405511811
11
8.1419552362204719
21
-4.4969285826771657
0
LINE
8
Edge.Cuts
6
CONTINUOUS
10
8.1419552362204719
20
-4.4969285826771657
11
8.1394772047244093
21
-4.5007305905511812
0
LINE
8
Edge.Cuts
6
CONTINUOUS
10
8.1394772047244093
20
-4.5007305905511812
11
8.1380375984251963
21
-4.5050344488188978
0
LINE
8
Edge.Cuts
6
CONTINUOUS
10
8.1380375984251963
20
-4.5050344488188978
11
8.1377294094488182
21
-4.5095622440944885
0
LINE
8
Edge.Cuts
6
CONTINUOUS
10
8.1377294094488182
20
-4.5095622440944885
11
8.1381470866141736
21
-4.5117925196850397
0
LINE
8
Edge.Cuts
6
CONTINUOUS
10
8.1381470866141736
20
-4.5117925196850397
11
8.1381471259842524
21
-4.5117925590551184
0
LINE
8
Edge.Cuts
6
CONTINUOUS
10
8.1381471259842524
20
-4.5117925590551184
11
8.1385089763779526
21
-4.5150075984251972
0
LINE
8
Edge.Cuts
6
CONTINUOUS
10
8.1385089763779526
20
-4.5150075984251972
11
8.138387795275591
21
-4.5182406692913384
0
LINE
8
Edge.Cuts
6
CONTINUOUS
10
8.138387795275591
20
-4.5182406692913384
11
8.1377862204724405
21
-4.5214195669291337
0
LINE
8
Edge.Cuts
6
CONTINUOUS
10
8.1377862204724405
20
-4.5214195669291337
11
8.1234626771653549
21
-4.5748757086614171
0
LINE
8
Edge.Cuts
6
CONTINUOUS
10
8.1234626771653549
20
-4.5748757086614171
11
8.1223942125984259
21
-4.5779295275590552
0
LINE
8
Edge.Cuts
6
CONTINUOUS
10
8.1223942125984259
20
-4.5779295275590552
11
8.1208826377952761
21
-4.5807900393700782
0
LINE
8
Edge.Cuts
6
CONTINUOUS
10
8.1208826377952761
20
-4.5807900393700782
11
8.1189617322834646
21
-4.5833933858267715
0
LINE
8
Edge.Cuts
6
CONTINUOUS
10
8.1189617322834646
20
-4.5833933858267715
11
8.1189616535433071
21
-4.5833934251968502
0
LINE
8
Edge.Cuts
6
CONTINUOUS
10
8.1189616535433071
20
-4.5833934251968502
11
8.1174848425196853
21
-4.5851160629921255
0
LINE
8
Edge.Cuts
6
CONTINUOUS
10
8.1174848425196853
20
-4.5851160629921255
11
8.1154878740157486
21
-4.589191338582677
0
LINE
8
Edge.Cuts
6
CONTINUOUS
10
8.1154878740157486
20
-4.589191338582677
11
8.1145826771653535
21
-4.5936383858267718
0
LINE
8
Edge.Cuts
6
CONTINUOUS
10
8.1145826771653535
20
-4.5936383858267718
11
8.1148277559055124
21
-4.5981699999999996
0
LINE
8
Edge.Cuts
6
CONTINUOUS
10
8.1148277559055124
20
-4.5981699999999996
11
8.1162072047244092
21
-4.6024935039370076
0
LINE
8
Edge.Cuts
6
CONTINUOUS
10
8.1162072047244092
20
-4.6024935039370076
11
8.118632007874016
21
-4.6063296850393698
0
LINE
8
Edge.Cuts
6
CONTINUOUS
10
8.118632007874016
20
-4.6063296850393698
11
8.121945511811024
21
-4.6094307086614172
0
LINE
8
Edge.Cuts
6
CONTINUOUS
10
8.121945511811024
20
-4.6094307086614172
11
8.1259337007874013
21
-4.611596338582677
0
LINE
8
Edge.Cuts
6
CONTINUOUS
10
8.1259337007874013
20
-4.611596338582677
11
8.1303390157480315
21
-4.6126866929133854
0
LINE
8
Edge.Cuts
6
CONTINUOUS
10
8.1303390157480315
20
-4.6126866929133854
11
8.1348769291338581
21
-4.6126313385826769
0
LINE
8
Edge.Cuts
6
CONTINUOUS
10
8.1348769291338581
20
-4.6126313385826769
11
8.1370666929133861
21
-4.612036377952756
0
LINE
8
Edge.Cuts
6
CONTINUOUS
10
8.1370666929133861
20
-4.612036377952756
11
8.1408178740157471
21
-4.6113581102362202
0
LINE
8
Edge.Cuts
6
CONTINUOUS
10
8.1408178740157471
20
-4.6113581102362202
11
8.1446298818897631
21
-4.6113481102362206
0
LINE
8
Edge.Cuts
6
CONTINUOUS
10
8.1446298818897631
20
-4.6113481102362206
11
8.148384566929133
21
-4.6120068110236216
0
LINE
8
Edge.Cuts
6
CONTINUOUS
10
8.148384566929133
20
-4.6120068110236216
11
8.2088083464566921
21
-4.6281973228346454
0
LINE
8
Edge.Cuts
6
CONTINUOUS
10
8.2088083464566921
20
-4.6281973228346454
11
8.2088085039370071
21
-4.6281974015748029
0
LINE
8
Edge.Cuts
6
CONTINUOUS
10
8.2088085039370071
20
-4.6281974015748029
11
8.2123893700787391
21
-4.6295042519685037
0
LINE
8
Edge.Cuts
6
CONTINUOUS
10
8.2123893700787391
20
-4.6295042519685037
11
8.2156856692913376
21
-4.6314188976377952
0
LINE
8
Edge.Cuts
6
CONTINUOUS
10
8.2156856692913376
20
-4.6314188976377952
11
8.2185950393700793
21
-4.6338818110236222
0
LINE
8
Edge.Cuts
6
CONTINUOUS
10
8.2185950393700793
20
-4.6338818110236222
11
8.2185951574803155
21
-4.6338818897637797
0
LINE
8
Edge.Cuts
6
CONTINUOUS
10
8.2185951574803155
20
-4.6338818897637797
11
8.2201940551181103
21
-4.6354920078740154
0
LINE
8
Edge.Cuts
6
CONTINUOUS
10
8.2201940551181103
20
-4.6354920078740154
11
8.224096299212599
21
-4.6378088582677162
0
LINE
8
Edge.Cuts
6
CONTINUOUS
10
8.224096299212599
20
-4.6378088582677162
11
8.2284566141732274
21
-4.6390672440944885
0
LINE
8
Edge.Cuts
6
CONTINUOUS
10
8.2284566141732274
20
-4.6390672440944885
11
8.2329933070866144
21
-4.639185866141732
0
LINE
8
Edge.Cuts
6
CONTINUOUS
10
8.2329933070866144
20
-4.639185866141732
11
8.2374133858267715
21
-4.6381570472440945
0
LINE
8
Edge.Cuts
6
CONTINUOUS
10
8.2374133858267715
20
-4.6381570472440945
11
8.2414313779527557
21
-4.6360472440944882
0
LINE
8
Edge.Cuts
6
CONTINUOUS
10
8.2414313779527557
20
-4.6360472440944882
11
8.2447877952755899
21
-4.6329927165354325
0
LINE
8
Edge.Cuts
6
CONTINUOUS
10
8.2447877952755899
20
-4.6329927165354325
11
8.2472658267716525
21
-4.6291907480314958
0
LINE
8
Edge.Cuts
6
CONTINUOUS
10
8.2472658267716525
20
-4.6291907480314958
11
8.2487054724409443
21
-4.6248868897637792
0
LINE
8
Edge.Cuts
6
CONTINUOUS
10
8.2487054724409443
20
-4.6248868897637792
11
8.2490137007874011
21
-4.6203591338582672
0
LINE
8
Edge.Cuts
6
CONTINUOUS
10
8.2490137007874011
20
-4.6203591338582672
11
8.2485959842519687
21
-4.6181287795275585
0
LINE
8
Edge.Cuts
6
CONTINUOUS
10
8.2485959842519687
20
-4.6181287795275585
11
8.2485959842519687
21
-4.6181286220472444
0
LINE
8
Edge.Cuts
6
CONTINUOUS
10
8.2485959842519687
20
-4.6181286220472444
11
8.248234094488188
21
-4.6149137401574798
0
LINE
8
Edge.Cuts
6
CONTINUOUS
10
8.248234094488188
20
-4.6149137401574798
11
8.2483553149606301
21
-4.6116806692913386
0
LINE
8
Edge.Cuts
6
CONTINUOUS
10
8.2483553149606301
20
-4.6116806692913386
11
8.2489569291338576
21
-4.6085017322834645
0
LINE
8
Edge.Cuts
6
CONTINUOUS
10
8.2489569291338576
20
-4.6085017322834645
11
8.2489569291338576
21
-4.6085016929133857
0
LINE
8
Edge.Cuts
6
CONTINUOUS
10
8.2489569291338576
20
-4.6085016929133857
11
8.263280472440945
21
-4.5550456299212598
0
LINE
8
Edge.Cuts
6
CONTINUOUS
10
8.263280472440945
20
-4.5550456299212598
11
8.2632805511811025
21
-4.5550454330708661
0
LINE
8
Edge.Cuts
6
CONTINUOUS
10
8.2632805511811025
20
-4.5550454330708661
11
8.2632805511811025
21
-4.5550452755905511
0
LINE
8
Edge.Cuts
6
CONTINUOUS
10
8.2632805511811025
20
-4.5550452755905511
11
8.2643492913385828
21
-4.5519918503937005
0
LINE
8
Edge.Cuts
6
CONTINUOUS
10
8.2643492913385828
20
-4.5519918503937005
11
8.2658607480314963
21
-4.5491315354330704
0
LINE
8
Edge.Cuts
6
CONTINUOUS
10
8.2658607480314963
20
-4.5491315354330704
11
8.2677811811023627
21
-4.5465281496062993
0
LINE
8
Edge.Cuts
6
CONTINUOUS
10
8.2677811811023627
20
-4.5465281496062993
11
8.2677813385826777
21
-4.546528031496063
0
LINE
8
Edge.Cuts
6
CONTINUOUS
10
8.2677813385826777
20
-4.546528031496063
11
8.2677814173228352
21
-4.5465279133858267
0
LINE
8
Edge.Cuts
6
CONTINUOUS
10
8.2677814173228352
20
-4.5465279133858267
11
8.2692582677165358
21
-4.5448052362204727
0
LINE
8
Edge.Cuts
6
CONTINUOUS
10
8.2692582677165358
20
-4.5448052362204727
11
8.2712551968503938
21
-4.5407299606299212
0
LINE
8
Edge.Cuts
6
CONTINUOUS
10
8.2712551968503938
20
-4.5407299606299212
11
8.2721603543307083
21
-4.5362829133858265
0
LINE
8
Edge.Cuts
6
CONTINUOUS
10
8.2721603543307083
20
-4.5362829133858265
11
8.2719152755905512
21
-4.5317512992125986
0
LINE
8
Edge.Cuts
6
CONTINUOUS
10
8.2719152755905512
20
-4.5317512992125986
11
8.2705357874015739
21
-4.5274278346456693
0
LINE
8
Edge.Cuts
6
CONTINUOUS
10
8.2705357874015739
20
-4.5274278346456693
11
8.2681110236220476
21
-4.5235916929133859
0
LINE
8
Edge.Cuts
6
CONTINUOUS
10
8.2681110236220476
20
-4.5235916929133859
11
8.2647975196850396
21
-4.5204906692913385
0
LINE
8
Edge.Cuts
6
CONTINUOUS
10
8.2647975196850396
20
-4.5204906692913385
11
8.2608093307086605
21
-4.5183250787401574
0
LINE
8
Edge.Cuts
6
CONTINUOUS
10
8.2608093307086605
20
-4.5183250787401574
11
8.2564040551181108
21
-4.5172347244094491
0
LINE
8
Edge.Cuts
6
CONTINUOUS
10
8.2564040551181108
20
-4.5172347244094491
11
8.2518661417322825
21
-4.5172900787401575
0
LINE
8
Edge.Cuts
6
CONTINUOUS
10
8.2518661417322825
20
-4.5172900787401575
11
8.249676417322835
21
-4.5178849999999997
0
LINE
8
Edge.Cuts
6
CONTINUOUS
10
8.249676417322835
20
-4.5178849999999997
11
8.2496760629921262
21
-4.517884960629921
0
LINE
8
Edge.Cuts
6
CONTINUOUS
10
8.2496760629921262
20
-4.517884960629921
11
8.2459252362204722
21
-4.518563188976378
0
LINE
8
Edge.Cuts
6
CONTINUOUS
10
8.2459252362204722
20
-4.518563188976378
11
8.2421132283464562
21
-4.5185731889763776
0
LINE
8
Edge.Cuts
6
CONTINUOUS
10
8.2421132283464562
20
-4.5185731889763776
11
8.2383585433070863
21
-4.5179144881889766
0
LINE
8
Edge.Cuts
6
CONTINUOUS
10
8.2383585433070863
20
-4.5179144881889766
11
8.177934803149606
21
-4.5017239763779529
0
LINE
8
Edge.Cuts
6
CONTINUOUS
10
8.177934803149606
20
-4.5017239763779529
11
8.1743538188976377
21
-4.5004170866141733
0
LINE
8
Edge.Cuts
6
CONTINUOUS
10
8.1743538188976377
20
-4.5004170866141733
11
8.1710574803149605
21
-4.4985024409448817
0
LINE
8
Edge.Cuts
6
CONTINUOUS
10
8.1710574803149605
20
-4.4985024409448817
11
8.1681479921259843
21
-4.496039488188976
0
LINE
8
Edge.Cuts
6
CONTINUOUS
10
8.1681479921259843
20
-4.496039488188976
11
8.1681479527559055
21
-4.4960394488188973
0
LINE
8
Edge.Cuts
6
CONTINUOUS
10
8.1681479527559055
20
-4.4960394488188973
11
8.1665490551181108
21
-4.4944293307086616
0
LINE
8
Edge.Cuts
6
CONTINUOUS
10
8.1665490551181108
20
-4.4944293307086616
11
8.1626468110236221
21
-4.492112440944882
0
LINE
8
Edge.Cuts
6
CONTINUOUS
10
8.1626468110236221
20
-4.492112440944882
11
8.1582864960629919
21
-4.490854015748031
0
LINE
8
Edge.Cuts
6
CONTINUOUS
10
8.1582864960629919
20
-4.490854015748031
11
8.1537498031496067
21
-4.4907353937007874
0
LINE
8
Edge.Cuts
6
CONTINUOUS
10
8.1537498031496067
20
-4.4907353937007874
11
8.1493296850393691
21
-4.491764212598425
0
LINE
8
Edge.Cuts
6
CONTINUOUS
10
3.2117725984251968
20
-4.3861654724409451
11
3.2169168503937007
21
-4.3881198425196848
0
LINE
8
Edge.Cuts
6
CONTINUOUS
10
3.2169168503937007
20
-4.3881198425196848
11
3.2214023228346456
21
-4.3913078740157481
0
LINE
8
Edge.Cuts
6
CONTINUOUS
10
3.2214023228346456
20
-4.3913078740157481
11
3.2249393307086613
21
-4.3955236614173225
0
LINE
8
Edge.Cuts
6
CONTINUOUS
10
3.2249393307086613
20
-4.3955236614173225
11
3.22729937007874
21
-4.400494881889764
0
LINE
8
Edge.Cuts
6
CONTINUOUS
10
3.22729937007874
20
-4.400494881889764
11
3.2283300787401572
21
-4.4059005118110237
0
LINE
8
Edge.Cuts
6
CONTINUOUS
10
3.2283300787401572
20
-4.4059005118110237
11
3.2279648818897635
21
-4.4113913779527554
0
LINE
8
Edge.Cuts
6
CONTINUOUS
10
3.2279648818897635
20
-4.4113913779527554
11
3.2262272834645667
21
-4.4166128740157475
0
LINE
8
Edge.Cuts
6
CONTINUOUS
10
3.2262272834645667
20
-4.4166128740157475
11
3.2256515748031496
21
-4.4178087401574802
0
LINE
8
Edge.Cuts
6
CONTINUOUS
10
3.2256515748031496
20
-4.4178087401574802
11
3.2248693700787401
21
-4.420345354330709
0
LINE
8
Edge.Cuts
6
CONTINUOUS
10
3.2248693700787401
20
-4.420345354330709
11
3.2244738582677166
21
-4.4229702362204719
0
LINE
8
Edge.Cuts
6
CONTINUOUS
10
3.2244738582677166
20
-4.4229702362204719
11
3.2244738976377953
21
-4.4242974803149604
0
LINE
8
Edge.Cuts
6
CONTINUOUS
10
3.2244738976377953
20
-4.4242974803149604
11
3.2244738976377953
21
-4.4242975196850391
0
LINE
8
Edge.Cuts
6
CONTINUOUS
10
3.2244738976377953
20
-4.4242975196850391
11
3.2244738976377953
21
-4.4796394094488186
0
LINE
8
Edge.Cuts
6
CONTINUOUS
10
3.2244738976377953
20
-4.4796394094488186
11
3.2244738582677166
21
-4.480966653543307
0
LINE
8
Edge.Cuts
6
CONTINUOUS
10
3.2244738582677166
20
-4.480966653543307
11
3.2248693700787401
21
-4.4835915354330709
0
LINE
8
Edge.Cuts
6
CONTINUOUS
10
3.2248693700787401
20
-4.4835915354330709
11
3.2256515748031496
21
-4.4861281889763776
0
LINE
8
Edge.Cuts
6
CONTINUOUS
10
3.2256515748031496
20
-4.4861281889763776
11
3.2262272440944879
21
-4.4873239370078739
0
LINE
8
Edge.Cuts
6
CONTINUOUS
10
3.2262272440944879
20
-4.4873239370078739
11
3.2262272834645667
21
-4.4873240157480314
0
LINE
8
Edge.Cuts
6
CONTINUOUS
10
3.2262272834645667
20
-4.4873240157480314
11
3.2279648818897635
21
-4.4925455118110236
0
LINE
8
Edge.Cuts
6
CONTINUOUS
10
3.2279648818897635
20
-4.4925455118110236
11
3.228330118110236
21
-4.4980363779527561
0
LINE
8
Edge.Cuts
6
CONTINUOUS
10
3.228330118110236
20
-4.4980363779527561
11
3.2272994094488188
21
-4.5034420078740158
0
LINE
8
Edge.Cuts
6
CONTINUOUS
10
3.2272994094488188
20
-4.5034420078740158
11
3.2249393700787401
21
-4.5084132677165352
0
LINE
8
Edge.Cuts
6
CONTINUOUS
10
3.2249393700787401
20
-4.5084132677165352
11
3.2214023622047243
21
-4.5126290551181105
0
LINE
8
Edge.Cuts
6
CONTINUOUS
10
3.2214023622047243
20
-4.5126290551181105
11
3.2169168897637794
21
-4.5158170866141729
0
LINE
8
Edge.Cuts
6
CONTINUOUS
10
3.2169168897637794
20
-4.5158170866141729
11
3.2117726377952756
21
-4.5177714960629922
0
LINE
8
Edge.Cuts
6
CONTINUOUS
10
3.2117726377952756
20
-4.5177714960629922
11
3.2063018110236219
21
-4.5183659842519681
0
LINE
8
Edge.Cuts
6
CONTINUOUS
10
3.2063018110236219
20
-4.5183659842519681
11
3.2008578346456691
21
-4.5175622440944885
0
LINE
8
Edge.Cuts
6
CONTINUOUS
10
3.2008578346456691
20
-4.5175622440944885
11
3.1957922440944881
21
-4.5154121259842519
0
LINE
8
Edge.Cuts
6
CONTINUOUS
10
3.1957922440944881
20
-4.5154121259842519
11
3.1944399999999997
21
-4.5146235433070867
0
LINE
8
Edge.Cuts
6
CONTINUOUS
10
3.1944399999999997
20
-4.5146235433070867
11
3.1915016929133859
21
-4.5135424803149604
0
LINE
8
Edge.Cuts
6
CONTINUOUS
10
3.1915016929133859
20
-4.5135424803149604
11
3.1884193700787402
21
-4.51299342519685
0
LINE
8
Edge.Cuts
6
CONTINUOUS
10
3.1884193700787402
20
-4.51299342519685
11
3.1868539370078741
21
-4.5129920866141733
0
LINE
8
Edge.Cuts
6
CONTINUOUS
10
3.1868539370078741
20
-4.5129920866141733
11
3.1242986614173227
21
-4.5129920866141733
0
LINE
8
Edge.Cuts
6
CONTINUOUS
10
3.1242986614173227
20
-4.5129920866141733
11
3.1227332677165354
21
-4.5129934645669287
0
LINE
8
Edge.Cuts
6
CONTINUOUS
10
3.1227332677165354
20
-4.5129934645669287
11
3.1196509448818897
21
-4.5135424803149604
0
LINE
8
Edge.Cuts
6
CONTINUOUS
10
3.1196509448818897
20
-4.5135424803149604
11
3.1167126377952754
21
-4.5146235433070867
0
LINE
8
Edge.Cuts
6
CONTINUOUS
10
3.1167126377952754
20
-4.5146235433070867
11
3.1153603937007874
21
-4.5154121259842519
0
LINE
8
Edge.Cuts
6
CONTINUOUS
10
3.1153603937007874
20
-4.5154121259842519
11
3.1153599212598424
21
-4.5154122047244094
0
LINE
8
Edge.Cuts
6
CONTINUOUS
10
3.1153599212598424
20
-4.5154122047244094
11
3.1102947637795273
21
-4.517562165354331
0
LINE
8
Edge.Cuts
6
CONTINUOUS
10
3.1102947637795273
20
-4.517562165354331
11
3.1048507874015749
21
-4.5183659055118106
0
LINE
8
Edge.Cuts
6
CONTINUOUS
10
3.1048507874015749
20
-4.5183659055118106
11
3.09938
21
-4.5177714173228347
0
LINE
8
Edge.Cuts
6
CONTINUOUS
10
3.09938
20
-4.5177714173228347
11
3.0942357480314961
21
-4.5158170078740154
0
LINE
8
Edge.Cuts
6
CONTINUOUS
10
3.0942357480314961
20
-4.5158170078740154
11
3.08975031496063
21
-4.512628976377953
0
LINE
8
Edge.Cuts
6
CONTINUOUS
10
3.08975031496063
20
-4.512628976377953
11
3.0862133070866142
21
-4.5084132283464564
0
LINE
8
Edge.Cuts
6
CONTINUOUS
10
3.0862133070866142
20
-4.5084132283464564
11
3.0838532283464568
21
-4.5034420078740158
0
LINE
8
Edge.Cuts
6
CONTINUOUS
10
3.0838532283464568
20
-4.5034420078740158
11
3.0828225196850392
21
-4.4980364173228349
0
LINE
8
Edge.Cuts
6
CONTINUOUS
10
3.0828225196850392
20
-4.4980364173228349
11
3.0831877559055116
21
-4.4925455511811023
0
LINE
8
Edge.Cuts
6
CONTINUOUS
10
3.0831877559055116
20
-4.4925455511811023
11
3.084925275590551
21
-4.4873240551181102
0
LINE
8
Edge.Cuts
6
CONTINUOUS
10
3.084925275590551
20
-4.4873240551181102
11
3.0849253149606297
21
-4.4873239763779527
0
LINE
8
Edge.Cuts
6
CONTINUOUS
10
3.0849253149606297
20
-4.4873239763779527
11
3.0855007874015747
21
-4.4861283464566926
0
LINE
8
Edge.Cuts
6
CONTINUOUS
10
3.0855007874015747
20
-4.4861283464566926
11
3.0862829133858267
21
-4.4835914960629921
0
LINE
8
Edge.Cuts
6
CONTINUOUS
10
3.0862829133858267
20
-4.4835914960629921
11
3.0866785826771652
21
-4.4809664566929133
0
LINE
8
Edge.Cuts
6
CONTINUOUS
10
3.0866785826771652
20
-4.4809664566929133
11
3.0866787007874015
21
-4.4796391338582673
0
LINE
8
Edge.Cuts
6
CONTINUOUS
10
3.0866787007874015
20
-4.4796391338582673
11
3.0866787007874015
21
-4.4242975196850391
0
LINE
8
Edge.Cuts
6
CONTINUOUS
10
3.0866787007874015
20
-4.4242975196850391
11
3.0866787007874015
21
-4.4242974803149604
0
LINE
8
Edge.Cuts
6
CONTINUOUS
10
3.0866787007874015
20
-4.4242974803149604
11
3.086678779527559
21
-4.4229702362204719
0
LINE
8
Edge.Cuts
6
CONTINUOUS
10
3.086678779527559
20
-4.4229702362204719
11
3.0862832677165355
21
-4.4203453937007877
0
LINE
8
Edge.Cuts
6
CONTINUOUS
10
3.0862832677165355
20
-4.4203453937007877
11
3.085501062992126
21
-4.4178087795275589
0
LINE
8
Edge.Cuts
6
CONTINUOUS
10
3.085501062992126
20
-4.4178087795275589
11
3.0849253149606297
21
-4.4166129133858263
0
LINE
8
Edge.Cuts
6
CONTINUOUS
10
3.0849253149606297
20
-4.4166129133858263
11
3.084925275590551
21
-4.4166128346456688
0
LINE
8
Edge.Cuts
6
CONTINUOUS
10
3.084925275590551
20
-4.4166128346456688
11
3.0831877165354329
21
-4.4113913779527554
0
LINE
8
Edge.Cuts
6
CONTINUOUS
10
3.0831877165354329
20
-4.4113913779527554
11
3.0828224803149604
21
-4.4059005118110237
0
LINE
8
Edge.Cuts
6
CONTINUOUS
10
3.0828224803149604
20
-4.4059005118110237
11
3.0838531889763781
21
-4.400494881889764
0
LINE
8
Edge.Cuts
6
CONTINUOUS
10
3.0838531889763781
20
-4.400494881889764
11
3.0862132677165355
21
-4.3955236614173225
0
LINE
8
Edge.Cuts
6
CONTINUOUS
10
3.0862132677165355
20
-4.3955236614173225
11
3.0897502362204725
21
-4.3913078740157481
0
LINE
8
Edge.Cuts
6
CONTINUOUS
10
3.0897502362204725
20
-4.3913078740157481
11
3.0942357086614174
21
-4.3881198425196848
0
LINE
8
Edge.Cuts
6
CONTINUOUS
10
3.0942357086614174
20
-4.3881198425196848
11
3.09938
21
-4.3861654330708664
0
LINE
8
Edge.Cuts
6
CONTINUOUS
10
3.09938
20
-4.3861654330708664
11
3.1048507874015749
21
-4.3855709448818896
0
LINE
8
Edge.Cuts
6
CONTINUOUS
10
3.1048507874015749
20
-4.3855709448818896
11
3.1102947637795273
21
-4.3863746850393701
0
LINE
8
Edge.Cuts
6
CONTINUOUS
10
3.1102947637795273
20
-4.3863746850393701
11
3.1153603543307087
21
-4.3885248031496058
0
LINE
8
Edge.Cuts
6
CONTINUOUS
10
3.1153603543307087
20
-4.3885248031496058
11
3.1167125984251967
21
-4.3893133858267719
0
LINE
8
Edge.Cuts
6
CONTINUOUS
10
3.1167125984251967
20
-4.3893133858267719
11
3.1196509055118109
21
-4.3903944488188973
0
LINE
8
Edge.Cuts
6
CONTINUOUS
10
3.1196509055118109
20
-4.3903944488188973
11
3.1227332283464566
21
-4.390943464566929
0
LINE
8
Edge.Cuts
6
CONTINUOUS
10
3.1227332283464566
20
-4.390943464566929
11
3.124298622047244
21
-4.3909448425196853
0
LINE
8
Edge.Cuts
6
CONTINUOUS
10
3.124298622047244
20
-4.3909448425196853
11
3.1242987401574802
21
-4.3909448818897641
0
LINE
8
Edge.Cuts
6
CONTINUOUS
10
3.1242987401574802
20
-4.3909448818897641
11
3.1868539763779529
21
-4.3909448818897641
0
LINE
8
Edge.Cuts
6
CONTINUOUS
10
3.1868539763779529
20
-4.3909448818897641
11
3.1884193700787402
21
-4.3909435039370077
0
LINE
8
Edge.Cuts
6
CONTINUOUS
10
3.1884193700787402
20
-4.3909435039370077
11
3.1915016929133859
21
-4.390394488188976
0
LINE
8
Edge.Cuts
6
CONTINUOUS
10
3.1915016929133859
20
-4.390394488188976
11
3.1944399999999997
21
-4.3893134251968506
0
LINE
8
Edge.Cuts
6
CONTINUOUS
10
3.1944399999999997
20
-4.3893134251968506
11
3.1957922440944881
21
-4.3885248425196846
0
LINE
8
Edge.Cuts
6
CONTINUOUS
10
3.1957922440944881
20
-4.3885248425196846
11
3.2008578346456691
21
-4.3863747244094489
0
LINE
8
Edge.Cuts
6
CONTINUOUS
10
3.2008578346456691
20
-4.3863747244094489
11
3.2063018110236219
21
-4.3855709448818896
0
LINE
8
Edge.Cuts
6
CONTINUOUS
10
3.2063018110236219
20
-4.3855709448818896
11
3.2117725984251968
21
-4.3861654724409451
0
LINE
8
Edge.Cuts
6
CONTINUOUS
10
3.0980937401574802
20
-4.3905272440944882
11
3.0940905118110233
21
-4.3926650393700788
0
LINE
8
Edge.Cuts
6
CONTINUOUS
10
3.0940905118110233
20
-4.3926650393700788
11
3.0907554724409447
21
-4.395742874015748
0
LINE
8
Edge.Cuts
6
CONTINUOUS
10
3.0907554724409447
20
-4.395742874015748
11
3.0883040157480313
21
-4.3995620472440944
0
LINE
8
Edge.Cuts
6
CONTINUOUS
10
3.0883040157480313
20
-4.3995620472440944
11
3.0868944094488189
21
-4.4038758267716531
0
LINE
8
Edge.Cuts
6
CONTINUOUS
10
3.0868944094488189
20
-4.4038758267716531
11
3.0866177952755907
21
-4.4084056299212602
0
LINE
8
Edge.Cuts
6
CONTINUOUS
10
3.0866177952755907
20
-4.4084056299212602
11
3.0874919291338583
21
-4.4128588976377952
0
LINE
8
Edge.Cuts
6
CONTINUOUS
10
3.0874919291338583
20
-4.4128588976377952
11
3.0884725984251968
21
-4.4149050393700788
0
LINE
8
Edge.Cuts
6
CONTINUOUS
10
3.0884725984251968
20
-4.4149050393700788
11
3.0884726377952756
21
-4.4149051181102363
0
LINE
8
Edge.Cuts
6
CONTINUOUS
10
3.0884726377952756
20
-4.4149051181102363
11
3.0896543307086612
21
-4.4179169685039366
0
LINE
8
Edge.Cuts
6
CONTINUOUS
10
3.0896543307086612
20
-4.4179169685039366
11
3.0903740551181103
21
-4.4210712598425195
0
LINE
8
Edge.Cuts
6
CONTINUOUS
10
3.0903740551181103
20
-4.4210712598425195
11
3.0906156692913385
21
-4.4242974803149604
0
LINE
8
Edge.Cuts
6
CONTINUOUS
10
3.0906156692913385
20
-4.4242974803149604
11
3.0906157086614172
21
-4.4242975196850391
0
LINE
8
Edge.Cuts
6
CONTINUOUS
10
3.0906157086614172
20
-4.4242975196850391
11
3.0906157086614172
21
-4.4796394094488186
0
LINE
8
Edge.Cuts
6
CONTINUOUS
10
3.0906157086614172
20
-4.4796394094488186
11
3.0906156299212597
21
-4.4796396062992123
0
LINE
8
Edge.Cuts
6
CONTINUOUS
10
3.0906156299212597
20
-4.4796396062992123
11
3.0906157086614172
21
-4.4796397637795273
0
LINE
8
Edge.Cuts
6
CONTINUOUS
10
3.0906157086614172
20
-4.4796397637795273
11
3.0903736614173227
21
-4.4828657874015745
0
LINE
8
Edge.Cuts
6
CONTINUOUS
10
3.0903736614173227
20
-4.4828657874015745
11
3.0896540157480312
21
-4.4860197637795274
0
LINE
8
Edge.Cuts
6
CONTINUOUS
10
3.0896540157480312
20
-4.4860197637795274
11
3.0884727952755906
21
-4.4890314566929135
0
LINE
8
Edge.Cuts
6
CONTINUOUS
10
3.0884727952755906
20
-4.4890314566929135
11
3.0884726771653543
21
-4.489031535433071
0
LINE
8
Edge.Cuts
6
CONTINUOUS
10
3.0884726771653543
20
-4.489031535433071
11
3.0884726771653543
21
-4.4890317716535435
0
LINE
8
Edge.Cuts
6
CONTINUOUS
10
3.0884726771653543
20
-4.4890317716535435
11
3.087491968503937
21
-4.4910779921259838
0
LINE
8
Edge.Cuts
6
CONTINUOUS
10
3.087491968503937
20
-4.4910779921259838
11
3.0866177952755907
21
-4.4955312598425197
0
LINE
8
Edge.Cuts
6
CONTINUOUS
10
3.0866177952755907
20
-4.4955312598425197
11
3.0868944881889764
21
-4.5000610629921258
0
LINE
8
Edge.Cuts
6
CONTINUOUS
10
3.0868944881889764
20
-4.5000610629921258
11
3.08830405511811
21
-4.5043748425196846
0
LINE
8
Edge.Cuts
6
CONTINUOUS
10
3.08830405511811
20
-4.5043748425196846
11
3.0907555511811022
21
-4.508193976377953
0
LINE
8
Edge.Cuts
6
CONTINUOUS
10
3.0907555511811022
20
-4.508193976377953
11
3.0940905511811021
21
-4.5112718110236223
0
LINE
8
Edge.Cuts
6
CONTINUOUS
10
3.0940905511811021
20
-4.5112718110236223
11
3.0980937795275589
21
-4.5134095669291341
0
LINE
8
Edge.Cuts
6
CONTINUOUS
10
3.0980937795275589
20
-4.5134095669291341
11
3.1025065748031495
21
-4.5144691732283464
0
LINE
8
Edge.Cuts
6
CONTINUOUS
10
3.1025065748031495
20
-4.5144691732283464
11
3.1070439763779527
21
-4.5143822047244093
0
LINE
8
Edge.Cuts
6
CONTINUOUS
10
3.1070439763779527
20
-4.5143822047244093
11
3.1114129133858266
21
-4.5131542519685039
0
LINE
8
Edge.Cuts
6
CONTINUOUS
10
3.1114129133858266
20
-4.5131542519685039
11
3.1133740551181104
21
-4.5120128346456694
0
LINE
8
Edge.Cuts
6
CONTINUOUS
10
3.1133740551181104
20
-4.5120128346456694
11
3.1133744094488187
21
-4.5120127165354331
0
LINE
8
Edge.Cuts
6
CONTINUOUS
10
3.1133744094488187
20
-4.5120127165354331
11
3.1168219291338581
21
-4.5103868503937008
0
LINE
8
Edge.Cuts
6
CONTINUOUS
10
3.1168219291338581
20
-4.5103868503937008
11
3.1205014566929132
21
-4.5093906299212598
0
LINE
8
Edge.Cuts
6
CONTINUOUS
10
3.1205014566929132
20
-4.5093906299212598
11
3.1242986614173227
21
-4.5090550787401575
0
LINE
8
Edge.Cuts
6
CONTINUOUS
10
3.1242986614173227
20
-4.5090550787401575
11
3.1868539370078741
21
-4.5090550787401575
0
LINE
8
Edge.Cuts
6
CONTINUOUS
10
3.1868539370078741
20
-4.5090550787401575
11
3.1906511811023623
21
-4.5093906299212598
0
LINE
8
Edge.Cuts
6
CONTINUOUS
10
3.1906511811023623
20
-4.5093906299212598
11
3.1943307086614174
21
-4.5103868503937008
0
LINE
8
Edge.Cuts
6
CONTINUOUS
10
3.1943307086614174
20
-4.5103868503937008
11
3.1977785433070864
21
-4.5120129133858269
0
LINE
8
Edge.Cuts
6
CONTINUOUS
10
3.1977785433070864
20
-4.5120129133858269
11
3.1997396850393698
21
-4.5131543307086615
0
LINE
8
Edge.Cuts
6
CONTINUOUS
10
3.1997396850393698
20
-4.5131543307086615
11
3.2041086614173229
21
-4.5143822834645668
0
LINE
8
Edge.Cuts
6
CONTINUOUS
10
3.2041086614173229
20
-4.5143822834645668
11
3.2086460629921261
21
-4.5144692913385827
0
LINE
8
Edge.Cuts
6
CONTINUOUS
10
3.2086460629921261
20
-4.5144692913385827
11
3.2130588976377954
21
-4.5134096456692916
0
LINE
8
Edge.Cuts
6
CONTINUOUS
10
3.2130588976377954
20
-4.5134096456692916
11
3.217062086614173
21
-4.5112718897637798
0
LINE
8
Edge.Cuts
6
CONTINUOUS
10
3.217062086614173
20
-4.5112718897637798
11
3.2203971259842521
21
-4.5081940157480318
0
LINE
8
Edge.Cuts
6
CONTINUOUS
10
3.2203971259842521
20
-4.5081940157480318
11
3.2228486220472439
21
-4.5043748425196846
0
LINE
8
Edge.Cuts
6
CONTINUOUS
10
3.2228486220472439
20
-4.5043748425196846
11
3.2242581889763779
21
-4.5000610629921258
0
LINE
8
Edge.Cuts
6
CONTINUOUS
10
3.2242581889763779
20
-4.5000610629921258
11
3.2245348425196849
21
-4.4955312598425197
0
LINE
8
Edge.Cuts
6
CONTINUOUS
10
3.2245348425196849
20
-4.4955312598425197
11
3.2236606692913385
21
-4.4910779921259838
0
LINE
8
Edge.Cuts
6
CONTINUOUS
10
3.2236606692913385
20
-4.4910779921259838
11
3.2226799606299212
21
-4.4890317322834647
0
LINE
8
Edge.Cuts
6
CONTINUOUS
10
3.2226799606299212
20
-4.4890317322834647
11
3.2214983070866139
21
-4.4860199606299211
0
LINE
8
Edge.Cuts
6
CONTINUOUS
10
3.2214983070866139
20
-4.4860199606299211
11
3.2207785826771653
21
-4.482865708661417
0
LINE
8
Edge.Cuts
6
CONTINUOUS
10
3.2207785826771653
20
-4.482865708661417
11
3.2205368897637796
21
-4.4796394094488186
0
LINE
8
Edge.Cuts
6
CONTINUOUS
10
3.2205368897637796
20
-4.4796394094488186
11
3.2205368897637796
21
-4.4242975196850391
0
LINE
8
Edge.Cuts
6
CONTINUOUS
10
3.2205368897637796
20
-4.4242975196850391
11
3.2205368897637796
21
-4.4242974803149604
0
LINE
8
Edge.Cuts
6
CONTINUOUS
10
3.2205368897637796
20
-4.4242974803149604
11
3.2207785826771653
21
-4.4210712204724407
0
LINE
8
Edge.Cuts
6
CONTINUOUS
10
3.2207785826771653
20
-4.4210712204724407
11
3.2214983070866139
21
-4.4179169685039366
0
LINE
8
Edge.Cuts
6
CONTINUOUS
10
3.2214983070866139
20
-4.4179169685039366
11
3.2226799606299212
21
-4.4149051574803151
0
LINE
8
Edge.Cuts
6
CONTINUOUS
10
3.2226799606299212
20
-4.4149051574803151
11
3.2236606692913385
21
-4.4128588976377952
0
LINE
8
Edge.Cuts
6
CONTINUOUS
10
3.2236606692913385
20
-4.4128588976377952
11
3.2245348031496062
21
-4.4084056692913389
0
LINE
8
Edge.Cuts
6
CONTINUOUS
10
3.2245348031496062
20
-4.4084056692913389
11
3.2242581496062992
21
-4.4038758661417319
0
LINE
8
Edge.Cuts
6
CONTINUOUS
10
3.2242581496062992
20
-4.4038758661417319
11
3.2228485826771651
21
-4.3995620472440944
0
LINE
8
Edge.Cuts
6
CONTINUOUS
10
3.2228485826771651
20
-4.3995620472440944
11
3.2203970866141733
21
-4.3957429133858268
0
LINE
8
Edge.Cuts
6
CONTINUOUS
10
3.2203970866141733
20
-4.3957429133858268
11
3.2170620472440943
21
-4.3926650393700788
0
LINE
8
Edge.Cuts
6
CONTINUOUS
10
3.2170620472440943
20
-4.3926650393700788
11
3.2130588582677166
21
-4.390527283464567
0
LINE
8
Edge.Cuts
6
CONTINUOUS
10
3.2130588582677166
20
-4.390527283464567
11
3.2086460629921261
21
-4.3894676771653538
0
LINE
8
Edge.Cuts
6
CONTINUOUS
10
3.2086460629921261
20
-4.3894676771653538
11
3.2041086220472441
21
-4.3895546850393696
0
LINE
8
Edge.Cuts
6
CONTINUOUS
10
3.2041086220472441
20
-4.3895546850393696
11
3.1997396850393698
21
-4.3907826377952759
0
LINE
8
Edge.Cuts
6
CONTINUOUS
10
3.1997396850393698
20
-4.3907826377952759
11
3.1977785433070864
21
-4.3919240551181105
0
LINE
8
Edge.Cuts
6
CONTINUOUS
10
3.1977785433070864
20
-4.3919240551181105
11
3.1943307086614174
21
-4.3935501181102365
0
LINE
8
Edge.Cuts
6
CONTINUOUS
10
3.1943307086614174
20
-4.3935501181102365
11
3.1906511811023623
21
-4.3945463385826766
0
LINE
8
Edge.Cuts
6
CONTINUOUS
10
3.1906511811023623
20
-4.3945463385826766
11
3.1868539763779529
21
-4.3948818897637798
0
LINE
8
Edge.Cuts
6
CONTINUOUS
10
3.1868539763779529
20
-4.3948818897637798
11
3.1242986614173227
21
-4.3948818897637798
0
LINE
8
Edge.Cuts
6
CONTINUOUS
10
3.1242986614173227
20
-4.3948818897637798
11
3.1242983070866139
21
-4.3948818110236223
0
LINE
8
Edge.Cuts
6
CONTINUOUS
10
3.1242983070866139
20
-4.3948818110236223
11
3.1205014173228345
21
-4.3945462992125988
0
LINE
8
Edge.Cuts
6
CONTINUOUS
10
3.1205014173228345
20
-4.3945462992125988
11
3.1168218897637794
21
-4.3935500787401578
0
LINE
8
Edge.Cuts
6
CONTINUOUS
10
3.1168218897637794
20
-4.3935500787401578
11
3.1133740551181104
21
-4.3919240157480317
0
LINE
8
Edge.Cuts
6
CONTINUOUS
10
3.1133740551181104
20
-4.3919240157480317
11
3.1114129133858266
21
-4.3907825984251971
0
LINE
8
Edge.Cuts
6
CONTINUOUS
10
3.1114129133858266
20
-4.3907825984251971
11
3.107043937007874
21
-4.3895546456692909
0
LINE
8
Edge.Cuts
6
CONTINUOUS
10
3.107043937007874
20
-4.3895546456692909
11
3.1025065354330708
21
-4.3894676377952759
0
LINE
8
Edge.Cuts
6
CONTINUOUS
10
3.1025065354330708
20
-4.3894676377952759
11
3.0980937401574802
21
-4.3905272440944882
0
LINE
8
Edge.Cuts
6
CONTINUOUS
10
9.0181687795275582
20
-4.3812566535433071
11
9.0232343700787396
21
-4.3834067716535436
0
LINE
8
Edge.Cuts
6
CONTINUOUS
10
9.0232343700787396
20
-4.3834067716535436
11
9.0245866141732289
21
-4.3841953543307088
0
LINE
8
Edge.Cuts
6
CONTINUOUS
10
9.0245866141732289
20
-4.3841953543307088
11
9.0275249212598432
21
-4.3852764173228342
0
LINE
8
Edge.Cuts
6
CONTINUOUS
10
9.0275249212598432
20
-4.3852764173228342
11
9.0306072440944885
21
-4.3858254724409447
0
LINE
8
Edge.Cuts
6
CONTINUOUS
10
9.0306072440944885
20
-4.3858254724409447
11
9.0321726771653541
21
-4.3858268110236223
0
LINE
8
Edge.Cuts
6
CONTINUOUS
10
9.0321726771653541
20
-4.3858268110236223
11
9.0947279527559051
21
-4.3858268110236223
0
LINE
8
Edge.Cuts
6
CONTINUOUS
10
9.0947279527559051
20
-4.3858268110236223
11
9.096293346456692
21
-4.3858254330708659
0
LINE
8
Edge.Cuts
6
CONTINUOUS
10
9.096293346456692
20
-4.3858254330708659
11
9.099375669291339
21
-4.3852764173228342
0
LINE
8
Edge.Cuts
6
CONTINUOUS
10
9.099375669291339
20
-4.3852764173228342
11
9.1023139763779533
21
-4.3841953543307088
0
LINE
8
Edge.Cuts
6
CONTINUOUS
10
9.1023139763779533
20
-4.3841953543307088
11
9.1036662204724408
21
-4.3834067716535436
0
LINE
8
Edge.Cuts
6
CONTINUOUS
10
9.1036662204724408
20
-4.3834067716535436
11
9.1036666535433071
21
-4.3834066535433074
0
LINE
8
Edge.Cuts
6
CONTINUOUS
10
9.1036666535433071
20
-4.3834066535433074
11
9.1087318503937009
21
-4.3812567322834646
0
LINE
8
Edge.Cuts
6
CONTINUOUS
10
9.1087318503937009
20
-4.3812567322834646
11
9.1141758267716533
21
-4.380452992125984
0
LINE
8
Edge.Cuts
6
CONTINUOUS
10
9.1141758267716533
20
-4.380452992125984
11
9.1196466141732273
21
-4.3810474803149608
0
LINE
8
Edge.Cuts
6
CONTINUOUS
10
9.1196466141732273
20
-4.3810474803149608
11
9.1247908661417316
21
-4.3830018897637792
0
LINE
8
Edge.Cuts
6
CONTINUOUS
10
9.1247908661417316
20
-4.3830018897637792
11
9.1292762992125986
21
-4.3861899212598425
0
LINE
8
Edge.Cuts
6
CONTINUOUS
10
9.1292762992125986
20
-4.3861899212598425
11
9.1328133070866144
21
-4.3904056692913382
0
LINE
8
Edge.Cuts
6
CONTINUOUS
10
9.1328133070866144
20
-4.3904056692913382
11
9.1351733858267714
21
-4.3953768897637797
0
LINE
8
Edge.Cuts
6
CONTINUOUS
10
9.1351733858267714
20
-4.3953768897637797
11
9.136204094488189
21
-4.4007824803149607
0
LINE
8
Edge.Cuts
6
CONTINUOUS
10
9.136204094488189
20
-4.4007824803149607
11
9.1358388582677161
21
-4.4062733464566932
0
LINE
8
Edge.Cuts
6
CONTINUOUS
10
9.1358388582677161
20
-4.4062733464566932
11
9.1341013385826777
21
-4.4114948425196854
0
LINE
8
Edge.Cuts
6
CONTINUOUS
10
9.1341013385826777
20
-4.4114948425196854
11
9.1341012598425202
21
-4.4114948818897632
0
LINE
8
Edge.Cuts
6
CONTINUOUS
10
9.1341012598425202
20
-4.4114948818897632
11
9.1335258267716526
21
-4.4126905511811021
0
LINE
8
Edge.Cuts
6
CONTINUOUS
10
9.1335258267716526
20
-4.4126905511811021
11
9.1327437007874011
21
-4.4152274015748034
0
LINE
8
Edge.Cuts
6
CONTINUOUS
10
9.1327437007874011
20
-4.4152274015748034
11
9.132348031496063
21
-4.4178524409448814
0
LINE
8
Edge.Cuts
6
CONTINUOUS
10
9.132348031496063
20
-4.4178524409448814
11
9.1323479133858267
21
-4.4191794881889761
0
LINE
8
Edge.Cuts
6
CONTINUOUS
10
9.1323479133858267
20
-4.4191794881889761
11
9.1323479133858267
21
-4.4745213779527555
0
LINE
8
Edge.Cuts
6
CONTINUOUS
10
9.1323479133858267
20
-4.4745213779527555
11
9.1323479133858267
21
-4.4745214173228343
0
LINE
8
Edge.Cuts
6
CONTINUOUS
10
9.1323479133858267
20
-4.4745214173228343
11
9.1323478346456692
21
-4.4758486614173227
0
LINE
8
Edge.Cuts
6
CONTINUOUS
10
9.1323478346456692
20
-4.4758486614173227
11
9.1327433464566923
21
-4.4784735039370078
0
LINE
8
Edge.Cuts
6
CONTINUOUS
10
9.1327433464566923
20
-4.4784735039370078
11
9.1335255511811013
21
-4.4810101181102358
0
LINE
8
Edge.Cuts
6
CONTINUOUS
10
9.1335255511811013
20
-4.4810101181102358
11
9.1341012992125989
21
-4.4822059842519684
0
LINE
8
Edge.Cuts
6
CONTINUOUS
10
9.1341012992125989
20
-4.4822059842519684
11
9.1341012992125989
21
-4.4822060236220471
0
LINE
8
Edge.Cuts
6
CONTINUOUS
10
9.1341012992125989
20
-4.4822060236220471
11
9.1358388976377949
21
-4.4874275196850393
0
LINE
8
Edge.Cuts
6
CONTINUOUS
10
9.1358388976377949
20
-4.4874275196850393
11
9.1362041338582678
21
-4.4929183858267718
0
LINE
8
Edge.Cuts
6
CONTINUOUS
10
9.1362041338582678
20
-4.4929183858267718
11
9.1351734251968502
21
-4.4983240157480315
0
LINE
8
Edge.Cuts
6
CONTINUOUS
10
9.1351734251968502
20
-4.4983240157480315
11
9.1328133464566932
21
-4.5032952362204721
0
LINE
8
Edge.Cuts
6
CONTINUOUS
10
9.1328133464566932
20
-4.5032952362204721
11
9.1292763779527561
21
-4.5075110236220475
0
LINE
8
Edge.Cuts
6
CONTINUOUS
10
9.1292763779527561
20
-4.5075110236220475
11
9.1247909055118104
21
-4.5106990551181099
0
LINE
8
Edge.Cuts
6
CONTINUOUS
10
9.1247909055118104
20
-4.5106990551181099
11
9.1196466141732273
21
-4.5126534645669292
0
LINE
8
Edge.Cuts
6
CONTINUOUS
10
9.1196466141732273
20
-4.5126534645669292
11
9.1141758267716533
21
-4.5132479527559051
0
LINE
8
Edge.Cuts
6
CONTINUOUS
10
9.1141758267716533
20
-4.5132479527559051
11
9.1087318503937009
21
-4.5124442125984254
0
LINE
8
Edge.Cuts
6
CONTINUOUS
10
9.1087318503937009
20
-4.5124442125984254
11
9.1036662598425195
21
-4.5102940944881889
0
LINE
8
Edge.Cuts
6
CONTINUOUS
10
9.1036662598425195
20
-4.5102940944881889
11
9.102314015748032
21
-4.5095055118110237
0
LINE
8
Edge.Cuts
6
CONTINUOUS
10
9.102314015748032
20
-4.5095055118110237
11
9.0993757086614178
21
-4.5084244488188974
0
LINE
8
Edge.Cuts
6
CONTINUOUS
10
9.0993757086614178
20
-4.5084244488188974
11
9.0962933858267707
21
-4.5078754330708657
0
LINE
8
Edge.Cuts
6
CONTINUOUS
10
9.0962933858267707
20
-4.5078754330708657
11
9.0947279921259838
21
-4.5078740551181102
0
LINE
8
Edge.Cuts
6
CONTINUOUS
10
9.0947279921259838
20
-4.5078740551181102
11
9.0947278740157476
21
-4.5078740157480315
0
LINE
8
Edge.Cuts
6
CONTINUOUS
10
9.0947278740157476
20
-4.5078740157480315
11
9.0321726377952753
21
-4.5078740157480315
0
LINE
8
Edge.Cuts
6
CONTINUOUS
10
9.0321726377952753
20
-4.5078740157480315
11
9.0306072440944885
21
-4.5078753937007869
0
LINE
8
Edge.Cuts
6
CONTINUOUS
10
9.0306072440944885
20
-4.5078753937007869
11
9.0275249212598432
21
-4.5084244094488186
0
LINE
8
Edge.Cuts
6
CONTINUOUS
10
9.0275249212598432
20
-4.5084244094488186
11
9.0245866141732289
21
-4.5095054724409449
0
LINE
8
Edge.Cuts
6
CONTINUOUS
10
9.0245866141732289
20
-4.5095054724409449
11
9.0232343700787396
21
-4.5102940551181101
0
LINE
8
Edge.Cuts
6
CONTINUOUS
10
9.0232343700787396
20
-4.5102940551181101
11
9.0181687795275582
21
-4.5124441732283467
0
LINE
8
Edge.Cuts
6
CONTINUOUS
10
9.0181687795275582
20
-4.5124441732283467
11
9.0127248031496059
21
-4.5132479527559051
0
LINE
8
Edge.Cuts
6
CONTINUOUS
10
9.0127248031496059
20
-4.5132479527559051
11
9.0072540157480319
21
-4.5126534251968504
0
LINE
8
Edge.Cuts
6
CONTINUOUS
10
9.0072540157480319
20
-4.5126534251968504
11
9.0021097637795275
21
-4.5106990551181099
0
LINE
8
Edge.Cuts
6
CONTINUOUS
10
9.0021097637795275
20
-4.5106990551181099
11
8.9976242913385818
21
-4.5075110236220475
0
LINE
8
Edge.Cuts
6
CONTINUOUS
10
8.9976242913385818
20
-4.5075110236220475
11
8.994087283464566
21
-4.5032952362204721
0
LINE
8
Edge.Cuts
6
CONTINUOUS
10
8.994087283464566
20
-4.5032952362204721
11
8.9917272440944878
21
-4.4983240157480315
0
LINE
8
Edge.Cuts
6
CONTINUOUS
10
8.9917272440944878
20
-4.4983240157480315
11
8.9906965354330701
21
-4.4929183858267718
0
LINE
8
Edge.Cuts
6
CONTINUOUS
10
8.9906965354330701
20
-4.4929183858267718
11
8.9910617322834643
21
-4.4874275196850393
0
LINE
8
Edge.Cuts
6
CONTINUOUS
10
8.9910617322834643
20
-4.4874275196850393
11
8.992799330708662
21
-4.4822060236220471
0
LINE
8
Edge.Cuts
6
CONTINUOUS
10
8.992799330708662
20
-4.4822060236220471
11
8.9933750393700791
21
-4.4810101574803145
0
LINE
8
Edge.Cuts
6
CONTINUOUS
10
8.9933750393700791
20
-4.4810101574803145
11
8.9941572440944881
21
-4.4784735433070866
0
LINE
8
Edge.Cuts
6
CONTINUOUS
10
8.9941572440944881
20
-4.4784735433070866
11
8.9945527559055112
21
-4.4758486614173227
0
LINE
8
Edge.Cuts
6
CONTINUOUS
10
8.9945527559055112
20
-4.4758486614173227
11
8.9945527165354324
21
-4.4745214173228343
0
LINE
8
Edge.Cuts
6
CONTINUOUS
10
8.9945527165354324
20
-4.4745214173228343
11
8.9945527165354324
21
-4.4745213779527555
0
LINE
8
Edge.Cuts
6
CONTINUOUS
10
8.9945527165354324
20
-4.4745213779527555
11
8.9945527165354324
21
-4.4191794881889761
0
LINE
8
Edge.Cuts
6
CONTINUOUS
10
8.9945527165354324
20
-4.4191794881889761
11
8.9945527559055112
21
-4.4178522440944885
0
LINE
8
Edge.Cuts
6
CONTINUOUS
10
8.9945527559055112
20
-4.4178522440944885
11
8.9941572440944881
21
-4.4152273622047247
0
LINE
8
Edge.Cuts
6
CONTINUOUS
10
8.9941572440944881
20
-4.4152273622047247
11
8.9933750393700791
21
-4.4126907086614171
0
LINE
8
Edge.Cuts
6
CONTINUOUS
10
8.9933750393700791
20
-4.4126907086614171
11
8.992799330708662
21
-4.4114948425196854
0
LINE
8
Edge.Cuts
6
CONTINUOUS
10
8.992799330708662
20
-4.4114948425196854
11
8.9910617322834643
21
-4.406273385826772
0
LINE
8
Edge.Cuts
6
CONTINUOUS
10
8.9910617322834643
20
-4.406273385826772
11
8.9906964960629914
21
-4.4007825196850394
0
LINE
8
Edge.Cuts
6
CONTINUOUS
10
8.9906964960629914
20
-4.4007825196850394
11
8.991727204724409
21
-4.3953768897637797
0
LINE
8
Edge.Cuts
6
CONTINUOUS
10
8.991727204724409
20
-4.3953768897637797
11
8.9940872440944872
21
-4.3904056299212595
0
LINE
8
Edge.Cuts
6
CONTINUOUS
10
8.9940872440944872
20
-4.3904056299212595
11
8.997624251968503
21
-4.386189842519685
0
LINE
8
Edge.Cuts
6
CONTINUOUS
10
8.997624251968503
20
-4.386189842519685
11
9.0021097244094488
21
-4.3830018110236217
0
LINE
8
Edge.Cuts
6
CONTINUOUS
10
9.0021097244094488
20
-4.3830018110236217
11
9.0072539763779531
21
-4.3810474015748033
0
LINE
8
Edge.Cuts
6
CONTINUOUS
10
9.0072539763779531
20
-4.3810474015748033
11
9.0127248031496059
21
-4.3804529133858265
0
LINE
8
Edge.Cuts
6
CONTINUOUS
10
9.0127248031496059
20
-4.3804529133858265
11
9.0181687795275582
21
-4.3812566535433071
0
LINE
8
Edge.Cuts
6
CONTINUOUS
10
9.0059677165354337
20
-4.385409251968504
11
9.0019645275590552
21
-4.3875470078740157
0
LINE
8
Edge.Cuts
6
CONTINUOUS
10
9.0019645275590552
20
-4.3875470078740157
11
8.9986294881889766
21
-4.3906248818897637
0
LINE
8
Edge.Cuts
6
CONTINUOUS
10
8.9986294881889766
20
-4.3906248818897637
11
8.9961779921259843
21
-4.3944440551181101
0
LINE
8
Edge.Cuts
6
CONTINUOUS
10
8.9961779921259843
20
-4.3944440551181101
11
8.9947684251968507
21
-4.3987578346456688
0
LINE
8
Edge.Cuts
6
CONTINUOUS
10
8.9947684251968507
20
-4.3987578346456688
11
8.9944917716535429
21
-4.4032876377952759
0
LINE
8
Edge.Cuts
6
CONTINUOUS
10
8.9944917716535429
20
-4.4032876377952759
11
8.9953659448818897
21
-4.4077409055118109
0
LINE
8
Edge.Cuts
6
CONTINUOUS
10
8.9953659448818897
20
-4.4077409055118109
11
8.9963466141732287
21
-4.4097870472440945
0
LINE
8
Edge.Cuts
6
CONTINUOUS
10
8.9963466141732287
20
-4.4097870472440945
11
8.9963466535433074
21
-4.409787125984252
0
LINE
8
Edge.Cuts
6
CONTINUOUS
10
8.9963466535433074
20
-4.409787125984252
11
8.9975283070866148
21
-4.4127989370078735
0
LINE
8
Edge.Cuts
6
CONTINUOUS
10
8.9975283070866148
20
-4.4127989370078735
11
8.9982480314960629
21
-4.4159531889763777
0
LINE
8
Edge.Cuts
6
CONTINUOUS
10
8.9982480314960629
20
-4.4159531889763777
11
8.9984897244094491
21
-4.4191794881889761
0
LINE
8
Edge.Cuts
6
CONTINUOUS
10
8.9984897244094491
20
-4.4191794881889761
11
8.9984897244094491
21
-4.4745213779527555
0
LINE
8
Edge.Cuts
6
CONTINUOUS
10
8.9984897244094491
20
-4.4745213779527555
11
8.9984897244094491
21
-4.4745214173228343
0
LINE
8
Edge.Cuts
6
CONTINUOUS
10
8.9984897244094491
20
-4.4745214173228343
11
8.9982480314960629
21
-4.4777476771653539
0
LINE
8
Edge.Cuts
6
CONTINUOUS
10
8.9982480314960629
20
-4.4777476771653539
11
8.9975283070866148
21
-4.4809019291338581
0
LINE
8
Edge.Cuts
6
CONTINUOUS
10
8.9975283070866148
20
-4.4809019291338581
11
8.9963466535433074
21
-4.4839137401574805
0
LINE
8
Edge.Cuts
6
CONTINUOUS
10
8.9963466535433074
20
-4.4839137401574805
11
8.9953659448818897
21
-4.4859599999999995
0
LINE
8
Edge.Cuts
6
CONTINUOUS
10
8.9953659448818897
20
-4.4859599999999995
11
8.9944918110236216
21
-4.4904132283464566
0
LINE
8
Edge.Cuts
6
CONTINUOUS
10
8.9944918110236216
20
-4.4904132283464566
11
8.9947684645669295
21
-4.4949430314960628
0
LINE
8
Edge.Cuts
6
CONTINUOUS
10
8.9947684645669295
20
-4.4949430314960628
11
8.9961780314960631
21
-4.4992568503937003
0
LINE
8
Edge.Cuts
6
CONTINUOUS
10
8.9961780314960631
20
-4.4992568503937003
11
8.9986295275590553
21
-4.5030759842519688
0
LINE
8
Edge.Cuts
6
CONTINUOUS
10
8.9986295275590553
20
-4.5030759842519688
11
9.0019645669291339
21
-4.5061538582677167
0
LINE
8
Edge.Cuts
6
CONTINUOUS
10
9.0019645669291339
20
-4.5061538582677167
11
9.0059677559055125
21
-4.5082916141732285
0
LINE
8
Edge.Cuts
6
CONTINUOUS
10
9.0059677559055125
20
-4.5082916141732285
11
9.0103805511811021
21
-4.5093512204724409
0
LINE
8
Edge.Cuts
6
CONTINUOUS
10
9.0103805511811021
20
-4.5093512204724409
11
9.0149179921259837
21
-4.509264212598425
0
LINE
8
Edge.Cuts
6
CONTINUOUS
10
9.0149179921259837
20
-4.509264212598425
11
9.0192869291338589
21
-4.5080362598425197
0
LINE
8
Edge.Cuts
6
CONTINUOUS
10
9.0192869291338589
20
-4.5080362598425197
11
9.0212480708661413
21
-4.5068948425196851
0
LINE
8
Edge.Cuts
6
CONTINUOUS
10
9.0212480708661413
20
-4.5068948425196851
11
9.0246959055118108
21
-4.505268779527559
0
LINE
8
Edge.Cuts
6
CONTINUOUS
10
9.0246959055118108
20
-4.505268779527559
11
9.0283754330708668
21
-4.504272559055118
0
LINE
8
Edge.Cuts
6
CONTINUOUS
10
9.0283754330708668
20
-4.504272559055118
11
9.0321726377952753
21
-4.5039370078740157
0
LINE
8
Edge.Cuts
6
CONTINUOUS
10
9.0321726377952753
20
-4.5039370078740157
11
9.0947279527559051
21
-4.5039370078740157
0
LINE
8
Edge.Cuts
6
CONTINUOUS
10
9.0947279527559051
20
-4.5039370078740157
11
9.0947282677165351
21
-4.5039370472440945
0
LINE
8
Edge.Cuts
6
CONTINUOUS
10
9.0947282677165351
20
-4.5039370472440945
11
9.0985251968503942
21
-4.5042725984251968
0
LINE
8
Edge.Cuts
6
CONTINUOUS
10
9.0985251968503942
20
-4.5042725984251968
11
9.1022047244094484
21
-4.5052688188976378
0
LINE
8
Edge.Cuts
6
CONTINUOUS
10
9.1022047244094484
20
-4.5052688188976378
11
9.1056525590551178
21
-4.5068948818897638
0
LINE
8
Edge.Cuts
6
CONTINUOUS
10
9.1056525590551178
20
-4.5068948818897638
11
9.1076137007874021
21
-4.5080362992125984
0
LINE
8
Edge.Cuts
6
CONTINUOUS
10
9.1076137007874021
20
-4.5080362992125984
11
9.1119826771653543
21
-4.5092642519685038
0
LINE
8
Edge.Cuts
6
CONTINUOUS
10
9.1119826771653543
20
-4.5092642519685038
11
9.116520078740157
21
-4.5093512598425196
0
LINE
8
Edge.Cuts
6
CONTINUOUS
10
9.116520078740157
20
-4.5093512598425196
11
9.1209328740157485
21
-4.5082916535433073
0
LINE
8
Edge.Cuts
6
CONTINUOUS
10
9.1209328740157485
20
-4.5082916535433073
11
9.124936102362204
21
-4.5061538582677167
0
LINE
8
Edge.Cuts
6
CONTINUOUS
10
9.124936102362204
20
-4.5061538582677167
11
9.1282711417322826
21
-4.5030760236220475
0
LINE
8
Edge.Cuts
6
CONTINUOUS
10
9.1282711417322826
20
-4.5030760236220475
11
9.1307225984251961
21
-4.4992568503937003
0
LINE
8
Edge.Cuts
6
CONTINUOUS
10
9.1307225984251961
20
-4.4992568503937003
11
9.1321322047244085
21
-4.4949430708661415
0
LINE
8
Edge.Cuts
6
CONTINUOUS
10
9.1321322047244085
20
-4.4949430708661415
11
9.1324088188976376
21
-4.4904132677165354
0
LINE
8
Edge.Cuts
6
CONTINUOUS
10
9.1324088188976376
20
-4.4904132677165354
11
9.1315346850393695
21
-4.4859599999999995
0
LINE
8
Edge.Cuts
6
CONTINUOUS
10
9.1315346850393695
20
-4.4859599999999995
11
9.1305539763779517
21
-4.4839137401574805
0
LINE
8
Edge.Cuts
6
CONTINUOUS
10
9.1305539763779517
20
-4.4839137401574805
11
9.1293722834645674
21
-4.4809019291338581
0
LINE
8
Edge.Cuts
6
CONTINUOUS
10
9.1293722834645674
20
-4.4809019291338581
11
9.1286525590551175
21
-4.4777476377952752
0
LINE
8
Edge.Cuts
6
CONTINUOUS
10
9.1286525590551175
20
-4.4777476377952752
11
9.1284109055118101
21
-4.4745213385826768
0
LINE
8
Edge.Cuts
6
CONTINUOUS
10
9.1284109055118101
20
-4.4745213385826768
11
9.1284109055118101
21
-4.4191794881889761
0
LINE
8
Edge.Cuts
6
CONTINUOUS
10
9.1284109055118101
20
-4.4191794881889761
11
9.1284109448818889
21
-4.4191792519685036
0
LINE
8
Edge.Cuts
6
CONTINUOUS
10
9.1284109448818889
20
-4.4191792519685036
11
9.1284109055118101
21
-4.4191791338582673
0
LINE
8
Edge.Cuts
6
CONTINUOUS
10
9.1284109055118101
20
-4.4191791338582673
11
9.128652952755905
21
-4.4159531102362202
0
LINE
8
Edge.Cuts
6
CONTINUOUS
10
9.128652952755905
20
-4.4159531102362202
11
9.1293725984251974
21
-4.4127991338582673
0
LINE
8
Edge.Cuts
6
CONTINUOUS
10
9.1293725984251974
20
-4.4127991338582673
11
9.1305538188976367
21
-4.4097874409448821
0
LINE
8
Edge.Cuts
6
CONTINUOUS
10
9.1305538188976367
20
-4.4097874409448821
11
9.1305538976377942
21
-4.4097873228346458
0
LINE
8
Edge.Cuts
6
CONTINUOUS
10
9.1305538976377942
20
-4.4097873228346458
11
9.130553937007873
21
-4.409787125984252
0
LINE
8
Edge.Cuts
6
CONTINUOUS
10
9.130553937007873
20
-4.409787125984252
11
9.1315346456692907
21
-4.4077409055118109
0
LINE
8
Edge.Cuts
6
CONTINUOUS
10
9.1315346456692907
20
-4.4077409055118109
11
9.1324088188976376
21
-4.4032876377952759
0
LINE
8
Edge.Cuts
6
CONTINUOUS
10
9.1324088188976376
20
-4.4032876377952759
11
9.1321321259842509
21
-4.3987578346456688
0
LINE
8
Edge.Cuts
6
CONTINUOUS
10
9.1321321259842509
20
-4.3987578346456688
11
9.1307225590551173
21
-4.3944440551181101
0
LINE
8
Edge.Cuts
6
CONTINUOUS
10
9.1307225590551173
20
-4.3944440551181101
11
9.1282710629921251
21
-4.3906249212598425
0
LINE
8
Edge.Cuts
6
CONTINUOUS
10
9.1282710629921251
20
-4.3906249212598425
11
9.1249360629921252
21
-4.3875470866141733
0
LINE
8
Edge.Cuts
6
CONTINUOUS
10
9.1249360629921252
20
-4.3875470866141733
11
9.1209328346456697
21
-4.3854093307086615
0
LINE
8
Edge.Cuts
6
CONTINUOUS
10
9.1209328346456697
20
-4.3854093307086615
11
9.1165200393700783
21
-4.3843497244094491
0
LINE
8
Edge.Cuts
6
CONTINUOUS
10
9.1165200393700783
20
-4.3843497244094491
11
9.1119826377952755
21
-4.3844366929133853
0
LINE
8
Edge.Cuts
6
CONTINUOUS
10
9.1119826377952755
20
-4.3844366929133853
11
9.1076137007874021
21
-4.3856646456692916
0
LINE
8
Edge.Cuts
6
CONTINUOUS
10
9.1076137007874021
20
-4.3856646456692916
11
9.1056525590551178
21
-4.3868060629921262
0
LINE
8
Edge.Cuts
6
CONTINUOUS
10
9.1056525590551178
20
-4.3868060629921262
11
9.1056521653543303
21
-4.3868061417322837
0
LINE
8
Edge.Cuts
6
CONTINUOUS
10
9.1056521653543303
20
-4.3868061417322837
11
9.1022046850393696
21
-4.3884320472440947
0
LINE
8
Edge.Cuts
6
CONTINUOUS
10
9.1022046850393696
20
-4.3884320472440947
11
9.0985251574803154
21
-4.3894282677165357
0
LINE
8
Edge.Cuts
6
CONTINUOUS
10
9.0985251574803154
20
-4.3894282677165357
11
9.0947279527559051
21
-4.389763818897638
0
LINE
8
Edge.Cuts
6
CONTINUOUS
10
9.0947279527559051
20
-4.389763818897638
11
9.0321726771653541
21
-4.389763818897638
0
LINE
8
Edge.Cuts
6
CONTINUOUS
10
9.0321726771653541
20
-4.389763818897638
11
9.0283754330708668
21
-4.3894282677165357
0
LINE
8
Edge.Cuts
6
CONTINUOUS
10
9.0283754330708668
20
-4.3894282677165357
11
9.0246959055118108
21
-4.3884320472440947
0
LINE
8
Edge.Cuts
6
CONTINUOUS
10
9.0246959055118108
20
-4.3884320472440947
11
9.0212480708661413
21
-4.3868059842519687
0
LINE
8
Edge.Cuts
6
CONTINUOUS
10
9.0212480708661413
20
-4.3868059842519687
11
9.0192869291338589
21
-4.3856645669291341
0
LINE
8
Edge.Cuts
6
CONTINUOUS
10
9.0192869291338589
20
-4.3856645669291341
11
9.0149179527559049
21
-4.3844366141732278
0
LINE
8
Edge.Cuts
6
CONTINUOUS
10
9.0149179527559049
20
-4.3844366141732278
11
9.0103805511811021
21
-4.3843496062992129
0
LINE
8
Edge.Cuts
6
CONTINUOUS
10
9.0103805511811021
20
-4.3843496062992129
11
9.0059677165354337
21
-4.385409251968504
0
LINE
8
Edge.Cuts
6
CONTINUOUS
10
0.5936623622047243
20
-3.8074253149606299
11
0.5988066141732283
21
-3.80937968503937
0
LINE
8
Edge.Cuts
6
CONTINUOUS
10
0.5988066141732283
20
-3.80937968503937
11
0.6032920866141732
21
-3.8125677165354328
0
LINE
8
Edge.Cuts
6
CONTINUOUS
10
0.6032920866141732
20
-3.8125677165354328
11
0.606829094488189
21
-3.8167835039370077
0
LINE
8
Edge.Cuts
6
CONTINUOUS
10
0.606829094488189
20
-3.8167835039370077
11
0.6091891338582677
21
-3.8217547244094487
0
LINE
8
Edge.Cuts
6
CONTINUOUS
10
0.6091891338582677
20
-3.8217547244094487
11
0.610219842519685
21
-3.8271603543307084
0
LINE
8
Edge.Cuts
6
CONTINUOUS
10
0.610219842519685
20
-3.8271603543307084
11
0.6098546456692914
21
-3.832651220472441
0
LINE
8
Edge.Cuts
6
CONTINUOUS
10
0.6098546456692914
20
-3.832651220472441
11
0.6081170472440944
21
-3.8378727165354332
0
LINE
8
Edge.Cuts
6
CONTINUOUS
10
0.6081170472440944
20
-3.8378727165354332
11
0.6075413385826771
21
-3.8390685826771653
0
LINE
8
Edge.Cuts
6
CONTINUOUS
10
0.6075413385826771
20
-3.8390685826771653
11
0.6067591338582677
21
-3.8416051968503937
0
LINE
8
Edge.Cuts
6
CONTINUOUS
10
0.6067591338582677
20
-3.8416051968503937
11
0.606363622047244
21
-3.8442300787401575
0
LINE
8
Edge.Cuts
6
CONTINUOUS
10
0.606363622047244
20
-3.8442300787401575
11
0.6063636614173228
21
-3.8455573228346456
0
LINE
8
Edge.Cuts
6
CONTINUOUS
10
0.6063636614173228
20
-3.8455573228346456
11
0.6063636614173228
21
-3.8455573622047243
0
LINE
8
Edge.Cuts
6
CONTINUOUS
10
0.6063636614173228
20
-3.8455573622047243
11
0.6063636614173228
21
-3.9008992519685037
0
LINE
8
Edge.Cuts
6
CONTINUOUS
10
0.6063636614173228
20
-3.9008992519685037
11
0.606363622047244
21
-3.9022264960629922
0
LINE
8
Edge.Cuts
6
CONTINUOUS
10
0.606363622047244
20
-3.9022264960629922
11
0.6067591338582677
21
-3.9048513779527556
0
LINE
8
Edge.Cuts
6
CONTINUOUS
10
0.6067591338582677
20
-3.9048513779527556
11
0.6075413385826771
21
-3.9073880314960627
0
LINE
8
Edge.Cuts
6
CONTINUOUS
10
0.6075413385826771
20
-3.9073880314960627
11
0.6081170078740157
21
-3.9085837795275591
0
LINE
8
Edge.Cuts
6
CONTINUOUS
10
0.6081170078740157
20
-3.9085837795275591
11
0.6081170472440944
21
-3.9085838582677166
0
LINE
8
Edge.Cuts
6
CONTINUOUS
10
0.6081170472440944
20
-3.9085838582677166
11
0.6098546456692914
21
-3.9138053543307088
0
LINE
8
Edge.Cuts
6
CONTINUOUS
10
0.6098546456692914
20
-3.9138053543307088
11
0.6102198818897637
21
-3.9192962204724409
0
LINE
8
Edge.Cuts
6
CONTINUOUS
10
0.6102198818897637
20
-3.9192962204724409
11
0.6091891732283464
21
-3.9247018503937006
0
LINE
8
Edge.Cuts
6
CONTINUOUS
10
0.6091891732283464
20
-3.9247018503937006
11
0.6068291338582678
21
-3.9296731102362203
0
LINE
8
Edge.Cuts
6
CONTINUOUS
10
0.6068291338582678
20
-3.9296731102362203
11
0.603292125984252
21
-3.9338888976377953
0
LINE
8
Edge.Cuts
6
CONTINUOUS
10
0.603292125984252
20
-3.9338888976377953
11
0.5988066535433071
21
-3.9370769291338581
0
LINE
8
Edge.Cuts
6
CONTINUOUS
10
0.5988066535433071
20
-3.9370769291338581
11
0.5936624015748031
21
-3.939031338582677
0
LINE
8
Edge.Cuts
6
CONTINUOUS
10
0.5936624015748031
20
-3.939031338582677
11
0.5881915748031495
21
-3.9396258267716533
0
LINE
8
Edge.Cuts
6
CONTINUOUS
10
0.5881915748031495
20
-3.9396258267716533
11
0.5827475984251969
21
-3.9388220866141732
0
LINE
8
Edge.Cuts
6
CONTINUOUS
10
0.5827475984251969
20
-3.9388220866141732
11
0.5776820078740157
21
-3.9366719685039371
0
LINE
8
Edge.Cuts
6
CONTINUOUS
10
0.5776820078740157
20
-3.9366719685039371
11
0.5763297637795275
21
-3.9358833858267714
0
LINE
8
Edge.Cuts
6
CONTINUOUS
10
0.5763297637795275
20
-3.9358833858267714
11
0.5733914566929134
21
-3.9348023228346456
0
LINE
8
Edge.Cuts
6
CONTINUOUS
10
0.5733914566929134
20
-3.9348023228346456
11
0.5703091338582678
21
-3.9342532677165352
0
LINE
8
Edge.Cuts
6
CONTINUOUS
10
0.5703091338582678
20
-3.9342532677165352
11
0.5687437007874016
21
-3.934251929133858
0
LINE
8
Edge.Cuts
6
CONTINUOUS
10
0.5687437007874016
20
-3.934251929133858
11
0.5061884251968504
21
-3.934251929133858
0
LINE
8
Edge.Cuts
6
CONTINUOUS
10
0.5061884251968504
20
-3.934251929133858
11
0.504623031496063
21
-3.9342533070866139
0
LINE
8
Edge.Cuts
6
CONTINUOUS
10
0.504623031496063
20
-3.9342533070866139
11
0.5015407086614173
21
-3.9348023228346456
0
LINE
8
Edge.Cuts
6
CONTINUOUS
10
0.5015407086614173
20
-3.9348023228346456
11
0.4986024015748031
21
-3.9358833858267714
0
LINE
8
Edge.Cuts
6
CONTINUOUS
10
0.4986024015748031
20
-3.9358833858267714
11
0.4972501574803149
21
-3.9366719685039371
0
LINE
8
Edge.Cuts
6
CONTINUOUS
10
0.4972501574803149
20
-3.9366719685039371
11
0.4972496850393701
21
-3.9366720472440946
0
LINE
8
Edge.Cuts
6
CONTINUOUS
10
0.4972496850393701
20
-3.9366720472440946
11
0.4921845275590551
21
-3.9388220078740157
0
LINE
8
Edge.Cuts
6
CONTINUOUS
10
0.4921845275590551
20
-3.9388220078740157
11
0.4867405511811024
21
-3.9396257480314958
0
LINE
8
Edge.Cuts
6
CONTINUOUS
10
0.4867405511811024
20
-3.9396257480314958
11
0.4812697637795276
21
-3.9390312598425195
0
LINE
8
Edge.Cuts
6
CONTINUOUS
10
0.4812697637795276
20
-3.9390312598425195
11
0.4761255118110236
21
-3.9370768503937006
0
LINE
8
Edge.Cuts
6
CONTINUOUS
10
0.4761255118110236
20
-3.9370768503937006
11
0.4716400787401575
21
-3.9338888188976378
0
LINE
8
Edge.Cuts
6
CONTINUOUS
10
0.4716400787401575
20
-3.9338888188976378
11
0.4681030708661417
21
-3.9296730708661416
0
LINE
8
Edge.Cuts
6
CONTINUOUS
10
0.4681030708661417
20
-3.9296730708661416
11
0.4657429921259842
21
-3.9247018503937006
0
LINE
8
Edge.Cuts
6
CONTINUOUS
10
0.4657429921259842
20
-3.9247018503937006
11
0.4647122834645669
21
-3.9192962598425196
0
LINE
8
Edge.Cuts
6
CONTINUOUS
10
0.4647122834645669
20
-3.9192962598425196
11
0.4650775196850394
21
-3.9138053937007875
0
LINE
8
Edge.Cuts
6
CONTINUOUS
10
0.4650775196850394
20
-3.9138053937007875
11
0.4668150393700787
21
-3.9085838976377953
0
LINE
8
Edge.Cuts
6
CONTINUOUS
10
0.4668150393700787
20
-3.9085838976377953
11
0.4668150787401575
21
-3.9085838188976378
0
LINE
8
Edge.Cuts
6
CONTINUOUS
10
0.4668150787401575
20
-3.9085838188976378
11
0.4673905511811023
21
-3.9073881889763777
0
LINE
8
Edge.Cuts
6
CONTINUOUS
10
0.4673905511811023
20
-3.9073881889763777
11
0.4681726771653543
21
-3.9048513385826769
0
LINE
8
Edge.Cuts
6
CONTINUOUS
10
0.4681726771653543
20
-3.9048513385826769
11
0.4685683464566929
21
-3.9022262992125984
0
LINE
8
Edge.Cuts
6
CONTINUOUS
10
0.4685683464566929
20
-3.9022262992125984
11
0.4685684645669291
21
-3.9008989763779525
0
LINE
8
Edge.Cuts
6
CONTINUOUS
10
0.4685684645669291
20
-3.9008989763779525
11
0.4685684645669291
21
-3.8455573622047243
0
LINE
8
Edge.Cuts
6
CONTINUOUS
10
0.4685684645669291
20
-3.8455573622047243
11
0.4685684645669291
21
-3.8455573228346456
0
LINE
8
Edge.Cuts
6
CONTINUOUS
10
0.4685684645669291
20
-3.8455573228346456
11
0.4685685433070866
21
-3.8442300787401575
0
LINE
8
Edge.Cuts
6
CONTINUOUS
10
0.4685685433070866
20
-3.8442300787401575
11
0.468173031496063
21
-3.8416052362204725
0
LINE
8
Edge.Cuts
6
CONTINUOUS
10
0.468173031496063
20
-3.8416052362204725
11
0.4673908267716536
21
-3.8390686220472441
0
LINE
8
Edge.Cuts
6
CONTINUOUS
10
0.4673908267716536
20
-3.8390686220472441
11
0.4668150787401575
21
-3.8378727559055119
0
LINE
8
Edge.Cuts
6
CONTINUOUS
10
0.4668150787401575
20
-3.8378727559055119
11
0.4668150393700787
21
-3.8378726771653544
0
LINE
8
Edge.Cuts
6
CONTINUOUS
10
0.4668150393700787
20
-3.8378726771653544
11
0.4650774803149606
21
-3.832651220472441
0
LINE
8
Edge.Cuts
6
CONTINUOUS
10
0.4650774803149606
20
-3.832651220472441
11
0.4647122440944882
21
-3.8271603543307084
0
LINE
8
Edge.Cuts
6
CONTINUOUS
10
0.4647122440944882
20
-3.8271603543307084
11
0.4657429527559055
21
-3.8217547244094487
0
LINE
8
Edge.Cuts
6
CONTINUOUS
10
0.4657429527559055
20
-3.8217547244094487
11
0.468103031496063
21
-3.8167835039370077
0
LINE
8
Edge.Cuts
6
CONTINUOUS
10
0.468103031496063
20
-3.8167835039370077
11
0.47164
21
-3.8125677165354328
0
LINE
8
Edge.Cuts
6
CONTINUOUS
10
0.47164
20
-3.8125677165354328
11
0.4761254724409449
21
-3.80937968503937
0
LINE
8
Edge.Cuts
6
CONTINUOUS
10
0.4761254724409449
20
-3.80937968503937
11
0.4812697637795276
21
-3.8074252755905511
0
LINE
8
Edge.Cuts
6
CONTINUOUS
10
0.4812697637795276
20
-3.8074252755905511
11
0.4867405511811024
21
-3.8068307874015748
0
LINE
8
Edge.Cuts
6
CONTINUOUS
10
0.4867405511811024
20
-3.8068307874015748
11
0.4921845275590551
21
-3.8076345275590548
0
LINE
8
Edge.Cuts
6
CONTINUOUS
10
0.4921845275590551
20
-3.8076345275590548
11
0.4972501181102362
21
-3.8097846456692914
0
LINE
8
Edge.Cuts
6
CONTINUOUS
10
0.4972501181102362
20
-3.8097846456692914
11
0.4986023622047244
21
-3.8105732283464566
0
LINE
8
Edge.Cuts
6
CONTINUOUS
10
0.4986023622047244
20
-3.8105732283464566
11
0.5015406692913386
21
-3.8116542913385825
0
LINE
8
Edge.Cuts
6
CONTINUOUS
10
0.5015406692913386
20
-3.8116542913385825
11
0.5046229921259843
21
-3.8122033070866141
0
LINE
8
Edge.Cuts
6
CONTINUOUS
10
0.5046229921259843
20
-3.8122033070866141
11
0.5061883858267716
21
-3.81220468503937
0
LINE
8
Edge.Cuts
6
CONTINUOUS
10
0.5061883858267716
20
-3.81220468503937
11
0.5061885039370079
21
-3.8122047244094488
0
LINE
8
Edge.Cuts
6
CONTINUOUS
10
0.5061885039370079
20
-3.8122047244094488
11
0.5687437401574803
21
-3.8122047244094488
0
LINE
8
Edge.Cuts
6
CONTINUOUS
10
0.5687437401574803
20
-3.8122047244094488
11
0.5703091338582678
21
-3.8122033464566929
0
LINE
8
Edge.Cuts
6
CONTINUOUS
10
0.5703091338582678
20
-3.8122033464566929
11
0.5733914566929134
21
-3.8116543307086612
0
LINE
8
Edge.Cuts
6
CONTINUOUS
10
0.5733914566929134
20
-3.8116543307086612
11
0.5763297637795275
21
-3.8105732677165354
0
LINE
8
Edge.Cuts
6
CONTINUOUS
10
0.5763297637795275
20
-3.8105732677165354
11
0.5776820078740157
21
-3.8097846850393702
0
LINE
8
Edge.Cuts
6
CONTINUOUS
10
0.5776820078740157
20
-3.8097846850393702
11
0.5827475984251969
21
-3.8076345669291336
0
LINE
8
Edge.Cuts
6
CONTINUOUS
10
0.5827475984251969
20
-3.8076345669291336
11
0.5881915748031495
21
-3.8068307874015748
0
LINE
8
Edge.Cuts
6
CONTINUOUS
10
0.5881915748031495
20
-3.8068307874015748
11
0.5936623622047243
21
-3.8074253149606299
0
LINE
8
Edge.Cuts
6
CONTINUOUS
10
0.4799835039370078
20
-3.811787086614173
11
0.4759802755905512
21
-3.8139248818897635
0
LINE
8
Edge.Cuts
6
CONTINUOUS
10
0.4759802755905512
20
-3.8139248818897635
11
0.4726452362204724
21
-3.8170027165354328
0
LINE
8
Edge.Cuts
6
CONTINUOUS
10
0.4726452362204724
20
-3.8170027165354328
11
0.470193779527559
21
-3.8208218897637796
0
LINE
8
Edge.Cuts
6
CONTINUOUS
10
0.470193779527559
20
-3.8208218897637796
11
0.4687841732283464
21
-3.8251356692913383
0
LINE
8
Edge.Cuts
6
CONTINUOUS
10
0.4687841732283464
20
-3.8251356692913383
11
0.4685075590551181
21
-3.8296654724409449
0
LINE
8
Edge.Cuts
6
CONTINUOUS
10
0.4685075590551181
20
-3.8296654724409449
11
0.4693816929133858
21
-3.8341187401574803
0
LINE
8
Edge.Cuts
6
CONTINUOUS
10
0.4693816929133858
20
-3.8341187401574803
11
0.4703623622047244
21
-3.8361648818897636
0
LINE
8
Edge.Cuts
6
CONTINUOUS
10
0.4703623622047244
20
-3.8361648818897636
11
0.4703624015748031
21
-3.8361649606299211
0
LINE
8
Edge.Cuts
6
CONTINUOUS
10
0.4703624015748031
20
-3.8361649606299211
11
0.471544094488189
21
-3.8391768110236217
0
LINE
8
Edge.Cuts
6
CONTINUOUS
10
0.471544094488189
20
-3.8391768110236217
11
0.4722638188976378
21
-3.8423311023622047
0
LINE
8
Edge.Cuts
6
CONTINUOUS
10
0.4722638188976378
20
-3.8423311023622047
11
0.4725054330708661
21
-3.8455573228346456
0
LINE
8
Edge.Cuts
6
CONTINUOUS
10
0.4725054330708661
20
-3.8455573228346456
11
0.4725054724409449
21
-3.8455573622047243
0
LINE
8
Edge.Cuts
6
CONTINUOUS
10
0.4725054724409449
20
-3.8455573622047243
11
0.4725054724409449
21
-3.9008992519685037
0
LINE
8
Edge.Cuts
6
CONTINUOUS
10
0.4725054724409449
20
-3.9008992519685037
11
0.4725053937007874
21
-3.9008994488188975
0
LINE
8
Edge.Cuts
6
CONTINUOUS
10
0.4725053937007874
20
-3.9008994488188975
11
0.4725054724409449
21
-3.9008996062992125
0
LINE
8
Edge.Cuts
6
CONTINUOUS
10
0.4725054724409449
20
-3.9008996062992125
11
0.4722634251968504
21
-3.9041256299212597
0
LINE
8
Edge.Cuts
6
CONTINUOUS
10
0.4722634251968504
20
-3.9041256299212597
11
0.471543779527559
21
-3.9072796062992126
0
LINE
8
Edge.Cuts
6
CONTINUOUS
10
0.471543779527559
20
-3.9072796062992126
11
0.4703625590551181
21
-3.9102912992125982
0
LINE
8
Edge.Cuts
6
CONTINUOUS
10
0.4703625590551181
20
-3.9102912992125982
11
0.4703624409448819
21
-3.9102913779527557
0
LINE
8
Edge.Cuts
6
CONTINUOUS
10
0.4703624409448819
20
-3.9102913779527557
11
0.4703624409448819
21
-3.9102916141732282
0
LINE
8
Edge.Cuts
6
CONTINUOUS
10
0.4703624409448819
20
-3.9102916141732282
11
0.4693817322834646
21
-3.9123378346456694
0
LINE
8
Edge.Cuts
6
CONTINUOUS
10
0.4693817322834646
20
-3.9123378346456694
11
0.4685075590551181
21
-3.9167911023622048
0
LINE
8
Edge.Cuts
6
CONTINUOUS
10
0.4685075590551181
20
-3.9167911023622048
11
0.4687842519685039
21
-3.921320905511811
0
LINE
8
Edge.Cuts
6
CONTINUOUS
10
0.4687842519685039
20
-3.921320905511811
11
0.4701938188976378
21
-3.9256346850393702
0
LINE
8
Edge.Cuts
6
CONTINUOUS
10
0.4701938188976378
20
-3.9256346850393702
11
0.4726453149606299
21
-3.9294538188976378
0
LINE
8
Edge.Cuts
6
CONTINUOUS
10
0.4726453149606299
20
-3.9294538188976378
11
0.4759803149606299
21
-3.932531653543307
0
LINE
8
Edge.Cuts
6
CONTINUOUS
10
0.4759803149606299
20
-3.932531653543307
11
0.4799835433070866
21
-3.9346694094488188
0
LINE
8
Edge.Cuts
6
CONTINUOUS
10
0.4799835433070866
20
-3.9346694094488188
11
0.4843963385826772
21
-3.9357290157480316
0
LINE
8
Edge.Cuts
6
CONTINUOUS
10
0.4843963385826772
20
-3.9357290157480316
11
0.4889337401574803
21
-3.9356420472440945
0
LINE
8
Edge.Cuts
6
CONTINUOUS
10
0.4889337401574803
20
-3.9356420472440945
11
0.4933026771653543
21
-3.9344140944881887
0
LINE
8
Edge.Cuts
6
CONTINUOUS
10
0.4933026771653543
20
-3.9344140944881887
11
0.4952638188976378
21
-3.9332726771653541
0
LINE
8
Edge.Cuts
6
CONTINUOUS
10
0.4952638188976378
20
-3.9332726771653541
11
0.4952641732283464
21
-3.9332725590551179
0
LINE
8
Edge.Cuts
6
CONTINUOUS
10
0.4952641732283464
20
-3.9332725590551179
11
0.4987116929133858
21
-3.9316466929133855
0
LINE
8
Edge.Cuts
6
CONTINUOUS
10
0.4987116929133858
20
-3.9316466929133855
11
0.5023912204724409
21
-3.930650472440945
0
LINE
8
Edge.Cuts
6
CONTINUOUS
10
0.5023912204724409
20
-3.930650472440945
11
0.5061884251968504
21
-3.9303149212598423
0
LINE
8
Edge.Cuts
6
CONTINUOUS
10
0.5061884251968504
20
-3.9303149212598423
11
0.5687437007874016
21
-3.9303149212598423
0
LINE
8
Edge.Cuts
6
CONTINUOUS
10
0.5687437007874016
20
-3.9303149212598423
11
0.5725409448818898
21
-3.930650472440945
0
LINE
8
Edge.Cuts
6
CONTINUOUS
10
0.5725409448818898
20
-3.930650472440945
11
0.5762204724409449
21
-3.9316466929133855
0
LINE
8
Edge.Cuts
6
CONTINUOUS
10
0.5762204724409449
20
-3.9316466929133855
11
0.5796683070866142
21
-3.9332727559055116
0
LINE
8
Edge.Cuts
6
CONTINUOUS
10
0.5796683070866142
20
-3.9332727559055116
11
0.5816294488188977
21
-3.9344141732283462
0
LINE
8
Edge.Cuts
6
CONTINUOUS
10
0.5816294488188977
20
-3.9344141732283462
11
0.5859984251968504
21
-3.935642125984252
0
LINE
8
Edge.Cuts
6
CONTINUOUS
10
0.5859984251968504
20
-3.935642125984252
11
0.5905358267716535
21
-3.9357291338582678
0
LINE
8
Edge.Cuts
6
CONTINUOUS
10
0.5905358267716535
20
-3.9357291338582678
11
0.5949486614173228
21
-3.9346694881889763
0
LINE
8
Edge.Cuts
6
CONTINUOUS
10
0.5949486614173228
20
-3.9346694881889763
11
0.5989518503937008
21
-3.9325317322834645
0
LINE
8
Edge.Cuts
6
CONTINUOUS
10
0.5989518503937008
20
-3.9325317322834645
11
0.6022868897637795
21
-3.9294538582677165
0
LINE
8
Edge.Cuts
6
CONTINUOUS
10
0.6022868897637795
20
-3.9294538582677165
11
0.6047383858267716
21
-3.9256346850393702
0
LINE
8
Edge.Cuts
6
CONTINUOUS
10
0.6047383858267716
20
-3.9256346850393702
11
0.6061479527559055
21
-3.921320905511811
0
LINE
8
Edge.Cuts
6
CONTINUOUS
10
0.6061479527559055
20
-3.921320905511811
11
0.6064246062992126
21
-3.9167911023622048
0
LINE
8
Edge.Cuts
6
CONTINUOUS
10
0.6064246062992126
20
-3.9167911023622048
11
0.6055504330708661
21
-3.9123378346456694
0
LINE
8
Edge.Cuts
6
CONTINUOUS
10
0.6055504330708661
20
-3.9123378346456694
11
0.6045697244094488
21
-3.9102915748031495
0
LINE
8
Edge.Cuts
6
CONTINUOUS
10
0.6045697244094488
20
-3.9102915748031495
11
0.6033880708661418
21
-3.9072798031496063
0
LINE
8
Edge.Cuts
6
CONTINUOUS
10
0.6033880708661418
20
-3.9072798031496063
11
0.6026683464566929
21
-3.9041255511811022
0
LINE
8
Edge.Cuts
6
CONTINUOUS
10
0.6026683464566929
20
-3.9041255511811022
11
0.602426653543307
21
-3.9008992519685037
0
LINE
8
Edge.Cuts
6
CONTINUOUS
10
0.602426653543307
20
-3.9008992519685037
11
0.602426653543307
21
-3.8455573622047243
0
LINE
8
Edge.Cuts
6
CONTINUOUS
10
0.602426653543307
20
-3.8455573622047243
11
0.602426653543307
21
-3.8455573228346456
0
LINE
8
Edge.Cuts
6
CONTINUOUS
10
0.602426653543307
20
-3.8455573228346456
11
0.6026683464566929
21
-3.8423310629921259
0
LINE
8
Edge.Cuts
6
CONTINUOUS
10
0.6026683464566929
20
-3.8423310629921259
11
0.6033880708661418
21
-3.8391768110236217
0
LINE
8
Edge.Cuts
6
CONTINUOUS
10
0.6033880708661418
20
-3.8391768110236217
11
0.6045697244094488
21
-3.8361649999999998
0
LINE
8
Edge.Cuts
6
CONTINUOUS
10
0.6045697244094488
20
-3.8361649999999998
11
0.6055504330708661
21
-3.8341187401574803
0
LINE
8
Edge.Cuts
6
CONTINUOUS
10
0.6055504330708661
20
-3.8341187401574803
11
0.6064245669291338
21
-3.8296655118110237
0
LINE
8
Edge.Cuts
6
CONTINUOUS
10
0.6064245669291338
20
-3.8296655118110237
11
0.6061479133858267
21
-3.8251357086614171
0
LINE
8
Edge.Cuts
6
CONTINUOUS
10
0.6061479133858267
20
-3.8251357086614171
11
0.6047383464566929
21
-3.8208218897637796
0
LINE
8
Edge.Cuts
6
CONTINUOUS
10
0.6047383464566929
20
-3.8208218897637796
11
0.6022868503937008
21
-3.8170027559055115
0
LINE
8
Edge.Cuts
6
CONTINUOUS
10
0.6022868503937008
20
-3.8170027559055115
11
0.598951811023622
21
-3.8139248818897635
0
LINE
8
Edge.Cuts
6
CONTINUOUS
10
0.598951811023622
20
-3.8139248818897635
11
0.5949486220472441
21
-3.8117871259842517
0
LINE
8
Edge.Cuts
6
CONTINUOUS
10
0.5949486220472441
20
-3.8117871259842517
11
0.5905358267716535
21
-3.8107275196850394
0
LINE
8
Edge.Cuts
6
CONTINUOUS
10
0.5905358267716535
20
-3.8107275196850394
11
0.5859983858267717
21
-3.8108145275590548
0
LINE
8
Edge.Cuts
6
CONTINUOUS
10
0.5859983858267717
20
-3.8108145275590548
11
0.5816294488188977
21
-3.8120424803149606
0
LINE
8
Edge.Cuts
6
CONTINUOUS
10
0.5816294488188977
20
-3.8120424803149606
11
0.5796683070866142
21
-3.8131838976377952
0
LINE
8
Edge.Cuts
6
CONTINUOUS
10
0.5796683070866142
20
-3.8131838976377952
11
0.5762204724409449
21
-3.8148099606299213
0
LINE
8
Edge.Cuts
6
CONTINUOUS
10
0.5762204724409449
20
-3.8148099606299213
11
0.5725409448818898
21
-3.8158061811023622
0
LINE
8
Edge.Cuts
6
CONTINUOUS
10
0.5725409448818898
20
-3.8158061811023622
11
0.5687437401574803
21
-3.8161417322834645
0
LINE
8
Edge.Cuts
6
CONTINUOUS
10
0.5687437401574803
20
-3.8161417322834645
11
0.5061884251968504
21
-3.8161417322834645
0
LINE
8
Edge.Cuts
6
CONTINUOUS
10
0.5061884251968504
20
-3.8161417322834645
11
0.5061880708661417
21
-3.816141653543307
0
LINE
8
Edge.Cuts
6
CONTINUOUS
10
0.5061880708661417
20
-3.816141653543307
11
0.5023911811023621
21
-3.8158061417322835
0
LINE
8
Edge.Cuts
6
CONTINUOUS
10
0.5023911811023621
20
-3.8158061417322835
11
0.4987116535433071
21
-3.8148099212598425
0
LINE
8
Edge.Cuts
6
CONTINUOUS
10
0.4987116535433071
20
-3.8148099212598425
11
0.4952638188976378
21
-3.8131838582677164
0
LINE
8
Edge.Cuts
6
CONTINUOUS
10
0.4952638188976378
20
-3.8131838582677164
11
0.4933026771653543
21
-3.8120424409448819
0
LINE
8
Edge.Cuts
6
CONTINUOUS
10
0.4933026771653543
20
-3.8120424409448819
11
0.4889337007874016
21
-3.8108144881889765
0
LINE
8
Edge.Cuts
6
CONTINUOUS
10
0.4889337007874016
20
-3.8108144881889765
11
0.4843962992125984
21
-3.8107274803149607
0
LINE
8
Edge.Cuts
6
CONTINUOUS
10
0.4843962992125984
20
-3.8107274803149607
11
0.4799835039370078
21
-3.811787086614173
0
LINE
8
Edge.Cuts
6
CONTINUOUS
10
11.6362790157480305
20
-3.8025164960629922
11
11.6413446062992119
21
-3.8046666141732284
0
LINE
8
Edge.Cuts
6
CONTINUOUS
10
11.6413446062992119
20
-3.8046666141732284
11
11.6426968503937012
21
-3.8054551968503936
0
LINE
8
Edge.Cuts
6
CONTINUOUS
10
11.6426968503937012
20
-3.8054551968503936
11
11.6456351574803154
21
-3.8065362598425194
0
LINE
8
Edge.Cuts
6
CONTINUOUS
10
11.6456351574803154
20
-3.8065362598425194
11
11.6487174803149607
21
-3.8070853149606299
0
LINE
8
Edge.Cuts
6
CONTINUOUS
10
11.6487174803149607
20
-3.8070853149606299
11
11.6502829133858263
21
-3.807086653543307
0
LINE
8
Edge.Cuts
6
CONTINUOUS
10
11.6502829133858263
20
-3.807086653543307
11
11.7128381889763773
21
-3.807086653543307
0
LINE
8
Edge.Cuts
6
CONTINUOUS
10
11.7128381889763773
20
-3.807086653543307
11
11.714403582677166
21
-3.8070852755905511
0
LINE
8
Edge.Cuts
6
CONTINUOUS
10
11.714403582677166
20
-3.8070852755905511
11
11.7174859055118112
21
-3.8065362598425194
0
LINE
8
Edge.Cuts
6
CONTINUOUS
10
11.7174859055118112
20
-3.8065362598425194
11
11.7204242125984255
21
-3.8054551968503936
0
LINE
8
Edge.Cuts
6
CONTINUOUS
10
11.7204242125984255
20
-3.8054551968503936
11
11.721776456692913
21
-3.8046666141732284
0
LINE
8
Edge.Cuts
6
CONTINUOUS
10
11.721776456692913
20
-3.8046666141732284
11
11.7217768897637793
21
-3.8046664960629921
0
LINE
8
Edge.Cuts
6
CONTINUOUS
10
11.7217768897637793
20
-3.8046664960629921
11
11.7268420866141732
21
-3.8025165748031493
0
LINE
8
Edge.Cuts
6
CONTINUOUS
10
11.7268420866141732
20
-3.8025165748031493
11
11.7322860629921255
21
-3.8017128346456692
0
LINE
8
Edge.Cuts
6
CONTINUOUS
10
11.7322860629921255
20
-3.8017128346456692
11
11.7377568503937013
21
-3.8023073228346456
0
LINE
8
Edge.Cuts
6
CONTINUOUS
10
11.7377568503937013
20
-3.8023073228346456
11
11.7429011023622039
21
-3.8042617322834644
0
LINE
8
Edge.Cuts
6
CONTINUOUS
10
11.7429011023622039
20
-3.8042617322834644
11
11.7473865354330709
21
-3.8074497637795273
0
LINE
8
Edge.Cuts
6
CONTINUOUS
10
11.7473865354330709
20
-3.8074497637795273
11
11.7509235433070867
21
-3.8116655118110234
0
LINE
8
Edge.Cuts
6
CONTINUOUS
10
11.7509235433070867
20
-3.8116655118110234
11
11.7532836220472436
21
-3.8166367322834645
0
LINE
8
Edge.Cuts
6
CONTINUOUS
10
11.7532836220472436
20
-3.8166367322834645
11
11.7543143307086613
21
-3.8220423228346454
0
LINE
8
Edge.Cuts
6
CONTINUOUS
10
11.7543143307086613
20
-3.8220423228346454
11
11.7539490944881884
21
-3.827533188976378
0
LINE
8
Edge.Cuts
6
CONTINUOUS
10
11.7539490944881884
20
-3.827533188976378
11
11.7522115748031499
21
-3.8327546850393701
0
LINE
8
Edge.Cuts
6
CONTINUOUS
10
11.7522115748031499
20
-3.8327546850393701
11
11.7522114960629924
21
-3.8327547244094489
0
LINE
8
Edge.Cuts
6
CONTINUOUS
10
11.7522114960629924
20
-3.8327547244094489
11
11.7516360629921266
21
-3.8339503937007873
0
LINE
8
Edge.Cuts
6
CONTINUOUS
10
11.7516360629921266
20
-3.8339503937007873
11
11.7508539370078733
21
-3.8364872440944882
0
LINE
8
Edge.Cuts
6
CONTINUOUS
10
11.7508539370078733
20
-3.8364872440944882
11
11.7504582677165352
21
-3.839112283464567
0
LINE
8
Edge.Cuts
6
CONTINUOUS
10
11.7504582677165352
20
-3.839112283464567
11
11.750458149606299
21
-3.8404393307086613
0
LINE
8
Edge.Cuts
6
CONTINUOUS
10
11.750458149606299
20
-3.8404393307086613
11
11.750458149606299
21
-3.8957812204724407
0
LINE
8
Edge.Cuts
6
CONTINUOUS
10
11.750458149606299
20
-3.8957812204724407
11
11.750458149606299
21
-3.8957812598425194
0
LINE
8
Edge.Cuts
6
CONTINUOUS
10
11.750458149606299
20
-3.8957812598425194
11
11.7504580708661415
21
-3.8971085039370079
0
LINE
8
Edge.Cuts
6
CONTINUOUS
10
11.7504580708661415
20
-3.8971085039370079
11
11.7508535826771645
21
-3.899733346456693
0
LINE
8
Edge.Cuts
6
CONTINUOUS
10
11.7508535826771645
20
-3.899733346456693
11
11.7516357874015753
21
-3.9022699606299214
0
LINE
8
Edge.Cuts
6
CONTINUOUS
10
11.7516357874015753
20
-3.9022699606299214
11
11.7522115354330712
21
-3.9034658267716535
0
LINE
8
Edge.Cuts
6
CONTINUOUS
10
11.7522115354330712
20
-3.9034658267716535
11
11.7522115354330712
21
-3.9034658661417323
0
LINE
8
Edge.Cuts
6
CONTINUOUS
10
11.7522115354330712
20
-3.9034658661417323
11
11.7539491338582671
21
-3.9086873622047245
0
LINE
8
Edge.Cuts
6
CONTINUOUS
10
11.7539491338582671
20
-3.9086873622047245
11
11.75431437007874
21
-3.9141782283464566
0
LINE
8
Edge.Cuts
6
CONTINUOUS
10
11.75431437007874
20
-3.9141782283464566
11
11.7532836614173224
21
-3.9195838582677163
0
LINE
8
Edge.Cuts
6
CONTINUOUS
10
11.7532836614173224
20
-3.9195838582677163
11
11.7509235826771654
21
-3.9245550787401573
0
LINE
8
Edge.Cuts
6
CONTINUOUS
10
11.7509235826771654
20
-3.9245550787401573
11
11.7473866141732284
21
-3.9287708661417322
0
LINE
8
Edge.Cuts
6
CONTINUOUS
10
11.7473866141732284
20
-3.9287708661417322
11
11.7429011417322826
21
-3.931958897637795
0
LINE
8
Edge.Cuts
6
CONTINUOUS
10
11.7429011417322826
20
-3.931958897637795
11
11.7377568503937013
21
-3.9339133070866139
0
LINE
8
Edge.Cuts
6
CONTINUOUS
10
11.7377568503937013
20
-3.9339133070866139
11
11.7322860629921255
21
-3.9345077952755902
0
LINE
8
Edge.Cuts
6
CONTINUOUS
10
11.7322860629921255
20
-3.9345077952755902
11
11.7268420866141732
21
-3.9337040551181102
0
LINE
8
Edge.Cuts
6
CONTINUOUS
10
11.7268420866141732
20
-3.9337040551181102
11
11.7217764960629918
21
-3.931553937007874
0
LINE
8
Edge.Cuts
6
CONTINUOUS
10
11.7217764960629918
20
-3.931553937007874
11
11.7204242519685042
21
-3.9307653543307084
0
LINE
8
Edge.Cuts
6
CONTINUOUS
10
11.7204242519685042
20
-3.9307653543307084
11
11.71748594488189
21
-3.9296842913385825
0
LINE
8
Edge.Cuts
6
CONTINUOUS
10
11.71748594488189
20
-3.9296842913385825
11
11.7144036220472429
21
-3.9291352755905513
0
LINE
8
Edge.Cuts
6
CONTINUOUS
10
11.7144036220472429
20
-3.9291352755905513
11
11.712838228346456
21
-3.929133897637795
0
LINE
8
Edge.Cuts
6
CONTINUOUS
10
11.712838228346456
20
-3.929133897637795
11
11.7128381102362198
21
-3.9291338582677167
0
LINE
8
Edge.Cuts
6
CONTINUOUS
10
11.7128381102362198
20
-3.9291338582677167
11
11.6502828740157476
21
-3.9291338582677167
0
LINE
8
Edge.Cuts
6
CONTINUOUS
10
11.6502828740157476
20
-3.9291338582677167
11
11.6487174803149607
21
-3.9291352362204726
0
LINE
8
Edge.Cuts
6
CONTINUOUS
10
11.6487174803149607
20
-3.9291352362204726
11
11.6456351574803154
21
-3.9296842519685038
0
LINE
8
Edge.Cuts
6
CONTINUOUS
10
11.6456351574803154
20
-3.9296842519685038
11
11.6426968503937012
21
-3.9307653149606296
0
LINE
8
Edge.Cuts
6
CONTINUOUS
10
11.6426968503937012
20
-3.9307653149606296
11
11.6413446062992119
21
-3.9315538976377953
0
LINE
8
Edge.Cuts
6
CONTINUOUS
10
11.6413446062992119
20
-3.9315538976377953
11
11.6362790157480305
21
-3.9337040157480314
0
LINE
8
Edge.Cuts
6
CONTINUOUS
10
11.6362790157480305
20
-3.9337040157480314
11
11.6308350393700781
21
-3.9345077952755902
0
LINE
8
Edge.Cuts
6
CONTINUOUS
10
11.6308350393700781
20
-3.9345077952755902
11
11.6253642519685041
21
-3.9339132677165352
0
LINE
8
Edge.Cuts
6
CONTINUOUS
10
11.6253642519685041
20
-3.9339132677165352
11
11.6202199999999998
21
-3.931958897637795
0
LINE
8
Edge.Cuts
6
CONTINUOUS
10
11.6202199999999998
20
-3.931958897637795
11
11.615734527559054
21
-3.9287708661417322
0
LINE
8
Edge.Cuts
6
CONTINUOUS
10
11.615734527559054
20
-3.9287708661417322
11
11.61219751968504
21
-3.9245550787401573
0
LINE
8
Edge.Cuts
6
CONTINUOUS
10
11.61219751968504
20
-3.9245550787401573
11
11.60983748031496
21
-3.9195838582677163
0
LINE
8
Edge.Cuts
6
CONTINUOUS
10
11.60983748031496
20
-3.9195838582677163
11
11.6088067716535424
21
-3.9141782283464566
0
LINE
8
Edge.Cuts
6
CONTINUOUS
10
11.6088067716535424
20
-3.9141782283464566
11
11.6091719685039365
21
-3.9086873622047245
0
LINE
8
Edge.Cuts
6
CONTINUOUS
10
11.6091719685039365
20
-3.9086873622047245
11
11.6109095669291342
21
-3.9034658661417323
0
LINE
8
Edge.Cuts
6
CONTINUOUS
10
11.6109095669291342
20
-3.9034658661417323
11
11.6114852755905513
21
-3.9022700000000001
0
LINE
8
Edge.Cuts
6
CONTINUOUS
10
11.6114852755905513
20
-3.9022700000000001
11
11.6122674803149604
21
-3.8997333858267718
0
LINE
8
Edge.Cuts
6
CONTINUOUS
10
11.6122674803149604
20
-3.8997333858267718
11
11.6126629921259834
21
-3.8971085039370079
0
LINE
8
Edge.Cuts
6
CONTINUOUS
10
11.6126629921259834
20
-3.8971085039370079
11
11.6126629527559047
21
-3.8957812598425194
0
LINE
8
Edge.Cuts
6
CONTINUOUS
10
11.6126629527559047
20
-3.8957812598425194
11
11.6126629527559047
21
-3.8957812204724407
0
LINE
8
Edge.Cuts
6
CONTINUOUS
10
11.6126629527559047
20
-3.8957812204724407
11
11.6126629527559047
21
-3.8404393307086613
0
LINE
8
Edge.Cuts
6
CONTINUOUS
10
11.6126629527559047
20
-3.8404393307086613
11
11.6126629921259834
21
-3.8391120866141732
0
LINE
8
Edge.Cuts
6
CONTINUOUS
10
11.6126629921259834
20
-3.8391120866141732
11
11.6122674803149604
21
-3.8364872047244094
0
LINE
8
Edge.Cuts
6
CONTINUOUS
10
11.6122674803149604
20
-3.8364872047244094
11
11.6114852755905513
21
-3.8339505511811023
0
LINE
8
Edge.Cuts
6
CONTINUOUS
10
11.6114852755905513
20
-3.8339505511811023
11
11.6109095669291342
21
-3.8327546850393701
0
LINE
8
Edge.Cuts
6
CONTINUOUS
10
11.6109095669291342
20
-3.8327546850393701
11
11.6091719685039365
21
-3.8275332283464567
0
LINE
8
Edge.Cuts
6
CONTINUOUS
10
11.6091719685039365
20
-3.8275332283464567
11
11.6088067322834636
21
-3.8220423622047242
0
LINE
8
Edge.Cuts
6
CONTINUOUS
10
11.6088067322834636
20
-3.8220423622047242
11
11.6098374409448812
21
-3.8166367322834645
0
LINE
8
Edge.Cuts
6
CONTINUOUS
10
11.6098374409448812
20
-3.8166367322834645
11
11.6121974803149612
21
-3.8116654724409447
0
LINE
8
Edge.Cuts
6
CONTINUOUS
10
11.6121974803149612
20
-3.8116654724409447
11
11.6157344881889752
21
-3.8074496850393702
0
LINE
8
Edge.Cuts
6
CONTINUOUS
10
11.6157344881889752
20
-3.8074496850393702
11
11.620219960629921
21
-3.8042616535433069
0
LINE
8
Edge.Cuts
6
CONTINUOUS
10
11.620219960629921
20
-3.8042616535433069
11
11.6253642125984253
21
-3.8023072440944881
0
LINE
8
Edge.Cuts
6
CONTINUOUS
10
11.6253642125984253
20
-3.8023072440944881
11
11.6308350393700781
21
-3.8017127559055117
0
LINE
8
Edge.Cuts
6
CONTINUOUS
10
11.6308350393700781
20
-3.8017127559055117
11
11.6362790157480305
21
-3.8025164960629922
0
LINE
8
Edge.Cuts
6
CONTINUOUS
10
11.6240779527559059
20
-3.8066690944881887
11
11.6200747637795274
21
-3.8088068503937005
0
LINE
8
Edge.Cuts
6
CONTINUOUS
10
11.6200747637795274
20
-3.8088068503937005
11
11.6167397244094488
21
-3.8118847244094489
0
LINE
8
Edge.Cuts
6
CONTINUOUS
10
11.6167397244094488
20
-3.8118847244094489
11
11.6142882283464566
21
-3.8157038976377953
0
LINE
8
Edge.Cuts
6
CONTINUOUS
10
11.6142882283464566
20
-3.8157038976377953
11
11.6128786614173229
21
-3.8200176771653545
0
LINE
8
Edge.Cuts
6
CONTINUOUS
10
11.6128786614173229
20
-3.8200176771653545
11
11.6126020078740151
21
-3.8245474803149606
0
LINE
8
Edge.Cuts
6
CONTINUOUS
10
11.6126020078740151
20
-3.8245474803149606
11
11.6134761811023619
21
-3.829000748031496
0
LINE
8
Edge.Cuts
6
CONTINUOUS
10
11.6134761811023619
20
-3.829000748031496
11
11.6144568503937009
21
-3.8310468897637793
0
LINE
8
Edge.Cuts
6
CONTINUOUS
10
11.6144568503937009
20
-3.8310468897637793
11
11.6144568897637797
21
-3.8310469685039368
0
LINE
8
Edge.Cuts
6
CONTINUOUS
10
11.6144568897637797
20
-3.8310469685039368
11
11.615638543307087
21
-3.8340587795275591
0
LINE
8
Edge.Cuts
6
CONTINUOUS
10
11.615638543307087
20
-3.8340587795275591
11
11.6163582677165351
21
-3.8372130314960629
0
LINE
8
Edge.Cuts
6
CONTINUOUS
10
11.6163582677165351
20
-3.8372130314960629
11
11.6165999606299213
21
-3.8404393307086613
0
LINE
8
Edge.Cuts
6
CONTINUOUS
10
11.6165999606299213
20
-3.8404393307086613
11
11.6165999606299213
21
-3.8957812204724407
0
LINE
8
Edge.Cuts
6
CONTINUOUS
10
11.6165999606299213
20
-3.8957812204724407
11
11.6165999606299213
21
-3.8957812598425194
0
LINE
8
Edge.Cuts
6
CONTINUOUS
10
11.6165999606299213
20
-3.8957812598425194
11
11.6163582677165351
21
-3.8990075196850391
0
LINE
8
Edge.Cuts
6
CONTINUOUS
10
11.6163582677165351
20
-3.8990075196850391
11
11.615638543307087
21
-3.9021617716535433
0
LINE
8
Edge.Cuts
6
CONTINUOUS
10
11.615638543307087
20
-3.9021617716535433
11
11.6144568897637797
21
-3.9051735826771652
0
LINE
8
Edge.Cuts
6
CONTINUOUS
10
11.6144568897637797
20
-3.9051735826771652
11
11.6134761811023619
21
-3.9072198425196851
0
LINE
8
Edge.Cuts
6
CONTINUOUS
10
11.6134761811023619
20
-3.9072198425196851
11
11.6126020472440938
21
-3.9116730708661418
0
LINE
8
Edge.Cuts
6
CONTINUOUS
10
11.6126020472440938
20
-3.9116730708661418
11
11.6128787007874017
21
-3.916202874015748
0
LINE
8
Edge.Cuts
6
CONTINUOUS
10
11.6128787007874017
20
-3.916202874015748
11
11.6142882677165353
21
-3.9205166929133859
0
LINE
8
Edge.Cuts
6
CONTINUOUS
10
11.6142882677165353
20
-3.9205166929133859
11
11.6167397637795276
21
-3.9243358267716535
0
LINE
8
Edge.Cuts
6
CONTINUOUS
10
11.6167397637795276
20
-3.9243358267716535
11
11.6200748031496062
21
-3.9274137007874015
0
LINE
8
Edge.Cuts
6
CONTINUOUS
10
11.6200748031496062
20
-3.9274137007874015
11
11.6240779921259847
21
-3.9295514566929133
0
LINE
8
Edge.Cuts
6
CONTINUOUS
10
11.6240779921259847
20
-3.9295514566929133
11
11.6284907874015744
21
-3.930611062992126
0
LINE
8
Edge.Cuts
6
CONTINUOUS
10
11.6284907874015744
20
-3.930611062992126
11
11.6330282283464559
21
-3.9305240551181102
0
LINE
8
Edge.Cuts
6
CONTINUOUS
10
11.6330282283464559
20
-3.9305240551181102
11
11.6373971653543311
21
-3.9292961023622048
0
LINE
8
Edge.Cuts
6
CONTINUOUS
10
11.6373971653543311
20
-3.9292961023622048
11
11.6393583070866136
21
-3.9281546850393698
0
LINE
8
Edge.Cuts
6
CONTINUOUS
10
11.6393583070866136
20
-3.9281546850393698
11
11.642806141732283
21
-3.9265286220472442
0
LINE
8
Edge.Cuts
6
CONTINUOUS
10
11.642806141732283
20
-3.9265286220472442
11
11.646485669291339
21
-3.9255324015748032
0
LINE
8
Edge.Cuts
6
CONTINUOUS
10
11.646485669291339
20
-3.9255324015748032
11
11.6502828740157476
21
-3.9251968503937005
0
LINE
8
Edge.Cuts
6
CONTINUOUS
10
11.6502828740157476
20
-3.9251968503937005
11
11.7128381889763773
21
-3.9251968503937005
0
LINE
8
Edge.Cuts
6
CONTINUOUS
10
11.7128381889763773
20
-3.9251968503937005
11
11.7128385039370073
21
-3.9251968897637792
0
LINE
8
Edge.Cuts
6
CONTINUOUS
10
11.7128385039370073
20
-3.9251968897637792
11
11.7166354330708664
21
-3.925532440944882
0
LINE
8
Edge.Cuts
6
CONTINUOUS
10
11.7166354330708664
20
-3.925532440944882
11
11.7203149606299206
21
-3.9265286614173229
0
LINE
8
Edge.Cuts
6
CONTINUOUS
10
11.7203149606299206
20
-3.9265286614173229
11
11.7237627952755901
21
-3.9281547244094486
0
LINE
8
Edge.Cuts
6
CONTINUOUS
10
11.7237627952755901
20
-3.9281547244094486
11
11.7257239370078743
21
-3.9292961417322836
0
LINE
8
Edge.Cuts
6
CONTINUOUS
10
11.7257239370078743
20
-3.9292961417322836
11
11.7300929133858265
21
-3.930524094488189
0
LINE
8
Edge.Cuts
6
CONTINUOUS
10
11.7300929133858265
20
-3.930524094488189
11
11.7346303149606292
21
-3.9306111023622048
0
LINE
8
Edge.Cuts
6
CONTINUOUS
10
11.7346303149606292
20
-3.9306111023622048
11
11.7390431102362207
21
-3.929551496062992
0
LINE
8
Edge.Cuts
6
CONTINUOUS
10
11.7390431102362207
20
-3.929551496062992
11
11.7430463385826762
21
-3.9274137007874015
0
LINE
8
Edge.Cuts
6
CONTINUOUS
10
11.7430463385826762
20
-3.9274137007874015
11
11.7463813779527548
21
-3.9243358661417322
0
LINE
8
Edge.Cuts
6
CONTINUOUS
10
11.7463813779527548
20
-3.9243358661417322
11
11.7488328346456683
21
-3.9205166929133859
0
LINE
8
Edge.Cuts
6
CONTINUOUS
10
11.7488328346456683
20
-3.9205166929133859
11
11.7502424409448825
21
-3.9162029133858267
0
LINE
8
Edge.Cuts
6
CONTINUOUS
10
11.7502424409448825
20
-3.9162029133858267
11
11.7505190551181098
21
-3.9116731102362206
0
LINE
8
Edge.Cuts
6
CONTINUOUS
10
11.7505190551181098
20
-3.9116731102362206
11
11.7496449212598417
21
-3.9072198425196851
0
LINE
8
Edge.Cuts
6
CONTINUOUS
10
11.7496449212598417
20
-3.9072198425196851
11
11.7486642125984257
21
-3.9051735826771652
0
LINE
8
Edge.Cuts
6
CONTINUOUS
10
11.7486642125984257
20
-3.9051735826771652
11
11.7474825196850396
21
-3.9021617716535433
0
LINE
8
Edge.Cuts
6
CONTINUOUS
10
11.7474825196850396
20
-3.9021617716535433
11
11.7467627952755898
21
-3.8990074803149604
0
LINE
8
Edge.Cuts
6
CONTINUOUS
10
11.7467627952755898
20
-3.8990074803149604
11
11.7465211417322823
21
-3.8957811811023619
0
LINE
8
Edge.Cuts
6
CONTINUOUS
10
11.7465211417322823
20
-3.8957811811023619
11
11.7465211417322823
21
-3.8404393307086613
0
LINE
8
Edge.Cuts
6
CONTINUOUS
10
11.7465211417322823
20
-3.8404393307086613
11
11.7465211811023611
21
-3.8404390944881888
0
LINE
8
Edge.Cuts
6
CONTINUOUS
10
11.7465211811023611
20
-3.8404390944881888
11
11.7465211417322823
21
-3.8404389763779525
0
LINE
8
Edge.Cuts
6
CONTINUOUS
10
11.7465211417322823
20
-3.8404389763779525
11
11.7467631889763773
21
-3.8372129527559053
0
LINE
8
Edge.Cuts
6
CONTINUOUS
10
11.7467631889763773
20
-3.8372129527559053
11
11.7474828346456697
21
-3.8340589763779525
0
LINE
8
Edge.Cuts
6
CONTINUOUS
10
11.7474828346456697
20
-3.8340589763779525
11
11.7486640551181107
21
-3.8310472834645668
0
LINE
8
Edge.Cuts
6
CONTINUOUS
10
11.7486640551181107
20
-3.8310472834645668
11
11.7486641338582682
21
-3.8310471653543305
0
LINE
8
Edge.Cuts
6
CONTINUOUS
10
11.7486641338582682
20
-3.8310471653543305
11
11.748664173228347
21
-3.8310469685039368
0
LINE
8
Edge.Cuts
6
CONTINUOUS
10
11.748664173228347
20
-3.8310469685039368
11
11.749644881889763
21
-3.829000748031496
0
LINE
8
Edge.Cuts
6
CONTINUOUS
10
11.749644881889763
20
-3.829000748031496
11
11.7505190551181098
21
-3.8245474803149606
0
LINE
8
Edge.Cuts
6
CONTINUOUS
10
11.7505190551181098
20
-3.8245474803149606
11
11.750242362204725
21
-3.8200176771653545
0
LINE
8
Edge.Cuts
6
CONTINUOUS
10
11.750242362204725
20
-3.8200176771653545
11
11.7488327952755895
21
-3.8157038976377953
0
LINE
8
Edge.Cuts
6
CONTINUOUS
10
11.7488327952755895
20
-3.8157038976377953
11
11.7463812992125973
21
-3.8118847637795277
0
LINE
8
Edge.Cuts
6
CONTINUOUS
10
11.7463812992125973
20
-3.8118847637795277
11
11.7430462992125975
21
-3.808806929133858
0
LINE
8
Edge.Cuts
6
CONTINUOUS
10
11.7430462992125975
20
-3.808806929133858
11
11.739043070866142
21
-3.8066691732283462
0
LINE
8
Edge.Cuts
6
CONTINUOUS
10
11.739043070866142
20
-3.8066691732283462
11
11.7346302755905505
21
-3.8056095669291339
0
LINE
8
Edge.Cuts
6
CONTINUOUS
10
11.7346302755905505
20
-3.8056095669291339
11
11.7300928740157477
21
-3.805696535433071
0
LINE
8
Edge.Cuts
6
CONTINUOUS
10
11.7300928740157477
20
-3.805696535433071
11
11.7257239370078743
21
-3.8069244881889763
0
LINE
8
Edge.Cuts
6
CONTINUOUS
10
11.7257239370078743
20
-3.8069244881889763
11
11.7237627952755901
21
-3.8080659055118109
0
LINE
8
Edge.Cuts
6
CONTINUOUS
10
11.7237627952755901
20
-3.8080659055118109
11
11.7237624015748025
21
-3.8080659842519684
0
LINE
8
Edge.Cuts
6
CONTINUOUS
10
11.7237624015748025
20
-3.8080659842519684
11
11.7203149212598419
21
-3.8096918897637795
0
LINE
8
Edge.Cuts
6
CONTINUOUS
10
11.7203149212598419
20
-3.8096918897637795
11
11.7166353937007877
21
-3.8106881102362204
0
LINE
8
Edge.Cuts
6
CONTINUOUS
10
11.7166353937007877
20
-3.8106881102362204
11
11.7128381889763773
21
-3.8110236614173227
0
LINE
8
Edge.Cuts
6
CONTINUOUS
10
11.7128381889763773
20
-3.8110236614173227
11
11.6502829133858263
21
-3.8110236614173227
0
LINE
8
Edge.Cuts
6
CONTINUOUS
10
11.6502829133858263
20
-3.8110236614173227
11
11.646485669291339
21
-3.8106881102362204
0
LINE
8
Edge.Cuts
6
CONTINUOUS
10
11.646485669291339
20
-3.8106881102362204
11
11.642806141732283
21
-3.8096918897637795
0
LINE
8
Edge.Cuts
6
CONTINUOUS
10
11.642806141732283
20
-3.8096918897637795
11
11.6393583070866136
21
-3.8080658267716534
0
LINE
8
Edge.Cuts
6
CONTINUOUS
10
11.6393583070866136
20
-3.8080658267716534
11
11.6373971653543311
21
-3.8069244094488188
0
LINE
8
Edge.Cuts
6
CONTINUOUS
10
11.6373971653543311
20
-3.8069244094488188
11
11.6330281889763771
21
-3.8056964566929135
0
LINE
8
Edge.Cuts
6
CONTINUOUS
10
11.6330281889763771
20
-3.8056964566929135
11
11.6284907874015744
21
-3.8056094488188976
0
LINE
8
Edge.Cuts
6
CONTINUOUS
10
11.6284907874015744
20
-3.8056094488188976
11
11.6240779527559059
21
-3.8066690944881887
0
LINE
8
Edge.Cuts
6
CONTINUOUS
10
1.3416938582677165
20
-3.7995512992125984
11
1.3468381102362204
21
-3.8015056692913385
0
LINE
8
Edge.Cuts
6
CONTINUOUS
10
1.3468381102362204
20
-3.8015056692913385
11
1.3513235826771652
21
-3.8046937007874013
0
LINE
8
Edge.Cuts
6
CONTINUOUS
10
1.3513235826771652
20
-3.8046937007874013
11
1.354860590551181
21
-3.8089094881889762
0
LINE
8
Edge.Cuts
6
CONTINUOUS
10
1.354860590551181
20
-3.8089094881889762
11
1.3572206299212599
21
-3.8138807086614173
0
LINE
8
Edge.Cuts
6
CONTINUOUS
10
1.3572206299212599
20
-3.8138807086614173
11
1.3582513385826771
21
-3.819286338582677
0
LINE
8
Edge.Cuts
6
CONTINUOUS
10
1.3582513385826771
20
-3.819286338582677
11
1.3578861417322834
21
-3.8247772047244095
0
LINE
8
Edge.Cuts
6
CONTINUOUS
10
1.3578861417322834
20
-3.8247772047244095
11
1.3561485433070866
21
-3.8299987007874017
0
LINE
8
Edge.Cuts
6
CONTINUOUS
10
1.3561485433070866
20
-3.8299987007874017
11
1.3555728346456692
21
-3.8311945669291338
0
LINE
8
Edge.Cuts
6
CONTINUOUS
10
1.3555728346456692
20
-3.8311945669291338
11
1.3547906299212598
21
-3.8337311811023622
0
LINE
8
Edge.Cuts
6
CONTINUOUS
10
1.3547906299212598
20
-3.8337311811023622
11
1.3543951181102363
21
-3.8363560629921261
0
LINE
8
Edge.Cuts
6
CONTINUOUS
10
1.3543951181102363
20
-3.8363560629921261
11
1.354395157480315
21
-3.8376833070866141
0
LINE
8
Edge.Cuts
6
CONTINUOUS
10
1.354395157480315
20
-3.8376833070866141
11
1.354395157480315
21
-3.8376833464566928
0
LINE
8
Edge.Cuts
6
CONTINUOUS
10
1.354395157480315
20
-3.8376833464566928
11
1.354395157480315
21
-3.8930252362204723
0
LINE
8
Edge.Cuts
6
CONTINUOUS
10
1.354395157480315
20
-3.8930252362204723
11
1.3543951181102363
21
-3.8943524803149607
0
LINE
8
Edge.Cuts
6
CONTINUOUS
10
1.3543951181102363
20
-3.8943524803149607
11
1.3547906299212598
21
-3.8969773622047241
0
LINE
8
Edge.Cuts
6
CONTINUOUS
10
1.3547906299212598
20
-3.8969773622047241
11
1.3555728346456692
21
-3.8995140157480312
0
LINE
8
Edge.Cuts
6
CONTINUOUS
10
1.3555728346456692
20
-3.8995140157480312
11
1.3561485039370078
21
-3.9007097637795276
0
LINE
8
Edge.Cuts
6
CONTINUOUS
10
1.3561485039370078
20
-3.9007097637795276
11
1.3561485433070866
21
-3.9007098425196851
0
LINE
8
Edge.Cuts
6
CONTINUOUS
10
1.3561485433070866
20
-3.9007098425196851
11
1.3578861417322834
21
-3.9059313385826773
0
LINE
8
Edge.Cuts
6
CONTINUOUS
10
1.3578861417322834
20
-3.9059313385826773
11
1.3582513779527559
21
-3.9114222047244094
0
LINE
8
Edge.Cuts
6
CONTINUOUS
10
1.3582513779527559
20
-3.9114222047244094
11
1.3572206692913384
21
-3.9168278346456691
0
LINE
8
Edge.Cuts
6
CONTINUOUS
10
1.3572206692913384
20
-3.9168278346456691
11
1.3548606299212598
21
-3.9217990944881889
0
LINE
8
Edge.Cuts
6
CONTINUOUS
10
1.3548606299212598
20
-3.9217990944881889
11
1.351323622047244
21
-3.9260148818897638
0
LINE
8
Edge.Cuts
6
CONTINUOUS
10
1.351323622047244
20
-3.9260148818897638
11
1.3468381496062991
21
-3.9292029133858266
0
LINE
8
Edge.Cuts
6
CONTINUOUS
10
1.3468381496062991
20
-3.9292029133858266
11
1.3416938976377952
21
-3.9311573228346455
0
LINE
8
Edge.Cuts
6
CONTINUOUS
10
1.3416938976377952
20
-3.9311573228346455
11
1.3362230708661418
21
-3.9317518110236218
0
LINE
8
Edge.Cuts
6
CONTINUOUS
10
1.3362230708661418
20
-3.9317518110236218
11
1.330779094488189
21
-3.9309480708661417
0
LINE
8
Edge.Cuts
6
CONTINUOUS
10
1.330779094488189
20
-3.9309480708661417
11
1.3257135039370078
21
-3.9287979527559056
0
LINE
8
Edge.Cuts
6
CONTINUOUS
10
1.3257135039370078
20
-3.9287979527559056
11
1.3243612598425196
21
-3.92800937007874
0
LINE
8
Edge.Cuts
6
CONTINUOUS
10
1.3243612598425196
20
-3.92800937007874
11
1.3214229527559054
21
-3.9269283070866141
0
LINE
8
Edge.Cuts
6
CONTINUOUS
10
1.3214229527559054
20
-3.9269283070866141
11
1.3183406299212599
21
-3.9263792519685037
0
LINE
8
Edge.Cuts
6
CONTINUOUS
10
1.3183406299212599
20
-3.9263792519685037
11
1.3167751968503936
21
-3.9263779133858265
0
LINE
8
Edge.Cuts
6
CONTINUOUS
10
1.3167751968503936
20
-3.9263779133858265
11
1.2542199212598424
21
-3.9263779133858265
0
LINE
8
Edge.Cuts
6
CONTINUOUS
10
1.2542199212598424
20
-3.9263779133858265
11
1.252654527559055
21
-3.9263792913385824
0
LINE
8
Edge.Cuts
6
CONTINUOUS
10
1.252654527559055
20
-3.9263792913385824
11
1.2495722047244093
21
-3.9269283070866141
0
LINE
8
Edge.Cuts
6
CONTINUOUS
10
1.2495722047244093
20
-3.9269283070866141
11
1.2466338976377953
21
-3.92800937007874
0
LINE
8
Edge.Cuts
6
CONTINUOUS
10
1.2466338976377953
20
-3.92800937007874
11
1.2452816535433071
21
-3.9287979527559056
0
LINE
8
Edge.Cuts
6
CONTINUOUS
10
1.2452816535433071
20
-3.9287979527559056
11
1.2452811811023621
21
-3.9287980314960631
0
LINE
8
Edge.Cuts
6
CONTINUOUS
10
1.2452811811023621
20
-3.9287980314960631
11
1.2402160236220472
21
-3.9309479921259842
0
LINE
8
Edge.Cuts
6
CONTINUOUS
10
1.2402160236220472
20
-3.9309479921259842
11
1.2347720472440944
21
-3.9317517322834643
0
LINE
8
Edge.Cuts
6
CONTINUOUS
10
1.2347720472440944
20
-3.9317517322834643
11
1.2293012598425197
21
-3.931157244094488
0
LINE
8
Edge.Cuts
6
CONTINUOUS
10
1.2293012598425197
20
-3.931157244094488
11
1.2241570078740158
21
-3.9292028346456691
0
LINE
8
Edge.Cuts
6
CONTINUOUS
10
1.2241570078740158
20
-3.9292028346456691
11
1.2196715748031495
21
-3.9260148031496063
0
LINE
8
Edge.Cuts
6
CONTINUOUS
10
1.2196715748031495
20
-3.9260148031496063
11
1.2161345669291339
21
-3.9217990551181101
0
LINE
8
Edge.Cuts
6
CONTINUOUS
10
1.2161345669291339
20
-3.9217990551181101
11
1.2137744881889763
21
-3.9168278346456691
0
LINE
8
Edge.Cuts
6
CONTINUOUS
10
1.2137744881889763
20
-3.9168278346456691
11
1.2127437795275591
21
-3.9114222440944881
0
LINE
8
Edge.Cuts
6
CONTINUOUS
10
1.2127437795275591
20
-3.9114222440944881
11
1.2131090157480315
21
-3.905931377952756
0
LINE
8
Edge.Cuts
6
CONTINUOUS
10
1.2131090157480315
20
-3.905931377952756
11
1.2148465354330709
21
-3.9007098818897639
0
LINE
8
Edge.Cuts
6
CONTINUOUS
10
1.2148465354330709
20
-3.9007098818897639
11
1.2148465748031496
21
-3.9007098031496064
0
LINE
8
Edge.Cuts
6
CONTINUOUS
10
1.2148465748031496
20
-3.9007098031496064
11
1.2154220472440944
21
-3.8995141732283463
0
LINE
8
Edge.Cuts
6
CONTINUOUS
10
1.2154220472440944
20
-3.8995141732283463
11
1.2162041732283464
21
-3.8969773228346454
0
LINE
8
Edge.Cuts
6
CONTINUOUS
10
1.2162041732283464
20
-3.8969773228346454
11
1.2165998425196851
21
-3.894352283464567
0
LINE
8
Edge.Cuts
6
CONTINUOUS
10
1.2165998425196851
20
-3.894352283464567
11
1.2165999606299212
21
-3.893024960629921
0
LINE
8
Edge.Cuts
6
CONTINUOUS
10
1.2165999606299212
20
-3.893024960629921
11
1.2165999606299212
21
-3.8376833464566928
0
LINE
8
Edge.Cuts
6
CONTINUOUS
10
1.2165999606299212
20
-3.8376833464566928
11
1.2165999606299212
21
-3.8376833070866141
0
LINE
8
Edge.Cuts
6
CONTINUOUS
10
1.2165999606299212
20
-3.8376833070866141
11
1.2166000393700787
21
-3.8363560629921261
0
LINE
8
Edge.Cuts
6
CONTINUOUS
10
1.2166000393700787
20
-3.8363560629921261
11
1.2162045275590552
21
-3.833731220472441
0
LINE
8
Edge.Cuts
6
CONTINUOUS
10
1.2162045275590552
20
-3.833731220472441
11
1.2154223228346457
21
-3.8311946062992126
0
LINE
8
Edge.Cuts
6
CONTINUOUS
10
1.2154223228346457
20
-3.8311946062992126
11
1.2148465748031496
21
-3.8299987401574804
0
LINE
8
Edge.Cuts
6
CONTINUOUS
10
1.2148465748031496
20
-3.8299987401574804
11
1.2148465354330709
21
-3.8299986614173229
0
LINE
8
Edge.Cuts
6
CONTINUOUS
10
1.2148465354330709
20
-3.8299986614173229
11
1.2131089763779528
21
-3.8247772047244095
0
LINE
8
Edge.Cuts
6
CONTINUOUS
10
1.2131089763779528
20
-3.8247772047244095
11
1.2127437401574803
21
-3.819286338582677
0
LINE
8
Edge.Cuts
6
CONTINUOUS
10
1.2127437401574803
20
-3.819286338582677
11
1.2137744488188975
21
-3.8138807086614173
0
LINE
8
Edge.Cuts
6
CONTINUOUS
10
1.2137744488188975
20
-3.8138807086614173
11
1.2161345275590552
21
-3.8089094881889762
0
LINE
8
Edge.Cuts
6
CONTINUOUS
10
1.2161345275590552
20
-3.8089094881889762
11
1.2196714960629922
21
-3.8046937007874013
0
LINE
8
Edge.Cuts
6
CONTINUOUS
10
1.2196714960629922
20
-3.8046937007874013
11
1.2241569685039371
21
-3.8015056692913385
0
LINE
8
Edge.Cuts
6
CONTINUOUS
10
1.2241569685039371
20
-3.8015056692913385
11
1.2293012598425197
21
-3.7995512598425196
0
LINE
8
Edge.Cuts
6
CONTINUOUS
10
1.2293012598425197
20
-3.7995512598425196
11
1.2347720472440944
21
-3.7989567716535433
0
LINE
8
Edge.Cuts
6
CONTINUOUS
10
1.2347720472440944
20
-3.7989567716535433
11
1.2402160236220472
21
-3.7997605118110234
0
LINE
8
Edge.Cuts
6
CONTINUOUS
10
1.2402160236220472
20
-3.7997605118110234
11
1.2452816141732284
21
-3.8019106299212599
0
LINE
8
Edge.Cuts
6
CONTINUOUS
10
1.2452816141732284
20
-3.8019106299212599
11
1.2466338582677166
21
-3.8026992125984251
0
LINE
8
Edge.Cuts
6
CONTINUOUS
10
1.2466338582677166
20
-3.8026992125984251
11
1.2495721653543306
21
-3.803780275590551
0
LINE
8
Edge.Cuts
6
CONTINUOUS
10
1.2495721653543306
20
-3.803780275590551
11
1.2526544881889763
21
-3.8043292913385827
0
LINE
8
Edge.Cuts
6
CONTINUOUS
10
1.2526544881889763
20
-3.8043292913385827
11
1.2542198818897639
21
-3.8043306692913386
0
LINE
8
Edge.Cuts
6
CONTINUOUS
10
1.2542198818897639
20
-3.8043306692913386
11
1.2542199999999999
21
-3.8043307086614173
0
LINE
8
Edge.Cuts
6
CONTINUOUS
10
1.2542199999999999
20
-3.8043307086614173
11
1.3167752362204723
21
-3.8043307086614173
0
LINE
8
Edge.Cuts
6
CONTINUOUS
10
1.3167752362204723
20
-3.8043307086614173
11
1.3183406299212599
21
-3.8043293307086614
0
LINE
8
Edge.Cuts
6
CONTINUOUS
10
1.3183406299212599
20
-3.8043293307086614
11
1.3214229527559054
21
-3.8037803149606297
0
LINE
8
Edge.Cuts
6
CONTINUOUS
10
1.3214229527559054
20
-3.8037803149606297
11
1.3243612598425196
21
-3.8026992519685039
0
LINE
8
Edge.Cuts
6
CONTINUOUS
10
1.3243612598425196
20
-3.8026992519685039
11
1.3257135039370078
21
-3.8019106692913387
0
LINE
8
Edge.Cuts
6
CONTINUOUS
10
1.3257135039370078
20
-3.8019106692913387
11
1.330779094488189
21
-3.7997605511811021
0
LINE
8
Edge.Cuts
6
CONTINUOUS
10
1.330779094488189
20
-3.7997605511811021
11
1.3362230708661418
21
-3.7989567716535433
0
LINE
8
Edge.Cuts
6
CONTINUOUS
10
1.3362230708661418
20
-3.7989567716535433
11
1.3416938582677165
21
-3.7995512992125984
0
LINE
8
Edge.Cuts
6
CONTINUOUS
10
1.2280150000000001
20
-3.8039130708661415
11
1.2240117716535432
21
-3.806050866141732
0
LINE
8
Edge.Cuts
6
CONTINUOUS
10
1.2240117716535432
20
-3.806050866141732
11
1.2206767322834646
21
-3.8091287007874013
0
LINE
8
Edge.Cuts
6
CONTINUOUS
10
1.2206767322834646
20
-3.8091287007874013
11
1.2182252755905512
21
-3.8129478740157481
0
LINE
8
Edge.Cuts
6
CONTINUOUS
10
1.2182252755905512
20
-3.8129478740157481
11
1.2168156692913386
21
-3.8172616535433068
0
LINE
8
Edge.Cuts
6
CONTINUOUS
10
1.2168156692913386
20
-3.8172616535433068
11
1.2165390551181101
21
-3.8217914566929134
0
LINE
8
Edge.Cuts
6
CONTINUOUS
10
1.2165390551181101
20
-3.8217914566929134
11
1.217413188976378
21
-3.8262447244094488
0
LINE
8
Edge.Cuts
6
CONTINUOUS
10
1.217413188976378
20
-3.8262447244094488
11
1.2183938582677165
21
-3.8282908661417321
0
LINE
8
Edge.Cuts
6
CONTINUOUS
10
1.2183938582677165
20
-3.8282908661417321
11
1.2183938976377953
21
-3.8282909448818896
0
LINE
8
Edge.Cuts
6
CONTINUOUS
10
1.2183938976377953
20
-3.8282909448818896
11
1.2195755905511811
21
-3.8313027952755903
0
LINE
8
Edge.Cuts
6
CONTINUOUS
10
1.2195755905511811
20
-3.8313027952755903
11
1.2202953149606299
21
-3.8344570866141732
0
LINE
8
Edge.Cuts
6
CONTINUOUS
10
1.2202953149606299
20
-3.8344570866141732
11
1.2205369291338581
21
-3.8376833070866141
0
LINE
8
Edge.Cuts
6
CONTINUOUS
10
1.2205369291338581
20
-3.8376833070866141
11
1.2205369685039369
21
-3.8376833464566928
0
LINE
8
Edge.Cuts
6
CONTINUOUS
10
1.2205369685039369
20
-3.8376833464566928
11
1.2205369685039369
21
-3.8930252362204723
0
LINE
8
Edge.Cuts
6
CONTINUOUS
10
1.2205369685039369
20
-3.8930252362204723
11
1.2205368897637796
21
-3.893025433070866
0
LINE
8
Edge.Cuts
6
CONTINUOUS
10
1.2205368897637796
20
-3.893025433070866
11
1.2205369685039369
21
-3.893025590551181
0
LINE
8
Edge.Cuts
6
CONTINUOUS
10
1.2205369685039369
20
-3.893025590551181
11
1.2202949212598424
21
-3.8962516141732282
0
LINE
8
Edge.Cuts
6
CONTINUOUS
10
1.2202949212598424
20
-3.8962516141732282
11
1.2195752755905511
21
-3.8994055905511811
0
LINE
8
Edge.Cuts
6
CONTINUOUS
10
1.2195752755905511
20
-3.8994055905511811
11
1.2183940551181103
21
-3.9024172834645667
0
LINE
8
Edge.Cuts
6
CONTINUOUS
10
1.2183940551181103
20
-3.9024172834645667
11
1.218393937007874
21
-3.9024173622047242
0
LINE
8
Edge.Cuts
6
CONTINUOUS
10
1.218393937007874
20
-3.9024173622047242
11
1.218393937007874
21
-3.9024175984251968
0
LINE
8
Edge.Cuts
6
CONTINUOUS
10
1.218393937007874
20
-3.9024175984251968
11
1.2174132283464567
21
-3.9044638188976375
0
LINE
8
Edge.Cuts
6
CONTINUOUS
10
1.2174132283464567
20
-3.9044638188976375
11
1.2165390551181101
21
-3.9089170866141729
0
LINE
8
Edge.Cuts
6
CONTINUOUS
10
1.2165390551181101
20
-3.9089170866141729
11
1.2168157480314961
21
-3.9134468897637795
0
LINE
8
Edge.Cuts
6
CONTINUOUS
10
1.2168157480314961
20
-3.9134468897637795
11
1.2182253149606299
21
-3.9177606692913387
0
LINE
8
Edge.Cuts
6
CONTINUOUS
10
1.2182253149606299
20
-3.9177606692913387
11
1.2206768110236219
21
-3.9215798031496063
0
LINE
8
Edge.Cuts
6
CONTINUOUS
10
1.2206768110236219
20
-3.9215798031496063
11
1.224011811023622
21
-3.9246576377952755
0
LINE
8
Edge.Cuts
6
CONTINUOUS
10
1.224011811023622
20
-3.9246576377952755
11
1.2280150393700786
21
-3.9267953937007873
0
LINE
8
Edge.Cuts
6
CONTINUOUS
10
1.2280150393700786
20
-3.9267953937007873
11
1.2324278346456692
21
-3.9278550000000001
0
LINE
8
Edge.Cuts
6
CONTINUOUS
10
1.2324278346456692
20
-3.9278550000000001
11
1.2369652362204724
21
-3.927768031496063
0
LINE
8
Edge.Cuts
6
CONTINUOUS
10
1.2369652362204724
20
-3.927768031496063
11
1.2413341732283465
21
-3.9265400787401572
0
LINE
8
Edge.Cuts
6
CONTINUOUS
10
1.2413341732283465
20
-3.9265400787401572
11
1.2432953149606298
21
-3.9253986614173226
0
LINE
8
Edge.Cuts
6
CONTINUOUS
10
1.2432953149606298
20
-3.9253986614173226
11
1.2432956692913386
21
-3.9253985433070864
0
LINE
8
Edge.Cuts
6
CONTINUOUS
10
1.2432956692913386
20
-3.9253985433070864
11
1.2467431889763778
21
-3.9237726771653541
0
LINE
8
Edge.Cuts
6
CONTINUOUS
10
1.2467431889763778
20
-3.9237726771653541
11
1.2504227165354331
21
-3.9227764566929131
0
LINE
8
Edge.Cuts
6
CONTINUOUS
10
1.2504227165354331
20
-3.9227764566929131
11
1.2542199212598424
21
-3.9224409055118108
0
LINE
8
Edge.Cuts
6
CONTINUOUS
10
1.2542199212598424
20
-3.9224409055118108
11
1.3167751968503936
21
-3.9224409055118108
0
LINE
8
Edge.Cuts
6
CONTINUOUS
10
1.3167751968503936
20
-3.9224409055118108
11
1.3205724409448818
21
-3.9227764566929131
0
LINE
8
Edge.Cuts
6
CONTINUOUS
10
1.3205724409448818
20
-3.9227764566929131
11
1.3242519685039369
21
-3.9237726771653541
0
LINE
8
Edge.Cuts
6
CONTINUOUS
10
1.3242519685039369
20
-3.9237726771653541
11
1.3276998031496063
21
-3.9253987401574801
0
LINE
8
Edge.Cuts
6
CONTINUOUS
10
1.3276998031496063
20
-3.9253987401574801
11
1.3296609448818897
21
-3.9265401574803147
0
LINE
8
Edge.Cuts
6
CONTINUOUS
10
1.3296609448818897
20
-3.9265401574803147
11
1.3340299212598425
21
-3.9277681102362205
0
LINE
8
Edge.Cuts
6
CONTINUOUS
10
1.3340299212598425
20
-3.9277681102362205
11
1.3385673228346457
21
-3.9278551181102359
0
LINE
8
Edge.Cuts
6
CONTINUOUS
10
1.3385673228346457
20
-3.9278551181102359
11
1.3429801574803149
21
-3.9267954724409448
0
LINE
8
Edge.Cuts
6
CONTINUOUS
10
1.3429801574803149
20
-3.9267954724409448
11
1.3469833464566929
21
-3.924657716535433
0
LINE
8
Edge.Cuts
6
CONTINUOUS
10
1.3469833464566929
20
-3.924657716535433
11
1.3503183858267716
21
-3.9215798425196851
0
LINE
8
Edge.Cuts
6
CONTINUOUS
10
1.3503183858267716
20
-3.9215798425196851
11
1.3527698818897638
21
-3.9177606692913387
0
LINE
8
Edge.Cuts
6
CONTINUOUS
10
1.3527698818897638
20
-3.9177606692913387
11
1.3541794488188976
21
-3.9134468897637795
0
LINE
8
Edge.Cuts
6
CONTINUOUS
10
1.3541794488188976
20
-3.9134468897637795
11
1.3544561023622046
21
-3.9089170866141729
0
LINE
8
Edge.Cuts
6
CONTINUOUS
10
1.3544561023622046
20
-3.9089170866141729
11
1.3535819291338582
21
-3.9044638188976375
0
LINE
8
Edge.Cuts
6
CONTINUOUS
10
1.3535819291338582
20
-3.9044638188976375
11
1.3526012204724409
21
-3.902417559055118
0
LINE
8
Edge.Cuts
6
CONTINUOUS
10
1.3526012204724409
20
-3.902417559055118
11
1.3514195669291338
21
-3.8994057874015748
0
LINE
8
Edge.Cuts
6
CONTINUOUS
10
1.3514195669291338
20
-3.8994057874015748
11
1.350699842519685
21
-3.8962515354330707
0
LINE
8
Edge.Cuts
6
CONTINUOUS
10
1.350699842519685
20
-3.8962515354330707
11
1.3504581496062993
21
-3.8930252362204723
0
LINE
8
Edge.Cuts
6
CONTINUOUS
10
1.3504581496062993
20
-3.8930252362204723
11
1.3504581496062993
21
-3.8376833464566928
0
LINE
8
Edge.Cuts
6
CONTINUOUS
10
1.3504581496062993
20
-3.8376833464566928
11
1.3504581496062993
21
-3.8376833070866141
0
LINE
8
Edge.Cuts
6
CONTINUOUS
10
1.3504581496062993
20
-3.8376833070866141
11
1.350699842519685
21
-3.8344570472440944
0
LINE
8
Edge.Cuts
6
CONTINUOUS
10
1.350699842519685
20
-3.8344570472440944
11
1.3514195669291338
21
-3.8313027952755903
0
LINE
8
Edge.Cuts
6
CONTINUOUS
10
1.3514195669291338
20
-3.8313027952755903
11
1.3526012204724409
21
-3.8282909842519683
0
LINE
8
Edge.Cuts
6
CONTINUOUS
10
1.3526012204724409
20
-3.8282909842519683
11
1.3535819291338582
21
-3.8262447244094488
0
LINE
8
Edge.Cuts
6
CONTINUOUS
10
1.3535819291338582
20
-3.8262447244094488
11
1.3544560629921261
21
-3.8217914960629922
0
LINE
8
Edge.Cuts
6
CONTINUOUS
10
1.3544560629921261
20
-3.8217914960629922
11
1.3541794094488189
21
-3.8172616929133856
0
LINE
8
Edge.Cuts
6
CONTINUOUS
10
1.3541794094488189
20
-3.8172616929133856
11
1.352769842519685
21
-3.8129478740157481
0
LINE
8
Edge.Cuts
6
CONTINUOUS
10
1.352769842519685
20
-3.8129478740157481
11
1.3503183464566928
21
-3.80912874015748
0
LINE
8
Edge.Cuts
6
CONTINUOUS
10
1.3503183464566928
20
-3.80912874015748
11
1.3469833070866142
21
-3.806050866141732
0
LINE
8
Edge.Cuts
6
CONTINUOUS
10
1.3469833070866142
20
-3.806050866141732
11
1.3429801181102361
21
-3.8039131102362203
0
LINE
8
Edge.Cuts
6
CONTINUOUS
10
1.3429801181102361
20
-3.8039131102362203
11
1.3385673228346457
21
-3.8028535039370079
0
LINE
8
Edge.Cuts
6
CONTINUOUS
10
1.3385673228346457
20
-3.8028535039370079
11
1.3340298818897638
21
-3.8029405118110233
0
LINE
8
Edge.Cuts
6
CONTINUOUS
10
1.3340298818897638
20
-3.8029405118110233
11
1.3296609448818897
21
-3.8041684645669291
0
LINE
8
Edge.Cuts
6
CONTINUOUS
10
1.3296609448818897
20
-3.8041684645669291
11
1.3276998031496063
21
-3.8053098818897637
0
LINE
8
Edge.Cuts
6
CONTINUOUS
10
1.3276998031496063
20
-3.8053098818897637
11
1.3242519685039369
21
-3.8069359448818898
0
LINE
8
Edge.Cuts
6
CONTINUOUS
10
1.3242519685039369
20
-3.8069359448818898
11
1.3205724409448818
21
-3.8079321653543308
0
LINE
8
Edge.Cuts
6
CONTINUOUS
10
1.3205724409448818
20
-3.8079321653543308
11
1.3167752362204723
21
-3.8082677165354331
0
LINE
8
Edge.Cuts
6
CONTINUOUS
10
1.3167752362204723
20
-3.8082677165354331
11
1.2542199212598424
21
-3.8082677165354331
0
LINE
8
Edge.Cuts
6
CONTINUOUS
10
1.2542199212598424
20
-3.8082677165354331
11
1.2542195669291338
21
-3.8082676377952756
0
LINE
8
Edge.Cuts
6
CONTINUOUS
10
1.2542195669291338
20
-3.8082676377952756
11
1.2504226771653544
21
-3.807932125984252
0
LINE
8
Edge.Cuts
6
CONTINUOUS
10
1.2504226771653544
20
-3.807932125984252
11
1.2467431496062993
21
-3.806935905511811
0
LINE
8
Edge.Cuts
6
CONTINUOUS
10
1.2467431496062993
20
-3.806935905511811
11
1.2432953149606298
21
-3.805309842519685
0
LINE
8
Edge.Cuts
6
CONTINUOUS
10
1.2432953149606298
20
-3.805309842519685
11
1.2413341732283465
21
-3.8041684251968504
0
LINE
8
Edge.Cuts
6
CONTINUOUS
10
1.2413341732283465
20
-3.8041684251968504
11
1.2369651968503936
21
-3.8029404724409446
0
LINE
8
Edge.Cuts
6
CONTINUOUS
10
1.2369651968503936
20
-3.8029404724409446
11
1.2324277952755904
21
-3.8028534645669292
0
LINE
8
Edge.Cuts
6
CONTINUOUS
10
1.2324277952755904
20
-3.8028534645669292
11
1.2280150000000001
21
-3.8039130708661415
0
LINE
8
Edge.Cuts
6
CONTINUOUS
10
10.8882475196850397
20
-3.7946424803149608
11
10.8933131102362211
21
-3.7967925984251969
0
LINE
8
Edge.Cuts
6
CONTINUOUS
10
10.8933131102362211
20
-3.7967925984251969
11
10.8946653543307086
21
-3.7975811811023621
0
LINE
8
Edge.Cuts
6
CONTINUOUS
10
10.8946653543307086
20
-3.7975811811023621
11
10.8976036614173228
21
-3.7986622440944879
0
LINE
8
Edge.Cuts
6
CONTINUOUS
10
10.8976036614173228
20
-3.7986622440944879
11
10.9006859842519681
21
-3.7992112992125984
0
LINE
8
Edge.Cuts
6
CONTINUOUS
10
10.9006859842519681
20
-3.7992112992125984
11
10.9022514173228338
21
-3.7992126377952755
0
LINE
8
Edge.Cuts
6
CONTINUOUS
10
10.9022514173228338
20
-3.7992126377952755
11
10.9648066929133847
21
-3.7992126377952755
0
LINE
8
Edge.Cuts
6
CONTINUOUS
10
10.9648066929133847
20
-3.7992126377952755
11
10.9663720866141734
21
-3.7992112598425196
0
LINE
8
Edge.Cuts
6
CONTINUOUS
10
10.9663720866141734
20
-3.7992112598425196
11
10.9694544094488187
21
-3.7986622440944879
0
LINE
8
Edge.Cuts
6
CONTINUOUS
10
10.9694544094488187
20
-3.7986622440944879
11
10.9723927165354329
21
-3.7975811811023621
0
LINE
8
Edge.Cuts
6
CONTINUOUS
10
10.9723927165354329
20
-3.7975811811023621
11
10.9737449606299204
21
-3.7967925984251969
0
LINE
8
Edge.Cuts
6
CONTINUOUS
10
10.9737449606299204
20
-3.7967925984251969
11
10.9737453937007867
21
-3.7967924803149606
0
LINE
8
Edge.Cuts
6
CONTINUOUS
10
10.9737453937007867
20
-3.7967924803149606
11
10.9788105905511806
21
-3.7946425590551178
0
LINE
8
Edge.Cuts
6
CONTINUOUS
10
10.9788105905511806
20
-3.7946425590551178
11
10.9842545669291329
21
-3.7938388188976377
0
LINE
8
Edge.Cuts
6
CONTINUOUS
10
10.9842545669291329
20
-3.7938388188976377
11
10.9897253543307087
21
-3.7944333070866141
0
LINE
8
Edge.Cuts
6
CONTINUOUS
10
10.9897253543307087
20
-3.7944333070866141
11
10.9948696062992131
21
-3.7963877165354329
0
LINE
8
Edge.Cuts
6
CONTINUOUS
10
10.9948696062992131
20
-3.7963877165354329
11
10.9993550393700783
21
-3.7995757480314958
0
LINE
8
Edge.Cuts
6
CONTINUOUS
10
10.9993550393700783
20
-3.7995757480314958
11
11.0028920472440941
21
-3.8037914960629919
0
LINE
8
Edge.Cuts
6
CONTINUOUS
10
11.0028920472440941
20
-3.8037914960629919
11
11.0052521259842511
21
-3.808762716535433
0
LINE
8
Edge.Cuts
6
CONTINUOUS
10
11.0052521259842511
20
-3.808762716535433
11
11.0062828346456687
21
-3.8141683070866139
0
LINE
8
Edge.Cuts
6
CONTINUOUS
10
11.0062828346456687
20
-3.8141683070866139
11
11.0059175984251958
21
-3.8196591732283465
0
LINE
8
Edge.Cuts
6
CONTINUOUS
10
11.0059175984251958
20
-3.8196591732283465
11
11.0041800787401574
21
-3.8248806692913386
0
LINE
8
Edge.Cuts
6
CONTINUOUS
10
11.0041800787401574
20
-3.8248806692913386
11
11.0041799999999999
21
-3.8248807086614174
0
LINE
8
Edge.Cuts
6
CONTINUOUS
10
11.0041799999999999
20
-3.8248807086614174
11
11.003604566929134
21
-3.8260763779527558
0
LINE
8
Edge.Cuts
6
CONTINUOUS
10
11.003604566929134
20
-3.8260763779527558
11
11.0028224409448825
21
-3.8286132283464567
0
LINE
8
Edge.Cuts
6
CONTINUOUS
10
11.0028224409448825
20
-3.8286132283464567
11
11.0024267716535427
21
-3.8312382677165355
0
LINE
8
Edge.Cuts
6
CONTINUOUS
10
11.0024267716535427
20
-3.8312382677165355
11
11.0024266535433064
21
-3.8325653149606298
0
LINE
8
Edge.Cuts
6
CONTINUOUS
10
11.0024266535433064
20
-3.8325653149606298
11
11.0024266535433064
21
-3.8879072047244092
0
LINE
8
Edge.Cuts
6
CONTINUOUS
10
11.0024266535433064
20
-3.8879072047244092
11
11.0024266535433064
21
-3.887907244094488
0
LINE
8
Edge.Cuts
6
CONTINUOUS
10
11.0024266535433064
20
-3.887907244094488
11
11.0024265748031489
21
-3.8892344881889764
0
LINE
8
Edge.Cuts
6
CONTINUOUS
10
11.0024265748031489
20
-3.8892344881889764
11
11.0028220866141737
21
-3.8918593307086615
0
LINE
8
Edge.Cuts
6
CONTINUOUS
10
11.0028220866141737
20
-3.8918593307086615
11
11.0036042913385828
21
-3.8943959448818899
0
LINE
8
Edge.Cuts
6
CONTINUOUS
10
11.0036042913385828
20
-3.8943959448818899
11
11.0041800393700786
21
-3.8955918110236221
0
LINE
8
Edge.Cuts
6
CONTINUOUS
10
11.0041800393700786
20
-3.8955918110236221
11
11.0041800393700786
21
-3.8955918503937008
0
LINE
8
Edge.Cuts
6
CONTINUOUS
10
11.0041800393700786
20
-3.8955918503937008
11
11.0059176377952745
21
-3.900813346456693
0
LINE
8
Edge.Cuts
6
CONTINUOUS
10
11.0059176377952745
20
-3.900813346456693
11
11.0062828740157475
21
-3.9063042125984251
0
LINE
8
Edge.Cuts
6
CONTINUOUS
10
11.0062828740157475
20
-3.9063042125984251
11
11.0052521653543298
21
-3.9117098425196848
0
LINE
8
Edge.Cuts
6
CONTINUOUS
10
11.0052521653543298
20
-3.9117098425196848
11
11.0028920866141728
21
-3.9166810629921258
0
LINE
8
Edge.Cuts
6
CONTINUOUS
10
11.0028920866141728
20
-3.9166810629921258
11
10.9993551181102358
21
-3.9208968503937007
0
LINE
8
Edge.Cuts
6
CONTINUOUS
10
10.9993551181102358
20
-3.9208968503937007
11
10.9948696456692918
21
-3.9240848818897636
0
LINE
8
Edge.Cuts
6
CONTINUOUS
10
10.9948696456692918
20
-3.9240848818897636
11
10.9897253543307087
21
-3.9260392913385824
0
LINE
8
Edge.Cuts
6
CONTINUOUS
10
10.9897253543307087
20
-3.9260392913385824
11
10.9842545669291329
21
-3.9266337795275588
0
LINE
8
Edge.Cuts
6
CONTINUOUS
10
10.9842545669291329
20
-3.9266337795275588
11
10.9788105905511806
21
-3.9258300393700787
0
LINE
8
Edge.Cuts
6
CONTINUOUS
10
10.9788105905511806
20
-3.9258300393700787
11
10.9737449999999992
21
-3.9236799212598426
0
LINE
8
Edge.Cuts
6
CONTINUOUS
10
10.9737449999999992
20
-3.9236799212598426
11
10.9723927559055117
21
-3.9228913385826769
0
LINE
8
Edge.Cuts
6
CONTINUOUS
10
10.9723927559055117
20
-3.9228913385826769
11
10.9694544488188974
21
-3.9218102755905511
0
LINE
8
Edge.Cuts
6
CONTINUOUS
10
10.9694544488188974
20
-3.9218102755905511
11
10.9663721259842522
21
-3.9212612598425194
0
LINE
8
Edge.Cuts
6
CONTINUOUS
10
10.9663721259842522
20
-3.9212612598425194
11
10.9648067322834635
21
-3.9212598818897635
0
LINE
8
Edge.Cuts
6
CONTINUOUS
10
10.9648067322834635
20
-3.9212598818897635
11
10.9648066141732272
21
-3.9212598425196847
0
LINE
8
Edge.Cuts
6
CONTINUOUS
10
10.9648066141732272
20
-3.9212598425196847
11
10.902251377952755
21
-3.9212598425196847
0
LINE
8
Edge.Cuts
6
CONTINUOUS
10
10.902251377952755
20
-3.9212598425196847
11
10.9006859842519681
21
-3.9212612204724406
0
LINE
8
Edge.Cuts
6
CONTINUOUS
10
10.9006859842519681
20
-3.9212612204724406
11
10.8976036614173228
21
-3.9218102362204723
0
LINE
8
Edge.Cuts
6
CONTINUOUS
10
10.8976036614173228
20
-3.9218102362204723
11
10.8946653543307086
21
-3.9228912992125982
0
LINE
8
Edge.Cuts
6
CONTINUOUS
10
10.8946653543307086
20
-3.9228912992125982
11
10.8933131102362211
21
-3.9236798818897638
0
LINE
8
Edge.Cuts
6
CONTINUOUS
10
10.8933131102362211
20
-3.9236798818897638
11
10.8882475196850397
21
-3.9258299999999999
0
LINE
8
Edge.Cuts
6
CONTINUOUS
10
10.8882475196850397
20
-3.9258299999999999
11
10.8828035433070855
21
-3.9266337795275588
0
LINE
8
Edge.Cuts
6
CONTINUOUS
10
10.8828035433070855
20
-3.9266337795275588
11
10.8773327559055115
21
-3.9260392519685037
0
LINE
8
Edge.Cuts
6
CONTINUOUS
10
10.8773327559055115
20
-3.9260392519685037
11
10.8721885039370072
21
-3.9240848818897636
0
LINE
8
Edge.Cuts
6
CONTINUOUS
10
10.8721885039370072
20
-3.9240848818897636
11
10.8677030314960632
21
-3.9208968503937007
0
LINE
8
Edge.Cuts
6
CONTINUOUS
10
10.8677030314960632
20
-3.9208968503937007
11
10.8641660236220474
21
-3.9166810629921258
0
LINE
8
Edge.Cuts
6
CONTINUOUS
10
10.8641660236220474
20
-3.9166810629921258
11
10.8618059842519674
21
-3.9117098425196848
0
LINE
8
Edge.Cuts
6
CONTINUOUS
10
10.8618059842519674
20
-3.9117098425196848
11
10.8607752755905516
21
-3.9063042125984251
0
LINE
8
Edge.Cuts
6
CONTINUOUS
10
10.8607752755905516
20
-3.9063042125984251
11
10.8611404724409439
21
-3.900813346456693
0
LINE
8
Edge.Cuts
6
CONTINUOUS
10
10.8611404724409439
20
-3.900813346456693
11
10.8628780708661417
21
-3.8955918503937008
0
LINE
8
Edge.Cuts
6
CONTINUOUS
10
10.8628780708661417
20
-3.8955918503937008
11
10.8634537795275588
21
-3.8943959842519682
0
LINE
8
Edge.Cuts
6
CONTINUOUS
10
10.8634537795275588
20
-3.8943959842519682
11
10.8642359842519678
21
-3.8918593700787403
0
LINE
8
Edge.Cuts
6
CONTINUOUS
10
10.8642359842519678
20
-3.8918593700787403
11
10.8646314960629926
21
-3.8892344881889764
0
LINE
8
Edge.Cuts
6
CONTINUOUS
10
10.8646314960629926
20
-3.8892344881889764
11
10.8646314566929139
21
-3.887907244094488
0
LINE
8
Edge.Cuts
6
CONTINUOUS
10
10.8646314566929139
20
-3.887907244094488
11
10.8646314566929139
21
-3.8879072047244092
0
LINE
8
Edge.Cuts
6
CONTINUOUS
10
10.8646314566929139
20
-3.8879072047244092
11
10.8646314566929139
21
-3.8325653149606298
0
LINE
8
Edge.Cuts
6
CONTINUOUS
10
10.8646314566929139
20
-3.8325653149606298
11
10.8646314960629926
21
-3.8312380708661418
0
LINE
8
Edge.Cuts
6
CONTINUOUS
10
10.8646314960629926
20
-3.8312380708661418
11
10.8642359842519678
21
-3.8286131889763779
0
LINE
8
Edge.Cuts
6
CONTINUOUS
10
10.8642359842519678
20
-3.8286131889763779
11
10.8634537795275588
21
-3.8260765354330708
0
LINE
8
Edge.Cuts
6
CONTINUOUS
10
10.8634537795275588
20
-3.8260765354330708
11
10.8628780708661417
21
-3.8248806692913386
0
LINE
8
Edge.Cuts
6
CONTINUOUS
10
10.8628780708661417
20
-3.8248806692913386
11
10.8611404724409439
21
-3.8196592125984252
0
LINE
8
Edge.Cuts
6
CONTINUOUS
10
10.8611404724409439
20
-3.8196592125984252
11
10.8607752362204728
21
-3.8141683464566927
0
LINE
8
Edge.Cuts
6
CONTINUOUS
10
10.8607752362204728
20
-3.8141683464566927
11
10.8618059448818887
21
-3.808762716535433
0
LINE
8
Edge.Cuts
6
CONTINUOUS
10
10.8618059448818887
20
-3.808762716535433
11
10.8641659842519687
21
-3.8037914566929132
0
LINE
8
Edge.Cuts
6
CONTINUOUS
10
10.8641659842519687
20
-3.8037914566929132
11
10.8677029921259845
21
-3.7995756692913383
0
LINE
8
Edge.Cuts
6
CONTINUOUS
10
10.8677029921259845
20
-3.7995756692913383
11
10.8721884645669284
21
-3.7963876377952754
0
LINE
8
Edge.Cuts
6
CONTINUOUS
10
10.8721884645669284
20
-3.7963876377952754
11
10.8773327165354328
21
-3.7944332283464566
0
LINE
8
Edge.Cuts
6
CONTINUOUS
10
10.8773327165354328
20
-3.7944332283464566
11
10.8828035433070855
21
-3.7938387401574802
0
LINE
8
Edge.Cuts
6
CONTINUOUS
10
10.8828035433070855
20
-3.7938387401574802
11
10.8882475196850397
21
-3.7946424803149608
0
LINE
8
Edge.Cuts
6
CONTINUOUS
10
10.8760464566929134
20
-3.7987950787401572
11
10.8720432677165348
21
-3.800932834645669
0
LINE
8
Edge.Cuts
6
CONTINUOUS
10
10.8720432677165348
20
-3.800932834645669
11
10.8687082283464562
21
-3.8040107086614174
0
LINE
8
Edge.Cuts
6
CONTINUOUS
10
10.8687082283464562
20
-3.8040107086614174
11
10.866256732283464
21
-3.8078298818897638
0
LINE
8
Edge.Cuts
6
CONTINUOUS
10
10.866256732283464
20
-3.8078298818897638
11
10.8648471653543304
21
-3.8121436614173225
0
LINE
8
Edge.Cuts
6
CONTINUOUS
10
10.8648471653543304
20
-3.8121436614173225
11
10.8645705118110225
21
-3.8166734645669291
0
LINE
8
Edge.Cuts
6
CONTINUOUS
10
10.8645705118110225
20
-3.8166734645669291
11
10.8654446850393693
21
-3.8211267322834646
0
LINE
8
Edge.Cuts
6
CONTINUOUS
10
10.8654446850393693
20
-3.8211267322834646
11
10.8664253543307083
21
-3.8231728740157478
0
LINE
8
Edge.Cuts
6
CONTINUOUS
10
10.8664253543307083
20
-3.8231728740157478
11
10.8664253937007871
21
-3.8231729527559053
0
LINE
8
Edge.Cuts
6
CONTINUOUS
10
10.8664253937007871
20
-3.8231729527559053
11
10.8676070472440944
21
-3.8261847637795277
0
LINE
8
Edge.Cuts
6
CONTINUOUS
10
10.8676070472440944
20
-3.8261847637795277
11
10.8683267716535426
21
-3.8293390157480314
0
LINE
8
Edge.Cuts
6
CONTINUOUS
10
10.8683267716535426
20
-3.8293390157480314
11
10.8685684645669287
21
-3.8325653149606298
0
LINE
8
Edge.Cuts
6
CONTINUOUS
10
10.8685684645669287
20
-3.8325653149606298
11
10.8685684645669287
21
-3.8879072047244092
0
LINE
8
Edge.Cuts
6
CONTINUOUS
10
10.8685684645669287
20
-3.8879072047244092
11
10.8685684645669287
21
-3.887907244094488
0
LINE
8
Edge.Cuts
6
CONTINUOUS
10
10.8685684645669287
20
-3.887907244094488
11
10.8683267716535426
21
-3.8911335039370076
0
LINE
8
Edge.Cuts
6
CONTINUOUS
10
10.8683267716535426
20
-3.8911335039370076
11
10.8676070472440944
21
-3.8942877559055118
0
LINE
8
Edge.Cuts
6
CONTINUOUS
10
10.8676070472440944
20
-3.8942877559055118
11
10.8664253937007871
21
-3.8972995669291337
0
LINE
8
Edge.Cuts
6
CONTINUOUS
10
10.8664253937007871
20
-3.8972995669291337
11
10.8654446850393693
21
-3.8993458267716536
0
LINE
8
Edge.Cuts
6
CONTINUOUS
10
10.8654446850393693
20
-3.8993458267716536
11
10.8645705511811013
21
-3.9037990551181103
0
LINE
8
Edge.Cuts
6
CONTINUOUS
10
10.8645705511811013
20
-3.9037990551181103
11
10.8648472047244091
21
-3.9083288582677165
0
LINE
8
Edge.Cuts
6
CONTINUOUS
10
10.8648472047244091
20
-3.9083288582677165
11
10.8662567716535428
21
-3.9126426771653544
0
LINE
8
Edge.Cuts
6
CONTINUOUS
10
10.8662567716535428
20
-3.9126426771653544
11
10.868708267716535
21
-3.916461811023622
0
LINE
8
Edge.Cuts
6
CONTINUOUS
10
10.868708267716535
20
-3.916461811023622
11
10.8720433070866136
21
-3.91953968503937
0
LINE
8
Edge.Cuts
6
CONTINUOUS
10
10.8720433070866136
20
-3.91953968503937
11
10.8760464960629921
21
-3.9216774409448818
0
LINE
8
Edge.Cuts
6
CONTINUOUS
10
10.8760464960629921
20
-3.9216774409448818
11
10.8804592913385818
21
-3.9227370472440946
0
LINE
8
Edge.Cuts
6
CONTINUOUS
10
10.8804592913385818
20
-3.9227370472440946
11
10.8849967322834651
21
-3.9226500393700787
0
LINE
8
Edge.Cuts
6
CONTINUOUS
10
10.8849967322834651
20
-3.9226500393700787
11
10.8893656692913385
21
-3.9214220866141734
0
LINE
8
Edge.Cuts
6
CONTINUOUS
10
10.8893656692913385
20
-3.9214220866141734
11
10.891326811023621
21
-3.9202806692913383
0
LINE
8
Edge.Cuts
6
CONTINUOUS
10
10.891326811023621
20
-3.9202806692913383
11
10.8947746456692904
21
-3.9186546062992127
0
LINE
8
Edge.Cuts
6
CONTINUOUS
10
10.8947746456692904
20
-3.9186546062992127
11
10.8984541732283464
21
-3.9176583858267717
0
LINE
8
Edge.Cuts
6
CONTINUOUS
10
10.8984541732283464
20
-3.9176583858267717
11
10.902251377952755
21
-3.917322834645669
0
LINE
8
Edge.Cuts
6
CONTINUOUS
10
10.902251377952755
20
-3.917322834645669
11
10.9648066929133847
21
-3.917322834645669
0
LINE
8
Edge.Cuts
6
CONTINUOUS
10
10.9648066929133847
20
-3.917322834645669
11
10.9648070078740147
21
-3.9173228740157477
0
LINE
8
Edge.Cuts
6
CONTINUOUS
10
10.9648070078740147
20
-3.9173228740157477
11
10.9686039370078738
21
-3.9176584251968505
0
LINE
8
Edge.Cuts
6
CONTINUOUS
10
10.9686039370078738
20
-3.9176584251968505
11
10.972283464566928
21
-3.9186546456692914
0
LINE
8
Edge.Cuts
6
CONTINUOUS
10
10.972283464566928
20
-3.9186546456692914
11
10.9757312992125975
21
-3.9202807086614171
0
LINE
8
Edge.Cuts
6
CONTINUOUS
10
10.9757312992125975
20
-3.9202807086614171
11
10.9776924409448817
21
-3.9214221259842517
0
LINE
8
Edge.Cuts
6
CONTINUOUS
10
10.9776924409448817
20
-3.9214221259842517
11
10.9820614173228339
21
-3.9226500787401575
0
LINE
8
Edge.Cuts
6
CONTINUOUS
10
10.9820614173228339
20
-3.9226500787401575
11
10.9865988188976367
21
-3.9227370866141733
0
LINE
8
Edge.Cuts
6
CONTINUOUS
10
10.9865988188976367
20
-3.9227370866141733
11
10.9910116141732281
21
-3.9216774803149606
0
LINE
8
Edge.Cuts
6
CONTINUOUS
10
10.9910116141732281
20
-3.9216774803149606
11
10.9950148425196854
21
-3.91953968503937
0
LINE
8
Edge.Cuts
6
CONTINUOUS
10
10.9950148425196854
20
-3.91953968503937
11
10.998349881889764
21
-3.9164618503937008
0
LINE
8
Edge.Cuts
6
CONTINUOUS
10
10.998349881889764
20
-3.9164618503937008
11
11.0008013385826775
21
-3.9126426771653544
0
LINE
8
Edge.Cuts
6
CONTINUOUS
10
11.0008013385826775
20
-3.9126426771653544
11
11.0022109448818899
21
-3.9083288976377952
0
LINE
8
Edge.Cuts
6
CONTINUOUS
10
11.0022109448818899
20
-3.9083288976377952
11
11.0024875590551172
21
-3.9037990944881891
0
LINE
8
Edge.Cuts
6
CONTINUOUS
10
11.0024875590551172
20
-3.9037990944881891
11
11.0016134251968509
21
-3.8993458267716536
0
LINE
8
Edge.Cuts
6
CONTINUOUS
10
11.0016134251968509
20
-3.8993458267716536
11
11.0006327165354332
21
-3.8972995669291337
0
LINE
8
Edge.Cuts
6
CONTINUOUS
10
11.0006327165354332
20
-3.8972995669291337
11
10.9994510236220471
21
-3.8942877559055118
0
LINE
8
Edge.Cuts
6
CONTINUOUS
10
10.9994510236220471
20
-3.8942877559055118
11
10.998731299212599
21
-3.8911334645669289
0
LINE
8
Edge.Cuts
6
CONTINUOUS
10
10.998731299212599
20
-3.8911334645669289
11
10.9984896456692915
21
-3.8879071653543305
0
LINE
8
Edge.Cuts
6
CONTINUOUS
10
10.9984896456692915
20
-3.8879071653543305
11
10.9984896456692915
21
-3.8325653149606298
0
LINE
8
Edge.Cuts
6
CONTINUOUS
10
10.9984896456692915
20
-3.8325653149606298
11
10.9984896850393703
21
-3.8325650787401573
0
LINE
8
Edge.Cuts
6
CONTINUOUS
10
10.9984896850393703
20
-3.8325650787401573
11
10.9984896456692915
21
-3.832564960629921
0
LINE
8
Edge.Cuts
6
CONTINUOUS
10
10.9984896456692915
20
-3.832564960629921
11
10.9987316929133847
21
-3.8293389370078739
0
LINE
8
Edge.Cuts
6
CONTINUOUS
10
10.9987316929133847
20
-3.8293389370078739
11
10.9994513385826771
21
-3.826184960629921
0
LINE
8
Edge.Cuts
6
CONTINUOUS
10
10.9994513385826771
20
-3.826184960629921
11
11.0006325590551182
21
-3.8231732677165353
0
LINE
8
Edge.Cuts
6
CONTINUOUS
10
11.0006325590551182
20
-3.8231732677165353
11
11.0006326377952757
21
-3.8231731496062991
0
LINE
8
Edge.Cuts
6
CONTINUOUS
10
11.0006326377952757
20
-3.8231731496062991
11
11.0006326771653544
21
-3.8231729527559053
0
LINE
8
Edge.Cuts
6
CONTINUOUS
10
11.0006326771653544
20
-3.8231729527559053
11
11.0016133858267722
21
-3.8211267322834646
0
LINE
8
Edge.Cuts
6
CONTINUOUS
10
11.0016133858267722
20
-3.8211267322834646
11
11.0024875590551172
21
-3.8166734645669291
0
LINE
8
Edge.Cuts
6
CONTINUOUS
10
11.0024875590551172
20
-3.8166734645669291
11
11.0022108661417324
21
-3.8121436614173225
0
LINE
8
Edge.Cuts
6
CONTINUOUS
10
11.0022108661417324
20
-3.8121436614173225
11
11.0008012992125987
21
-3.8078298818897638
0
LINE
8
Edge.Cuts
6
CONTINUOUS
10
11.0008012992125987
20
-3.8078298818897638
11
10.9983498031496065
21
-3.8040107480314962
0
LINE
8
Edge.Cuts
6
CONTINUOUS
10
10.9983498031496065
20
-3.8040107480314962
11
10.9950148031496067
21
-3.8009329133858265
0
LINE
8
Edge.Cuts
6
CONTINUOUS
10
10.9950148031496067
20
-3.8009329133858265
11
10.9910115748031494
21
-3.7987951574803147
0
LINE
8
Edge.Cuts
6
CONTINUOUS
10
10.9910115748031494
20
-3.7987951574803147
11
10.9865987795275579
21
-3.7977355511811024
0
LINE
8
Edge.Cuts
6
CONTINUOUS
10
10.9865987795275579
20
-3.7977355511811024
11
10.9820613779527552
21
-3.7978225196850395
0
LINE
8
Edge.Cuts
6
CONTINUOUS
10
10.9820613779527552
20
-3.7978225196850395
11
10.9776924409448817
21
-3.7990504724409448
0
LINE
8
Edge.Cuts
6
CONTINUOUS
10
10.9776924409448817
20
-3.7990504724409448
11
10.9757312992125975
21
-3.8001918897637794
0
LINE
8
Edge.Cuts
6
CONTINUOUS
10
10.9757312992125975
20
-3.8001918897637794
11
10.97573090551181
21
-3.8001919685039369
0
LINE
8
Edge.Cuts
6
CONTINUOUS
10
10.97573090551181
20
-3.8001919685039369
11
10.9722834251968493
21
-3.801817874015748
0
LINE
8
Edge.Cuts
6
CONTINUOUS
10
10.9722834251968493
20
-3.801817874015748
11
10.9686038976377951
21
-3.802814094488189
0
LINE
8
Edge.Cuts
6
CONTINUOUS
10
10.9686038976377951
20
-3.802814094488189
11
10.9648066929133847
21
-3.8031496456692913
0
LINE
8
Edge.Cuts
6
CONTINUOUS
10
10.9648066929133847
20
-3.8031496456692913
11
10.9022514173228338
21
-3.8031496456692913
0
LINE
8
Edge.Cuts
6
CONTINUOUS
10
10.9022514173228338
20
-3.8031496456692913
11
10.8984541732283464
21
-3.802814094488189
0
LINE
8
Edge.Cuts
6
CONTINUOUS
10
10.8984541732283464
20
-3.802814094488189
11
10.8947746456692904
21
-3.801817874015748
0
LINE
8
Edge.Cuts
6
CONTINUOUS
10
10.8947746456692904
20
-3.801817874015748
11
10.891326811023621
21
-3.8001918110236219
0
LINE
8
Edge.Cuts
6
CONTINUOUS
10
10.891326811023621
20
-3.8001918110236219
11
10.8893656692913385
21
-3.7990503937007873
0
LINE
8
Edge.Cuts
6
CONTINUOUS
10
10.8893656692913385
20
-3.7990503937007873
11
10.8849966929133863
21
-3.797822440944882
0
LINE
8
Edge.Cuts
6
CONTINUOUS
10
10.8849966929133863
20
-3.797822440944882
11
10.8804592913385818
21
-3.7977354330708661
0
LINE
8
Edge.Cuts
6
CONTINUOUS
10
10.8804592913385818
20
-3.7977354330708661
11
10.8760464566929134
21
-3.7987950787401572
0
LINE
8
Edge.Cuts
6
CONTINUOUS
10
4.3338198425196852
20
-3.7090001181102363
11
4.3389640944881886
21
-3.7109544881889764
0
LINE
8
Edge.Cuts
6
CONTINUOUS
10
4.3389640944881886
20
-3.7109544881889764
11
4.3434495669291335
21
-3.7141425196850393
0
LINE
8
Edge.Cuts
6
CONTINUOUS
10
4.3434495669291335
20
-3.7141425196850393
11
4.3469865748031493
21
-3.7183583070866142
0
LINE
8
Edge.Cuts
6
CONTINUOUS
10
4.3469865748031493
20
-3.7183583070866142
11
4.3493466141732284
21
-3.7233295275590552
0
LINE
8
Edge.Cuts
6
CONTINUOUS
10
4.3493466141732284
20
-3.7233295275590552
11
4.3503773228346452
21
-3.7287351574803149
0
LINE
8
Edge.Cuts
6
CONTINUOUS
10
4.3503773228346452
20
-3.7287351574803149
11
4.3500121259842519
21
-3.734226023622047
0
LINE
8
Edge.Cuts
6
CONTINUOUS
10
4.3500121259842519
20
-3.734226023622047
11
4.3482745275590551
21
-3.7394475196850392
0
LINE
8
Edge.Cuts
6
CONTINUOUS
10
4.3482745275590551
20
-3.7394475196850392
11
4.347698818897638
21
-3.7406433858267714
0
LINE
8
Edge.Cuts
6
CONTINUOUS
10
4.347698818897638
20
-3.7406433858267714
11
4.3469166141732281
21
-3.7431799999999997
0
LINE
8
Edge.Cuts
6
CONTINUOUS
10
4.3469166141732281
20
-3.7431799999999997
11
4.346521102362205
21
-3.7458048818897636
0
LINE
8
Edge.Cuts
6
CONTINUOUS
10
4.346521102362205
20
-3.7458048818897636
11
4.3465211417322838
21
-3.747132125984252
0
LINE
8
Edge.Cuts
6
CONTINUOUS
10
4.3465211417322838
20
-3.747132125984252
11
4.3465211417322838
21
-3.7471321653543308
0
LINE
8
Edge.Cuts
6
CONTINUOUS
10
4.3465211417322838
20
-3.7471321653543308
11
4.3465211417322838
21
-3.8024740551181102
0
LINE
8
Edge.Cuts
6
CONTINUOUS
10
4.3465211417322838
20
-3.8024740551181102
11
4.346521102362205
21
-3.8038012992125982
0
LINE
8
Edge.Cuts
6
CONTINUOUS
10
4.346521102362205
20
-3.8038012992125982
11
4.3469166141732281
21
-3.8064261811023621
0
LINE
8
Edge.Cuts
6
CONTINUOUS
10
4.3469166141732281
20
-3.8064261811023621
11
4.347698818897638
21
-3.8089628346456692
0
LINE
8
Edge.Cuts
6
CONTINUOUS
10
4.347698818897638
20
-3.8089628346456692
11
4.3482744881889763
21
-3.8101585826771651
0
LINE
8
Edge.Cuts
6
CONTINUOUS
10
4.3482744881889763
20
-3.8101585826771651
11
4.3482745275590551
21
-3.8101586614173226
0
LINE
8
Edge.Cuts
6
CONTINUOUS
10
4.3482745275590551
20
-3.8101586614173226
11
4.3500121259842519
21
-3.8153801574803148
0
LINE
8
Edge.Cuts
6
CONTINUOUS
10
4.3500121259842519
20
-3.8153801574803148
11
4.3503773622047239
21
-3.8208710236220473
0
LINE
8
Edge.Cuts
6
CONTINUOUS
10
4.3503773622047239
20
-3.8208710236220473
11
4.3493466535433072
21
-3.826276653543307
0
LINE
8
Edge.Cuts
6
CONTINUOUS
10
4.3493466535433072
20
-3.826276653543307
11
4.3469866141732281
21
-3.8312479133858268
0
LINE
8
Edge.Cuts
6
CONTINUOUS
10
4.3469866141732281
20
-3.8312479133858268
11
4.3434496062992123
21
-3.8354637007874013
0
LINE
8
Edge.Cuts
6
CONTINUOUS
10
4.3434496062992123
20
-3.8354637007874013
11
4.3389641338582674
21
-3.8386517322834646
0
LINE
8
Edge.Cuts
6
CONTINUOUS
10
4.3389641338582674
20
-3.8386517322834646
11
4.333819881889764
21
-3.8406061417322834
0
LINE
8
Edge.Cuts
6
CONTINUOUS
10
4.333819881889764
20
-3.8406061417322834
11
4.3283490551181103
21
-3.8412006299212598
0
LINE
8
Edge.Cuts
6
CONTINUOUS
10
4.3283490551181103
20
-3.8412006299212598
11
4.3229050787401571
21
-3.8403968897637792
0
LINE
8
Edge.Cuts
6
CONTINUOUS
10
4.3229050787401571
20
-3.8403968897637792
11
4.3178394881889766
21
-3.8382467716535431
0
LINE
8
Edge.Cuts
6
CONTINUOUS
10
4.3178394881889766
20
-3.8382467716535431
11
4.3164872440944881
21
-3.8374581889763779
0
LINE
8
Edge.Cuts
6
CONTINUOUS
10
4.3164872440944881
20
-3.8374581889763779
11
4.3135489370078739
21
-3.8363771259842521
0
LINE
8
Edge.Cuts
6
CONTINUOUS
10
4.3135489370078739
20
-3.8363771259842521
11
4.3104666141732286
21
-3.8358280708661416
0
LINE
8
Edge.Cuts
6
CONTINUOUS
10
4.3104666141732286
20
-3.8358280708661416
11
4.3089011811023621
21
-3.8358267322834645
0
LINE
8
Edge.Cuts
6
CONTINUOUS
10
4.3089011811023621
20
-3.8358267322834645
11
4.2463459055118111
21
-3.8358267322834645
0
LINE
8
Edge.Cuts
6
CONTINUOUS
10
4.2463459055118111
20
-3.8358267322834645
11
4.2447805118110233
21
-3.8358281102362204
0
LINE
8
Edge.Cuts
6
CONTINUOUS
10
4.2447805118110233
20
-3.8358281102362204
11
4.2416981889763781
21
-3.8363771259842521
0
LINE
8
Edge.Cuts
6
CONTINUOUS
10
4.2416981889763781
20
-3.8363771259842521
11
4.2387598818897638
21
-3.8374581889763779
0
LINE
8
Edge.Cuts
6
CONTINUOUS
10
4.2387598818897638
20
-3.8374581889763779
11
4.2374076377952754
21
-3.8382467716535431
0
LINE
8
Edge.Cuts
6
CONTINUOUS
10
4.2374076377952754
20
-3.8382467716535431
11
4.2374071653543304
21
-3.8382468503937006
0
LINE
8
Edge.Cuts
6
CONTINUOUS
10
4.2374071653543304
20
-3.8382468503937006
11
4.2323420078740153
21
-3.8403968110236222
0
LINE
8
Edge.Cuts
6
CONTINUOUS
10
4.2323420078740153
20
-3.8403968110236222
11
4.2268980314960629
21
-3.8412005511811023
0
LINE
8
Edge.Cuts
6
CONTINUOUS
10
4.2268980314960629
20
-3.8412005511811023
11
4.221427244094488
21
-3.8406060629921259
0
LINE
8
Edge.Cuts
6
CONTINUOUS
10
4.221427244094488
20
-3.8406060629921259
11
4.2162829921259846
21
-3.8386516535433071
0
LINE
8
Edge.Cuts
6
CONTINUOUS
10
4.2162829921259846
20
-3.8386516535433071
11
4.2117975590551184
21
-3.8354636220472442
0
LINE
8
Edge.Cuts
6
CONTINUOUS
10
4.2117975590551184
20
-3.8354636220472442
11
4.2082605511811026
21
-3.8312478740157481
0
LINE
8
Edge.Cuts
6
CONTINUOUS
10
4.2082605511811026
20
-3.8312478740157481
11
4.2059004724409448
21
-3.826276653543307
0
LINE
8
Edge.Cuts
6
CONTINUOUS
10
4.2059004724409448
20
-3.826276653543307
11
4.2048697637795271
21
-3.8208710629921261
0
LINE
8
Edge.Cuts
6
CONTINUOUS
10
4.2048697637795271
20
-3.8208710629921261
11
4.2052350000000001
21
-3.8153801968503935
0
LINE
8
Edge.Cuts
6
CONTINUOUS
10
4.2052350000000001
20
-3.8153801968503935
11
4.2069725196850394
21
-3.8101587007874014
0
LINE
8
Edge.Cuts
6
CONTINUOUS
10
4.2069725196850394
20
-3.8101587007874014
11
4.2069725590551181
21
-3.8101586220472439
0
LINE
8
Edge.Cuts
6
CONTINUOUS
10
4.2069725590551181
20
-3.8101586220472439
11
4.2075480314960627
21
-3.8089629921259842
0
LINE
8
Edge.Cuts
6
CONTINUOUS
10
4.2075480314960627
20
-3.8089629921259842
11
4.2083301574803151
21
-3.8064261417322833
0
LINE
8
Edge.Cuts
6
CONTINUOUS
10
4.2083301574803151
20
-3.8064261417322833
11
4.2087258267716532
21
-3.8038011023622045
0
LINE
8
Edge.Cuts
6
CONTINUOUS
10
4.2087258267716532
20
-3.8038011023622045
11
4.2087259448818894
21
-3.8024737795275589
0
LINE
8
Edge.Cuts
6
CONTINUOUS
10
4.2087259448818894
20
-3.8024737795275589
11
4.2087259448818894
21
-3.7471321653543308
0
LINE
8
Edge.Cuts
6
CONTINUOUS
10
4.2087259448818894
20
-3.7471321653543308
11
4.2087259448818894
21
-3.747132125984252
0
LINE
8
Edge.Cuts
6
CONTINUOUS
10
4.2087259448818894
20
-3.747132125984252
11
4.208726023622047
21
-3.7458048818897636
0
LINE
8
Edge.Cuts
6
CONTINUOUS
10
4.208726023622047
20
-3.7458048818897636
11
4.2083305118110239
21
-3.7431800393700785
0
LINE
8
Edge.Cuts
6
CONTINUOUS
10
4.2083305118110239
20
-3.7431800393700785
11
4.207548307086614
21
-3.7406434251968501
0
LINE
8
Edge.Cuts
6
CONTINUOUS
10
4.207548307086614
20
-3.7406434251968501
11
4.2069725590551181
21
-3.7394475590551179
0
LINE
8
Edge.Cuts
6
CONTINUOUS
10
4.2069725590551181
20
-3.7394475590551179
11
4.2069725196850394
21
-3.7394474803149604
0
LINE
8
Edge.Cuts
6
CONTINUOUS
10
4.2069725196850394
20
-3.7394474803149604
11
4.2052349606299213
21
-3.734226023622047
0
LINE
8
Edge.Cuts
6
CONTINUOUS
10
4.2052349606299213
20
-3.734226023622047
11
4.2048697244094484
21
-3.7287351574803149
0
LINE
8
Edge.Cuts
6
CONTINUOUS
10
4.2048697244094484
20
-3.7287351574803149
11
4.205900433070866
21
-3.7233295275590552
0
LINE
8
Edge.Cuts
6
CONTINUOUS
10
4.205900433070866
20
-3.7233295275590552
11
4.2082605118110239
21
-3.7183583070866142
0
LINE
8
Edge.Cuts
6
CONTINUOUS
10
4.2082605118110239
20
-3.7183583070866142
11
4.2117974803149609
21
-3.7141425196850393
0
LINE
8
Edge.Cuts
6
CONTINUOUS
10
4.2117974803149609
20
-3.7141425196850393
11
4.2162829527559058
21
-3.7109544881889764
0
LINE
8
Edge.Cuts
6
CONTINUOUS
10
4.2162829527559058
20
-3.7109544881889764
11
4.221427244094488
21
-3.7090000787401576
0
LINE
8
Edge.Cuts
6
CONTINUOUS
10
4.221427244094488
20
-3.7090000787401576
11
4.2268980314960629
21
-3.7084055905511808
0
LINE
8
Edge.Cuts
6
CONTINUOUS
10
4.2268980314960629
20
-3.7084055905511808
11
4.2323420078740153
21
-3.7092093307086613
0
LINE
8
Edge.Cuts
6
CONTINUOUS
10
4.2323420078740153
20
-3.7092093307086613
11
4.2374075984251967
21
-3.7113594488188975
0
LINE
8
Edge.Cuts
6
CONTINUOUS
10
4.2374075984251967
20
-3.7113594488188975
11
4.2387598425196851
21
-3.7121480314960631
0
LINE
8
Edge.Cuts
6
CONTINUOUS
10
4.2387598425196851
20
-3.7121480314960631
11
4.2416981496062993
21
-3.7132290944881889
0
LINE
8
Edge.Cuts
6
CONTINUOUS
10
4.2416981496062993
20
-3.7132290944881889
11
4.2447804724409446
21
-3.7137781102362202
0
LINE
8
Edge.Cuts
6
CONTINUOUS
10
4.2447804724409446
20
-3.7137781102362202
11
4.2463458661417324
21
-3.7137794881889761
0
LINE
8
Edge.Cuts
6
CONTINUOUS
10
4.2463458661417324
20
-3.7137794881889761
11
4.2463459842519686
21
-3.7137795275590548
0
LINE
8
Edge.Cuts
6
CONTINUOUS
10
4.2463459842519686
20
-3.7137795275590548
11
4.3089012204724408
21
-3.7137795275590548
0
LINE
8
Edge.Cuts
6
CONTINUOUS
10
4.3089012204724408
20
-3.7137795275590548
11
4.3104666141732286
21
-3.7137781496062989
0
LINE
8
Edge.Cuts
6
CONTINUOUS
10
4.3104666141732286
20
-3.7137781496062989
11
4.3135489370078739
21
-3.7132291338582677
0
LINE
8
Edge.Cuts
6
CONTINUOUS
10
4.3135489370078739
20
-3.7132291338582677
11
4.3164872440944881
21
-3.7121480708661418
0
LINE
8
Edge.Cuts
6
CONTINUOUS
10
4.3164872440944881
20
-3.7121480708661418
11
4.3178394881889766
21
-3.7113594881889762
0
LINE
8
Edge.Cuts
6
CONTINUOUS
10
4.3178394881889766
20
-3.7113594881889762
11
4.3229050787401571
21
-3.7092093700787401
0
LINE
8
Edge.Cuts
6
CONTINUOUS
10
4.3229050787401571
20
-3.7092093700787401
11
4.3283490551181103
21
-3.7084055905511808
0
LINE
8
Edge.Cuts
6
CONTINUOUS
10
4.3283490551181103
20
-3.7084055905511808
11
4.3338198425196852
21
-3.7090001181102363
0
LINE
8
Edge.Cuts
6
CONTINUOUS
10
4.2201409842519686
20
-3.7133618897637795
11
4.2161377559055113
21
-3.71549968503937
0
LINE
8
Edge.Cuts
6
CONTINUOUS
10
4.2161377559055113
20
-3.71549968503937
11
4.2128027165354327
21
-3.7185775196850392
0
LINE
8
Edge.Cuts
6
CONTINUOUS
10
4.2128027165354327
20
-3.7185775196850392
11
4.2103512598425192
21
-3.7223966929133856
0
LINE
8
Edge.Cuts
6
CONTINUOUS
10
4.2103512598425192
20
-3.7223966929133856
11
4.2089416535433068
21
-3.7267104724409448
0
LINE
8
Edge.Cuts
6
CONTINUOUS
10
4.2089416535433068
20
-3.7267104724409448
11
4.2086650393700786
21
-3.7312402755905509
0
LINE
8
Edge.Cuts
6
CONTINUOUS
10
4.2086650393700786
20
-3.7312402755905509
11
4.2095391732283467
21
-3.7356935433070864
0
LINE
8
Edge.Cuts
6
CONTINUOUS
10
4.2095391732283467
20
-3.7356935433070864
11
4.2105198425196848
21
-3.73773968503937
0
LINE
8
Edge.Cuts
6
CONTINUOUS
10
4.2105198425196848
20
-3.73773968503937
11
4.2105198818897636
21
-3.7377397637795275
0
LINE
8
Edge.Cuts
6
CONTINUOUS
10
4.2105198818897636
20
-3.7377397637795275
11
4.2117015748031497
21
-3.7407516141732282
0
LINE
8
Edge.Cuts
6
CONTINUOUS
10
4.2117015748031497
20
-3.7407516141732282
11
4.2124212992125987
21
-3.7439059055118111
0
LINE
8
Edge.Cuts
6
CONTINUOUS
10
4.2124212992125987
20
-3.7439059055118111
11
4.2126629133858264
21
-3.747132125984252
0
LINE
8
Edge.Cuts
6
CONTINUOUS
10
4.2126629133858264
20
-3.747132125984252
11
4.2126629527559052
21
-3.7471321653543308
0
LINE
8
Edge.Cuts
6
CONTINUOUS
10
4.2126629527559052
20
-3.7471321653543308
11
4.2126629527559052
21
-3.8024740551181102
0
LINE
8
Edge.Cuts
6
CONTINUOUS
10
4.2126629527559052
20
-3.8024740551181102
11
4.2126628740157477
21
-3.802474251968504
0
LINE
8
Edge.Cuts
6
CONTINUOUS
10
4.2126628740157477
20
-3.802474251968504
11
4.2126629527559052
21
-3.802474409448819
0
LINE
8
Edge.Cuts
6
CONTINUOUS
10
4.2126629527559052
20
-3.802474409448819
11
4.2124209055118111
21
-3.8057004330708661
0
LINE
8
Edge.Cuts
6
CONTINUOUS
10
4.2124209055118111
20
-3.8057004330708661
11
4.2117012598425196
21
-3.8088544094488186
0
LINE
8
Edge.Cuts
6
CONTINUOUS
10
4.2117012598425196
20
-3.8088544094488186
11
4.2105200393700786
21
-3.8118661023622047
0
LINE
8
Edge.Cuts
6
CONTINUOUS
10
4.2105200393700786
20
-3.8118661023622047
11
4.2105199212598423
21
-3.8118661811023622
0
LINE
8
Edge.Cuts
6
CONTINUOUS
10
4.2105199212598423
20
-3.8118661811023622
11
4.2105199212598423
21
-3.8118664173228347
0
LINE
8
Edge.Cuts
6
CONTINUOUS
10
4.2105199212598423
20
-3.8118664173228347
11
4.2095392125984255
21
-3.8139126377952755
0
LINE
8
Edge.Cuts
6
CONTINUOUS
10
4.2095392125984255
20
-3.8139126377952755
11
4.2086650393700786
21
-3.8183659055118109
0
LINE
8
Edge.Cuts
6
CONTINUOUS
10
4.2086650393700786
20
-3.8183659055118109
11
4.2089417322834644
21
-3.822895708661417
0
LINE
8
Edge.Cuts
6
CONTINUOUS
10
4.2089417322834644
20
-3.822895708661417
11
4.210351299212598
21
-3.8272094881889762
0
LINE
8
Edge.Cuts
6
CONTINUOUS
10
4.210351299212598
20
-3.8272094881889762
11
4.2128027952755902
21
-3.8310286220472438
0
LINE
8
Edge.Cuts
6
CONTINUOUS
10
4.2128027952755902
20
-3.8310286220472438
11
4.2161377952755901
21
-3.8341064566929135
0
LINE
8
Edge.Cuts
6
CONTINUOUS
10
4.2161377952755901
20
-3.8341064566929135
11
4.2201410236220473
21
-3.8362442125984253
0
LINE
8
Edge.Cuts
6
CONTINUOUS
10
4.2201410236220473
20
-3.8362442125984253
11
4.2245538188976379
21
-3.8373038188976376
0
LINE
8
Edge.Cuts
6
CONTINUOUS
10
4.2245538188976379
20
-3.8373038188976376
11
4.2290912204724407
21
-3.8372168503937005
0
LINE
8
Edge.Cuts
6
CONTINUOUS
10
4.2290912204724407
20
-3.8372168503937005
11
4.233460157480315
21
-3.8359888976377952
0
LINE
8
Edge.Cuts
6
CONTINUOUS
10
4.233460157480315
20
-3.8359888976377952
11
4.2354212992125984
21
-3.8348474803149606
0
LINE
8
Edge.Cuts
6
CONTINUOUS
10
4.2354212992125984
20
-3.8348474803149606
11
4.2354216535433071
21
-3.8348473622047243
0
LINE
8
Edge.Cuts
6
CONTINUOUS
10
4.2354216535433071
20
-3.8348473622047243
11
4.2388691732283466
21
-3.833221496062992
0
LINE
8
Edge.Cuts
6
CONTINUOUS
10
4.2388691732283466
20
-3.833221496062992
11
4.2425487007874016
21
-3.832225275590551
0
LINE
8
Edge.Cuts
6
CONTINUOUS
10
4.2425487007874016
20
-3.832225275590551
11
4.2463459055118111
21
-3.8318897244094487
0
LINE
8
Edge.Cuts
6
CONTINUOUS
10
4.2463459055118111
20
-3.8318897244094487
11
4.3089011811023621
21
-3.8318897244094487
0
LINE
8
Edge.Cuts
6
CONTINUOUS
10
4.3089011811023621
20
-3.8318897244094487
11
4.3126984251968503
21
-3.832225275590551
0
LINE
8
Edge.Cuts
6
CONTINUOUS
10
4.3126984251968503
20
-3.832225275590551
11
4.3163779527559054
21
-3.833221496062992
0
LINE
8
Edge.Cuts
6
CONTINUOUS
10
4.3163779527559054
20
-3.833221496062992
11
4.3198257874015749
21
-3.8348475590551181
0
LINE
8
Edge.Cuts
6
CONTINUOUS
10
4.3198257874015749
20
-3.8348475590551181
11
4.3217869291338582
21
-3.8359889763779527
0
LINE
8
Edge.Cuts
6
CONTINUOUS
10
4.3217869291338582
20
-3.8359889763779527
11
4.3261559055118113
21
-3.837216929133858
0
LINE
8
Edge.Cuts
6
CONTINUOUS
10
4.3261559055118113
20
-3.837216929133858
11
4.330693307086614
21
-3.8373039370078739
0
LINE
8
Edge.Cuts
6
CONTINUOUS
10
4.330693307086614
20
-3.8373039370078739
11
4.3351061417322834
21
-3.8362442913385828
0
LINE
8
Edge.Cuts
6
CONTINUOUS
10
4.3351061417322834
20
-3.8362442913385828
11
4.339109330708661
21
-3.8341065354330706
0
LINE
8
Edge.Cuts
6
CONTINUOUS
10
4.339109330708661
20
-3.8341065354330706
11
4.3424443700787396
21
-3.8310286614173226
0
LINE
8
Edge.Cuts
6
CONTINUOUS
10
4.3424443700787396
20
-3.8310286614173226
11
4.3448958661417318
21
-3.8272094881889762
0
LINE
8
Edge.Cuts
6
CONTINUOUS
10
4.3448958661417318
20
-3.8272094881889762
11
4.3463054330708664
21
-3.822895708661417
0
LINE
8
Edge.Cuts
6
CONTINUOUS
10
4.3463054330708664
20
-3.822895708661417
11
4.3465820866141733
21
-3.8183659055118109
0
LINE
8
Edge.Cuts
6
CONTINUOUS
10
4.3465820866141733
20
-3.8183659055118109
11
4.3457079133858265
21
-3.8139126377952755
0
LINE
8
Edge.Cuts
6
CONTINUOUS
10
4.3457079133858265
20
-3.8139126377952755
11
4.3447272047244097
21
-3.811866377952756
0
LINE
8
Edge.Cuts
6
CONTINUOUS
10
4.3447272047244097
20
-3.811866377952756
11
4.3435455511811023
21
-3.8088546062992124
0
LINE
8
Edge.Cuts
6
CONTINUOUS
10
4.3435455511811023
20
-3.8088546062992124
11
4.3428258267716533
21
-3.8057003543307086
0
LINE
8
Edge.Cuts
6
CONTINUOUS
10
4.3428258267716533
20
-3.8057003543307086
11
4.342584133858268
21
-3.8024740551181102
0
LINE
8
Edge.Cuts
6
CONTINUOUS
10
4.342584133858268
20
-3.8024740551181102
11
4.342584133858268
21
-3.7471321653543308
0
LINE
8
Edge.Cuts
6
CONTINUOUS
10
4.342584133858268
20
-3.7471321653543308
11
4.342584133858268
21
-3.747132125984252
0
LINE
8
Edge.Cuts
6
CONTINUOUS
10
4.342584133858268
20
-3.747132125984252
11
4.3428258267716533
21
-3.7439058661417324
0
LINE
8
Edge.Cuts
6
CONTINUOUS
10
4.3428258267716533
20
-3.7439058661417324
11
4.3435455511811023
21
-3.7407516141732282
0
LINE
8
Edge.Cuts
6
CONTINUOUS
10
4.3435455511811023
20
-3.7407516141732282
11
4.3447272047244097
21
-3.7377398031496063
0
LINE
8
Edge.Cuts
6
CONTINUOUS
10
4.3447272047244097
20
-3.7377398031496063
11
4.3457079133858265
21
-3.7356935433070864
0
LINE
8
Edge.Cuts
6
CONTINUOUS
10
4.3457079133858265
20
-3.7356935433070864
11
4.3465820472440946
21
-3.7312403149606297
0
LINE
8
Edge.Cuts
6
CONTINUOUS
10
4.3465820472440946
20
-3.7312403149606297
11
4.3463053937007876
21
-3.7267105118110235
0
LINE
8
Edge.Cuts
6
CONTINUOUS
10
4.3463053937007876
20
-3.7267105118110235
11
4.3448958267716531
21
-3.7223966929133856
0
LINE
8
Edge.Cuts
6
CONTINUOUS
10
4.3448958267716531
20
-3.7223966929133856
11
4.3424443307086618
21
-3.718577559055118
0
LINE
8
Edge.Cuts
6
CONTINUOUS
10
4.3424443307086618
20
-3.718577559055118
11
4.3391092913385823
21
-3.71549968503937
0
LINE
8
Edge.Cuts
6
CONTINUOUS
10
4.3391092913385823
20
-3.71549968503937
11
4.3351061023622046
21
-3.7133619291338582
0
LINE
8
Edge.Cuts
6
CONTINUOUS
10
4.3351061023622046
20
-3.7133619291338582
11
4.330693307086614
21
-3.7123023228346455
0
LINE
8
Edge.Cuts
6
CONTINUOUS
10
4.330693307086614
20
-3.7123023228346455
11
4.3261558661417325
21
-3.7123893307086613
0
LINE
8
Edge.Cuts
6
CONTINUOUS
10
4.3261558661417325
20
-3.7123893307086613
11
4.3217869291338582
21
-3.7136172834645667
0
LINE
8
Edge.Cuts
6
CONTINUOUS
10
4.3217869291338582
20
-3.7136172834645667
11
4.3198257874015749
21
-3.7147587007874017
0
LINE
8
Edge.Cuts
6
CONTINUOUS
10
4.3198257874015749
20
-3.7147587007874017
11
4.3163779527559054
21
-3.7163847637795273
0
LINE
8
Edge.Cuts
6
CONTINUOUS
10
4.3163779527559054
20
-3.7163847637795273
11
4.3126984251968503
21
-3.7173809842519683
0
LINE
8
Edge.Cuts
6
CONTINUOUS
10
4.3126984251968503
20
-3.7173809842519683
11
4.3089012204724408
21
-3.7177165354330706
0
LINE
8
Edge.Cuts
6
CONTINUOUS
10
4.3089012204724408
20
-3.7177165354330706
11
4.2463459055118111
21
-3.7177165354330706
0
LINE
8
Edge.Cuts
6
CONTINUOUS
10
4.2463459055118111
20
-3.7177165354330706
11
4.2463455511811024
21
-3.7177164566929135
0
LINE
8
Edge.Cuts
6
CONTINUOUS
10
4.2463455511811024
20
-3.7177164566929135
11
4.2425486614173229
21
-3.7173809448818895
0
LINE
8
Edge.Cuts
6
CONTINUOUS
10
4.2425486614173229
20
-3.7173809448818895
11
4.2388691338582678
21
-3.7163847244094486
0
LINE
8
Edge.Cuts
6
CONTINUOUS
10
4.2388691338582678
20
-3.7163847244094486
11
4.2354212992125984
21
-3.7147586614173229
0
LINE
8
Edge.Cuts
6
CONTINUOUS
10
4.2354212992125984
20
-3.7147586614173229
11
4.233460157480315
21
-3.7136172440944879
0
LINE
8
Edge.Cuts
6
CONTINUOUS
10
4.233460157480315
20
-3.7136172440944879
11
4.2290911811023619
21
-3.7123892913385825
0
LINE
8
Edge.Cuts
6
CONTINUOUS
10
4.2290911811023619
20
-3.7123892913385825
11
4.2245537795275592
21
-3.7123022834645667
0
LINE
8
Edge.Cuts
6
CONTINUOUS
10
4.2245537795275592
20
-3.7123022834645667
11
4.2201409842519686
21
-3.7133618897637795
0
LINE
8
Edge.Cuts
6
CONTINUOUS
10
7.8961215354330703
20
-3.7040912992125983
11
7.9011871259842517
21
-3.7062414173228344
0
LINE
8
Edge.Cuts
6
CONTINUOUS
10
7.9011871259842517
20
-3.7062414173228344
11
7.9025393700787401
21
-3.70703
0
LINE
8
Edge.Cuts
6
CONTINUOUS
10
7.9025393700787401
20
-3.70703
11
7.9054776771653543
21
-3.7081110629921259
0
LINE
8
Edge.Cuts
6
CONTINUOUS
10
7.9054776771653543
20
-3.7081110629921259
11
7.9085599999999996
21
-3.7086601181102363
0
LINE
8
Edge.Cuts
6
CONTINUOUS
10
7.9085599999999996
20
-3.7086601181102363
11
7.9101254330708661
21
-3.7086614566929135
0
LINE
8
Edge.Cuts
6
CONTINUOUS
10
7.9101254330708661
20
-3.7086614566929135
11
7.9726807086614171
21
-3.7086614566929135
0
LINE
8
Edge.Cuts
6
CONTINUOUS
10
7.9726807086614171
20
-3.7086614566929135
11
7.9742461023622049
21
-3.7086600787401576
0
LINE
8
Edge.Cuts
6
CONTINUOUS
10
7.9742461023622049
20
-3.7086600787401576
11
7.9773284251968501
21
-3.7081110629921259
0
LINE
8
Edge.Cuts
6
CONTINUOUS
10
7.9773284251968501
20
-3.7081110629921259
11
7.9802667322834644
21
-3.70703
0
LINE
8
Edge.Cuts
6
CONTINUOUS
10
7.9802667322834644
20
-3.70703
11
7.9816189763779528
21
-3.7062414173228344
0
LINE
8
Edge.Cuts
6
CONTINUOUS
10
7.9816189763779528
20
-3.7062414173228344
11
7.9816194094488191
21
-3.7062412992125982
0
LINE
8
Edge.Cuts
6
CONTINUOUS
10
7.9816194094488191
20
-3.7062412992125982
11
7.9866846062992121
21
-3.7040913779527558
0
LINE
8
Edge.Cuts
6
CONTINUOUS
10
7.9866846062992121
20
-3.7040913779527558
11
7.9921285826771653
21
-3.7032876377952757
0
LINE
8
Edge.Cuts
6
CONTINUOUS
10
7.9921285826771653
20
-3.7032876377952757
11
7.9975993700787402
21
-3.703882125984252
0
LINE
8
Edge.Cuts
6
CONTINUOUS
10
7.9975993700787402
20
-3.703882125984252
11
8.0027436220472445
21
-3.7058365354330709
0
LINE
8
Edge.Cuts
6
CONTINUOUS
10
8.0027436220472445
20
-3.7058365354330709
11
8.0072290551181098
21
-3.7090245669291337
0
LINE
8
Edge.Cuts
6
CONTINUOUS
10
8.0072290551181098
20
-3.7090245669291337
11
8.0107660629921256
21
-3.7132403149606299
0
LINE
8
Edge.Cuts
6
CONTINUOUS
10
8.0107660629921256
20
-3.7132403149606299
11
8.0131261417322825
21
-3.7182115354330709
0
LINE
8
Edge.Cuts
6
CONTINUOUS
10
8.0131261417322825
20
-3.7182115354330709
11
8.0141568503937002
21
-3.7236171259842519
0
LINE
8
Edge.Cuts
6
CONTINUOUS
10
8.0141568503937002
20
-3.7236171259842519
11
8.013791614173229
21
-3.729107992125984
0
LINE
8
Edge.Cuts
6
CONTINUOUS
10
8.013791614173229
20
-3.729107992125984
11
8.0120540944881888
21
-3.7343294881889761
0
LINE
8
Edge.Cuts
6
CONTINUOUS
10
8.0120540944881888
20
-3.7343294881889761
11
8.0120540157480313
21
-3.7343295275590549
0
LINE
8
Edge.Cuts
6
CONTINUOUS
10
8.0120540157480313
20
-3.7343295275590549
11
8.0114785826771655
21
-3.7355251968503937
0
LINE
8
Edge.Cuts
6
CONTINUOUS
10
8.0114785826771655
20
-3.7355251968503937
11
8.010696456692914
21
-3.7380620472440942
0
LINE
8
Edge.Cuts
6
CONTINUOUS
10
8.010696456692914
20
-3.7380620472440942
11
8.0103007874015741
21
-3.740687086614173
0
LINE
8
Edge.Cuts
6
CONTINUOUS
10
8.0103007874015741
20
-3.740687086614173
11
8.0103006692913379
21
-3.7420141338582678
0
LINE
8
Edge.Cuts
6
CONTINUOUS
10
8.0103006692913379
20
-3.7420141338582678
11
8.0103006692913379
21
-3.7973560236220472
0
LINE
8
Edge.Cuts
6
CONTINUOUS
10
8.0103006692913379
20
-3.7973560236220472
11
8.0103006692913379
21
-3.7973560629921259
0
LINE
8
Edge.Cuts
6
CONTINUOUS
10
8.0103006692913379
20
-3.7973560629921259
11
8.0103005905511804
21
-3.7986833070866139
0
LINE
8
Edge.Cuts
6
CONTINUOUS
10
8.0103005905511804
20
-3.7986833070866139
11
8.0106961023622052
21
-3.801308149606299
0
LINE
8
Edge.Cuts
6
CONTINUOUS
10
8.0106961023622052
20
-3.801308149606299
11
8.0114783070866142
21
-3.8038447637795274
0
LINE
8
Edge.Cuts
6
CONTINUOUS
10
8.0114783070866142
20
-3.8038447637795274
11
8.0120540551181101
21
-3.8050406299212596
0
LINE
8
Edge.Cuts
6
CONTINUOUS
10
8.0120540551181101
20
-3.8050406299212596
11
8.0120540551181101
21
-3.8050406692913383
0
LINE
8
Edge.Cuts
6
CONTINUOUS
10
8.0120540551181101
20
-3.8050406692913383
11
8.013791653543306
21
-3.8102621653543305
0
LINE
8
Edge.Cuts
6
CONTINUOUS
10
8.013791653543306
20
-3.8102621653543305
11
8.0141568897637789
21
-3.815753031496063
0
LINE
8
Edge.Cuts
6
CONTINUOUS
10
8.0141568897637789
20
-3.815753031496063
11
8.0131261811023613
21
-3.8211586614173227
0
LINE
8
Edge.Cuts
6
CONTINUOUS
10
8.0131261811023613
20
-3.8211586614173227
11
8.0107661023622043
21
-3.8261298818897638
0
LINE
8
Edge.Cuts
6
CONTINUOUS
10
8.0107661023622043
20
-3.8261298818897638
11
8.0072291338582673
21
-3.8303456692913387
0
LINE
8
Edge.Cuts
6
CONTINUOUS
10
8.0072291338582673
20
-3.8303456692913387
11
8.0027436614173233
21
-3.8335337007874015
0
LINE
8
Edge.Cuts
6
CONTINUOUS
10
8.0027436614173233
20
-3.8335337007874015
11
7.9975993700787402
21
-3.8354881102362204
0
LINE
8
Edge.Cuts
6
CONTINUOUS
10
7.9975993700787402
20
-3.8354881102362204
11
7.9921285826771653
21
-3.8360825984251967
0
LINE
8
Edge.Cuts
6
CONTINUOUS
10
7.9921285826771653
20
-3.8360825984251967
11
7.9866846062992121
21
-3.8352788582677166
0
LINE
8
Edge.Cuts
6
CONTINUOUS
10
7.9866846062992121
20
-3.8352788582677166
11
7.9816190157480316
21
-3.8331287401574801
0
LINE
8
Edge.Cuts
6
CONTINUOUS
10
7.9816190157480316
20
-3.8331287401574801
11
7.9802667716535431
21
-3.8323401574803149
0
LINE
8
Edge.Cuts
6
CONTINUOUS
10
7.9802667716535431
20
-3.8323401574803149
11
7.9773284645669289
21
-3.831259094488189
0
LINE
8
Edge.Cuts
6
CONTINUOUS
10
7.9773284645669289
20
-3.831259094488189
11
7.9742461417322836
21
-3.8307100787401573
0
LINE
8
Edge.Cuts
6
CONTINUOUS
10
7.9742461417322836
20
-3.8307100787401573
11
7.9726807480314958
21
-3.8307087007874014
0
LINE
8
Edge.Cuts
6
CONTINUOUS
10
7.9726807480314958
20
-3.8307087007874014
11
7.9726806299212596
21
-3.8307086614173227
0
LINE
8
Edge.Cuts
6
CONTINUOUS
10
7.9726806299212596
20
-3.8307086614173227
11
7.9101253937007874
21
-3.8307086614173227
0
LINE
8
Edge.Cuts
6
CONTINUOUS
10
7.9101253937007874
20
-3.8307086614173227
11
7.9085599999999996
21
-3.8307100393700786
0
LINE
8
Edge.Cuts
6
CONTINUOUS
10
7.9085599999999996
20
-3.8307100393700786
11
7.9054776771653543
21
-3.8312590551181103
0
LINE
8
Edge.Cuts
6
CONTINUOUS
10
7.9054776771653543
20
-3.8312590551181103
11
7.9025393700787401
21
-3.8323401181102361
0
LINE
8
Edge.Cuts
6
CONTINUOUS
10
7.9025393700787401
20
-3.8323401181102361
11
7.9011871259842517
21
-3.8331287007874013
0
LINE
8
Edge.Cuts
6
CONTINUOUS
10
7.9011871259842517
20
-3.8331287007874013
11
7.8961215354330703
21
-3.8352788188976379
0
LINE
8
Edge.Cuts
6
CONTINUOUS
10
7.8961215354330703
20
-3.8352788188976379
11
7.8906775590551179
21
-3.8360825984251967
0
LINE
8
Edge.Cuts
6
CONTINUOUS
10
7.8906775590551179
20
-3.8360825984251967
11
7.885206771653543
21
-3.8354880708661416
0
LINE
8
Edge.Cuts
6
CONTINUOUS
10
7.885206771653543
20
-3.8354880708661416
11
7.8800625196850396
21
-3.8335337007874015
0
LINE
8
Edge.Cuts
6
CONTINUOUS
10
7.8800625196850396
20
-3.8335337007874015
11
7.8755770472440947
21
-3.8303456692913387
0
LINE
8
Edge.Cuts
6
CONTINUOUS
10
7.8755770472440947
20
-3.8303456692913387
11
7.8720400393700789
21
-3.8261298818897638
0
LINE
8
Edge.Cuts
6
CONTINUOUS
10
7.8720400393700789
20
-3.8261298818897638
11
7.8696799999999998
21
-3.8211586614173227
0
LINE
8
Edge.Cuts
6
CONTINUOUS
10
7.8696799999999998
20
-3.8211586614173227
11
7.8686492913385822
21
-3.815753031496063
0
LINE
8
Edge.Cuts
6
CONTINUOUS
10
7.8686492913385822
20
-3.815753031496063
11
7.8690144881889763
21
-3.8102621653543305
0
LINE
8
Edge.Cuts
6
CONTINUOUS
10
7.8690144881889763
20
-3.8102621653543305
11
7.8707520866141731
21
-3.8050406692913383
0
LINE
8
Edge.Cuts
6
CONTINUOUS
10
7.8707520866141731
20
-3.8050406692913383
11
7.8713277952755902
21
-3.8038448031496062
0
LINE
8
Edge.Cuts
6
CONTINUOUS
10
7.8713277952755902
20
-3.8038448031496062
11
7.8721100000000002
21
-3.8013081889763778
0
LINE
8
Edge.Cuts
6
CONTINUOUS
10
7.8721100000000002
20
-3.8013081889763778
11
7.8725055118110232
21
-3.7986833070866139
0
LINE
8
Edge.Cuts
6
CONTINUOUS
10
7.8725055118110232
20
-3.7986833070866139
11
7.8725054724409445
21
-3.7973560629921259
0
LINE
8
Edge.Cuts
6
CONTINUOUS
10
7.8725054724409445
20
-3.7973560629921259
11
7.8725054724409445
21
-3.7973560236220472
0
LINE
8
Edge.Cuts
6
CONTINUOUS
10
7.8725054724409445
20
-3.7973560236220472
11
7.8725054724409445
21
-3.7420141338582678
0
LINE
8
Edge.Cuts
6
CONTINUOUS
10
7.8725054724409445
20
-3.7420141338582678
11
7.8725055118110232
21
-3.7406868897637793
0
LINE
8
Edge.Cuts
6
CONTINUOUS
10
7.8725055118110232
20
-3.7406868897637793
11
7.8721100000000002
21
-3.7380620078740159
0
LINE
8
Edge.Cuts
6
CONTINUOUS
10
7.8721100000000002
20
-3.7380620078740159
11
7.8713277952755902
21
-3.7355253543307088
0
LINE
8
Edge.Cuts
6
CONTINUOUS
10
7.8713277952755902
20
-3.7355253543307088
11
7.8707520866141731
21
-3.7343294881889761
0
LINE
8
Edge.Cuts
6
CONTINUOUS
10
7.8707520866141731
20
-3.7343294881889761
11
7.8690144881889763
21
-3.7291080314960627
0
LINE
8
Edge.Cuts
6
CONTINUOUS
10
7.8690144881889763
20
-3.7291080314960627
11
7.8686492519685034
21
-3.7236171653543306
0
LINE
8
Edge.Cuts
6
CONTINUOUS
10
7.8686492519685034
20
-3.7236171653543306
11
7.869679960629921
21
-3.7182115354330709
0
LINE
8
Edge.Cuts
6
CONTINUOUS
10
7.869679960629921
20
-3.7182115354330709
11
7.8720400000000001
21
-3.7132402755905511
0
LINE
8
Edge.Cuts
6
CONTINUOUS
10
7.8720400000000001
20
-3.7132402755905511
11
7.8755770078740159
21
-3.7090244881889762
0
LINE
8
Edge.Cuts
6
CONTINUOUS
10
7.8755770078740159
20
-3.7090244881889762
11
7.8800624803149608
21
-3.7058364566929134
0
LINE
8
Edge.Cuts
6
CONTINUOUS
10
7.8800624803149608
20
-3.7058364566929134
11
7.8852067322834642
21
-3.7038820472440945
0
LINE
8
Edge.Cuts
6
CONTINUOUS
10
7.8852067322834642
20
-3.7038820472440945
11
7.8906775590551179
21
-3.7032875590551182
0
LINE
8
Edge.Cuts
6
CONTINUOUS
10
7.8906775590551179
20
-3.7032875590551182
11
7.8961215354330703
21
-3.7040912992125983
0
LINE
8
Edge.Cuts
6
CONTINUOUS
10
7.8839204724409448
20
-3.7082438976377952
11
7.8799172834645663
21
-3.710381653543307
0
LINE
8
Edge.Cuts
6
CONTINUOUS
10
7.8799172834645663
20
-3.710381653543307
11
7.8765822440944877
21
-3.713459527559055
0
LINE
8
Edge.Cuts
6
CONTINUOUS
10
7.8765822440944877
20
-3.713459527559055
11
7.8741307480314955
21
-3.7172787007874013
0
LINE
8
Edge.Cuts
6
CONTINUOUS
10
7.8741307480314955
20
-3.7172787007874013
11
7.8727211811023619
21
-3.7215924803149605
0
LINE
8
Edge.Cuts
6
CONTINUOUS
10
7.8727211811023619
20
-3.7215924803149605
11
7.8724445275590549
21
-3.7261222834645666
0
LINE
8
Edge.Cuts
6
CONTINUOUS
10
7.8724445275590549
20
-3.7261222834645666
11
7.8733187007874017
21
-3.7305755511811021
0
LINE
8
Edge.Cuts
6
CONTINUOUS
10
7.8733187007874017
20
-3.7305755511811021
11
7.8742993700787398
21
-3.7326216929133857
0
LINE
8
Edge.Cuts
6
CONTINUOUS
10
7.8742993700787398
20
-3.7326216929133857
11
7.8742994094488186
21
-3.7326217716535433
0
LINE
8
Edge.Cuts
6
CONTINUOUS
10
7.8742994094488186
20
-3.7326217716535433
11
7.8754810629921259
21
-3.7356335826771652
0
LINE
8
Edge.Cuts
6
CONTINUOUS
10
7.8754810629921259
20
-3.7356335826771652
11
7.8762007874015749
21
-3.7387878346456693
0
LINE
8
Edge.Cuts
6
CONTINUOUS
10
7.8762007874015749
20
-3.7387878346456693
11
7.8764424803149602
21
-3.7420141338582678
0
LINE
8
Edge.Cuts
6
CONTINUOUS
10
7.8764424803149602
20
-3.7420141338582678
11
7.8764424803149602
21
-3.7973560236220472
0
LINE
8
Edge.Cuts
6
CONTINUOUS
10
7.8764424803149602
20
-3.7973560236220472
11
7.8764424803149602
21
-3.7973560629921259
0
LINE
8
Edge.Cuts
6
CONTINUOUS
10
7.8764424803149602
20
-3.7973560629921259
11
7.8762007874015749
21
-3.8005823228346456
0
LINE
8
Edge.Cuts
6
CONTINUOUS
10
7.8762007874015749
20
-3.8005823228346456
11
7.8754810629921259
21
-3.8037365748031493
0
LINE
8
Edge.Cuts
6
CONTINUOUS
10
7.8754810629921259
20
-3.8037365748031493
11
7.8742994094488186
21
-3.8067483858267717
0
LINE
8
Edge.Cuts
6
CONTINUOUS
10
7.8742994094488186
20
-3.8067483858267717
11
7.8733187007874017
21
-3.8087946456692912
0
LINE
8
Edge.Cuts
6
CONTINUOUS
10
7.8733187007874017
20
-3.8087946456692912
11
7.8724445669291336
21
-3.8132478740157478
0
LINE
8
Edge.Cuts
6
CONTINUOUS
10
7.8724445669291336
20
-3.8132478740157478
11
7.8727212204724406
21
-3.8177776771653544
0
LINE
8
Edge.Cuts
6
CONTINUOUS
10
7.8727212204724406
20
-3.8177776771653544
11
7.8741307874015742
21
-3.8220914960629919
0
LINE
8
Edge.Cuts
6
CONTINUOUS
10
7.8741307874015742
20
-3.8220914960629919
11
7.8765822834645665
21
-3.82591062992126
0
LINE
8
Edge.Cuts
6
CONTINUOUS
10
7.8765822834645665
20
-3.82591062992126
11
7.8799173228346451
21
-3.828988503937008
0
LINE
8
Edge.Cuts
6
CONTINUOUS
10
7.8799173228346451
20
-3.828988503937008
11
7.8839205118110236
21
-3.8311262598425198
0
LINE
8
Edge.Cuts
6
CONTINUOUS
10
7.8839205118110236
20
-3.8311262598425198
11
7.8883333070866142
21
-3.8321858661417321
0
LINE
8
Edge.Cuts
6
CONTINUOUS
10
7.8883333070866142
20
-3.8321858661417321
11
7.8928707480314957
21
-3.8320988582677162
0
LINE
8
Edge.Cuts
6
CONTINUOUS
10
7.8928707480314957
20
-3.8320988582677162
11
7.89723968503937
21
-3.8308709055118109
0
LINE
8
Edge.Cuts
6
CONTINUOUS
10
7.89723968503937
20
-3.8308709055118109
11
7.8992008267716534
21
-3.8297294881889763
0
LINE
8
Edge.Cuts
6
CONTINUOUS
10
7.8992008267716534
20
-3.8297294881889763
11
7.9026486614173228
21
-3.8281034251968502
0
LINE
8
Edge.Cuts
6
CONTINUOUS
10
7.9026486614173228
20
-3.8281034251968502
11
7.9063281889763779
21
-3.8271072047244092
0
LINE
8
Edge.Cuts
6
CONTINUOUS
10
7.9063281889763779
20
-3.8271072047244092
11
7.9101253937007874
21
-3.826771653543307
0
LINE
8
Edge.Cuts
6
CONTINUOUS
10
7.9101253937007874
20
-3.826771653543307
11
7.9726807086614171
21
-3.826771653543307
0
LINE
8
Edge.Cuts
6
CONTINUOUS
10
7.9726807086614171
20
-3.826771653543307
11
7.9726810236220471
21
-3.8267716929133857
0
LINE
8
Edge.Cuts
6
CONTINUOUS
10
7.9726810236220471
20
-3.8267716929133857
11
7.9764779527559053
21
-3.827107244094488
0
LINE
8
Edge.Cuts
6
CONTINUOUS
10
7.9764779527559053
20
-3.827107244094488
11
7.9801574803149604
21
-3.828103464566929
0
LINE
8
Edge.Cuts
6
CONTINUOUS
10
7.9801574803149604
20
-3.828103464566929
11
7.9836053149606299
21
-3.829729527559055
0
LINE
8
Edge.Cuts
6
CONTINUOUS
10
7.9836053149606299
20
-3.829729527559055
11
7.9855664566929132
21
-3.8308709448818896
0
LINE
8
Edge.Cuts
6
CONTINUOUS
10
7.9855664566929132
20
-3.8308709448818896
11
7.9899354330708663
21
-3.832098897637795
0
LINE
8
Edge.Cuts
6
CONTINUOUS
10
7.9899354330708663
20
-3.832098897637795
11
7.994472834645669
21
-3.8321859055118108
0
LINE
8
Edge.Cuts
6
CONTINUOUS
10
7.994472834645669
20
-3.8321859055118108
11
7.9988856299212596
21
-3.8311262992125985
0
LINE
8
Edge.Cuts
6
CONTINUOUS
10
7.9988856299212596
20
-3.8311262992125985
11
8.0028888582677169
21
-3.828988503937008
0
LINE
8
Edge.Cuts
6
CONTINUOUS
10
8.0028888582677169
20
-3.828988503937008
11
8.0062238976377955
21
-3.8259106692913387
0
LINE
8
Edge.Cuts
6
CONTINUOUS
10
8.0062238976377955
20
-3.8259106692913387
11
8.008675354330709
21
-3.8220914960629919
0
LINE
8
Edge.Cuts
6
CONTINUOUS
10
8.008675354330709
20
-3.8220914960629919
11
8.0100849606299214
21
-3.8177777165354332
0
LINE
8
Edge.Cuts
6
CONTINUOUS
10
8.0100849606299214
20
-3.8177777165354332
11
8.0103615748031487
21
-3.8132479133858266
0
LINE
8
Edge.Cuts
6
CONTINUOUS
10
8.0103615748031487
20
-3.8132479133858266
11
8.0094874409448824
21
-3.8087946456692912
0
LINE
8
Edge.Cuts
6
CONTINUOUS
10
8.0094874409448824
20
-3.8087946456692912
11
8.0085067322834647
21
-3.8067483858267717
0
LINE
8
Edge.Cuts
6
CONTINUOUS
10
8.0085067322834647
20
-3.8067483858267717
11
8.0073250393700786
21
-3.8037365748031493
0
LINE
8
Edge.Cuts
6
CONTINUOUS
10
8.0073250393700786
20
-3.8037365748031493
11
8.0066053149606304
21
-3.8005822834645668
0
LINE
8
Edge.Cuts
6
CONTINUOUS
10
8.0066053149606304
20
-3.8005822834645668
11
8.006363661417323
21
-3.7973559842519684
0
LINE
8
Edge.Cuts
6
CONTINUOUS
10
8.006363661417323
20
-3.7973559842519684
11
8.006363661417323
21
-3.7420141338582678
0
LINE
8
Edge.Cuts
6
CONTINUOUS
10
8.006363661417323
20
-3.7420141338582678
11
8.0063637007874018
21
-3.7420138976377952
0
LINE
8
Edge.Cuts
6
CONTINUOUS
10
8.0063637007874018
20
-3.7420138976377952
11
8.006363661417323
21
-3.742013779527559
0
LINE
8
Edge.Cuts
6
CONTINUOUS
10
8.006363661417323
20
-3.742013779527559
11
8.006605708661418
21
-3.7387877559055118
0
LINE
8
Edge.Cuts
6
CONTINUOUS
10
8.006605708661418
20
-3.7387877559055118
11
8.0073253543307086
21
-3.7356337795275589
0
LINE
8
Edge.Cuts
6
CONTINUOUS
10
8.0073253543307086
20
-3.7356337795275589
11
8.0085065748031496
21
-3.7326220866141733
0
LINE
8
Edge.Cuts
6
CONTINUOUS
10
8.0085065748031496
20
-3.7326220866141733
11
8.0085066535433072
21
-3.732621968503937
0
LINE
8
Edge.Cuts
6
CONTINUOUS
10
8.0085066535433072
20
-3.732621968503937
11
8.0085066929133859
21
-3.7326217716535433
0
LINE
8
Edge.Cuts
6
CONTINUOUS
10
8.0085066929133859
20
-3.7326217716535433
11
8.0094874015748037
21
-3.7305755511811021
0
LINE
8
Edge.Cuts
6
CONTINUOUS
10
8.0094874015748037
20
-3.7305755511811021
11
8.0103615748031487
21
-3.7261222834645666
0
LINE
8
Edge.Cuts
6
CONTINUOUS
10
8.0103615748031487
20
-3.7261222834645666
11
8.0100848818897639
21
-3.7215924803149605
0
LINE
8
Edge.Cuts
6
CONTINUOUS
10
8.0100848818897639
20
-3.7215924803149605
11
8.0086753149606302
21
-3.7172787007874013
0
LINE
8
Edge.Cuts
6
CONTINUOUS
10
8.0086753149606302
20
-3.7172787007874013
11
8.006223818897638
21
-3.7134595669291337
0
LINE
8
Edge.Cuts
6
CONTINUOUS
10
8.006223818897638
20
-3.7134595669291337
11
8.0028888188976381
21
-3.7103817322834645
0
LINE
8
Edge.Cuts
6
CONTINUOUS
10
8.0028888188976381
20
-3.7103817322834645
11
7.9988855905511809
21
-3.7082439763779527
0
LINE
8
Edge.Cuts
6
CONTINUOUS
10
7.9988855905511809
20
-3.7082439763779527
11
7.9944727952755903
21
-3.7071843700787399
0
LINE
8
Edge.Cuts
6
CONTINUOUS
10
7.9944727952755903
20
-3.7071843700787399
11
7.9899353937007875
21
-3.707271338582677
0
LINE
8
Edge.Cuts
6
CONTINUOUS
10
7.9899353937007875
20
-3.707271338582677
11
7.9855664566929132
21
-3.7084992913385828
0
LINE
8
Edge.Cuts
6
CONTINUOUS
10
7.9855664566929132
20
-3.7084992913385828
11
7.9836053149606299
21
-3.7096407086614174
0
LINE
8
Edge.Cuts
6
CONTINUOUS
10
7.9836053149606299
20
-3.7096407086614174
11
7.9836049212598423
21
-3.7096407874015749
0
LINE
8
Edge.Cuts
6
CONTINUOUS
10
7.9836049212598423
20
-3.7096407874015749
11
7.9801574409448817
21
-3.711266692913386
0
LINE
8
Edge.Cuts
6
CONTINUOUS
10
7.9801574409448817
20
-3.711266692913386
11
7.9764779133858266
21
-3.7122629133858265
0
LINE
8
Edge.Cuts
6
CONTINUOUS
10
7.9764779133858266
20
-3.7122629133858265
11
7.9726807086614171
21
-3.7125984645669292
0
LINE
8
Edge.Cuts
6
CONTINUOUS
10
7.9726807086614171
20
-3.7125984645669292
11
7.9101254330708661
21
-3.7125984645669292
0
LINE
8
Edge.Cuts
6
CONTINUOUS
10
7.9101254330708661
20
-3.7125984645669292
11
7.9063281889763779
21
-3.7122629133858265
0
LINE
8
Edge.Cuts
6
CONTINUOUS
10
7.9063281889763779
20
-3.7122629133858265
11
7.9026486614173228
21
-3.711266692913386
0
LINE
8
Edge.Cuts
6
CONTINUOUS
10
7.9026486614173228
20
-3.711266692913386
11
7.8992008267716534
21
-3.7096406299212599
0
LINE
8
Edge.Cuts
6
CONTINUOUS
10
7.8992008267716534
20
-3.7096406299212599
11
7.89723968503937
21
-3.7084992125984253
0
LINE
8
Edge.Cuts
6
CONTINUOUS
10
7.89723968503937
20
-3.7084992125984253
11
7.8928707086614169
21
-3.7072712598425195
0
LINE
8
Edge.Cuts
6
CONTINUOUS
10
7.8928707086614169
20
-3.7072712598425195
11
7.8883333070866142
21
-3.7071842519685037
0
LINE
8
Edge.Cuts
6
CONTINUOUS
10
7.8883333070866142
20
-3.7071842519685037
11
7.8839204724409448
21
-3.7082438976377952
0
LINE
8
Edge.Cuts
6
CONTINUOUS
10
2.0897253543307088
20
-3.6145119291338581
11
2.0948696062992127
21
-3.6164662992125982
0
LINE
8
Edge.Cuts
6
CONTINUOUS
10
2.0948696062992127
20
-3.6164662992125982
11
2.0993550787401576
21
-3.6196543307086615
0
LINE
8
Edge.Cuts
6
CONTINUOUS
10
2.0993550787401576
20
-3.6196543307086615
11
2.1028920866141734
21
-3.623870118110236
0
LINE
8
Edge.Cuts
6
CONTINUOUS
10
2.1028920866141734
20
-3.623870118110236
11
2.105252125984252
21
-3.628841338582677
0
LINE
8
Edge.Cuts
6
CONTINUOUS
10
2.105252125984252
20
-3.628841338582677
11
2.1062828346456692
21
-3.6342469685039371
0
LINE
8
Edge.Cuts
6
CONTINUOUS
10
2.1062828346456692
20
-3.6342469685039371
11
2.1059176377952755
21
-3.6397378346456692
0
LINE
8
Edge.Cuts
6
CONTINUOUS
10
2.1059176377952755
20
-3.6397378346456692
11
2.1041800393700787
21
-3.6449593307086614
0
LINE
8
Edge.Cuts
6
CONTINUOUS
10
2.1041800393700787
20
-3.6449593307086614
11
2.1036043307086612
21
-3.6461551968503936
0
LINE
8
Edge.Cuts
6
CONTINUOUS
10
2.1036043307086612
20
-3.6461551968503936
11
2.1028221259842521
21
-3.6486918110236219
0
LINE
8
Edge.Cuts
6
CONTINUOUS
10
2.1028221259842521
20
-3.6486918110236219
11
2.1024266141732282
21
-3.6513166929133858
0
LINE
8
Edge.Cuts
6
CONTINUOUS
10
2.1024266141732282
20
-3.6513166929133858
11
2.1024266535433069
21
-3.6526439370078738
0
LINE
8
Edge.Cuts
6
CONTINUOUS
10
2.1024266535433069
20
-3.6526439370078738
11
2.1024266535433069
21
-3.6526439763779526
0
LINE
8
Edge.Cuts
6
CONTINUOUS
10
2.1024266535433069
20
-3.6526439763779526
11
2.1024266535433069
21
-3.707985866141732
0
LINE
8
Edge.Cuts
6
CONTINUOUS
10
2.1024266535433069
20
-3.707985866141732
11
2.1024266141732282
21
-3.7093131102362205
0
LINE
8
Edge.Cuts
6
CONTINUOUS
10
2.1024266141732282
20
-3.7093131102362205
11
2.1028221259842521
21
-3.7119379921259843
0
LINE
8
Edge.Cuts
6
CONTINUOUS
10
2.1028221259842521
20
-3.7119379921259843
11
2.1036043307086612
21
-3.7144746456692914
0
LINE
8
Edge.Cuts
6
CONTINUOUS
10
2.1036043307086612
20
-3.7144746456692914
11
2.1041799999999999
21
-3.7156703937007873
0
LINE
8
Edge.Cuts
6
CONTINUOUS
10
2.1041799999999999
20
-3.7156703937007873
11
2.1041800393700787
21
-3.7156704724409448
0
LINE
8
Edge.Cuts
6
CONTINUOUS
10
2.1041800393700787
20
-3.7156704724409448
11
2.1059176377952755
21
-3.720891968503937
0
LINE
8
Edge.Cuts
6
CONTINUOUS
10
2.1059176377952755
20
-3.720891968503937
11
2.106282874015748
21
-3.7263828346456691
0
LINE
8
Edge.Cuts
6
CONTINUOUS
10
2.106282874015748
20
-3.7263828346456691
11
2.1052521653543308
21
-3.7317884645669293
0
LINE
8
Edge.Cuts
6
CONTINUOUS
10
2.1052521653543308
20
-3.7317884645669293
11
2.1028921259842521
21
-3.7367597244094486
0
LINE
8
Edge.Cuts
6
CONTINUOUS
10
2.1028921259842521
20
-3.7367597244094486
11
2.0993551181102363
21
-3.7409755118110235
0
LINE
8
Edge.Cuts
6
CONTINUOUS
10
2.0993551181102363
20
-3.7409755118110235
11
2.0948696456692915
21
-3.7441635433070863
0
LINE
8
Edge.Cuts
6
CONTINUOUS
10
2.0948696456692915
20
-3.7441635433070863
11
2.0897253937007871
21
-3.7461179527559056
0
LINE
8
Edge.Cuts
6
CONTINUOUS
10
2.0897253937007871
20
-3.7461179527559056
11
2.0842545669291339
21
-3.746712440944882
0
LINE
8
Edge.Cuts
6
CONTINUOUS
10
2.0842545669291339
20
-3.746712440944882
11
2.0788105905511811
21
-3.7459087007874015
0
LINE
8
Edge.Cuts
6
CONTINUOUS
10
2.0788105905511811
20
-3.7459087007874015
11
2.0737450000000002
21
-3.7437585826771653
0
LINE
8
Edge.Cuts
6
CONTINUOUS
10
2.0737450000000002
20
-3.7437585826771653
11
2.0723927559055118
21
-3.7429700000000001
0
LINE
8
Edge.Cuts
6
CONTINUOUS
10
2.0723927559055118
20
-3.7429700000000001
11
2.0694544488188975
21
-3.7418889370078738
0
LINE
8
Edge.Cuts
6
CONTINUOUS
10
2.0694544488188975
20
-3.7418889370078738
11
2.0663721259842518
21
-3.7413398818897639
0
LINE
8
Edge.Cuts
6
CONTINUOUS
10
2.0663721259842518
20
-3.7413398818897639
11
2.0648066929133857
21
-3.7413385433070867
0
LINE
8
Edge.Cuts
6
CONTINUOUS
10
2.0648066929133857
20
-3.7413385433070867
11
2.0022514173228347
21
-3.7413385433070867
0
LINE
8
Edge.Cuts
6
CONTINUOUS
10
2.0022514173228347
20
-3.7413385433070867
11
2.0006860236220474
21
-3.7413399212598426
0
LINE
8
Edge.Cuts
6
CONTINUOUS
10
2.0006860236220474
20
-3.7413399212598426
11
1.9976037007874015
21
-3.7418889370078738
0
LINE
8
Edge.Cuts
6
CONTINUOUS
10
1.9976037007874015
20
-3.7418889370078738
11
1.9946653937007874
21
-3.7429700000000001
0
LINE
8
Edge.Cuts
6
CONTINUOUS
10
1.9946653937007874
20
-3.7429700000000001
11
1.9933131496062992
21
-3.7437585826771653
0
LINE
8
Edge.Cuts
6
CONTINUOUS
10
1.9933131496062992
20
-3.7437585826771653
11
1.9933126771653542
21
-3.7437586614173228
0
LINE
8
Edge.Cuts
6
CONTINUOUS
10
1.9933126771653542
20
-3.7437586614173228
11
1.9882475196850393
21
-3.745908622047244
0
LINE
8
Edge.Cuts
6
CONTINUOUS
10
1.9882475196850393
20
-3.745908622047244
11
1.9828035433070865
21
-3.7467123622047245
0
LINE
8
Edge.Cuts
6
CONTINUOUS
10
1.9828035433070865
20
-3.7467123622047245
11
1.9773327559055118
21
-3.7461178740157481
0
LINE
8
Edge.Cuts
6
CONTINUOUS
10
1.9773327559055118
20
-3.7461178740157481
11
1.9721885039370077
21
-3.7441634645669288
0
LINE
8
Edge.Cuts
6
CONTINUOUS
10
1.9721885039370077
20
-3.7441634645669288
11
1.9677030708661416
21
-3.740975433070866
0
LINE
8
Edge.Cuts
6
CONTINUOUS
10
1.9677030708661416
20
-3.740975433070866
11
1.964166062992126
21
-3.7367596850393698
0
LINE
8
Edge.Cuts
6
CONTINUOUS
10
1.964166062992126
20
-3.7367596850393698
11
1.9618059842519684
21
-3.7317884645669293
0
LINE
8
Edge.Cuts
6
CONTINUOUS
10
1.9618059842519684
20
-3.7317884645669293
11
1.9607752755905512
21
-3.7263828740157479
0
LINE
8
Edge.Cuts
6
CONTINUOUS
10
1.9607752755905512
20
-3.7263828740157479
11
1.9611405118110237
21
-3.7208920078740157
0
LINE
8
Edge.Cuts
6
CONTINUOUS
10
1.9611405118110237
20
-3.7208920078740157
11
1.962878031496063
21
-3.7156705118110236
0
LINE
8
Edge.Cuts
6
CONTINUOUS
10
1.962878031496063
20
-3.7156705118110236
11
1.9628780708661417
21
-3.7156704330708661
0
LINE
8
Edge.Cuts
6
CONTINUOUS
10
1.9628780708661417
20
-3.7156704330708661
11
1.9634535433070865
21
-3.7144748031496064
0
LINE
8
Edge.Cuts
6
CONTINUOUS
10
1.9634535433070865
20
-3.7144748031496064
11
1.9642356692913385
21
-3.7119379527559055
0
LINE
8
Edge.Cuts
6
CONTINUOUS
10
1.9642356692913385
20
-3.7119379527559055
11
1.964631338582677
21
-3.7093129133858267
0
LINE
8
Edge.Cuts
6
CONTINUOUS
10
1.964631338582677
20
-3.7093129133858267
11
1.9646314566929133
21
-3.7079855905511812
0
LINE
8
Edge.Cuts
6
CONTINUOUS
10
1.9646314566929133
20
-3.7079855905511812
11
1.9646314566929133
21
-3.6526439763779526
0
LINE
8
Edge.Cuts
6
CONTINUOUS
10
1.9646314566929133
20
-3.6526439763779526
11
1.9646314566929133
21
-3.6526439370078738
0
LINE
8
Edge.Cuts
6
CONTINUOUS
10
1.9646314566929133
20
-3.6526439370078738
11
1.9646315354330708
21
-3.6513166929133858
0
LINE
8
Edge.Cuts
6
CONTINUOUS
10
1.9646315354330708
20
-3.6513166929133858
11
1.9642360236220473
21
-3.6486918503937007
0
LINE
8
Edge.Cuts
6
CONTINUOUS
10
1.9642360236220473
20
-3.6486918503937007
11
1.9634538188976378
21
-3.6461552362204723
0
LINE
8
Edge.Cuts
6
CONTINUOUS
10
1.9634538188976378
20
-3.6461552362204723
11
1.9628780708661417
21
-3.6449593700787402
0
LINE
8
Edge.Cuts
6
CONTINUOUS
10
1.9628780708661417
20
-3.6449593700787402
11
1.962878031496063
21
-3.6449592913385827
0
LINE
8
Edge.Cuts
6
CONTINUOUS
10
1.962878031496063
20
-3.6449592913385827
11
1.9611404724409449
21
-3.6397378346456692
0
LINE
8
Edge.Cuts
6
CONTINUOUS
10
1.9611404724409449
20
-3.6397378346456692
11
1.9607752362204725
21
-3.6342469685039371
0
LINE
8
Edge.Cuts
6
CONTINUOUS
10
1.9607752362204725
20
-3.6342469685039371
11
1.9618059448818896
21
-3.628841338582677
0
LINE
8
Edge.Cuts
6
CONTINUOUS
10
1.9618059448818896
20
-3.628841338582677
11
1.9641660236220473
21
-3.623870118110236
0
LINE
8
Edge.Cuts
6
CONTINUOUS
10
1.9641660236220473
20
-3.623870118110236
11
1.9677029921259843
21
-3.6196543307086615
0
LINE
8
Edge.Cuts
6
CONTINUOUS
10
1.9677029921259843
20
-3.6196543307086615
11
1.972188464566929
21
-3.6164662992125982
0
LINE
8
Edge.Cuts
6
CONTINUOUS
10
1.972188464566929
20
-3.6164662992125982
11
1.9773327559055118
21
-3.6145118897637794
0
LINE
8
Edge.Cuts
6
CONTINUOUS
10
1.9773327559055118
20
-3.6145118897637794
11
1.9828035433070865
21
-3.613917401574803
0
LINE
8
Edge.Cuts
6
CONTINUOUS
10
1.9828035433070865
20
-3.613917401574803
11
1.9882475196850393
21
-3.6147211417322835
0
LINE
8
Edge.Cuts
6
CONTINUOUS
10
1.9882475196850393
20
-3.6147211417322835
11
1.9933131102362205
21
-3.6168712598425197
0
LINE
8
Edge.Cuts
6
CONTINUOUS
10
1.9933131102362205
20
-3.6168712598425197
11
1.9946653543307087
21
-3.6176598425196849
0
LINE
8
Edge.Cuts
6
CONTINUOUS
10
1.9946653543307087
20
-3.6176598425196849
11
1.9976036614173227
21
-3.6187409055118112
0
LINE
8
Edge.Cuts
6
CONTINUOUS
10
1.9976036614173227
20
-3.6187409055118112
11
2.0006859842519686
21
-3.6192899212598424
0
LINE
8
Edge.Cuts
6
CONTINUOUS
10
2.0006859842519686
20
-3.6192899212598424
11
2.002251377952756
21
-3.6192912992125983
0
LINE
8
Edge.Cuts
6
CONTINUOUS
10
2.002251377952756
20
-3.6192912992125983
11
2.0022514960629922
21
-3.619291338582677
0
LINE
8
Edge.Cuts
6
CONTINUOUS
10
2.0022514960629922
20
-3.619291338582677
11
2.0648067322834645
21
-3.619291338582677
0
LINE
8
Edge.Cuts
6
CONTINUOUS
10
2.0648067322834645
20
-3.619291338582677
11
2.0663721259842518
21
-3.6192899606299211
0
LINE
8
Edge.Cuts
6
CONTINUOUS
10
2.0663721259842518
20
-3.6192899606299211
11
2.0694544488188975
21
-3.6187409448818895
0
LINE
8
Edge.Cuts
6
CONTINUOUS
10
2.0694544488188975
20
-3.6187409448818895
11
2.0723927559055118
21
-3.6176598818897636
0
LINE
8
Edge.Cuts
6
CONTINUOUS
10
2.0723927559055118
20
-3.6176598818897636
11
2.0737450000000002
21
-3.6168712992125984
0
LINE
8
Edge.Cuts
6
CONTINUOUS
10
2.0737450000000002
20
-3.6168712992125984
11
2.0788105905511811
21
-3.6147211811023623
0
LINE
8
Edge.Cuts
6
CONTINUOUS
10
2.0788105905511811
20
-3.6147211811023623
11
2.0842545669291339
21
-3.613917401574803
0
LINE
8
Edge.Cuts
6
CONTINUOUS
10
2.0842545669291339
20
-3.613917401574803
11
2.0897253543307088
21
-3.6145119291338581
0
LINE
8
Edge.Cuts
6
CONTINUOUS
10
1.976046496062992
20
-3.6188737007874017
11
1.9720432677165354
21
-3.6210114960629922
0
LINE
8
Edge.Cuts
6
CONTINUOUS
10
1.9720432677165354
20
-3.6210114960629922
11
1.9687082283464568
21
-3.6240893307086615
0
LINE
8
Edge.Cuts
6
CONTINUOUS
10
1.9687082283464568
20
-3.6240893307086615
11
1.9662567716535433
21
-3.6279085039370078
0
LINE
8
Edge.Cuts
6
CONTINUOUS
10
1.9662567716535433
20
-3.6279085039370078
11
1.9648471653543307
21
-3.632222283464567
0
LINE
8
Edge.Cuts
6
CONTINUOUS
10
1.9648471653543307
20
-3.632222283464567
11
1.9645705511811022
21
-3.6367520866141732
0
LINE
8
Edge.Cuts
6
CONTINUOUS
10
1.9645705511811022
20
-3.6367520866141732
11
1.9654446850393701
21
-3.6412053543307086
0
LINE
8
Edge.Cuts
6
CONTINUOUS
10
1.9654446850393701
20
-3.6412053543307086
11
1.9664253543307086
21
-3.6432514960629923
0
LINE
8
Edge.Cuts
6
CONTINUOUS
10
1.9664253543307086
20
-3.6432514960629923
11
1.9664253937007874
21
-3.6432515748031493
0
LINE
8
Edge.Cuts
6
CONTINUOUS
10
1.9664253937007874
20
-3.6432515748031493
11
1.9676070866141733
21
-3.6462634251968504
0
LINE
8
Edge.Cuts
6
CONTINUOUS
10
1.9676070866141733
20
-3.6462634251968504
11
1.9683268110236221
21
-3.6494177165354329
0
LINE
8
Edge.Cuts
6
CONTINUOUS
10
1.9683268110236221
20
-3.6494177165354329
11
1.9685684251968503
21
-3.6526439370078738
0
LINE
8
Edge.Cuts
6
CONTINUOUS
10
1.9685684251968503
20
-3.6526439370078738
11
1.968568464566929
21
-3.6526439763779526
0
LINE
8
Edge.Cuts
6
CONTINUOUS
10
1.968568464566929
20
-3.6526439763779526
11
1.968568464566929
21
-3.707985866141732
0
LINE
8
Edge.Cuts
6
CONTINUOUS
10
1.968568464566929
20
-3.707985866141732
11
1.9685683858267715
21
-3.7079860629921257
0
LINE
8
Edge.Cuts
6
CONTINUOUS
10
1.9685683858267715
20
-3.7079860629921257
11
1.968568464566929
21
-3.7079862204724408
0
LINE
8
Edge.Cuts
6
CONTINUOUS
10
1.968568464566929
20
-3.7079862204724408
11
1.9683264173228345
21
-3.7112122440944879
0
LINE
8
Edge.Cuts
6
CONTINUOUS
10
1.9683264173228345
20
-3.7112122440944879
11
1.9676067716535433
21
-3.7143662204724408
0
LINE
8
Edge.Cuts
6
CONTINUOUS
10
1.9676067716535433
20
-3.7143662204724408
11
1.9664255511811024
21
-3.7173779133858269
0
LINE
8
Edge.Cuts
6
CONTINUOUS
10
1.9664255511811024
20
-3.7173779133858269
11
1.9664254330708661
21
-3.717377992125984
0
LINE
8
Edge.Cuts
6
CONTINUOUS
10
1.9664254330708661
20
-3.717377992125984
11
1.9664254330708661
21
-3.7173782283464565
0
LINE
8
Edge.Cuts
6
CONTINUOUS
10
1.9664254330708661
20
-3.7173782283464565
11
1.9654447244094488
21
-3.7194244488188977
0
LINE
8
Edge.Cuts
6
CONTINUOUS
10
1.9654447244094488
20
-3.7194244488188977
11
1.9645705511811022
21
-3.7238777165354331
0
LINE
8
Edge.Cuts
6
CONTINUOUS
10
1.9645705511811022
20
-3.7238777165354331
11
1.9648472440944882
21
-3.7284075196850393
0
LINE
8
Edge.Cuts
6
CONTINUOUS
10
1.9648472440944882
20
-3.7284075196850393
11
1.966256811023622
21
-3.7327212992125984
0
LINE
8
Edge.Cuts
6
CONTINUOUS
10
1.966256811023622
20
-3.7327212992125984
11
1.968708307086614
21
-3.736540433070866
0
LINE
8
Edge.Cuts
6
CONTINUOUS
10
1.968708307086614
20
-3.736540433070866
11
1.9720433070866141
21
-3.7396182677165353
0
LINE
8
Edge.Cuts
6
CONTINUOUS
10
1.9720433070866141
20
-3.7396182677165353
11
1.9760465354330707
21
-3.7417560236220471
0
LINE
8
Edge.Cuts
6
CONTINUOUS
10
1.9760465354330707
20
-3.7417560236220471
11
1.9804593307086613
21
-3.7428156299212598
0
LINE
8
Edge.Cuts
6
CONTINUOUS
10
1.9804593307086613
20
-3.7428156299212598
11
1.9849967322834645
21
-3.7427286614173227
0
LINE
8
Edge.Cuts
6
CONTINUOUS
10
1.9849967322834645
20
-3.7427286614173227
11
1.9893656692913386
21
-3.7415007086614174
0
LINE
8
Edge.Cuts
6
CONTINUOUS
10
1.9893656692913386
20
-3.7415007086614174
11
1.991326811023622
21
-3.7403592913385828
0
LINE
8
Edge.Cuts
6
CONTINUOUS
10
1.991326811023622
20
-3.7403592913385828
11
1.9913271653543307
21
-3.7403591732283465
0
LINE
8
Edge.Cuts
6
CONTINUOUS
10
1.9913271653543307
20
-3.7403591732283465
11
1.9947746850393699
21
-3.7387333070866142
0
LINE
8
Edge.Cuts
6
CONTINUOUS
10
1.9947746850393699
20
-3.7387333070866142
11
1.9984542125984253
21
-3.7377370866141733
0
LINE
8
Edge.Cuts
6
CONTINUOUS
10
1.9984542125984253
20
-3.7377370866141733
11
2.0022514173228347
21
-3.737401535433071
0
LINE
8
Edge.Cuts
6
CONTINUOUS
10
2.0022514173228347
20
-3.737401535433071
11
2.0648066929133857
21
-3.737401535433071
0
LINE
8
Edge.Cuts
6
CONTINUOUS
10
2.0648066929133857
20
-3.737401535433071
11
2.0686039370078739
21
-3.7377370866141733
0
LINE
8
Edge.Cuts
6
CONTINUOUS
10
2.0686039370078739
20
-3.7377370866141733
11
2.072283464566929
21
-3.7387333070866142
0
LINE
8
Edge.Cuts
6
CONTINUOUS
10
2.072283464566929
20
-3.7387333070866142
11
2.0757312992125985
21
-3.7403593700787399
0
LINE
8
Edge.Cuts
6
CONTINUOUS
10
2.0757312992125985
20
-3.7403593700787399
11
2.0776924409448818
21
-3.7415007874015749
0
LINE
8
Edge.Cuts
6
CONTINUOUS
10
2.0776924409448818
20
-3.7415007874015749
11
2.0820614173228345
21
-3.7427287401574802
0
LINE
8
Edge.Cuts
6
CONTINUOUS
10
2.0820614173228345
20
-3.7427287401574802
11
2.0865988188976377
21
-3.7428157480314961
0
LINE
8
Edge.Cuts
6
CONTINUOUS
10
2.0865988188976377
20
-3.7428157480314961
11
2.091011653543307
21
-3.7417561023622046
0
LINE
8
Edge.Cuts
6
CONTINUOUS
10
2.091011653543307
20
-3.7417561023622046
11
2.0950148425196851
21
-3.7396183464566928
0
LINE
8
Edge.Cuts
6
CONTINUOUS
10
2.0950148425196851
20
-3.7396183464566928
11
2.0983498818897637
21
-3.7365404724409448
0
LINE
8
Edge.Cuts
6
CONTINUOUS
10
2.0983498818897637
20
-3.7365404724409448
11
2.1008013779527559
21
-3.7327212992125984
0
LINE
8
Edge.Cuts
6
CONTINUOUS
10
2.1008013779527559
20
-3.7327212992125984
11
2.1022109448818895
21
-3.7284075196850393
0
LINE
8
Edge.Cuts
6
CONTINUOUS
10
2.1022109448818895
20
-3.7284075196850393
11
2.1024875984251969
21
-3.7238777165354331
0
LINE
8
Edge.Cuts
6
CONTINUOUS
10
2.1024875984251969
20
-3.7238777165354331
11
2.1016134251968501
21
-3.7194244488188977
0
LINE
8
Edge.Cuts
6
CONTINUOUS
10
2.1016134251968501
20
-3.7194244488188977
11
2.1006327165354328
21
-3.7173781889763777
0
LINE
8
Edge.Cuts
6
CONTINUOUS
10
2.1006327165354328
20
-3.7173781889763777
11
2.0994510629921259
21
-3.7143664173228346
0
LINE
8
Edge.Cuts
6
CONTINUOUS
10
2.0994510629921259
20
-3.7143664173228346
11
2.0987313385826769
21
-3.7112121653543304
0
LINE
8
Edge.Cuts
6
CONTINUOUS
10
2.0987313385826769
20
-3.7112121653543304
11
2.0984896456692912
21
-3.707985866141732
0
LINE
8
Edge.Cuts
6
CONTINUOUS
10
2.0984896456692912
20
-3.707985866141732
11
2.0984896456692912
21
-3.6526439763779526
0
LINE
8
Edge.Cuts
6
CONTINUOUS
10
2.0984896456692912
20
-3.6526439763779526
11
2.0984896456692912
21
-3.6526439370078738
0
LINE
8
Edge.Cuts
6
CONTINUOUS
10
2.0984896456692912
20
-3.6526439370078738
11
2.0987313385826769
21
-3.6494176771653541
0
LINE
8
Edge.Cuts
6
CONTINUOUS
10
2.0987313385826769
20
-3.6494176771653541
11
2.0994510629921259
21
-3.6462634251968504
0
LINE
8
Edge.Cuts
6
CONTINUOUS
10
2.0994510629921259
20
-3.6462634251968504
11
2.1006327165354328
21
-3.6432516141732281
0
LINE
8
Edge.Cuts
6
CONTINUOUS
10
2.1006327165354328
20
-3.6432516141732281
11
2.1016134251968501
21
-3.6412053543307086
0
LINE
8
Edge.Cuts
6
CONTINUOUS
10
2.1016134251968501
20
-3.6412053543307086
11
2.1024875590551182
21
-3.6367521259842519
0
LINE
8
Edge.Cuts
6
CONTINUOUS
10
2.1024875590551182
20
-3.6367521259842519
11
2.1022109055118108
21
-3.6322223228346457
0
LINE
8
Edge.Cuts
6
CONTINUOUS
10
2.1022109055118108
20
-3.6322223228346457
11
2.1008013385826771
21
-3.6279085039370078
0
LINE
8
Edge.Cuts
6
CONTINUOUS
10
2.1008013385826771
20
-3.6279085039370078
11
2.0983498425196849
21
-3.6240893700787402
0
LINE
8
Edge.Cuts
6
CONTINUOUS
10
2.0983498425196849
20
-3.6240893700787402
11
2.0950148031496063
21
-3.6210114960629922
0
LINE
8
Edge.Cuts
6
CONTINUOUS
10
2.0950148031496063
20
-3.6210114960629922
11
2.0910116141732282
21
-3.6188737401574804
0
LINE
8
Edge.Cuts
6
CONTINUOUS
10
2.0910116141732282
20
-3.6188737401574804
11
2.0865988188976377
21
-3.6178141338582677
0
LINE
8
Edge.Cuts
6
CONTINUOUS
10
2.0865988188976377
20
-3.6178141338582677
11
2.0820613779527557
21
-3.6179011417322835
0
LINE
8
Edge.Cuts
6
CONTINUOUS
10
2.0820613779527557
20
-3.6179011417322835
11
2.0776924409448818
21
-3.6191290944881889
0
LINE
8
Edge.Cuts
6
CONTINUOUS
10
2.0776924409448818
20
-3.6191290944881889
11
2.0757312992125985
21
-3.6202705118110234
0
LINE
8
Edge.Cuts
6
CONTINUOUS
10
2.0757312992125985
20
-3.6202705118110234
11
2.072283464566929
21
-3.6218965748031495
0
LINE
8
Edge.Cuts
6
CONTINUOUS
10
2.072283464566929
20
-3.6218965748031495
11
2.0686039370078739
21
-3.6228927952755905
0
LINE
8
Edge.Cuts
6
CONTINUOUS
10
2.0686039370078739
20
-3.6228927952755905
11
2.0648067322834645
21
-3.6232283464566928
0
LINE
8
Edge.Cuts
6
CONTINUOUS
10
2.0648067322834645
20
-3.6232283464566928
11
2.0022514173228347
21
-3.6232283464566928
0
LINE
8
Edge.Cuts
6
CONTINUOUS
10
2.0022514173228347
20
-3.6232283464566928
11
2.002251062992126
21
-3.6232282677165353
0
LINE
8
Edge.Cuts
6
CONTINUOUS
10
2.002251062992126
20
-3.6232282677165353
11
1.9984541732283465
21
-3.6228927559055117
0
LINE
8
Edge.Cuts
6
CONTINUOUS
10
1.9984541732283465
20
-3.6228927559055117
11
1.9947746456692912
21
-3.6218965354330708
0
LINE
8
Edge.Cuts
6
CONTINUOUS
10
1.9947746456692912
20
-3.6218965354330708
11
1.991326811023622
21
-3.6202704724409447
0
LINE
8
Edge.Cuts
6
CONTINUOUS
10
1.991326811023622
20
-3.6202704724409447
11
1.9893656692913386
21
-3.6191290551181101
0
LINE
8
Edge.Cuts
6
CONTINUOUS
10
1.9893656692913386
20
-3.6191290551181101
11
1.9849966929133858
21
-3.6179011023622047
0
LINE
8
Edge.Cuts
6
CONTINUOUS
10
1.9849966929133858
20
-3.6179011023622047
11
1.9804592913385826
21
-3.6178140944881889
0
LINE
8
Edge.Cuts
6
CONTINUOUS
10
1.9804592913385826
20
-3.6178140944881889
11
1.976046496062992
21
-3.6188737007874017
0
LINE
8
Edge.Cuts
6
CONTINUOUS
10
3.5828355905511811
20
-3.6145119291338581
11
3.5879798425196849
21
-3.6164662992125982
0
LINE
8
Edge.Cuts
6
CONTINUOUS
10
3.5879798425196849
20
-3.6164662992125982
11
3.5924653149606298
21
-3.6196543307086615
0
LINE
8
Edge.Cuts
6
CONTINUOUS
10
3.5924653149606298
20
-3.6196543307086615
11
3.5960023228346456
21
-3.623870118110236
0
LINE
8
Edge.Cuts
6
CONTINUOUS
10
3.5960023228346456
20
-3.623870118110236
11
3.5983623622047243
21
-3.628841338582677
0
LINE
8
Edge.Cuts
6
CONTINUOUS
10
3.5983623622047243
20
-3.628841338582677
11
3.5993930708661415
21
-3.6342469685039371
0
LINE
8
Edge.Cuts
6
CONTINUOUS
10
3.5993930708661415
20
-3.6342469685039371
11
3.5990278740157478
21
-3.6397378346456692
0
LINE
8
Edge.Cuts
6
CONTINUOUS
10
3.5990278740157478
20
-3.6397378346456692
11
3.5972902755905509
21
-3.6449593307086614
0
LINE
8
Edge.Cuts
6
CONTINUOUS
10
3.5972902755905509
20
-3.6449593307086614
11
3.5967145669291338
21
-3.6461551968503936
0
LINE
8
Edge.Cuts
6
CONTINUOUS
10
3.5967145669291338
20
-3.6461551968503936
11
3.5959323622047243
21
-3.6486918110236219
0
LINE
8
Edge.Cuts
6
CONTINUOUS
10
3.5959323622047243
20
-3.6486918110236219
11
3.5955368503937009
21
-3.6513166929133858
0
LINE
8
Edge.Cuts
6
CONTINUOUS
10
3.5955368503937009
20
-3.6513166929133858
11
3.5955368897637796
21
-3.6526439370078738
0
LINE
8
Edge.Cuts
6
CONTINUOUS
10
3.5955368897637796
20
-3.6526439370078738
11
3.5955368897637796
21
-3.6526439763779526
0
LINE
8
Edge.Cuts
6
CONTINUOUS
10
3.5955368897637796
20
-3.6526439763779526
11
3.5955368897637796
21
-3.707985866141732
0
LINE
8
Edge.Cuts
6
CONTINUOUS
10
3.5955368897637796
20
-3.707985866141732
11
3.5955368503937009
21
-3.7093131102362205
0
LINE
8
Edge.Cuts
6
CONTINUOUS
10
3.5955368503937009
20
-3.7093131102362205
11
3.5959323622047243
21
-3.7119379921259843
0
LINE
8
Edge.Cuts
6
CONTINUOUS
10
3.5959323622047243
20
-3.7119379921259843
11
3.5967145669291338
21
-3.7144746456692914
0
LINE
8
Edge.Cuts
6
CONTINUOUS
10
3.5967145669291338
20
-3.7144746456692914
11
3.5972902362204722
21
-3.7156703937007873
0
LINE
8
Edge.Cuts
6
CONTINUOUS
10
3.5972902362204722
20
-3.7156703937007873
11
3.5972902755905509
21
-3.7156704724409448
0
LINE
8
Edge.Cuts
6
CONTINUOUS
10
3.5972902755905509
20
-3.7156704724409448
11
3.5990278740157478
21
-3.720891968503937
0
LINE
8
Edge.Cuts
6
CONTINUOUS
10
3.5990278740157478
20
-3.720891968503937
11
3.5993931102362202
21
-3.7263828346456691
0
LINE
8
Edge.Cuts
6
CONTINUOUS
10
3.5993931102362202
20
-3.7263828346456691
11
3.598362401574803
21
-3.7317884645669293
0
LINE
8
Edge.Cuts
6
CONTINUOUS
10
3.598362401574803
20
-3.7317884645669293
11
3.5960023622047244
21
-3.7367597244094486
0
LINE
8
Edge.Cuts
6
CONTINUOUS
10
3.5960023622047244
20
-3.7367597244094486
11
3.5924653543307086
21
-3.7409755118110235
0
LINE
8
Edge.Cuts
6
CONTINUOUS
10
3.5924653543307086
20
-3.7409755118110235
11
3.5879798818897637
21
-3.7441635433070863
0
LINE
8
Edge.Cuts
6
CONTINUOUS
10
3.5879798818897637
20
-3.7441635433070863
11
3.5828356299212598
21
-3.7461179527559056
0
LINE
8
Edge.Cuts
6
CONTINUOUS
10
3.5828356299212598
20
-3.7461179527559056
11
3.5773648031496061
21
-3.746712440944882
0
LINE
8
Edge.Cuts
6
CONTINUOUS
10
3.5773648031496061
20
-3.746712440944882
11
3.5719208267716533
21
-3.7459087007874015
0
LINE
8
Edge.Cuts
6
CONTINUOUS
10
3.5719208267716533
20
-3.7459087007874015
11
3.5668552362204724
21
-3.7437585826771653
0
LINE
8
Edge.Cuts
6
CONTINUOUS
10
3.5668552362204724
20
-3.7437585826771653
11
3.565502992125984
21
-3.7429700000000001
0
LINE
8
Edge.Cuts
6
CONTINUOUS
10
3.565502992125984
20
-3.7429700000000001
11
3.5625646850393702
21
-3.7418889370078738
0
LINE
8
Edge.Cuts
6
CONTINUOUS
10
3.5625646850393702
20
-3.7418889370078738
11
3.5594823622047245
21
-3.7413398818897639
0
LINE
8
Edge.Cuts
6
CONTINUOUS
10
3.5594823622047245
20
-3.7413398818897639
11
3.5579169291338584
21
-3.7413385433070867
0
LINE
8
Edge.Cuts
6
CONTINUOUS
10
3.5579169291338584
20
-3.7413385433070867
11
3.495361653543307
21
-3.7413385433070867
0
LINE
8
Edge.Cuts
6
CONTINUOUS
10
3.495361653543307
20
-3.7413385433070867
11
3.4937962598425196
21
-3.7413399212598426
0
LINE
8
Edge.Cuts
6
CONTINUOUS
10
3.4937962598425196
20
-3.7413399212598426
11
3.4907139370078739
21
-3.7418889370078738
0
LINE
8
Edge.Cuts
6
CONTINUOUS
10
3.4907139370078739
20
-3.7418889370078738
11
3.4877756299212597
21
-3.7429700000000001
0
LINE
8
Edge.Cuts
6
CONTINUOUS
10
3.4877756299212597
20
-3.7429700000000001
11
3.4864233858267717
21
-3.7437585826771653
0
LINE
8
Edge.Cuts
6
CONTINUOUS
10
3.4864233858267717
20
-3.7437585826771653
11
3.4864229133858267
21
-3.7437586614173228
0
LINE
8
Edge.Cuts
6
CONTINUOUS
10
3.4864229133858267
20
-3.7437586614173228
11
3.4813577559055116
21
-3.745908622047244
0
LINE
8
Edge.Cuts
6
CONTINUOUS
10
3.4813577559055116
20
-3.745908622047244
11
3.4759137795275588
21
-3.7467123622047245
0
LINE
8
Edge.Cuts
6
CONTINUOUS
10
3.4759137795275588
20
-3.7467123622047245
11
3.4704429921259843
21
-3.7461178740157481
0
LINE
8
Edge.Cuts
6
CONTINUOUS
10
3.4704429921259843
20
-3.7461178740157481
11
3.4652987401574804
21
-3.7441634645669288
0
LINE
8
Edge.Cuts
6
CONTINUOUS
10
3.4652987401574804
20
-3.7441634645669288
11
3.4608133070866143
21
-3.740975433070866
0
LINE
8
Edge.Cuts
6
CONTINUOUS
10
3.4608133070866143
20
-3.740975433070866
11
3.4572762992125985
21
-3.7367596850393698
0
LINE
8
Edge.Cuts
6
CONTINUOUS
10
3.4572762992125985
20
-3.7367596850393698
11
3.4549162204724411
21
-3.7317884645669293
0
LINE
8
Edge.Cuts
6
CONTINUOUS
10
3.4549162204724411
20
-3.7317884645669293
11
3.4538855118110234
21
-3.7263828740157479
0
LINE
8
Edge.Cuts
6
CONTINUOUS
10
3.4538855118110234
20
-3.7263828740157479
11
3.4542507480314959
21
-3.7208920078740157
0
LINE
8
Edge.Cuts
6
CONTINUOUS
10
3.4542507480314959
20
-3.7208920078740157
11
3.4559882677165352
21
-3.7156705118110236
0
LINE
8
Edge.Cuts
6
CONTINUOUS
10
3.4559882677165352
20
-3.7156705118110236
11
3.455988307086614
21
-3.7156704330708661
0
LINE
8
Edge.Cuts
6
CONTINUOUS
10
3.455988307086614
20
-3.7156704330708661
11
3.456563779527559
21
-3.7144748031496064
0
LINE
8
Edge.Cuts
6
CONTINUOUS
10
3.456563779527559
20
-3.7144748031496064
11
3.457345905511811
21
-3.7119379527559055
0
LINE
8
Edge.Cuts
6
CONTINUOUS
10
3.457345905511811
20
-3.7119379527559055
11
3.4577415748031495
21
-3.7093129133858267
0
LINE
8
Edge.Cuts
6
CONTINUOUS
10
3.4577415748031495
20
-3.7093129133858267
11
3.4577416929133857
21
-3.7079855905511812
0
LINE
8
Edge.Cuts
6
CONTINUOUS
10
3.4577416929133857
20
-3.7079855905511812
11
3.4577416929133857
21
-3.6526439763779526
0
LINE
8
Edge.Cuts
6
CONTINUOUS
10
3.4577416929133857
20
-3.6526439763779526
11
3.4577416929133857
21
-3.6526439370078738
0
LINE
8
Edge.Cuts
6
CONTINUOUS
10
3.4577416929133857
20
-3.6526439370078738
11
3.4577417716535432
21
-3.6513166929133858
0
LINE
8
Edge.Cuts
6
CONTINUOUS
10
3.4577417716535432
20
-3.6513166929133858
11
3.4573462598425198
21
-3.6486918503937007
0
LINE
8
Edge.Cuts
6
CONTINUOUS
10
3.4573462598425198
20
-3.6486918503937007
11
3.4565640551181103
21
-3.6461552362204723
0
LINE
8
Edge.Cuts
6
CONTINUOUS
10
3.4565640551181103
20
-3.6461552362204723
11
3.455988307086614
21
-3.6449593700787402
0
LINE
8
Edge.Cuts
6
CONTINUOUS
10
3.455988307086614
20
-3.6449593700787402
11
3.4559882677165352
21
-3.6449592913385827
0
LINE
8
Edge.Cuts
6
CONTINUOUS
10
3.4559882677165352
20
-3.6449592913385827
11
3.4542507086614171
21
-3.6397378346456692
0
LINE
8
Edge.Cuts
6
CONTINUOUS
10
3.4542507086614171
20
-3.6397378346456692
11
3.4538854724409447
21
-3.6342469685039371
0
LINE
8
Edge.Cuts
6
CONTINUOUS
10
3.4538854724409447
20
-3.6342469685039371
11
3.4549161811023623
21
-3.628841338582677
0
LINE
8
Edge.Cuts
6
CONTINUOUS
10
3.4549161811023623
20
-3.628841338582677
11
3.4572762598425197
21
-3.623870118110236
0
LINE
8
Edge.Cuts
6
CONTINUOUS
10
3.4572762598425197
20
-3.623870118110236
11
3.4608132283464568
21
-3.6196543307086615
0
LINE
8
Edge.Cuts
6
CONTINUOUS
10
3.4608132283464568
20
-3.6196543307086615
11
3.4652987007874017
21
-3.6164662992125982
0
LINE
8
Edge.Cuts
6
CONTINUOUS
10
3.4652987007874017
20
-3.6164662992125982
11
3.4704429921259843
21
-3.6145118897637794
0
LINE
8
Edge.Cuts
6
CONTINUOUS
10
3.4704429921259843
20
-3.6145118897637794
11
3.4759137795275588
21
-3.613917401574803
0
LINE
8
Edge.Cuts
6
CONTINUOUS
10
3.4759137795275588
20
-3.613917401574803
11
3.4813577559055116
21
-3.6147211417322835
0
LINE
8
Edge.Cuts
6
CONTINUOUS
10
3.4813577559055116
20
-3.6147211417322835
11
3.4864233464566929
21
-3.6168712598425197
0
LINE
8
Edge.Cuts
6
CONTINUOUS
10
3.4864233464566929
20
-3.6168712598425197
11
3.4877755905511809
21
-3.6176598425196849
0
LINE
8
Edge.Cuts
6
CONTINUOUS
10
3.4877755905511809
20
-3.6176598425196849
11
3.4907138976377952
21
-3.6187409055118112
0
LINE
8
Edge.Cuts
6
CONTINUOUS
10
3.4907138976377952
20
-3.6187409055118112
11
3.4937962204724409
21
-3.6192899212598424
0
LINE
8
Edge.Cuts
6
CONTINUOUS
10
3.4937962204724409
20
-3.6192899212598424
11
3.4953616141732282
21
-3.6192912992125983
0
LINE
8
Edge.Cuts
6
CONTINUOUS
10
3.4953616141732282
20
-3.6192912992125983
11
3.4953617322834645
21
-3.619291338582677
0
LINE
8
Edge.Cuts
6
CONTINUOUS
10
3.4953617322834645
20
-3.619291338582677
11
3.5579169685039371
21
-3.619291338582677
0
LINE
8
Edge.Cuts
6
CONTINUOUS
10
3.5579169685039371
20
-3.619291338582677
11
3.5594823622047245
21
-3.6192899606299211
0
LINE
8
Edge.Cuts
6
CONTINUOUS
10
3.5594823622047245
20
-3.6192899606299211
11
3.5625646850393702
21
-3.6187409448818895
0
LINE
8
Edge.Cuts
6
CONTINUOUS
10
3.5625646850393702
20
-3.6187409448818895
11
3.565502992125984
21
-3.6176598818897636
0
LINE
8
Edge.Cuts
6
CONTINUOUS
10
3.565502992125984
20
-3.6176598818897636
11
3.5668552362204724
21
-3.6168712992125984
0
LINE
8
Edge.Cuts
6
CONTINUOUS
10
3.5668552362204724
20
-3.6168712992125984
11
3.5719208267716533
21
-3.6147211811023623
0
LINE
8
Edge.Cuts
6
CONTINUOUS
10
3.5719208267716533
20
-3.6147211811023623
11
3.5773648031496061
21
-3.613917401574803
0
LINE
8
Edge.Cuts
6
CONTINUOUS
10
3.5773648031496061
20
-3.613917401574803
11
3.5828355905511811
21
-3.6145119291338581
0
LINE
8
Edge.Cuts
6
CONTINUOUS
10
3.4691567322834644
20
-3.6188737007874017
11
3.4651535039370076
21
-3.6210114960629922
0
LINE
8
Edge.Cuts
6
CONTINUOUS
10
3.4651535039370076
20
-3.6210114960629922
11
3.461818464566929
21
-3.6240893307086615
0
LINE
8
Edge.Cuts
6
CONTINUOUS
10
3.461818464566929
20
-3.6240893307086615
11
3.4593670078740155
21
-3.6279085039370078
0
LINE
8
Edge.Cuts
6
CONTINUOUS
10
3.4593670078740155
20
-3.6279085039370078
11
3.4579574015748031
21
-3.632222283464567
0
LINE
8
Edge.Cuts
6
CONTINUOUS
10
3.4579574015748031
20
-3.632222283464567
11
3.4576807874015749
21
-3.6367520866141732
0
LINE
8
Edge.Cuts
6
CONTINUOUS
10
3.4576807874015749
20
-3.6367520866141732
11
3.4585549212598425
21
-3.6412053543307086
0
LINE
8
Edge.Cuts
6
CONTINUOUS
10
3.4585549212598425
20
-3.6412053543307086
11
3.4595355905511811
21
-3.6432514960629923
0
LINE
8
Edge.Cuts
6
CONTINUOUS
10
3.4595355905511811
20
-3.6432514960629923
11
3.4595356299212598
21
-3.6432515748031493
0
LINE
8
Edge.Cuts
6
CONTINUOUS
10
3.4595356299212598
20
-3.6432515748031493
11
3.4607173228346455
21
-3.6462634251968504
0
LINE
8
Edge.Cuts
6
CONTINUOUS
10
3.4607173228346455
20
-3.6462634251968504
11
3.4614370472440945
21
-3.6494177165354329
0
LINE
8
Edge.Cuts
6
CONTINUOUS
10
3.4614370472440945
20
-3.6494177165354329
11
3.4616786614173227
21
-3.6526439370078738
0
LINE
8
Edge.Cuts
6
CONTINUOUS
10
3.4616786614173227
20
-3.6526439370078738
11
3.4616787007874015
21
-3.6526439763779526
0
LINE
8
Edge.Cuts
6
CONTINUOUS
10
3.4616787007874015
20
-3.6526439763779526
11
3.4616787007874015
21
-3.707985866141732
0
LINE
8
Edge.Cuts
6
CONTINUOUS
10
3.4616787007874015
20
-3.707985866141732
11
3.461678622047244
21
-3.7079860629921257
0
LINE
8
Edge.Cuts
6
CONTINUOUS
10
3.461678622047244
20
-3.7079860629921257
11
3.4616787007874015
21
-3.7079862204724408
0
LINE
8
Edge.Cuts
6
CONTINUOUS
10
3.4616787007874015
20
-3.7079862204724408
11
3.461436653543307
21
-3.7112122440944879
0
LINE
8
Edge.Cuts
6
CONTINUOUS
10
3.461436653543307
20
-3.7112122440944879
11
3.4607170078740155
21
-3.7143662204724408
0
LINE
8
Edge.Cuts
6
CONTINUOUS
10
3.4607170078740155
20
-3.7143662204724408
11
3.4595357874015749
21
-3.7173779133858269
0
LINE
8
Edge.Cuts
6
CONTINUOUS
10
3.4595357874015749
20
-3.7173779133858269
11
3.4595356692913386
21
-3.717377992125984
0
LINE
8
Edge.Cuts
6
CONTINUOUS
10
3.4595356692913386
20
-3.717377992125984
11
3.4595356692913386
21
-3.7173782283464565
0
LINE
8
Edge.Cuts
6
CONTINUOUS
10
3.4595356692913386
20
-3.7173782283464565
11
3.4585549606299213
21
-3.7194244488188977
0
LINE
8
Edge.Cuts
6
CONTINUOUS
10
3.4585549606299213
20
-3.7194244488188977
11
3.4576807874015749
21
-3.7238777165354331
0
LINE
8
Edge.Cuts
6
CONTINUOUS
10
3.4576807874015749
20
-3.7238777165354331
11
3.4579574803149606
21
-3.7284075196850393
0
LINE
8
Edge.Cuts
6
CONTINUOUS
10
3.4579574803149606
20
-3.7284075196850393
11
3.4593670472440943
21
-3.7327212992125984
0
LINE
8
Edge.Cuts
6
CONTINUOUS
10
3.4593670472440943
20
-3.7327212992125984
11
3.4618185433070865
21
-3.736540433070866
0
LINE
8
Edge.Cuts
6
CONTINUOUS
10
3.4618185433070865
20
-3.736540433070866
11
3.4651535433070864
21
-3.7396182677165353
0
LINE
8
Edge.Cuts
6
CONTINUOUS
10
3.4651535433070864
20
-3.7396182677165353
11
3.4691567716535432
21
-3.7417560236220471
0
LINE
8
Edge.Cuts
6
CONTINUOUS
10
3.4691567716535432
20
-3.7417560236220471
11
3.4735695669291338
21
-3.7428156299212598
0
LINE
8
Edge.Cuts
6
CONTINUOUS
10
3.4735695669291338
20
-3.7428156299212598
11
3.478106968503937
21
-3.7427286614173227
0
LINE
8
Edge.Cuts
6
CONTINUOUS
10
3.478106968503937
20
-3.7427286614173227
11
3.4824759055118109
21
-3.7415007086614174
0
LINE
8
Edge.Cuts
6
CONTINUOUS
10
3.4824759055118109
20
-3.7415007086614174
11
3.4844370472440942
21
-3.7403592913385828
0
LINE
8
Edge.Cuts
6
CONTINUOUS
10
3.4844370472440942
20
-3.7403592913385828
11
3.484437401574803
21
-3.7403591732283465
0
LINE
8
Edge.Cuts
6
CONTINUOUS
10
3.484437401574803
20
-3.7403591732283465
11
3.4878849212598424
21
-3.7387333070866142
0
LINE
8
Edge.Cuts
6
CONTINUOUS
10
3.4878849212598424
20
-3.7387333070866142
11
3.4915644488188975
21
-3.7377370866141733
0
LINE
8
Edge.Cuts
6
CONTINUOUS
10
3.4915644488188975
20
-3.7377370866141733
11
3.495361653543307
21
-3.737401535433071
0
LINE
8
Edge.Cuts
6
CONTINUOUS
10
3.495361653543307
20
-3.737401535433071
11
3.5579169291338584
21
-3.737401535433071
0
LINE
8
Edge.Cuts
6
CONTINUOUS
10
3.5579169291338584
20
-3.737401535433071
11
3.5617141732283462
21
-3.7377370866141733
0
LINE
8
Edge.Cuts
6
CONTINUOUS
10
3.5617141732283462
20
-3.7377370866141733
11
3.5653937007874017
21
-3.7387333070866142
0
LINE
8
Edge.Cuts
6
CONTINUOUS
10
3.5653937007874017
20
-3.7387333070866142
11
3.5688415354330707
21
-3.7403593700787399
0
LINE
8
Edge.Cuts
6
CONTINUOUS
10
3.5688415354330707
20
-3.7403593700787399
11
3.570802677165354
21
-3.7415007874015749
0
LINE
8
Edge.Cuts
6
CONTINUOUS
10
3.570802677165354
20
-3.7415007874015749
11
3.5751716535433071
21
-3.7427287401574802
0
LINE
8
Edge.Cuts
6
CONTINUOUS
10
3.5751716535433071
20
-3.7427287401574802
11
3.5797090551181103
21
-3.7428157480314961
0
LINE
8
Edge.Cuts
6
CONTINUOUS
10
3.5797090551181103
20
-3.7428157480314961
11
3.5841218897637797
21
-3.7417561023622046
0
LINE
8
Edge.Cuts
6
CONTINUOUS
10
3.5841218897637797
20
-3.7417561023622046
11
3.5881250787401573
21
-3.7396183464566928
0
LINE
8
Edge.Cuts
6
CONTINUOUS
10
3.5881250787401573
20
-3.7396183464566928
11
3.5914601181102364
21
-3.7365404724409448
0
LINE
8
Edge.Cuts
6
CONTINUOUS
10
3.5914601181102364
20
-3.7365404724409448
11
3.5939116141732281
21
-3.7327212992125984
0
LINE
8
Edge.Cuts
6
CONTINUOUS
10
3.5939116141732281
20
-3.7327212992125984
11
3.5953211811023622
21
-3.7284075196850393
0
LINE
8
Edge.Cuts
6
CONTINUOUS
10
3.5953211811023622
20
-3.7284075196850393
11
3.5955978346456692
21
-3.7238777165354331
0
LINE
8
Edge.Cuts
6
CONTINUOUS
10
3.5955978346456692
20
-3.7238777165354331
11
3.5947236614173228
21
-3.7194244488188977
0
LINE
8
Edge.Cuts
6
CONTINUOUS
10
3.5947236614173228
20
-3.7194244488188977
11
3.5937429527559055
21
-3.7173781889763777
0
LINE
8
Edge.Cuts
6
CONTINUOUS
10
3.5937429527559055
20
-3.7173781889763777
11
3.5925612992125981
21
-3.7143664173228346
0
LINE
8
Edge.Cuts
6
CONTINUOUS
10
3.5925612992125981
20
-3.7143664173228346
11
3.5918415748031496
21
-3.7112121653543304
0
LINE
8
Edge.Cuts
6
CONTINUOUS
10
3.5918415748031496
20
-3.7112121653543304
11
3.5915998818897639
21
-3.707985866141732
0
LINE
8
Edge.Cuts
6
CONTINUOUS
10
3.5915998818897639
20
-3.707985866141732
11
3.5915998818897639
21
-3.6526439763779526
0
LINE
8
Edge.Cuts
6
CONTINUOUS
10
3.5915998818897639
20
-3.6526439763779526
11
3.5915998818897639
21
-3.6526439370078738
0
LINE
8
Edge.Cuts
6
CONTINUOUS
10
3.5915998818897639
20
-3.6526439370078738
11
3.5918415748031496
21
-3.6494176771653541
0
LINE
8
Edge.Cuts
6
CONTINUOUS
10
3.5918415748031496
20
-3.6494176771653541
11
3.5925612992125981
21
-3.6462634251968504
0
LINE
8
Edge.Cuts
6
CONTINUOUS
10
3.5925612992125981
20
-3.6462634251968504
11
3.5937429527559055
21
-3.6432516141732281
0
LINE
8
Edge.Cuts
6
CONTINUOUS
10
3.5937429527559055
20
-3.6432516141732281
11
3.5947236614173228
21
-3.6412053543307086
0
LINE
8
Edge.Cuts
6
CONTINUOUS
10
3.5947236614173228
20
-3.6412053543307086
11
3.5955977952755904
21
-3.6367521259842519
0
LINE
8
Edge.Cuts
6
CONTINUOUS
10
3.5955977952755904
20
-3.6367521259842519
11
3.5953211417322835
21
-3.6322223228346457
0
LINE
8
Edge.Cuts
6
CONTINUOUS
10
3.5953211417322835
20
-3.6322223228346457
11
3.5939115748031494
21
-3.6279085039370078
0
LINE
8
Edge.Cuts
6
CONTINUOUS
10
3.5939115748031494
20
-3.6279085039370078
11
3.5914600787401576
21
-3.6240893700787402
0
LINE
8
Edge.Cuts
6
CONTINUOUS
10
3.5914600787401576
20
-3.6240893700787402
11
3.5881250393700785
21
-3.6210114960629922
0
LINE
8
Edge.Cuts
6
CONTINUOUS
10
3.5881250393700785
20
-3.6210114960629922
11
3.5841218503937009
21
-3.6188737401574804
0
LINE
8
Edge.Cuts
6
CONTINUOUS
10
3.5841218503937009
20
-3.6188737401574804
11
3.5797090551181103
21
-3.6178141338582677
0
LINE
8
Edge.Cuts
6
CONTINUOUS
10
3.5797090551181103
20
-3.6178141338582677
11
3.5751716141732284
21
-3.6179011417322835
0
LINE
8
Edge.Cuts
6
CONTINUOUS
10
3.5751716141732284
20
-3.6179011417322835
11
3.570802677165354
21
-3.6191290944881889
0
LINE
8
Edge.Cuts
6
CONTINUOUS
10
3.570802677165354
20
-3.6191290944881889
11
3.5688415354330707
21
-3.6202705118110234
0
LINE
8
Edge.Cuts
6
CONTINUOUS
10
3.5688415354330707
20
-3.6202705118110234
11
3.5653937007874017
21
-3.6218965748031495
0
LINE
8
Edge.Cuts
6
CONTINUOUS
10
3.5653937007874017
20
-3.6218965748031495
11
3.5617141732283462
21
-3.6228927952755905
0
LINE
8
Edge.Cuts
6
CONTINUOUS
10
3.5617141732283462
20
-3.6228927952755905
11
3.5579169685039371
21
-3.6232283464566928
0
LINE
8
Edge.Cuts
6
CONTINUOUS
10
3.5579169685039371
20
-3.6232283464566928
11
3.495361653543307
21
-3.6232283464566928
0
LINE
8
Edge.Cuts
6
CONTINUOUS
10
3.495361653543307
20
-3.6232283464566928
11
3.4953612992125982
21
-3.6232282677165353
0
LINE
8
Edge.Cuts
6
CONTINUOUS
10
3.4953612992125982
20
-3.6232282677165353
11
3.4915644094488187
21
-3.6228927559055117
0
LINE
8
Edge.Cuts
6
CONTINUOUS
10
3.4915644094488187
20
-3.6228927559055117
11
3.4878848818897636
21
-3.6218965354330708
0
LINE
8
Edge.Cuts
6
CONTINUOUS
10
3.4878848818897636
20
-3.6218965354330708
11
3.4844370472440942
21
-3.6202704724409447
0
LINE
8
Edge.Cuts
6
CONTINUOUS
10
3.4844370472440942
20
-3.6202704724409447
11
3.4824759055118109
21
-3.6191290551181101
0
LINE
8
Edge.Cuts
6
CONTINUOUS
10
3.4824759055118109
20
-3.6191290551181101
11
3.4781069291338582
21
-3.6179011023622047
0
LINE
8
Edge.Cuts
6
CONTINUOUS
10
3.4781069291338582
20
-3.6179011023622047
11
3.473569527559055
21
-3.6178140944881889
0
LINE
8
Edge.Cuts
6
CONTINUOUS
10
3.473569527559055
20
-3.6178140944881889
11
3.4691567322834644
21
-3.6188737007874017
0
LINE
8
Edge.Cuts
6
CONTINUOUS
10
8.6471057874015749
20
-3.6096031102362205
11
8.6521713779527563
21
-3.6117532283464566
0
LINE
8
Edge.Cuts
6
CONTINUOUS
10
8.6521713779527563
20
-3.6117532283464566
11
8.6535236220472438
21
-3.6125418110236218
0
LINE
8
Edge.Cuts
6
CONTINUOUS
10
8.6535236220472438
20
-3.6125418110236218
11
8.656461929133858
21
-3.6136228740157481
0
LINE
8
Edge.Cuts
6
CONTINUOUS
10
8.656461929133858
20
-3.6136228740157481
11
8.6595442519685033
21
-3.6141719291338581
0
LINE
8
Edge.Cuts
6
CONTINUOUS
10
8.6595442519685033
20
-3.6141719291338581
11
8.6611096850393707
21
-3.6141732677165352
0
LINE
8
Edge.Cuts
6
CONTINUOUS
10
8.6611096850393707
20
-3.6141732677165352
11
8.7236649606299217
21
-3.6141732677165352
0
LINE
8
Edge.Cuts
6
CONTINUOUS
10
8.7236649606299217
20
-3.6141732677165352
11
8.7252303543307086
21
-3.6141718897637793
0
LINE
8
Edge.Cuts
6
CONTINUOUS
10
8.7252303543307086
20
-3.6141718897637793
11
8.7283126771653539
21
-3.6136228740157481
0
LINE
8
Edge.Cuts
6
CONTINUOUS
10
8.7283126771653539
20
-3.6136228740157481
11
8.7312509842519681
21
-3.6125418110236218
0
LINE
8
Edge.Cuts
6
CONTINUOUS
10
8.7312509842519681
20
-3.6125418110236218
11
8.7326032283464556
21
-3.6117532283464566
0
LINE
8
Edge.Cuts
6
CONTINUOUS
10
8.7326032283464556
20
-3.6117532283464566
11
8.7326036614173219
21
-3.6117531102362204
0
LINE
8
Edge.Cuts
6
CONTINUOUS
10
8.7326036614173219
20
-3.6117531102362204
11
8.7376688582677158
21
-3.609603188976378
0
LINE
8
Edge.Cuts
6
CONTINUOUS
10
8.7376688582677158
20
-3.609603188976378
11
8.7431128346456699
21
-3.6087994488188975
0
LINE
8
Edge.Cuts
6
CONTINUOUS
10
8.7431128346456699
20
-3.6087994488188975
11
8.7485836220472439
21
-3.6093939370078738
0
LINE
8
Edge.Cuts
6
CONTINUOUS
10
8.7485836220472439
20
-3.6093939370078738
11
8.7537278740157483
21
-3.6113483464566927
0
LINE
8
Edge.Cuts
6
CONTINUOUS
10
8.7537278740157483
20
-3.6113483464566927
11
8.7582133070866135
21
-3.614536377952756
0
LINE
8
Edge.Cuts
6
CONTINUOUS
10
8.7582133070866135
20
-3.614536377952756
11
8.7617503149606293
21
-3.6187521259842517
0
LINE
8
Edge.Cuts
6
CONTINUOUS
10
8.7617503149606293
20
-3.6187521259842517
11
8.764110393700788
21
-3.6237233464566927
0
LINE
8
Edge.Cuts
6
CONTINUOUS
10
8.764110393700788
20
-3.6237233464566927
11
8.7651411023622039
21
-3.6291289370078741
0
LINE
8
Edge.Cuts
6
CONTINUOUS
10
8.7651411023622039
20
-3.6291289370078741
11
8.7647758661417328
21
-3.6346198031496062
0
LINE
8
Edge.Cuts
6
CONTINUOUS
10
8.7647758661417328
20
-3.6346198031496062
11
8.7630383464566926
21
-3.6398412992125984
0
LINE
8
Edge.Cuts
6
CONTINUOUS
10
8.7630383464566926
20
-3.6398412992125984
11
8.763038267716535
21
-3.6398413385826771
0
LINE
8
Edge.Cuts
6
CONTINUOUS
10
8.763038267716535
20
-3.6398413385826771
11
8.7624628346456692
21
-3.6410370078740155
0
LINE
8
Edge.Cuts
6
CONTINUOUS
10
8.7624628346456692
20
-3.6410370078740155
11
8.7616807086614177
21
-3.6435738582677164
0
LINE
8
Edge.Cuts
6
CONTINUOUS
10
8.7616807086614177
20
-3.6435738582677164
11
8.7612850393700779
21
-3.6461988976377953
0
LINE
8
Edge.Cuts
6
CONTINUOUS
10
8.7612850393700779
20
-3.6461988976377953
11
8.7612849212598416
21
-3.6475259448818895
0
LINE
8
Edge.Cuts
6
CONTINUOUS
10
8.7612849212598416
20
-3.6475259448818895
11
8.7612849212598416
21
-3.7028678346456694
0
LINE
8
Edge.Cuts
6
CONTINUOUS
10
8.7612849212598416
20
-3.7028678346456694
11
8.7612849212598416
21
-3.7028678740157481
0
LINE
8
Edge.Cuts
6
CONTINUOUS
10
8.7612849212598416
20
-3.7028678740157481
11
8.7612848425196841
21
-3.7041951181102362
0
LINE
8
Edge.Cuts
6
CONTINUOUS
10
8.7612848425196841
20
-3.7041951181102362
11
8.7616803543307089
21
-3.7068199606299213
0
LINE
8
Edge.Cuts
6
CONTINUOUS
10
8.7616803543307089
20
-3.7068199606299213
11
8.7624625590551179
21
-3.7093565748031496
0
LINE
8
Edge.Cuts
6
CONTINUOUS
10
8.7624625590551179
20
-3.7093565748031496
11
8.7630383070866138
21
-3.7105524409448818
0
LINE
8
Edge.Cuts
6
CONTINUOUS
10
8.7630383070866138
20
-3.7105524409448818
11
8.7630383070866138
21
-3.7105524803149605
0
LINE
8
Edge.Cuts
6
CONTINUOUS
10
8.7630383070866138
20
-3.7105524803149605
11
8.7647759055118115
21
-3.7157739763779527
0
LINE
8
Edge.Cuts
6
CONTINUOUS
10
8.7647759055118115
20
-3.7157739763779527
11
8.7651411417322826
21
-3.7212648425196848
0
LINE
8
Edge.Cuts
6
CONTINUOUS
10
8.7651411417322826
20
-3.7212648425196848
11
8.7641104330708668
21
-3.726670472440945
0
LINE
8
Edge.Cuts
6
CONTINUOUS
10
8.7641104330708668
20
-3.726670472440945
11
8.761750354330708
21
-3.7316416929133855
0
LINE
8
Edge.Cuts
6
CONTINUOUS
10
8.761750354330708
20
-3.7316416929133855
11
8.758213385826771
21
-3.7358574803149605
0
LINE
8
Edge.Cuts
6
CONTINUOUS
10
8.758213385826771
20
-3.7358574803149605
11
8.753727913385827
21
-3.7390455118110237
0
LINE
8
Edge.Cuts
6
CONTINUOUS
10
8.753727913385827
20
-3.7390455118110237
11
8.7485836220472439
21
-3.7409999212598426
0
LINE
8
Edge.Cuts
6
CONTINUOUS
10
8.7485836220472439
20
-3.7409999212598426
11
8.7431128346456699
21
-3.7415944094488189
0
LINE
8
Edge.Cuts
6
CONTINUOUS
10
8.7431128346456699
20
-3.7415944094488189
11
8.7376688582677158
21
-3.7407906692913384
0
LINE
8
Edge.Cuts
6
CONTINUOUS
10
8.7376688582677158
20
-3.7407906692913384
11
8.7326032677165344
21
-3.7386405511811023
0
LINE
8
Edge.Cuts
6
CONTINUOUS
10
8.7326032677165344
20
-3.7386405511811023
11
8.7312510236220469
21
-3.7378519685039371
0
LINE
8
Edge.Cuts
6
CONTINUOUS
10
8.7312510236220469
20
-3.7378519685039371
11
8.7283127165354326
21
-3.7367709055118108
0
LINE
8
Edge.Cuts
6
CONTINUOUS
10
8.7283127165354326
20
-3.7367709055118108
11
8.7252303937007873
21
-3.7362218897637796
0
LINE
8
Edge.Cuts
6
CONTINUOUS
10
8.7252303937007873
20
-3.7362218897637796
11
8.7236650000000004
21
-3.7362205118110237
0
LINE
8
Edge.Cuts
6
CONTINUOUS
10
8.7236650000000004
20
-3.7362205118110237
11
8.7236648818897642
21
-3.7362204724409449
0
LINE
8
Edge.Cuts
6
CONTINUOUS
10
8.7236648818897642
20
-3.7362204724409449
11
8.661109645669292
21
-3.7362204724409449
0
LINE
8
Edge.Cuts
6
CONTINUOUS
10
8.661109645669292
20
-3.7362204724409449
11
8.6595442519685033
21
-3.7362218503937008
0
LINE
8
Edge.Cuts
6
CONTINUOUS
10
8.6595442519685033
20
-3.7362218503937008
11
8.656461929133858
21
-3.736770866141732
0
LINE
8
Edge.Cuts
6
CONTINUOUS
10
8.656461929133858
20
-3.736770866141732
11
8.6535236220472438
21
-3.7378519291338583
0
LINE
8
Edge.Cuts
6
CONTINUOUS
10
8.6535236220472438
20
-3.7378519291338583
11
8.6521713779527563
21
-3.7386405118110235
0
LINE
8
Edge.Cuts
6
CONTINUOUS
10
8.6521713779527563
20
-3.7386405118110235
11
8.6471057874015749
21
-3.7407906299212597
0
LINE
8
Edge.Cuts
6
CONTINUOUS
10
8.6471057874015749
20
-3.7407906299212597
11
8.6416618110236225
21
-3.7415944094488189
0
LINE
8
Edge.Cuts
6
CONTINUOUS
10
8.6416618110236225
20
-3.7415944094488189
11
8.6361910236220467
21
-3.7409998818897638
0
LINE
8
Edge.Cuts
6
CONTINUOUS
10
8.6361910236220467
20
-3.7409998818897638
11
8.6310467716535424
21
-3.7390455118110237
0
LINE
8
Edge.Cuts
6
CONTINUOUS
10
8.6310467716535424
20
-3.7390455118110237
11
8.6265612992125984
21
-3.7358574803149605
0
LINE
8
Edge.Cuts
6
CONTINUOUS
10
8.6265612992125984
20
-3.7358574803149605
11
8.6230242913385826
21
-3.7316416929133855
0
LINE
8
Edge.Cuts
6
CONTINUOUS
10
8.6230242913385826
20
-3.7316416929133855
11
8.6206642519685044
21
-3.726670472440945
0
LINE
8
Edge.Cuts
6
CONTINUOUS
10
8.6206642519685044
20
-3.726670472440945
11
8.6196335433070868
21
-3.7212648425196848
0
LINE
8
Edge.Cuts
6
CONTINUOUS
10
8.6196335433070868
20
-3.7212648425196848
11
8.6199987401574809
21
-3.7157739763779527
0
LINE
8
Edge.Cuts
6
CONTINUOUS
10
8.6199987401574809
20
-3.7157739763779527
11
8.6217363385826769
21
-3.7105524803149605
0
LINE
8
Edge.Cuts
6
CONTINUOUS
10
8.6217363385826769
20
-3.7105524803149605
11
8.6223120472440939
21
-3.7093566141732284
0
LINE
8
Edge.Cuts
6
CONTINUOUS
10
8.6223120472440939
20
-3.7093566141732284
11
8.623094251968503
21
-3.70682
0
LINE
8
Edge.Cuts
6
CONTINUOUS
10
8.623094251968503
20
-3.70682
11
8.6234897637795278
21
-3.7041951181102362
0
LINE
8
Edge.Cuts
6
CONTINUOUS
10
8.6234897637795278
20
-3.7041951181102362
11
8.6234897244094491
21
-3.7028678740157481
0
LINE
8
Edge.Cuts
6
CONTINUOUS
10
8.6234897244094491
20
-3.7028678740157481
11
8.6234897244094491
21
-3.7028678346456694
0
LINE
8
Edge.Cuts
6
CONTINUOUS
10
8.6234897244094491
20
-3.7028678346456694
11
8.6234897244094491
21
-3.6475259448818895
0
LINE
8
Edge.Cuts
6
CONTINUOUS
10
8.6234897244094491
20
-3.6475259448818895
11
8.6234897637795278
21
-3.6461987007874015
0
LINE
8
Edge.Cuts
6
CONTINUOUS
10
8.6234897637795278
20
-3.6461987007874015
11
8.623094251968503
21
-3.6435738188976377
0
LINE
8
Edge.Cuts
6
CONTINUOUS
10
8.623094251968503
20
-3.6435738188976377
11
8.6223120472440939
21
-3.6410371653543305
0
LINE
8
Edge.Cuts
6
CONTINUOUS
10
8.6223120472440939
20
-3.6410371653543305
11
8.6217363385826769
21
-3.6398412992125984
0
LINE
8
Edge.Cuts
6
CONTINUOUS
10
8.6217363385826769
20
-3.6398412992125984
11
8.6199987401574809
21
-3.634619842519685
0
LINE
8
Edge.Cuts
6
CONTINUOUS
10
8.6199987401574809
20
-3.634619842519685
11
8.619633503937008
21
-3.6291289763779528
0
LINE
8
Edge.Cuts
6
CONTINUOUS
10
8.619633503937008
20
-3.6291289763779528
11
8.6206642125984256
21
-3.6237233464566927
0
LINE
8
Edge.Cuts
6
CONTINUOUS
10
8.6206642125984256
20
-3.6237233464566927
11
8.6230242519685039
21
-3.6187520866141734
0
LINE
8
Edge.Cuts
6
CONTINUOUS
10
8.6230242519685039
20
-3.6187520866141734
11
8.6265612598425196
21
-3.6145362992125984
0
LINE
8
Edge.Cuts
6
CONTINUOUS
10
8.6265612598425196
20
-3.6145362992125984
11
8.6310467322834636
21
-3.6113482677165352
0
LINE
8
Edge.Cuts
6
CONTINUOUS
10
8.6310467322834636
20
-3.6113482677165352
11
8.636190984251968
21
-3.6093938582677163
0
LINE
8
Edge.Cuts
6
CONTINUOUS
10
8.636190984251968
20
-3.6093938582677163
11
8.6416618110236225
21
-3.60879937007874
0
LINE
8
Edge.Cuts
6
CONTINUOUS
10
8.6416618110236225
20
-3.60879937007874
11
8.6471057874015749
21
-3.6096031102362205
0
LINE
8
Edge.Cuts
6
CONTINUOUS
10
8.6349047244094486
20
-3.6137557086614174
11
8.63090153543307
21
-3.6158934645669292
0
LINE
8
Edge.Cuts
6
CONTINUOUS
10
8.63090153543307
20
-3.6158934645669292
11
8.6275664960629914
21
-3.6189713385826772
0
LINE
8
Edge.Cuts
6
CONTINUOUS
10
8.6275664960629914
20
-3.6189713385826772
11
8.6251149999999992
21
-3.6227905118110235
0
LINE
8
Edge.Cuts
6
CONTINUOUS
10
8.6251149999999992
20
-3.6227905118110235
11
8.6237054330708656
21
-3.6271042913385827
0
LINE
8
Edge.Cuts
6
CONTINUOUS
10
8.6237054330708656
20
-3.6271042913385827
11
8.6234287795275595
21
-3.6316340944881889
0
LINE
8
Edge.Cuts
6
CONTINUOUS
10
8.6234287795275595
20
-3.6316340944881889
11
8.6243029527559045
21
-3.6360873622047243
0
LINE
8
Edge.Cuts
6
CONTINUOUS
10
8.6243029527559045
20
-3.6360873622047243
11
8.6252836220472435
21
-3.638133503937008
0
LINE
8
Edge.Cuts
6
CONTINUOUS
10
8.6252836220472435
20
-3.638133503937008
11
8.6252836614173223
21
-3.6381335826771655
0
LINE
8
Edge.Cuts
6
CONTINUOUS
10
8.6252836614173223
20
-3.6381335826771655
11
8.6264653149606296
21
-3.6411453937007874
0
LINE
8
Edge.Cuts
6
CONTINUOUS
10
8.6264653149606296
20
-3.6411453937007874
11
8.6271850393700777
21
-3.6442996456692911
0
LINE
8
Edge.Cuts
6
CONTINUOUS
10
8.6271850393700777
20
-3.6442996456692911
11
8.6274267322834639
21
-3.6475259448818895
0
LINE
8
Edge.Cuts
6
CONTINUOUS
10
8.6274267322834639
20
-3.6475259448818895
11
8.6274267322834639
21
-3.7028678346456694
0
LINE
8
Edge.Cuts
6
CONTINUOUS
10
8.6274267322834639
20
-3.7028678346456694
11
8.6274267322834639
21
-3.7028678740157481
0
LINE
8
Edge.Cuts
6
CONTINUOUS
10
8.6274267322834639
20
-3.7028678740157481
11
8.6271850393700777
21
-3.7060941338582678
0
LINE
8
Edge.Cuts
6
CONTINUOUS
10
8.6271850393700777
20
-3.7060941338582678
11
8.6264653149606296
21
-3.7092483858267715
0
LINE
8
Edge.Cuts
6
CONTINUOUS
10
8.6264653149606296
20
-3.7092483858267715
11
8.6252836614173223
21
-3.7122601968503934
0
LINE
8
Edge.Cuts
6
CONTINUOUS
10
8.6252836614173223
20
-3.7122601968503934
11
8.6243029527559045
21
-3.7143064566929134
0
LINE
8
Edge.Cuts
6
CONTINUOUS
10
8.6243029527559045
20
-3.7143064566929134
11
8.6234288188976382
21
-3.71875968503937
0
LINE
8
Edge.Cuts
6
CONTINUOUS
10
8.6234288188976382
20
-3.71875968503937
11
8.6237054724409443
21
-3.7232894881889762
0
LINE
8
Edge.Cuts
6
CONTINUOUS
10
8.6237054724409443
20
-3.7232894881889762
11
8.625115039370078
21
-3.7276033070866141
0
LINE
8
Edge.Cuts
6
CONTINUOUS
10
8.625115039370078
20
-3.7276033070866141
11
8.6275665354330702
21
-3.7314224409448817
0
LINE
8
Edge.Cuts
6
CONTINUOUS
10
8.6275665354330702
20
-3.7314224409448817
11
8.6309015748031488
21
-3.7345003149606297
0
LINE
8
Edge.Cuts
6
CONTINUOUS
10
8.6309015748031488
20
-3.7345003149606297
11
8.6349047637795273
21
-3.7366380708661415
0
LINE
8
Edge.Cuts
6
CONTINUOUS
10
8.6349047637795273
20
-3.7366380708661415
11
8.6393175590551188
21
-3.7376976771653543
0
LINE
8
Edge.Cuts
6
CONTINUOUS
10
8.6393175590551188
20
-3.7376976771653543
11
8.6438550000000003
21
-3.7376106692913384
0
LINE
8
Edge.Cuts
6
CONTINUOUS
10
8.6438550000000003
20
-3.7376106692913384
11
8.6482239370078737
21
-3.7363827165354331
0
LINE
8
Edge.Cuts
6
CONTINUOUS
10
8.6482239370078737
20
-3.7363827165354331
11
8.650185078740158
21
-3.7352412992125985
0
LINE
8
Edge.Cuts
6
CONTINUOUS
10
8.650185078740158
20
-3.7352412992125985
11
8.6536329133858274
21
-3.7336152362204724
0
LINE
8
Edge.Cuts
6
CONTINUOUS
10
8.6536329133858274
20
-3.7336152362204724
11
8.6573124409448816
21
-3.7326190157480315
0
LINE
8
Edge.Cuts
6
CONTINUOUS
10
8.6573124409448816
20
-3.7326190157480315
11
8.661109645669292
21
-3.7322834645669292
0
LINE
8
Edge.Cuts
6
CONTINUOUS
10
8.661109645669292
20
-3.7322834645669292
11
8.7236649606299217
21
-3.7322834645669292
0
LINE
8
Edge.Cuts
6
CONTINUOUS
10
8.7236649606299217
20
-3.7322834645669292
11
8.7236652755905517
21
-3.7322835039370079
0
LINE
8
Edge.Cuts
6
CONTINUOUS
10
8.7236652755905517
20
-3.7322835039370079
11
8.727462204724409
21
-3.7326190551181102
0
LINE
8
Edge.Cuts
6
CONTINUOUS
10
8.727462204724409
20
-3.7326190551181102
11
8.731141732283465
21
-3.7336152755905512
0
LINE
8
Edge.Cuts
6
CONTINUOUS
10
8.731141732283465
20
-3.7336152755905512
11
8.7345895669291345
21
-3.7352413385826773
0
LINE
8
Edge.Cuts
6
CONTINUOUS
10
8.7345895669291345
20
-3.7352413385826773
11
8.7365507086614169
21
-3.7363827559055118
0
LINE
8
Edge.Cuts
6
CONTINUOUS
10
8.7365507086614169
20
-3.7363827559055118
11
8.7409196850393691
21
-3.7376107086614172
0
LINE
8
Edge.Cuts
6
CONTINUOUS
10
8.7409196850393691
20
-3.7376107086614172
11
8.7454570866141736
21
-3.737697716535433
0
LINE
8
Edge.Cuts
6
CONTINUOUS
10
8.7454570866141736
20
-3.737697716535433
11
8.7498698818897633
21
-3.7366381102362203
0
LINE
8
Edge.Cuts
6
CONTINUOUS
10
8.7498698818897633
20
-3.7366381102362203
11
8.7538731102362206
21
-3.7345003149606297
0
LINE
8
Edge.Cuts
6
CONTINUOUS
10
8.7538731102362206
20
-3.7345003149606297
11
8.7572081496062992
21
-3.7314224803149605
0
LINE
8
Edge.Cuts
6
CONTINUOUS
10
8.7572081496062992
20
-3.7314224803149605
11
8.7596596062992127
21
-3.7276033070866141
0
LINE
8
Edge.Cuts
6
CONTINUOUS
10
8.7596596062992127
20
-3.7276033070866141
11
8.7610692125984251
21
-3.723289527559055
0
LINE
8
Edge.Cuts
6
CONTINUOUS
10
8.7610692125984251
20
-3.723289527559055
11
8.7613458267716542
21
-3.7187597244094488
0
LINE
8
Edge.Cuts
6
CONTINUOUS
10
8.7613458267716542
20
-3.7187597244094488
11
8.7604716929133861
21
-3.7143064566929134
0
LINE
8
Edge.Cuts
6
CONTINUOUS
10
8.7604716929133861
20
-3.7143064566929134
11
8.7594909842519684
21
-3.7122601968503934
0
LINE
8
Edge.Cuts
6
CONTINUOUS
10
8.7594909842519684
20
-3.7122601968503934
11
8.7583092913385823
21
-3.7092483858267715
0
LINE
8
Edge.Cuts
6
CONTINUOUS
10
8.7583092913385823
20
-3.7092483858267715
11
8.7575895669291342
21
-3.7060940944881891
0
LINE
8
Edge.Cuts
6
CONTINUOUS
10
8.7575895669291342
20
-3.7060940944881891
11
8.7573479133858267
21
-3.7028677952755906
0
LINE
8
Edge.Cuts
6
CONTINUOUS
10
8.7573479133858267
20
-3.7028677952755906
11
8.7573479133858267
21
-3.6475259448818895
0
LINE
8
Edge.Cuts
6
CONTINUOUS
10
8.7573479133858267
20
-3.6475259448818895
11
8.7573479527559055
21
-3.6475257086614175
0
LINE
8
Edge.Cuts
6
CONTINUOUS
10
8.7573479527559055
20
-3.6475257086614175
11
8.7573479133858267
21
-3.6475255905511812
0
LINE
8
Edge.Cuts
6
CONTINUOUS
10
8.7573479133858267
20
-3.6475255905511812
11
8.7575899606299217
21
-3.6442995669291336
0
LINE
8
Edge.Cuts
6
CONTINUOUS
10
8.7575899606299217
20
-3.6442995669291336
11
8.7583096062992123
21
-3.6411455905511811
0
LINE
8
Edge.Cuts
6
CONTINUOUS
10
8.7583096062992123
20
-3.6411455905511811
11
8.7594908267716534
21
-3.638133897637795
0
LINE
8
Edge.Cuts
6
CONTINUOUS
10
8.7594908267716534
20
-3.638133897637795
11
8.7594909055118109
21
-3.6381337795275588
0
LINE
8
Edge.Cuts
6
CONTINUOUS
10
8.7594909055118109
20
-3.6381337795275588
11
8.7594909448818896
21
-3.6381335826771655
0
LINE
8
Edge.Cuts
6
CONTINUOUS
10
8.7594909448818896
20
-3.6381335826771655
11
8.7604716535433074
21
-3.6360873622047243
0
LINE
8
Edge.Cuts
6
CONTINUOUS
10
8.7604716535433074
20
-3.6360873622047243
11
8.7613458267716542
21
-3.6316340944881889
0
LINE
8
Edge.Cuts
6
CONTINUOUS
10
8.7613458267716542
20
-3.6316340944881889
11
8.7610691338582676
21
-3.6271042913385827
0
LINE
8
Edge.Cuts
6
CONTINUOUS
10
8.7610691338582676
20
-3.6271042913385827
11
8.7596595669291339
21
-3.6227905118110235
0
LINE
8
Edge.Cuts
6
CONTINUOUS
10
8.7596595669291339
20
-3.6227905118110235
11
8.7572080708661417
21
-3.6189713779527559
0
LINE
8
Edge.Cuts
6
CONTINUOUS
10
8.7572080708661417
20
-3.6189713779527559
11
8.7538730708661419
21
-3.6158935433070867
0
LINE
8
Edge.Cuts
6
CONTINUOUS
10
8.7538730708661419
20
-3.6158935433070867
11
8.7498698425196846
21
-3.6137557874015749
0
LINE
8
Edge.Cuts
6
CONTINUOUS
10
8.7498698425196846
20
-3.6137557874015749
11
8.7454570472440949
21
-3.6126961811023621
0
LINE
8
Edge.Cuts
6
CONTINUOUS
10
8.7454570472440949
20
-3.6126961811023621
11
8.7409196456692904
21
-3.6127831496062992
0
LINE
8
Edge.Cuts
6
CONTINUOUS
10
8.7409196456692904
20
-3.6127831496062992
11
8.7365507086614169
21
-3.6140111023622046
0
LINE
8
Edge.Cuts
6
CONTINUOUS
10
8.7365507086614169
20
-3.6140111023622046
11
8.7345895669291345
21
-3.6151525196850391
0
LINE
8
Edge.Cuts
6
CONTINUOUS
10
8.7345895669291345
20
-3.6151525196850391
11
8.7345891732283469
21
-3.6151525984251967
0
LINE
8
Edge.Cuts
6
CONTINUOUS
10
8.7345891732283469
20
-3.6151525984251967
11
8.7311416929133863
21
-3.6167785039370077
0
LINE
8
Edge.Cuts
6
CONTINUOUS
10
8.7311416929133863
20
-3.6167785039370077
11
8.7274621653543303
21
-3.6177747244094487
0
LINE
8
Edge.Cuts
6
CONTINUOUS
10
8.7274621653543303
20
-3.6177747244094487
11
8.7236649606299217
21
-3.618110275590551
0
LINE
8
Edge.Cuts
6
CONTINUOUS
10
8.7236649606299217
20
-3.618110275590551
11
8.6611096850393707
21
-3.618110275590551
0
LINE
8
Edge.Cuts
6
CONTINUOUS
10
8.6611096850393707
20
-3.618110275590551
11
8.6573124409448816
21
-3.6177747244094487
0
LINE
8
Edge.Cuts
6
CONTINUOUS
10
8.6573124409448816
20
-3.6177747244094487
11
8.6536329133858274
21
-3.6167785039370077
0
LINE
8
Edge.Cuts
6
CONTINUOUS
10
8.6536329133858274
20
-3.6167785039370077
11
8.650185078740158
21
-3.6151524409448816
0
LINE
8
Edge.Cuts
6
CONTINUOUS
10
8.650185078740158
20
-3.6151524409448816
11
8.6482239370078737
21
-3.6140110236220471
0
LINE
8
Edge.Cuts
6
CONTINUOUS
10
8.6482239370078737
20
-3.6140110236220471
11
8.6438549606299215
21
-3.6127830708661417
0
LINE
8
Edge.Cuts
6
CONTINUOUS
10
8.6438549606299215
20
-3.6127830708661417
11
8.6393175590551188
21
-3.6126960629921259
0
LINE
8
Edge.Cuts
6
CONTINUOUS
10
8.6393175590551188
20
-3.6126960629921259
11
8.6349047244094486
21
-3.6137557086614174
0
LINE
8
Edge.Cuts
6
CONTINUOUS
10
10.1402160236220471
20
-3.6096031102362205
11
10.1452816141732285
21
-3.6117532283464566
0
LINE
8
Edge.Cuts
6
CONTINUOUS
10
10.1452816141732285
20
-3.6117532283464566
11
10.146633858267716
21
-3.6125418110236218
0
LINE
8
Edge.Cuts
6
CONTINUOUS
10
10.146633858267716
20
-3.6125418110236218
11
10.1495721653543303
21
-3.6136228740157481
0
LINE
8
Edge.Cuts
6
CONTINUOUS
10
10.1495721653543303
20
-3.6136228740157481
11
10.1526544881889755
21
-3.6141719291338581
0
LINE
8
Edge.Cuts
6
CONTINUOUS
10
10.1526544881889755
20
-3.6141719291338581
11
10.154219921259843
21
-3.6141732677165352
0
LINE
8
Edge.Cuts
6
CONTINUOUS
10
10.154219921259843
20
-3.6141732677165352
11
10.2167751968503939
21
-3.6141732677165352
0
LINE
8
Edge.Cuts
6
CONTINUOUS
10
10.2167751968503939
20
-3.6141732677165352
11
10.2183405905511808
21
-3.6141718897637793
0
LINE
8
Edge.Cuts
6
CONTINUOUS
10
10.2183405905511808
20
-3.6141718897637793
11
10.2214229133858261
21
-3.6136228740157481
0
LINE
8
Edge.Cuts
6
CONTINUOUS
10
10.2214229133858261
20
-3.6136228740157481
11
10.2243612204724403
21
-3.6125418110236218
0
LINE
8
Edge.Cuts
6
CONTINUOUS
10
10.2243612204724403
20
-3.6125418110236218
11
10.2257134645669296
21
-3.6117532283464566
0
LINE
8
Edge.Cuts
6
CONTINUOUS
10
10.2257134645669296
20
-3.6117532283464566
11
10.2257138976377959
21
-3.6117531102362204
0
LINE
8
Edge.Cuts
6
CONTINUOUS
10
10.2257138976377959
20
-3.6117531102362204
11
10.230779094488188
21
-3.609603188976378
0
LINE
8
Edge.Cuts
6
CONTINUOUS
10
10.230779094488188
20
-3.609603188976378
11
10.2362230708661421
21
-3.6087994488188975
0
LINE
8
Edge.Cuts
6
CONTINUOUS
10
10.2362230708661421
20
-3.6087994488188975
11
10.2416938582677162
21
-3.6093939370078738
0
LINE
8
Edge.Cuts
6
CONTINUOUS
10
10.2416938582677162
20
-3.6093939370078738
11
10.2468381102362205
21
-3.6113483464566927
0
LINE
8
Edge.Cuts
6
CONTINUOUS
10
10.2468381102362205
20
-3.6113483464566927
11
10.2513235433070857
21
-3.614536377952756
0
LINE
8
Edge.Cuts
6
CONTINUOUS
10
10.2513235433070857
20
-3.614536377952756
11
10.2548605511811015
21
-3.6187521259842517
0
LINE
8
Edge.Cuts
6
CONTINUOUS
10
10.2548605511811015
20
-3.6187521259842517
11
10.2572206299212603
21
-3.6237233464566927
0
LINE
8
Edge.Cuts
6
CONTINUOUS
10
10.2572206299212603
20
-3.6237233464566927
11
10.2582513385826761
21
-3.6291289370078741
0
LINE
8
Edge.Cuts
6
CONTINUOUS
10
10.2582513385826761
20
-3.6291289370078741
11
10.257886102362205
21
-3.6346198031496062
0
LINE
8
Edge.Cuts
6
CONTINUOUS
10
10.257886102362205
20
-3.6346198031496062
11
10.2561485826771648
21
-3.6398412992125984
0
LINE
8
Edge.Cuts
6
CONTINUOUS
10
10.2561485826771648
20
-3.6398412992125984
11
10.2561485039370073
21
-3.6398413385826771
0
LINE
8
Edge.Cuts
6
CONTINUOUS
10
10.2561485039370073
20
-3.6398413385826771
11
10.2555730708661414
21
-3.6410370078740155
0
LINE
8
Edge.Cuts
6
CONTINUOUS
10
10.2555730708661414
20
-3.6410370078740155
11
10.2547909448818899
21
-3.6435738582677164
0
LINE
8
Edge.Cuts
6
CONTINUOUS
10
10.2547909448818899
20
-3.6435738582677164
11
10.2543952755905501
21
-3.6461988976377953
0
LINE
8
Edge.Cuts
6
CONTINUOUS
10
10.2543952755905501
20
-3.6461988976377953
11
10.2543951574803156
21
-3.6475259448818895
0
LINE
8
Edge.Cuts
6
CONTINUOUS
10
10.2543951574803156
20
-3.6475259448818895
11
10.2543951574803156
21
-3.7028678346456694
0
LINE
8
Edge.Cuts
6
CONTINUOUS
10
10.2543951574803156
20
-3.7028678346456694
11
10.2543951574803156
21
-3.7028678740157481
0
LINE
8
Edge.Cuts
6
CONTINUOUS
10
10.2543951574803156
20
-3.7028678740157481
11
10.2543950787401581
21
-3.7041951181102362
0
LINE
8
Edge.Cuts
6
CONTINUOUS
10
10.2543950787401581
20
-3.7041951181102362
11
10.2547905905511811
21
-3.7068199606299213
0
LINE
8
Edge.Cuts
6
CONTINUOUS
10
10.2547905905511811
20
-3.7068199606299213
11
10.2555727952755902
21
-3.7093565748031496
0
LINE
8
Edge.Cuts
6
CONTINUOUS
10
10.2555727952755902
20
-3.7093565748031496
11
10.256148543307086
21
-3.7105524409448818
0
LINE
8
Edge.Cuts
6
CONTINUOUS
10
10.256148543307086
20
-3.7105524409448818
11
10.256148543307086
21
-3.7105524803149605
0
LINE
8
Edge.Cuts
6
CONTINUOUS
10
10.256148543307086
20
-3.7105524803149605
11
10.2578861417322837
21
-3.7157739763779527
0
LINE
8
Edge.Cuts
6
CONTINUOUS
10
10.2578861417322837
20
-3.7157739763779527
11
10.2582513779527549
21
-3.7212648425196848
0
LINE
8
Edge.Cuts
6
CONTINUOUS
10
10.2582513779527549
20
-3.7212648425196848
11
10.257220669291339
21
-3.726670472440945
0
LINE
8
Edge.Cuts
6
CONTINUOUS
10
10.257220669291339
20
-3.726670472440945
11
10.2548605905511803
21
-3.7316416929133855
0
LINE
8
Edge.Cuts
6
CONTINUOUS
10
10.2548605905511803
20
-3.7316416929133855
11
10.2513236220472432
21
-3.7358574803149605
0
LINE
8
Edge.Cuts
6
CONTINUOUS
10
10.2513236220472432
20
-3.7358574803149605
11
10.2468381496062992
21
-3.7390455118110237
0
LINE
8
Edge.Cuts
6
CONTINUOUS
10
10.2468381496062992
20
-3.7390455118110237
11
10.2416938582677162
21
-3.7409999212598426
0
LINE
8
Edge.Cuts
6
CONTINUOUS
10
10.2416938582677162
20
-3.7409999212598426
11
10.2362230708661421
21
-3.7415944094488189
0
LINE
8
Edge.Cuts
6
CONTINUOUS
10
10.2362230708661421
20
-3.7415944094488189
11
10.230779094488188
21
-3.7407906692913384
0
LINE
8
Edge.Cuts
6
CONTINUOUS
10
10.230779094488188
20
-3.7407906692913384
11
10.2257135039370084
21
-3.7386405511811023
0
LINE
8
Edge.Cuts
6
CONTINUOUS
10
10.2257135039370084
20
-3.7386405511811023
11
10.2243612598425191
21
-3.7378519685039371
0
LINE
8
Edge.Cuts
6
CONTINUOUS
10
10.2243612598425191
20
-3.7378519685039371
11
10.2214229527559048
21
-3.7367709055118108
0
LINE
8
Edge.Cuts
6
CONTINUOUS
10
10.2214229527559048
20
-3.7367709055118108
11
10.2183406299212596
21
-3.7362218897637796
0
LINE
8
Edge.Cuts
6
CONTINUOUS
10
10.2183406299212596
20
-3.7362218897637796
11
10.2167752362204727
21
-3.7362205118110237
0
LINE
8
Edge.Cuts
6
CONTINUOUS
10
10.2167752362204727
20
-3.7362205118110237
11
10.2167751181102364
21
-3.7362204724409449
0
LINE
8
Edge.Cuts
6
CONTINUOUS
10
10.2167751181102364
20
-3.7362204724409449
11
10.1542198818897642
21
-3.7362204724409449
0
LINE
8
Edge.Cuts
6
CONTINUOUS
10
10.1542198818897642
20
-3.7362204724409449
11
10.1526544881889755
21
-3.7362218503937008
0
LINE
8
Edge.Cuts
6
CONTINUOUS
10
10.1526544881889755
20
-3.7362218503937008
11
10.1495721653543303
21
-3.736770866141732
0
LINE
8
Edge.Cuts
6
CONTINUOUS
10
10.1495721653543303
20
-3.736770866141732
11
10.146633858267716
21
-3.7378519291338583
0
LINE
8
Edge.Cuts
6
CONTINUOUS
10
10.146633858267716
20
-3.7378519291338583
11
10.1452816141732285
21
-3.7386405118110235
0
LINE
8
Edge.Cuts
6
CONTINUOUS
10
10.1452816141732285
20
-3.7386405118110235
11
10.1402160236220471
21
-3.7407906299212597
0
LINE
8
Edge.Cuts
6
CONTINUOUS
10
10.1402160236220471
20
-3.7407906299212597
11
10.1347720472440948
21
-3.7415944094488189
0
LINE
8
Edge.Cuts
6
CONTINUOUS
10
10.1347720472440948
20
-3.7415944094488189
11
10.1293012598425189
21
-3.7409998818897638
0
LINE
8
Edge.Cuts
6
CONTINUOUS
10
10.1293012598425189
20
-3.7409998818897638
11
10.1241570078740164
21
-3.7390455118110237
0
LINE
8
Edge.Cuts
6
CONTINUOUS
10
10.1241570078740164
20
-3.7390455118110237
11
10.1196715354330706
21
-3.7358574803149605
0
LINE
8
Edge.Cuts
6
CONTINUOUS
10
10.1196715354330706
20
-3.7358574803149605
11
10.1161345275590548
21
-3.7316416929133855
0
LINE
8
Edge.Cuts
6
CONTINUOUS
10
10.1161345275590548
20
-3.7316416929133855
11
10.1137744881889766
21
-3.726670472440945
0
LINE
8
Edge.Cuts
6
CONTINUOUS
10
10.1137744881889766
20
-3.726670472440945
11
10.112743779527559
21
-3.7212648425196848
0
LINE
8
Edge.Cuts
6
CONTINUOUS
10
10.112743779527559
20
-3.7212648425196848
11
10.1131089763779531
21
-3.7157739763779527
0
LINE
8
Edge.Cuts
6
CONTINUOUS
10
10.1131089763779531
20
-3.7157739763779527
11
10.1148465748031491
21
-3.7105524803149605
0
LINE
8
Edge.Cuts
6
CONTINUOUS
10
10.1148465748031491
20
-3.7105524803149605
11
10.1154222834645662
21
-3.7093566141732284
0
LINE
8
Edge.Cuts
6
CONTINUOUS
10
10.1154222834645662
20
-3.7093566141732284
11
10.116204488188977
21
-3.70682
0
LINE
8
Edge.Cuts
6
CONTINUOUS
10
10.116204488188977
20
-3.70682
11
10.1166
21
-3.7041951181102362
0
LINE
8
Edge.Cuts
6
CONTINUOUS
10
10.1166
20
-3.7041951181102362
11
10.1165999606299213
21
-3.7028678740157481
0
LINE
8
Edge.Cuts
6
CONTINUOUS
10
10.1165999606299213
20
-3.7028678740157481
11
10.1165999606299213
21
-3.7028678346456694
0
LINE
8
Edge.Cuts
6
CONTINUOUS
10
10.1165999606299213
20
-3.7028678346456694
11
10.1165999606299213
21
-3.6475259448818895
0
LINE
8
Edge.Cuts
6
CONTINUOUS
10
10.1165999606299213
20
-3.6475259448818895
11
10.1166
21
-3.6461987007874015
0
LINE
8
Edge.Cuts
6
CONTINUOUS
10
10.1166
20
-3.6461987007874015
11
10.116204488188977
21
-3.6435738188976377
0
LINE
8
Edge.Cuts
6
CONTINUOUS
10
10.116204488188977
20
-3.6435738188976377
11
10.1154222834645662
21
-3.6410371653543305
0
LINE
8
Edge.Cuts
6
CONTINUOUS
10
10.1154222834645662
20
-3.6410371653543305
11
10.1148465748031491
21
-3.6398412992125984
0
LINE
8
Edge.Cuts
6
CONTINUOUS
10
10.1148465748031491
20
-3.6398412992125984
11
10.1131089763779531
21
-3.634619842519685
0
LINE
8
Edge.Cuts
6
CONTINUOUS
10
10.1131089763779531
20
-3.634619842519685
11
10.1127437401574802
21
-3.6291289763779528
0
LINE
8
Edge.Cuts
6
CONTINUOUS
10
10.1127437401574802
20
-3.6291289763779528
11
10.1137744488188979
21
-3.6237233464566927
0
LINE
8
Edge.Cuts
6
CONTINUOUS
10
10.1137744488188979
20
-3.6237233464566927
11
10.1161344881889761
21
-3.6187520866141734
0
LINE
8
Edge.Cuts
6
CONTINUOUS
10
10.1161344881889761
20
-3.6187520866141734
11
10.1196714960629919
21
-3.6145362992125984
0
LINE
8
Edge.Cuts
6
CONTINUOUS
10
10.1196714960629919
20
-3.6145362992125984
11
10.1241569685039376
21
-3.6113482677165352
0
LINE
8
Edge.Cuts
6
CONTINUOUS
10
10.1241569685039376
20
-3.6113482677165352
11
10.1293012204724402
21
-3.6093938582677163
0
LINE
8
Edge.Cuts
6
CONTINUOUS
10
10.1293012204724402
20
-3.6093938582677163
11
10.1347720472440948
21
-3.60879937007874
0
LINE
8
Edge.Cuts
6
CONTINUOUS
10
10.1347720472440948
20
-3.60879937007874
11
10.1402160236220471
21
-3.6096031102362205
0
LINE
8
Edge.Cuts
6
CONTINUOUS
10
10.1280149606299208
20
-3.6137557086614174
11
10.1240117716535423
21
-3.6158934645669292
0
LINE
8
Edge.Cuts
6
CONTINUOUS
10
10.1240117716535423
20
-3.6158934645669292
11
10.1206767322834637
21
-3.6189713385826772
0
LINE
8
Edge.Cuts
6
CONTINUOUS
10
10.1206767322834637
20
-3.6189713385826772
11
10.1182252362204714
21
-3.6227905118110235
0
LINE
8
Edge.Cuts
6
CONTINUOUS
10
10.1182252362204714
20
-3.6227905118110235
11
10.1168156692913378
21
-3.6271042913385827
0
LINE
8
Edge.Cuts
6
CONTINUOUS
10
10.1168156692913378
20
-3.6271042913385827
11
10.1165390157480317
21
-3.6316340944881889
0
LINE
8
Edge.Cuts
6
CONTINUOUS
10
10.1165390157480317
20
-3.6316340944881889
11
10.1174131889763785
21
-3.6360873622047243
0
LINE
8
Edge.Cuts
6
CONTINUOUS
10
10.1174131889763785
20
-3.6360873622047243
11
10.1183938582677158
21
-3.638133503937008
0
LINE
8
Edge.Cuts
6
CONTINUOUS
10
10.1183938582677158
20
-3.638133503937008
11
10.1183938976377945
21
-3.6381335826771655
0
LINE
8
Edge.Cuts
6
CONTINUOUS
10
10.1183938976377945
20
-3.6381335826771655
11
10.1195755511811019
21
-3.6411453937007874
0
LINE
8
Edge.Cuts
6
CONTINUOUS
10
10.1195755511811019
20
-3.6411453937007874
11
10.1202952755905518
21
-3.6442996456692911
0
LINE
8
Edge.Cuts
6
CONTINUOUS
10
10.1202952755905518
20
-3.6442996456692911
11
10.1205369685039361
21
-3.6475259448818895
0
LINE
8
Edge.Cuts
6
CONTINUOUS
10
10.1205369685039361
20
-3.6475259448818895
11
10.1205369685039361
21
-3.7028678346456694
0
LINE
8
Edge.Cuts
6
CONTINUOUS
10
10.1205369685039361
20
-3.7028678346456694
11
10.1205369685039361
21
-3.7028678740157481
0
LINE
8
Edge.Cuts
6
CONTINUOUS
10
10.1205369685039361
20
-3.7028678740157481
11
10.1202952755905518
21
-3.7060941338582678
0
LINE
8
Edge.Cuts
6
CONTINUOUS
10
10.1202952755905518
20
-3.7060941338582678
11
10.1195755511811019
21
-3.7092483858267715
0
LINE
8
Edge.Cuts
6
CONTINUOUS
10
10.1195755511811019
20
-3.7092483858267715
11
10.1183938976377945
21
-3.7122601968503934
0
LINE
8
Edge.Cuts
6
CONTINUOUS
10
10.1183938976377945
20
-3.7122601968503934
11
10.1174131889763785
21
-3.7143064566929134
0
LINE
8
Edge.Cuts
6
CONTINUOUS
10
10.1174131889763785
20
-3.7143064566929134
11
10.1165390551181105
21
-3.71875968503937
0
LINE
8
Edge.Cuts
6
CONTINUOUS
10
10.1165390551181105
20
-3.71875968503937
11
10.1168157086614166
21
-3.7232894881889762
0
LINE
8
Edge.Cuts
6
CONTINUOUS
10
10.1168157086614166
20
-3.7232894881889762
11
10.1182252755905502
21
-3.7276033070866141
0
LINE
8
Edge.Cuts
6
CONTINUOUS
10
10.1182252755905502
20
-3.7276033070866141
11
10.1206767716535424
21
-3.7314224409448817
0
LINE
8
Edge.Cuts
6
CONTINUOUS
10
10.1206767716535424
20
-3.7314224409448817
11
10.124011811023621
21
-3.7345003149606297
0
LINE
8
Edge.Cuts
6
CONTINUOUS
10
10.124011811023621
20
-3.7345003149606297
11
10.1280149999999995
21
-3.7366380708661415
0
LINE
8
Edge.Cuts
6
CONTINUOUS
10
10.1280149999999995
20
-3.7366380708661415
11
10.132427795275591
21
-3.7376976771653543
0
LINE
8
Edge.Cuts
6
CONTINUOUS
10
10.132427795275591
20
-3.7376976771653543
11
10.1369652362204725
21
-3.7376106692913384
0
LINE
8
Edge.Cuts
6
CONTINUOUS
10
10.1369652362204725
20
-3.7376106692913384
11
10.141334173228346
21
-3.7363827165354331
0
LINE
8
Edge.Cuts
6
CONTINUOUS
10
10.141334173228346
20
-3.7363827165354331
11
10.1432953149606302
21
-3.7352412992125985
0
LINE
8
Edge.Cuts
6
CONTINUOUS
10
10.1432953149606302
20
-3.7352412992125985
11
10.1467431496062996
21
-3.7336152362204724
0
LINE
8
Edge.Cuts
6
CONTINUOUS
10
10.1467431496062996
20
-3.7336152362204724
11
10.1504226771653538
21
-3.7326190157480315
0
LINE
8
Edge.Cuts
6
CONTINUOUS
10
10.1504226771653538
20
-3.7326190157480315
11
10.1542198818897642
21
-3.7322834645669292
0
LINE
8
Edge.Cuts
6
CONTINUOUS
10
10.1542198818897642
20
-3.7322834645669292
11
10.2167751968503939
21
-3.7322834645669292
0
LINE
8
Edge.Cuts
6
CONTINUOUS
10
10.2167751968503939
20
-3.7322834645669292
11
10.2167755118110239
21
-3.7322835039370079
0
LINE
8
Edge.Cuts
6
CONTINUOUS
10
10.2167755118110239
20
-3.7322835039370079
11
10.2205724409448813
21
-3.7326190551181102
0
LINE
8
Edge.Cuts
6
CONTINUOUS
10
10.2205724409448813
20
-3.7326190551181102
11
10.2242519685039372
21
-3.7336152755905512
0
LINE
8
Edge.Cuts
6
CONTINUOUS
10
10.2242519685039372
20
-3.7336152755905512
11
10.2276998031496067
21
-3.7352413385826773
0
LINE
8
Edge.Cuts
6
CONTINUOUS
10
10.2276998031496067
20
-3.7352413385826773
11
10.2296609448818892
21
-3.7363827559055118
0
LINE
8
Edge.Cuts
6
CONTINUOUS
10
10.2296609448818892
20
-3.7363827559055118
11
10.2340299212598431
21
-3.7376107086614172
0
LINE
8
Edge.Cuts
6
CONTINUOUS
10
10.2340299212598431
20
-3.7376107086614172
11
10.2385673228346459
21
-3.737697716535433
0
LINE
8
Edge.Cuts
6
CONTINUOUS
10
10.2385673228346459
20
-3.737697716535433
11
10.2429801181102356
21
-3.7366381102362203
0
LINE
8
Edge.Cuts
6
CONTINUOUS
10
10.2429801181102356
20
-3.7366381102362203
11
10.2469833464566928
21
-3.7345003149606297
0
LINE
8
Edge.Cuts
6
CONTINUOUS
10
10.2469833464566928
20
-3.7345003149606297
11
10.2503183858267715
21
-3.7314224803149605
0
LINE
8
Edge.Cuts
6
CONTINUOUS
10
10.2503183858267715
20
-3.7314224803149605
11
10.2527698425196849
21
-3.7276033070866141
0
LINE
8
Edge.Cuts
6
CONTINUOUS
10
10.2527698425196849
20
-3.7276033070866141
11
10.2541794488188973
21
-3.723289527559055
0
LINE
8
Edge.Cuts
6
CONTINUOUS
10
10.2541794488188973
20
-3.723289527559055
11
10.2544560629921264
21
-3.7187597244094488
0
LINE
8
Edge.Cuts
6
CONTINUOUS
10
10.2544560629921264
20
-3.7187597244094488
11
10.2535819291338584
21
-3.7143064566929134
0
LINE
8
Edge.Cuts
6
CONTINUOUS
10
10.2535819291338584
20
-3.7143064566929134
11
10.2526012204724406
21
-3.7122601968503934
0
LINE
8
Edge.Cuts
6
CONTINUOUS
10
10.2526012204724406
20
-3.7122601968503934
11
10.2514195275590545
21
-3.7092483858267715
0
LINE
8
Edge.Cuts
6
CONTINUOUS
10
10.2514195275590545
20
-3.7092483858267715
11
10.2506998031496064
21
-3.7060940944881891
0
LINE
8
Edge.Cuts
6
CONTINUOUS
10
10.2506998031496064
20
-3.7060940944881891
11
10.250458149606299
21
-3.7028677952755906
0
LINE
8
Edge.Cuts
6
CONTINUOUS
10
10.250458149606299
20
-3.7028677952755906
11
10.250458149606299
21
-3.6475259448818895
0
LINE
8
Edge.Cuts
6
CONTINUOUS
10
10.250458149606299
20
-3.6475259448818895
11
10.2504581889763777
21
-3.6475257086614175
0
LINE
8
Edge.Cuts
6
CONTINUOUS
10
10.2504581889763777
20
-3.6475257086614175
11
10.250458149606299
21
-3.6475255905511812
0
LINE
8
Edge.Cuts
6
CONTINUOUS
10
10.250458149606299
20
-3.6475255905511812
11
10.2507001968503939
21
-3.6442995669291336
0
LINE
8
Edge.Cuts
6
CONTINUOUS
10
10.2507001968503939
20
-3.6442995669291336
11
10.2514198425196845
21
-3.6411455905511811
0
LINE
8
Edge.Cuts
6
CONTINUOUS
10
10.2514198425196845
20
-3.6411455905511811
11
10.2526010629921256
21
-3.638133897637795
0
LINE
8
Edge.Cuts
6
CONTINUOUS
10
10.2526010629921256
20
-3.638133897637795
11
10.2526011417322831
21
-3.6381337795275588
0
LINE
8
Edge.Cuts
6
CONTINUOUS
10
10.2526011417322831
20
-3.6381337795275588
11
10.2526011811023618
21
-3.6381335826771655
0
LINE
8
Edge.Cuts
6
CONTINUOUS
10
10.2526011811023618
20
-3.6381335826771655
11
10.2535818897637796
21
-3.6360873622047243
0
LINE
8
Edge.Cuts
6
CONTINUOUS
10
10.2535818897637796
20
-3.6360873622047243
11
10.2544560629921264
21
-3.6316340944881889
0
LINE
8
Edge.Cuts
6
CONTINUOUS
10
10.2544560629921264
20
-3.6316340944881889
11
10.2541793700787398
21
-3.6271042913385827
0
LINE
8
Edge.Cuts
6
CONTINUOUS
10
10.2541793700787398
20
-3.6271042913385827
11
10.2527698031496062
21
-3.6227905118110235
0
LINE
8
Edge.Cuts
6
CONTINUOUS
10
10.2527698031496062
20
-3.6227905118110235
11
10.250318307086614
21
-3.6189713779527559
0
LINE
8
Edge.Cuts
6
CONTINUOUS
10
10.250318307086614
20
-3.6189713779527559
11
10.2469833070866141
21
-3.6158935433070867
0
LINE
8
Edge.Cuts
6
CONTINUOUS
10
10.2469833070866141
20
-3.6158935433070867
11
10.2429800787401568
21
-3.6137557874015749
0
LINE
8
Edge.Cuts
6
CONTINUOUS
10
10.2429800787401568
20
-3.6137557874015749
11
10.2385672834645671
21
-3.6126961811023621
0
LINE
8
Edge.Cuts
6
CONTINUOUS
10
10.2385672834645671
20
-3.6126961811023621
11
10.2340298818897644
21
-3.6127831496062992
0
LINE
8
Edge.Cuts
6
CONTINUOUS
10
10.2340298818897644
20
-3.6127831496062992
11
10.2296609448818892
21
-3.6140111023622046
0
LINE
8
Edge.Cuts
6
CONTINUOUS
10
10.2296609448818892
20
-3.6140111023622046
11
10.2276998031496067
21
-3.6151525196850391
0
LINE
8
Edge.Cuts
6
CONTINUOUS
10
10.2276998031496067
20
-3.6151525196850391
11
10.2276994094488192
21
-3.6151525984251967
0
LINE
8
Edge.Cuts
6
CONTINUOUS
10
10.2276994094488192
20
-3.6151525984251967
11
10.2242519291338585
21
-3.6167785039370077
0
LINE
8
Edge.Cuts
6
CONTINUOUS
10
10.2242519291338585
20
-3.6167785039370077
11
10.2205724015748025
21
-3.6177747244094487
0
LINE
8
Edge.Cuts
6
CONTINUOUS
10
10.2205724015748025
20
-3.6177747244094487
11
10.2167751968503939
21
-3.618110275590551
0
LINE
8
Edge.Cuts
6
CONTINUOUS
10
10.2167751968503939
20
-3.618110275590551
11
10.154219921259843
21
-3.618110275590551
0
LINE
8
Edge.Cuts
6
CONTINUOUS
10
10.154219921259843
20
-3.618110275590551
11
10.1504226771653538
21
-3.6177747244094487
0
LINE
8
Edge.Cuts
6
CONTINUOUS
10
10.1504226771653538
20
-3.6177747244094487
11
10.1467431496062996
21
-3.6167785039370077
0
LINE
8
Edge.Cuts
6
CONTINUOUS
10
10.1467431496062996
20
-3.6167785039370077
11
10.1432953149606302
21
-3.6151524409448816
0
LINE
8
Edge.Cuts
6
CONTINUOUS
10
10.1432953149606302
20
-3.6151524409448816
11
10.141334173228346
21
-3.6140110236220471
0
LINE
8
Edge.Cuts
6
CONTINUOUS
10
10.141334173228346
20
-3.6140110236220471
11
10.1369651968503938
21
-3.6127830708661417
0
LINE
8
Edge.Cuts
6
CONTINUOUS
10
10.1369651968503938
20
-3.6127830708661417
11
10.132427795275591
21
-3.6126960629921259
0
LINE
8
Edge.Cuts
6
CONTINUOUS
10
10.132427795275591
20
-3.6126960629921259
11
10.1280149606299208
21
-3.6137557086614174
0
LINE
8
Edge.Cuts
6
CONTINUOUS
10
2.8377568503937005
20
-3.5239607480314961
11
2.8429011023622048
21
-3.5259151181102362
0
LINE
8
Edge.Cuts
6
CONTINUOUS
10
2.8429011023622048
20
-3.5259151181102362
11
2.8473865748031497
21
-3.529103149606299
0
LINE
8
Edge.Cuts
6
CONTINUOUS
10
2.8473865748031497
20
-3.529103149606299
11
2.8509235826771655
21
-3.5333189370078739
0
LINE
8
Edge.Cuts
6
CONTINUOUS
10
2.8509235826771655
20
-3.5333189370078739
11
2.8532836220472442
21
-3.5382901574803149
0
LINE
8
Edge.Cuts
6
CONTINUOUS
10
2.8532836220472442
20
-3.5382901574803149
11
2.8543143307086614
21
-3.5436957874015746
0
LINE
8
Edge.Cuts
6
CONTINUOUS
10
2.8543143307086614
20
-3.5436957874015746
11
2.8539491338582677
21
-3.5491866535433072
0
LINE
8
Edge.Cuts
6
CONTINUOUS
10
2.8539491338582677
20
-3.5491866535433072
11
2.8522115354330708
21
-3.5544081496062989
0
LINE
8
Edge.Cuts
6
CONTINUOUS
10
2.8522115354330708
20
-3.5544081496062989
11
2.8516358267716533
21
-3.5556040157480315
0
LINE
8
Edge.Cuts
6
CONTINUOUS
10
2.8516358267716533
20
-3.5556040157480315
11
2.8508536220472442
21
-3.5581406299212599
0
LINE
8
Edge.Cuts
6
CONTINUOUS
10
2.8508536220472442
20
-3.5581406299212599
11
2.8504581102362203
21
-3.5607655118110237
0
LINE
8
Edge.Cuts
6
CONTINUOUS
10
2.8504581102362203
20
-3.5607655118110237
11
2.8504581496062991
21
-3.5620927559055118
0
LINE
8
Edge.Cuts
6
CONTINUOUS
10
2.8504581496062991
20
-3.5620927559055118
11
2.8504581496062991
21
-3.5620927952755905
0
LINE
8
Edge.Cuts
6
CONTINUOUS
10
2.8504581496062991
20
-3.5620927952755905
11
2.8504581496062991
21
-3.6174346850393699
0
LINE
8
Edge.Cuts
6
CONTINUOUS
10
2.8504581496062991
20
-3.6174346850393699
11
2.8504581102362203
21
-3.618761929133858
0
LINE
8
Edge.Cuts
6
CONTINUOUS
10
2.8504581102362203
20
-3.618761929133858
11
2.8508536220472442
21
-3.6213868110236218
0
LINE
8
Edge.Cuts
6
CONTINUOUS
10
2.8508536220472442
20
-3.6213868110236218
11
2.8516358267716533
21
-3.6239234645669289
0
LINE
8
Edge.Cuts
6
CONTINUOUS
10
2.8516358267716533
20
-3.6239234645669289
11
2.8522114960629921
21
-3.6251192125984253
0
LINE
8
Edge.Cuts
6
CONTINUOUS
10
2.8522114960629921
20
-3.6251192125984253
11
2.8522115354330708
21
-3.6251192913385828
0
LINE
8
Edge.Cuts
6
CONTINUOUS
10
2.8522115354330708
20
-3.6251192913385828
11
2.8539491338582677
21
-3.6303407874015745
0
LINE
8
Edge.Cuts
6
CONTINUOUS
10
2.8539491338582677
20
-3.6303407874015745
11
2.8543143700787401
21
-3.6358316535433071
0
LINE
8
Edge.Cuts
6
CONTINUOUS
10
2.8543143700787401
20
-3.6358316535433071
11
2.8532836614173229
21
-3.6412372834645668
0
LINE
8
Edge.Cuts
6
CONTINUOUS
10
2.8532836614173229
20
-3.6412372834645668
11
2.8509236220472438
21
-3.6462085433070865
0
LINE
8
Edge.Cuts
6
CONTINUOUS
10
2.8509236220472438
20
-3.6462085433070865
11
2.8473866141732285
21
-3.6504243307086615
0
LINE
8
Edge.Cuts
6
CONTINUOUS
10
2.8473866141732285
20
-3.6504243307086615
11
2.8429011417322836
21
-3.6536123622047243
0
LINE
8
Edge.Cuts
6
CONTINUOUS
10
2.8429011417322836
20
-3.6536123622047243
11
2.8377568897637793
21
-3.6555667716535432
0
LINE
8
Edge.Cuts
6
CONTINUOUS
10
2.8377568897637793
20
-3.6555667716535432
11
2.832286062992126
21
-3.6561612598425195
0
LINE
8
Edge.Cuts
6
CONTINUOUS
10
2.832286062992126
20
-3.6561612598425195
11
2.8268420866141732
21
-3.6553575196850394
0
LINE
8
Edge.Cuts
6
CONTINUOUS
10
2.8268420866141732
20
-3.6553575196850394
11
2.8217764960629919
21
-3.6532074015748033
0
LINE
8
Edge.Cuts
6
CONTINUOUS
10
2.8217764960629919
20
-3.6532074015748033
11
2.8204242519685039
21
-3.6524188188976376
0
LINE
8
Edge.Cuts
6
CONTINUOUS
10
2.8204242519685039
20
-3.6524188188976376
11
2.8174859448818896
21
-3.6513377559055118
0
LINE
8
Edge.Cuts
6
CONTINUOUS
10
2.8174859448818896
20
-3.6513377559055118
11
2.8144036220472439
21
-3.6507887007874014
0
LINE
8
Edge.Cuts
6
CONTINUOUS
10
2.8144036220472439
20
-3.6507887007874014
11
2.8128381889763778
21
-3.6507873622047242
0
LINE
8
Edge.Cuts
6
CONTINUOUS
10
2.8128381889763778
20
-3.6507873622047242
11
2.7502829133858269
21
-3.6507873622047242
0
LINE
8
Edge.Cuts
6
CONTINUOUS
10
2.7502829133858269
20
-3.6507873622047242
11
2.7487175196850395
21
-3.6507887401574801
0
LINE
8
Edge.Cuts
6
CONTINUOUS
10
2.7487175196850395
20
-3.6507887401574801
11
2.7456351968503938
21
-3.6513377559055118
0
LINE
8
Edge.Cuts
6
CONTINUOUS
10
2.7456351968503938
20
-3.6513377559055118
11
2.7426968897637796
21
-3.6524188188976376
0
LINE
8
Edge.Cuts
6
CONTINUOUS
10
2.7426968897637796
20
-3.6524188188976376
11
2.7413446456692911
21
-3.6532074015748033
0
LINE
8
Edge.Cuts
6
CONTINUOUS
10
2.7413446456692911
20
-3.6532074015748033
11
2.7413441732283466
21
-3.6532074803149603
0
LINE
8
Edge.Cuts
6
CONTINUOUS
10
2.7413441732283466
20
-3.6532074803149603
11
2.7362790157480315
21
-3.6553574409448819
0
LINE
8
Edge.Cuts
6
CONTINUOUS
10
2.7362790157480315
20
-3.6553574409448819
11
2.7308350393700787
21
-3.656161181102362
0
LINE
8
Edge.Cuts
6
CONTINUOUS
10
2.7308350393700787
20
-3.656161181102362
11
2.7253642519685037
21
-3.6555666929133857
0
LINE
8
Edge.Cuts
6
CONTINUOUS
10
2.7253642519685037
20
-3.6555666929133857
11
2.7202199999999999
21
-3.6536122834645668
0
LINE
8
Edge.Cuts
6
CONTINUOUS
10
2.7202199999999999
20
-3.6536122834645668
11
2.7157345669291337
21
-3.650424251968504
0
LINE
8
Edge.Cuts
6
CONTINUOUS
10
2.7157345669291337
20
-3.650424251968504
11
2.7121975590551179
21
-3.6462085039370078
0
LINE
8
Edge.Cuts
6
CONTINUOUS
10
2.7121975590551179
20
-3.6462085039370078
11
2.7098374803149605
21
-3.6412372834645668
0
LINE
8
Edge.Cuts
6
CONTINUOUS
10
2.7098374803149605
20
-3.6412372834645668
11
2.7088067716535433
21
-3.6358316929133858
0
LINE
8
Edge.Cuts
6
CONTINUOUS
10
2.7088067716535433
20
-3.6358316929133858
11
2.7091720078740158
21
-3.6303408267716533
0
LINE
8
Edge.Cuts
6
CONTINUOUS
10
2.7091720078740158
20
-3.6303408267716533
11
2.7109095275590551
21
-3.6251193307086615
0
LINE
8
Edge.Cuts
6
CONTINUOUS
10
2.7109095275590551
20
-3.6251193307086615
11
2.7109095669291339
21
-3.625119251968504
0
LINE
8
Edge.Cuts
6
CONTINUOUS
10
2.7109095669291339
20
-3.625119251968504
11
2.7114850393700789
21
-3.6239236220472439
0
LINE
8
Edge.Cuts
6
CONTINUOUS
10
2.7114850393700789
20
-3.6239236220472439
11
2.7122671653543304
21
-3.6213867716535431
0
LINE
8
Edge.Cuts
6
CONTINUOUS
10
2.7122671653543304
20
-3.6213867716535431
11
2.7126628346456694
21
-3.6187617322834646
0
LINE
8
Edge.Cuts
6
CONTINUOUS
10
2.7126628346456694
20
-3.6187617322834646
11
2.7126629527559056
21
-3.6174344094488187
0
LINE
8
Edge.Cuts
6
CONTINUOUS
10
2.7126629527559056
20
-3.6174344094488187
11
2.7126629527559056
21
-3.5620927952755905
0
LINE
8
Edge.Cuts
6
CONTINUOUS
10
2.7126629527559056
20
-3.5620927952755905
11
2.7126629527559056
21
-3.5620927559055118
0
LINE
8
Edge.Cuts
6
CONTINUOUS
10
2.7126629527559056
20
-3.5620927559055118
11
2.7126630314960631
21
-3.5607655118110237
0
LINE
8
Edge.Cuts
6
CONTINUOUS
10
2.7126630314960631
20
-3.5607655118110237
11
2.7122675196850392
21
-3.5581406692913387
0
LINE
8
Edge.Cuts
6
CONTINUOUS
10
2.7122675196850392
20
-3.5581406692913387
11
2.7114853149606297
21
-3.5556040551181103
0
LINE
8
Edge.Cuts
6
CONTINUOUS
10
2.7114853149606297
20
-3.5556040551181103
11
2.7109095669291339
21
-3.5544081889763777
0
LINE
8
Edge.Cuts
6
CONTINUOUS
10
2.7109095669291339
20
-3.5544081889763777
11
2.7109095275590551
21
-3.5544081102362206
0
LINE
8
Edge.Cuts
6
CONTINUOUS
10
2.7109095275590551
20
-3.5544081102362206
11
2.709171968503937
21
-3.5491866535433072
0
LINE
8
Edge.Cuts
6
CONTINUOUS
10
2.709171968503937
20
-3.5491866535433072
11
2.7088067322834646
21
-3.5436957874015746
0
LINE
8
Edge.Cuts
6
CONTINUOUS
10
2.7088067322834646
20
-3.5436957874015746
11
2.7098374409448818
21
-3.5382901574803149
0
LINE
8
Edge.Cuts
6
CONTINUOUS
10
2.7098374409448818
20
-3.5382901574803149
11
2.7121975196850392
21
-3.5333189370078739
0
LINE
8
Edge.Cuts
6
CONTINUOUS
10
2.7121975196850392
20
-3.5333189370078739
11
2.7157344881889762
21
-3.529103149606299
0
LINE
8
Edge.Cuts
6
CONTINUOUS
10
2.7157344881889762
20
-3.529103149606299
11
2.7202199606299211
21
-3.5259151181102362
0
LINE
8
Edge.Cuts
6
CONTINUOUS
10
2.7202199606299211
20
-3.5259151181102362
11
2.7253642519685037
21
-3.5239607086614173
0
LINE
8
Edge.Cuts
6
CONTINUOUS
10
2.7253642519685037
20
-3.5239607086614173
11
2.7308350393700787
21
-3.523366220472441
0
LINE
8
Edge.Cuts
6
CONTINUOUS
10
2.7308350393700787
20
-3.523366220472441
11
2.7362790157480315
21
-3.5241699606299211
0
LINE
8
Edge.Cuts
6
CONTINUOUS
10
2.7362790157480315
20
-3.5241699606299211
11
2.7413446062992124
21
-3.5263200787401572
0
LINE
8
Edge.Cuts
6
CONTINUOUS
10
2.7413446062992124
20
-3.5263200787401572
11
2.7426968503937008
21
-3.5271086614173228
0
LINE
8
Edge.Cuts
6
CONTINUOUS
10
2.7426968503937008
20
-3.5271086614173228
11
2.7456351574803151
21
-3.5281897244094487
0
LINE
8
Edge.Cuts
6
CONTINUOUS
10
2.7456351574803151
20
-3.5281897244094487
11
2.7487174803149608
21
-3.5287387401574803
0
LINE
8
Edge.Cuts
6
CONTINUOUS
10
2.7487174803149608
20
-3.5287387401574803
11
2.7502828740157481
21
-3.5287401181102362
0
LINE
8
Edge.Cuts
6
CONTINUOUS
10
2.7502828740157481
20
-3.5287401181102362
11
2.7502829921259844
21
-3.528740157480315
0
LINE
8
Edge.Cuts
6
CONTINUOUS
10
2.7502829921259844
20
-3.528740157480315
11
2.8128382283464566
21
-3.528740157480315
0
LINE
8
Edge.Cuts
6
CONTINUOUS
10
2.8128382283464566
20
-3.528740157480315
11
2.8144036220472439
21
-3.5287387795275591
0
LINE
8
Edge.Cuts
6
CONTINUOUS
10
2.8144036220472439
20
-3.5287387795275591
11
2.8174859448818896
21
-3.5281897637795274
0
LINE
8
Edge.Cuts
6
CONTINUOUS
10
2.8174859448818896
20
-3.5281897637795274
11
2.8204242519685039
21
-3.5271087007874016
0
LINE
8
Edge.Cuts
6
CONTINUOUS
10
2.8204242519685039
20
-3.5271087007874016
11
2.8217764960629919
21
-3.5263201181102359
0
LINE
8
Edge.Cuts
6
CONTINUOUS
10
2.8217764960629919
20
-3.5263201181102359
11
2.8268420866141732
21
-3.5241699999999998
0
LINE
8
Edge.Cuts
6
CONTINUOUS
10
2.8268420866141732
20
-3.5241699999999998
11
2.832286062992126
21
-3.523366220472441
0
LINE
8
Edge.Cuts
6
CONTINUOUS
10
2.832286062992126
20
-3.523366220472441
11
2.8377568503937005
21
-3.5239607480314961
0
LINE
8
Edge.Cuts
6
CONTINUOUS
10
2.7240779921259843
20
-3.5283225196850392
11
2.7200747637795275
21
-3.5304603149606297
0
LINE
8
Edge.Cuts
6
CONTINUOUS
10
2.7200747637795275
20
-3.5304603149606297
11
2.7167397244094489
21
-3.533538149606299
0
LINE
8
Edge.Cuts
6
CONTINUOUS
10
2.7167397244094489
20
-3.533538149606299
11
2.7142882677165354
21
-3.5373573228346458
0
LINE
8
Edge.Cuts
6
CONTINUOUS
10
2.7142882677165354
20
-3.5373573228346458
11
2.7128786614173226
21
-3.5416711023622045
0
LINE
8
Edge.Cuts
6
CONTINUOUS
10
2.7128786614173226
20
-3.5416711023622045
11
2.7126020472440944
21
-3.5462009055118111
0
LINE
8
Edge.Cuts
6
CONTINUOUS
10
2.7126020472440944
20
-3.5462009055118111
11
2.713476181102362
21
-3.5506541732283465
0
LINE
8
Edge.Cuts
6
CONTINUOUS
10
2.713476181102362
20
-3.5506541732283465
11
2.7144568503937005
21
-3.5527003149606298
0
LINE
8
Edge.Cuts
6
CONTINUOUS
10
2.7144568503937005
20
-3.5527003149606298
11
2.7144568897637793
21
-3.5527003937007873
0
LINE
8
Edge.Cuts
6
CONTINUOUS
10
2.7144568897637793
20
-3.5527003937007873
11
2.7156385826771654
21
-3.5557122440944879
0
LINE
8
Edge.Cuts
6
CONTINUOUS
10
2.7156385826771654
20
-3.5557122440944879
11
2.716358307086614
21
-3.5588665354330709
0
LINE
8
Edge.Cuts
6
CONTINUOUS
10
2.716358307086614
20
-3.5588665354330709
11
2.7165999212598426
21
-3.5620927559055118
0
LINE
8
Edge.Cuts
6
CONTINUOUS
10
2.7165999212598426
20
-3.5620927559055118
11
2.7165999606299214
21
-3.5620927952755905
0
LINE
8
Edge.Cuts
6
CONTINUOUS
10
2.7165999606299214
20
-3.5620927952755905
11
2.7165999606299214
21
-3.6174346850393699
0
LINE
8
Edge.Cuts
6
CONTINUOUS
10
2.7165999606299214
20
-3.6174346850393699
11
2.7165998818897639
21
-3.6174348818897637
0
LINE
8
Edge.Cuts
6
CONTINUOUS
10
2.7165998818897639
20
-3.6174348818897637
11
2.7165999606299214
21
-3.6174350393700787
0
LINE
8
Edge.Cuts
6
CONTINUOUS
10
2.7165999606299214
20
-3.6174350393700787
11
2.7163579133858269
21
-3.6206610629921259
0
LINE
8
Edge.Cuts
6
CONTINUOUS
10
2.7163579133858269
20
-3.6206610629921259
11
2.7156382677165354
21
-3.6238150393700788
0
LINE
8
Edge.Cuts
6
CONTINUOUS
10
2.7156382677165354
20
-3.6238150393700788
11
2.7144570472440943
21
-3.6268267322834644
0
LINE
8
Edge.Cuts
6
CONTINUOUS
10
2.7144570472440943
20
-3.6268267322834644
11
2.7144569291338581
21
-3.6268268110236219
0
LINE
8
Edge.Cuts
6
CONTINUOUS
10
2.7144569291338581
20
-3.6268268110236219
11
2.7144569291338581
21
-3.6268270472440944
0
LINE
8
Edge.Cuts
6
CONTINUOUS
10
2.7144569291338581
20
-3.6268270472440944
11
2.7134762204724407
21
-3.6288732677165352
0
LINE
8
Edge.Cuts
6
CONTINUOUS
10
2.7134762204724407
20
-3.6288732677165352
11
2.7126020472440944
21
-3.6333265354330706
0
LINE
8
Edge.Cuts
6
CONTINUOUS
10
2.7126020472440944
20
-3.6333265354330706
11
2.7128787401574801
21
-3.6378563385826772
0
LINE
8
Edge.Cuts
6
CONTINUOUS
10
2.7128787401574801
20
-3.6378563385826772
11
2.7142883070866142
21
-3.6421701181102359
0
LINE
8
Edge.Cuts
6
CONTINUOUS
10
2.7142883070866142
20
-3.6421701181102359
11
2.7167398031496064
21
-3.645989251968504
0
LINE
8
Edge.Cuts
6
CONTINUOUS
10
2.7167398031496064
20
-3.645989251968504
11
2.7200748031496063
21
-3.6490670866141732
0
LINE
8
Edge.Cuts
6
CONTINUOUS
10
2.7200748031496063
20
-3.6490670866141732
11
2.7240780314960631
21
-3.651204842519685
0
LINE
8
Edge.Cuts
6
CONTINUOUS
10
2.7240780314960631
20
-3.651204842519685
11
2.7284908267716537
21
-3.6522644488188973
0
LINE
8
Edge.Cuts
6
CONTINUOUS
10
2.7284908267716537
20
-3.6522644488188973
11
2.7330282283464564
21
-3.6521774803149607
0
LINE
8
Edge.Cuts
6
CONTINUOUS
10
2.7330282283464564
20
-3.6521774803149607
11
2.7373971653543308
21
-3.6509495275590549
0
LINE
8
Edge.Cuts
6
CONTINUOUS
10
2.7373971653543308
20
-3.6509495275590549
11
2.7393583070866141
21
-3.6498081102362203
0
LINE
8
Edge.Cuts
6
CONTINUOUS
10
2.7393583070866141
20
-3.6498081102362203
11
2.7393586614173229
21
-3.6498079921259841
0
LINE
8
Edge.Cuts
6
CONTINUOUS
10
2.7393586614173229
20
-3.6498079921259841
11
2.7428061811023623
21
-3.6481821259842517
0
LINE
8
Edge.Cuts
6
CONTINUOUS
10
2.7428061811023623
20
-3.6481821259842517
11
2.7464857086614174
21
-3.6471859055118108
0
LINE
8
Edge.Cuts
6
CONTINUOUS
10
2.7464857086614174
20
-3.6471859055118108
11
2.7502829133858269
21
-3.6468503543307085
0
LINE
8
Edge.Cuts
6
CONTINUOUS
10
2.7502829133858269
20
-3.6468503543307085
11
2.8128381889763778
21
-3.6468503543307085
0
LINE
8
Edge.Cuts
6
CONTINUOUS
10
2.8128381889763778
20
-3.6468503543307085
11
2.8166354330708661
21
-3.6471859055118108
0
LINE
8
Edge.Cuts
6
CONTINUOUS
10
2.8166354330708661
20
-3.6471859055118108
11
2.8203149606299212
21
-3.6481821259842517
0
LINE
8
Edge.Cuts
6
CONTINUOUS
10
2.8203149606299212
20
-3.6481821259842517
11
2.8237627952755906
21
-3.6498081889763778
0
LINE
8
Edge.Cuts
6
CONTINUOUS
10
2.8237627952755906
20
-3.6498081889763778
11
2.8257239370078739
21
-3.6509496062992124
0
LINE
8
Edge.Cuts
6
CONTINUOUS
10
2.8257239370078739
20
-3.6509496062992124
11
2.8300929133858266
21
-3.6521775590551182
0
LINE
8
Edge.Cuts
6
CONTINUOUS
10
2.8300929133858266
20
-3.6521775590551182
11
2.8346303149606298
21
-3.6522645669291336
0
LINE
8
Edge.Cuts
6
CONTINUOUS
10
2.8346303149606298
20
-3.6522645669291336
11
2.8390431496062991
21
-3.6512049212598425
0
LINE
8
Edge.Cuts
6
CONTINUOUS
10
2.8390431496062991
20
-3.6512049212598425
11
2.8430463385826772
21
-3.6490671653543307
0
LINE
8
Edge.Cuts
6
CONTINUOUS
10
2.8430463385826772
20
-3.6490671653543307
11
2.8463813779527558
21
-3.6459892913385827
0
LINE
8
Edge.Cuts
6
CONTINUOUS
10
2.8463813779527558
20
-3.6459892913385827
11
2.848832874015748
21
-3.6421701181102359
0
LINE
8
Edge.Cuts
6
CONTINUOUS
10
2.848832874015748
20
-3.6421701181102359
11
2.8502424409448817
21
-3.6378563385826772
0
LINE
8
Edge.Cuts
6
CONTINUOUS
10
2.8502424409448817
20
-3.6378563385826772
11
2.8505190944881891
21
-3.6333265354330706
0
LINE
8
Edge.Cuts
6
CONTINUOUS
10
2.8505190944881891
20
-3.6333265354330706
11
2.8496449212598423
21
-3.6288732677165352
0
LINE
8
Edge.Cuts
6
CONTINUOUS
10
2.8496449212598423
20
-3.6288732677165352
11
2.8486642125984249
21
-3.6268270078740157
0
LINE
8
Edge.Cuts
6
CONTINUOUS
10
2.8486642125984249
20
-3.6268270078740157
11
2.847482559055118
21
-3.6238152362204725
0
LINE
8
Edge.Cuts
6
CONTINUOUS
10
2.847482559055118
20
-3.6238152362204725
11
2.846762834645669
21
-3.6206609842519684
0
LINE
8
Edge.Cuts
6
CONTINUOUS
10
2.846762834645669
20
-3.6206609842519684
11
2.8465211417322833
21
-3.6174346850393699
0
LINE
8
Edge.Cuts
6
CONTINUOUS
10
2.8465211417322833
20
-3.6174346850393699
11
2.8465211417322833
21
-3.5620927952755905
0
LINE
8
Edge.Cuts
6
CONTINUOUS
10
2.8465211417322833
20
-3.5620927952755905
11
2.8465211417322833
21
-3.5620927559055118
0
LINE
8
Edge.Cuts
6
CONTINUOUS
10
2.8465211417322833
20
-3.5620927559055118
11
2.846762834645669
21
-3.5588664960629921
0
LINE
8
Edge.Cuts
6
CONTINUOUS
10
2.846762834645669
20
-3.5588664960629921
11
2.847482559055118
21
-3.5557122440944879
0
LINE
8
Edge.Cuts
6
CONTINUOUS
10
2.847482559055118
20
-3.5557122440944879
11
2.8486642125984249
21
-3.552700433070866
0
LINE
8
Edge.Cuts
6
CONTINUOUS
10
2.8486642125984249
20
-3.552700433070866
11
2.8496449212598423
21
-3.5506541732283465
0
LINE
8
Edge.Cuts
6
CONTINUOUS
10
2.8496449212598423
20
-3.5506541732283465
11
2.8505190551181103
21
-3.5462009448818899
0
LINE
8
Edge.Cuts
6
CONTINUOUS
10
2.8505190551181103
20
-3.5462009448818899
11
2.8502424015748029
21
-3.5416711417322833
0
LINE
8
Edge.Cuts
6
CONTINUOUS
10
2.8502424015748029
20
-3.5416711417322833
11
2.8488328346456693
21
-3.5373573228346458
0
LINE
8
Edge.Cuts
6
CONTINUOUS
10
2.8488328346456693
20
-3.5373573228346458
11
2.8463813385826771
21
-3.5335381889763777
0
LINE
8
Edge.Cuts
6
CONTINUOUS
10
2.8463813385826771
20
-3.5335381889763777
11
2.8430462992125984
21
-3.5304603149606297
0
LINE
8
Edge.Cuts
6
CONTINUOUS
10
2.8430462992125984
20
-3.5304603149606297
11
2.8390431102362204
21
-3.5283225590551179
0
LINE
8
Edge.Cuts
6
CONTINUOUS
10
2.8390431102362204
20
-3.5283225590551179
11
2.8346303149606298
21
-3.5272629527559056
0
LINE
8
Edge.Cuts
6
CONTINUOUS
10
2.8346303149606298
20
-3.5272629527559056
11
2.8300928740157478
21
-3.527349960629921
0
LINE
8
Edge.Cuts
6
CONTINUOUS
10
2.8300928740157478
20
-3.527349960629921
11
2.8257239370078739
21
-3.5285779133858268
0
LINE
8
Edge.Cuts
6
CONTINUOUS
10
2.8257239370078739
20
-3.5285779133858268
11
2.8237627952755906
21
-3.5297193307086614
0
LINE
8
Edge.Cuts
6
CONTINUOUS
10
2.8237627952755906
20
-3.5297193307086614
11
2.8203149606299212
21
-3.5313453937007875
0
LINE
8
Edge.Cuts
6
CONTINUOUS
10
2.8203149606299212
20
-3.5313453937007875
11
2.8166354330708661
21
-3.5323416141732285
0
LINE
8
Edge.Cuts
6
CONTINUOUS
10
2.8166354330708661
20
-3.5323416141732285
11
2.8128382283464566
21
-3.5326771653543307
0
LINE
8
Edge.Cuts
6
CONTINUOUS
10
2.8128382283464566
20
-3.5326771653543307
11
2.7502829133858269
21
-3.5326771653543307
0
LINE
8
Edge.Cuts
6
CONTINUOUS
10
2.7502829133858269
20
-3.5326771653543307
11
2.7502825590551181
21
-3.5326770866141732
0
LINE
8
Edge.Cuts
6
CONTINUOUS
10
2.7502825590551181
20
-3.5326770866141732
11
2.7464856692913386
21
-3.5323415748031497
0
LINE
8
Edge.Cuts
6
CONTINUOUS
10
2.7464856692913386
20
-3.5323415748031497
11
2.7428061417322835
21
-3.5313453543307087
0
LINE
8
Edge.Cuts
6
CONTINUOUS
10
2.7428061417322835
20
-3.5313453543307087
11
2.7393583070866141
21
-3.5297192913385826
0
LINE
8
Edge.Cuts
6
CONTINUOUS
10
2.7393583070866141
20
-3.5297192913385826
11
2.7373971653543308
21
-3.5285778740157481
0
LINE
8
Edge.Cuts
6
CONTINUOUS
10
2.7373971653543308
20
-3.5285778740157481
11
2.7330281889763777
21
-3.5273499212598423
0
LINE
8
Edge.Cuts
6
CONTINUOUS
10
2.7330281889763777
20
-3.5273499212598423
11
2.7284907874015749
21
-3.5272629133858269
0
LINE
8
Edge.Cuts
6
CONTINUOUS
10
2.7284907874015749
20
-3.5272629133858269
11
2.7240779921259843
21
-3.5283225196850392
0
LINE
8
Edge.Cuts
6
CONTINUOUS
10
9.3921845275590545
20
-3.519051929133858
11
9.3972501181102359
21
-3.5212020472440946
0
LINE
8
Edge.Cuts
6
CONTINUOUS
10
9.3972501181102359
20
-3.5212020472440946
11
9.3986023622047234
21
-3.5219906299212598
0
LINE
8
Edge.Cuts
6
CONTINUOUS
10
9.3986023622047234
20
-3.5219906299212598
11
9.4015406692913377
21
-3.5230716929133856
0
LINE
8
Edge.Cuts
6
CONTINUOUS
10
9.4015406692913377
20
-3.5230716929133856
11
9.4046229921259847
21
-3.5236207480314961
0
LINE
8
Edge.Cuts
6
CONTINUOUS
10
9.4046229921259847
20
-3.5236207480314961
11
9.4061884251968504
21
-3.5236220866141732
0
LINE
8
Edge.Cuts
6
CONTINUOUS
10
9.4061884251968504
20
-3.5236220866141732
11
9.4687437007874014
21
-3.5236220866141732
0
LINE
8
Edge.Cuts
6
CONTINUOUS
10
9.4687437007874014
20
-3.5236220866141732
11
9.4703090944881883
21
-3.5236207086614173
0
LINE
8
Edge.Cuts
6
CONTINUOUS
10
9.4703090944881883
20
-3.5236207086614173
11
9.4733914173228353
21
-3.5230716929133856
0
LINE
8
Edge.Cuts
6
CONTINUOUS
10
9.4733914173228353
20
-3.5230716929133856
11
9.4763297244094478
21
-3.5219906299212598
0
LINE
8
Edge.Cuts
6
CONTINUOUS
10
9.4763297244094478
20
-3.5219906299212598
11
9.4776819685039371
21
-3.5212020472440946
0
LINE
8
Edge.Cuts
6
CONTINUOUS
10
9.4776819685039371
20
-3.5212020472440946
11
9.4776824015748034
21
-3.5212019291338583
0
LINE
8
Edge.Cuts
6
CONTINUOUS
10
9.4776824015748034
20
-3.5212019291338583
11
9.4827475984251972
21
-3.5190520078740155
0
LINE
8
Edge.Cuts
6
CONTINUOUS
10
9.4827475984251972
20
-3.5190520078740155
11
9.4881915748031496
21
-3.5182482677165354
0
LINE
8
Edge.Cuts
6
CONTINUOUS
10
9.4881915748031496
20
-3.5182482677165354
11
9.4936623622047236
21
-3.5188427559055118
0
LINE
8
Edge.Cuts
6
CONTINUOUS
10
9.4936623622047236
20
-3.5188427559055118
11
9.4988066141732279
21
-3.5207971653543306
0
LINE
8
Edge.Cuts
6
CONTINUOUS
10
9.4988066141732279
20
-3.5207971653543306
11
9.5032920472440949
21
-3.5239851968503935
0
LINE
8
Edge.Cuts
6
CONTINUOUS
10
9.5032920472440949
20
-3.5239851968503935
11
9.5068290551181107
21
-3.5282009448818896
0
LINE
8
Edge.Cuts
6
CONTINUOUS
10
9.5068290551181107
20
-3.5282009448818896
11
9.5091891338582677
21
-3.5331721653543307
0
LINE
8
Edge.Cuts
6
CONTINUOUS
10
9.5091891338582677
20
-3.5331721653543307
11
9.5102198425196853
21
-3.5385777559055116
0
LINE
8
Edge.Cuts
6
CONTINUOUS
10
9.5102198425196853
20
-3.5385777559055116
11
9.5098546062992124
21
-3.5440686220472442
0
LINE
8
Edge.Cuts
6
CONTINUOUS
10
9.5098546062992124
20
-3.5440686220472442
11
9.5081170866141722
21
-3.5492901181102363
0
LINE
8
Edge.Cuts
6
CONTINUOUS
10
9.5081170866141722
20
-3.5492901181102363
11
9.5081170078740147
21
-3.5492901574803151
0
LINE
8
Edge.Cuts
6
CONTINUOUS
10
9.5081170078740147
20
-3.5492901574803151
11
9.5075415748031489
21
-3.5504858267716535
0
LINE
8
Edge.Cuts
6
CONTINUOUS
10
9.5075415748031489
20
-3.5504858267716535
11
9.5067594488188973
21
-3.5530226771653544
0
LINE
8
Edge.Cuts
6
CONTINUOUS
10
9.5067594488188973
20
-3.5530226771653544
11
9.5063637795275593
21
-3.5556477165354332
0
LINE
8
Edge.Cuts
6
CONTINUOUS
10
9.5063637795275593
20
-3.5556477165354332
11
9.506363661417323
21
-3.5569747637795275
0
LINE
8
Edge.Cuts
6
CONTINUOUS
10
9.506363661417323
20
-3.5569747637795275
11
9.506363661417323
21
-3.6123166535433069
0
LINE
8
Edge.Cuts
6
CONTINUOUS
10
9.506363661417323
20
-3.6123166535433069
11
9.506363661417323
21
-3.6123166929133856
0
LINE
8
Edge.Cuts
6
CONTINUOUS
10
9.506363661417323
20
-3.6123166929133856
11
9.5063635826771655
21
-3.6136439370078741
0
LINE
8
Edge.Cuts
6
CONTINUOUS
10
9.5063635826771655
20
-3.6136439370078741
11
9.5067590944881886
21
-3.6162687795275588
0
LINE
8
Edge.Cuts
6
CONTINUOUS
10
9.5067590944881886
20
-3.6162687795275588
11
9.5075412992125976
21
-3.6188053937007871
0
LINE
8
Edge.Cuts
6
CONTINUOUS
10
9.5075412992125976
20
-3.6188053937007871
11
9.5081170472440935
21
-3.6200012598425197
0
LINE
8
Edge.Cuts
6
CONTINUOUS
10
9.5081170472440935
20
-3.6200012598425197
11
9.5081170472440935
21
-3.6200012992125985
0
LINE
8
Edge.Cuts
6
CONTINUOUS
10
9.5081170472440935
20
-3.6200012992125985
11
9.5098546456692912
21
-3.6252227952755907
0
LINE
8
Edge.Cuts
6
CONTINUOUS
10
9.5098546456692912
20
-3.6252227952755907
11
9.5102198818897641
21
-3.6307136614173228
0
LINE
8
Edge.Cuts
6
CONTINUOUS
10
9.5102198818897641
20
-3.6307136614173228
11
9.5091891732283464
21
-3.6361192913385825
0
LINE
8
Edge.Cuts
6
CONTINUOUS
10
9.5091891732283464
20
-3.6361192913385825
11
9.5068290944881895
21
-3.6410905118110235
0
LINE
8
Edge.Cuts
6
CONTINUOUS
10
9.5068290944881895
20
-3.6410905118110235
11
9.5032921259842524
21
-3.6453062992125984
0
LINE
8
Edge.Cuts
6
CONTINUOUS
10
9.5032921259842524
20
-3.6453062992125984
11
9.4988066535433067
21
-3.6484943307086612
0
LINE
8
Edge.Cuts
6
CONTINUOUS
10
9.4988066535433067
20
-3.6484943307086612
11
9.4936623622047236
21
-3.6504487401574801
0
LINE
8
Edge.Cuts
6
CONTINUOUS
10
9.4936623622047236
20
-3.6504487401574801
11
9.4881915748031496
21
-3.6510432283464564
0
LINE
8
Edge.Cuts
6
CONTINUOUS
10
9.4881915748031496
20
-3.6510432283464564
11
9.4827475984251972
21
-3.6502394881889764
0
LINE
8
Edge.Cuts
6
CONTINUOUS
10
9.4827475984251972
20
-3.6502394881889764
11
9.4776820078740158
21
-3.6480893700787402
0
LINE
8
Edge.Cuts
6
CONTINUOUS
10
9.4776820078740158
20
-3.6480893700787402
11
9.4763297637795265
21
-3.6473007874015746
0
LINE
8
Edge.Cuts
6
CONTINUOUS
10
9.4763297637795265
20
-3.6473007874015746
11
9.473391456692914
21
-3.6462197244094487
0
LINE
8
Edge.Cuts
6
CONTINUOUS
10
9.473391456692914
20
-3.6462197244094487
11
9.470309133858267
21
-3.6456707086614171
0
LINE
8
Edge.Cuts
6
CONTINUOUS
10
9.470309133858267
20
-3.6456707086614171
11
9.4687437401574801
21
-3.6456693307086612
0
LINE
8
Edge.Cuts
6
CONTINUOUS
10
9.4687437401574801
20
-3.6456693307086612
11
9.4687436220472438
21
-3.6456692913385824
0
LINE
8
Edge.Cuts
6
CONTINUOUS
10
9.4687436220472438
20
-3.6456692913385824
11
9.4061883858267716
21
-3.6456692913385824
0
LINE
8
Edge.Cuts
6
CONTINUOUS
10
9.4061883858267716
20
-3.6456692913385824
11
9.4046229921259847
21
-3.6456706692913383
0
LINE
8
Edge.Cuts
6
CONTINUOUS
10
9.4046229921259847
20
-3.6456706692913383
11
9.4015406692913377
21
-3.64621968503937
0
LINE
8
Edge.Cuts
6
CONTINUOUS
10
9.4015406692913377
20
-3.64621968503937
11
9.3986023622047234
21
-3.6473007480314958
0
LINE
8
Edge.Cuts
6
CONTINUOUS
10
9.3986023622047234
20
-3.6473007480314958
11
9.3972501181102359
21
-3.6480893307086615
0
LINE
8
Edge.Cuts
6
CONTINUOUS
10
9.3972501181102359
20
-3.6480893307086615
11
9.3921845275590545
21
-3.6502394488188976
0
LINE
8
Edge.Cuts
6
CONTINUOUS
10
9.3921845275590545
20
-3.6502394488188976
11
9.3867405511811022
21
-3.6510432283464564
0
LINE
8
Edge.Cuts
6
CONTINUOUS
10
9.3867405511811022
20
-3.6510432283464564
11
9.3812697637795281
21
-3.6504487007874014
0
LINE
8
Edge.Cuts
6
CONTINUOUS
10
9.3812697637795281
20
-3.6504487007874014
11
9.3761255118110238
21
-3.6484943307086612
0
LINE
8
Edge.Cuts
6
CONTINUOUS
10
9.3761255118110238
20
-3.6484943307086612
11
9.3716400393700781
21
-3.6453062992125984
0
LINE
8
Edge.Cuts
6
CONTINUOUS
10
9.3716400393700781
20
-3.6453062992125984
11
9.3681030314960623
21
-3.6410905118110235
0
LINE
8
Edge.Cuts
6
CONTINUOUS
10
9.3681030314960623
20
-3.6410905118110235
11
9.365742992125984
21
-3.6361192913385825
0
LINE
8
Edge.Cuts
6
CONTINUOUS
10
9.365742992125984
20
-3.6361192913385825
11
9.3647122834645664
21
-3.6307136614173228
0
LINE
8
Edge.Cuts
6
CONTINUOUS
10
9.3647122834645664
20
-3.6307136614173228
11
9.3650774803149606
21
-3.6252227952755907
0
LINE
8
Edge.Cuts
6
CONTINUOUS
10
9.3650774803149606
20
-3.6252227952755907
11
9.3668150787401565
21
-3.6200012992125985
0
LINE
8
Edge.Cuts
6
CONTINUOUS
10
9.3668150787401565
20
-3.6200012992125985
11
9.3673907874015754
21
-3.6188054330708659
0
LINE
8
Edge.Cuts
6
CONTINUOUS
10
9.3673907874015754
20
-3.6188054330708659
11
9.3681729921259844
21
-3.6162688188976375
0
LINE
8
Edge.Cuts
6
CONTINUOUS
10
9.3681729921259844
20
-3.6162688188976375
11
9.3685685039370075
21
-3.6136439370078741
0
LINE
8
Edge.Cuts
6
CONTINUOUS
10
9.3685685039370075
20
-3.6136439370078741
11
9.3685684645669287
21
-3.6123166929133856
0
LINE
8
Edge.Cuts
6
CONTINUOUS
10
9.3685684645669287
20
-3.6123166929133856
11
9.3685684645669287
21
-3.6123166535433069
0
LINE
8
Edge.Cuts
6
CONTINUOUS
10
9.3685684645669287
20
-3.6123166535433069
11
9.3685684645669287
21
-3.5569747637795275
0
LINE
8
Edge.Cuts
6
CONTINUOUS
10
9.3685684645669287
20
-3.5569747637795275
11
9.3685685039370075
21
-3.5556475196850394
0
LINE
8
Edge.Cuts
6
CONTINUOUS
10
9.3685685039370075
20
-3.5556475196850394
11
9.3681729921259844
21
-3.5530226377952756
0
LINE
8
Edge.Cuts
6
CONTINUOUS
10
9.3681729921259844
20
-3.5530226377952756
11
9.3673907874015754
21
-3.5504859842519685
0
LINE
8
Edge.Cuts
6
CONTINUOUS
10
9.3673907874015754
20
-3.5504859842519685
11
9.3668150787401565
21
-3.5492901181102363
0
LINE
8
Edge.Cuts
6
CONTINUOUS
10
9.3668150787401565
20
-3.5492901181102363
11
9.3650774803149606
21
-3.5440686614173229
0
LINE
8
Edge.Cuts
6
CONTINUOUS
10
9.3650774803149606
20
-3.5440686614173229
11
9.3647122440944877
21
-3.5385777952755904
0
LINE
8
Edge.Cuts
6
CONTINUOUS
10
9.3647122440944877
20
-3.5385777952755904
11
9.3657429527559053
21
-3.5331721653543307
0
LINE
8
Edge.Cuts
6
CONTINUOUS
10
9.3657429527559053
20
-3.5331721653543307
11
9.3681029921259835
21
-3.5282009055118109
0
LINE
8
Edge.Cuts
6
CONTINUOUS
10
9.3681029921259835
20
-3.5282009055118109
11
9.3716399999999993
21
-3.523985118110236
0
LINE
8
Edge.Cuts
6
CONTINUOUS
10
9.3716399999999993
20
-3.523985118110236
11
9.3761254724409451
21
-3.5207970866141731
0
LINE
8
Edge.Cuts
6
CONTINUOUS
10
9.3761254724409451
20
-3.5207970866141731
11
9.3812697244094494
21
-3.5188426771653543
0
LINE
8
Edge.Cuts
6
CONTINUOUS
10
9.3812697244094494
20
-3.5188426771653543
11
9.3867405511811022
21
-3.5182481889763779
0
LINE
8
Edge.Cuts
6
CONTINUOUS
10
9.3867405511811022
20
-3.5182481889763779
11
9.3921845275590545
21
-3.519051929133858
0
LINE
8
Edge.Cuts
6
CONTINUOUS
10
9.3799834645669282
20
-3.5232045275590549
11
9.3759802755905515
21
-3.5253422834645667
0
LINE
8
Edge.Cuts
6
CONTINUOUS
10
9.3759802755905515
20
-3.5253422834645667
11
9.3726452362204729
21
-3.5284201574803147
0
LINE
8
Edge.Cuts
6
CONTINUOUS
10
9.3726452362204729
20
-3.5284201574803147
11
9.3701937401574806
21
-3.5322393307086615
0
LINE
8
Edge.Cuts
6
CONTINUOUS
10
9.3701937401574806
20
-3.5322393307086615
11
9.368784173228347
21
-3.5365531102362202
0
LINE
8
Edge.Cuts
6
CONTINUOUS
10
9.368784173228347
20
-3.5365531102362202
11
9.3685075196850391
21
-3.5410829133858268
0
LINE
8
Edge.Cuts
6
CONTINUOUS
10
9.3685075196850391
20
-3.5410829133858268
11
9.369381692913386
21
-3.5455361811023622
0
LINE
8
Edge.Cuts
6
CONTINUOUS
10
9.369381692913386
20
-3.5455361811023622
11
9.370362362204725
21
-3.5475823228346455
0
LINE
8
Edge.Cuts
6
CONTINUOUS
10
9.370362362204725
20
-3.5475823228346455
11
9.3703624015748037
21
-3.547582401574803
0
LINE
8
Edge.Cuts
6
CONTINUOUS
10
9.3703624015748037
20
-3.547582401574803
11
9.3715440551181093
21
-3.5505942125984253
0
LINE
8
Edge.Cuts
6
CONTINUOUS
10
9.3715440551181093
20
-3.5505942125984253
11
9.3722637795275592
21
-3.5537484645669291
0
LINE
8
Edge.Cuts
6
CONTINUOUS
10
9.3722637795275592
20
-3.5537484645669291
11
9.3725054724409453
21
-3.5569747637795275
0
LINE
8
Edge.Cuts
6
CONTINUOUS
10
9.3725054724409453
20
-3.5569747637795275
11
9.3725054724409453
21
-3.6123166535433069
0
LINE
8
Edge.Cuts
6
CONTINUOUS
10
9.3725054724409453
20
-3.6123166535433069
11
9.3725054724409453
21
-3.6123166929133856
0
LINE
8
Edge.Cuts
6
CONTINUOUS
10
9.3725054724409453
20
-3.6123166929133856
11
9.3722637795275592
21
-3.6155429527559053
0
LINE
8
Edge.Cuts
6
CONTINUOUS
10
9.3722637795275592
20
-3.6155429527559053
11
9.3715440551181093
21
-3.6186972047244095
0
LINE
8
Edge.Cuts
6
CONTINUOUS
10
9.3715440551181093
20
-3.6186972047244095
11
9.3703624015748037
21
-3.6217090157480314
0
LINE
8
Edge.Cuts
6
CONTINUOUS
10
9.3703624015748037
20
-3.6217090157480314
11
9.369381692913386
21
-3.6237552755905509
0
LINE
8
Edge.Cuts
6
CONTINUOUS
10
9.369381692913386
20
-3.6237552755905509
11
9.3685075590551179
21
-3.628208503937008
0
LINE
8
Edge.Cuts
6
CONTINUOUS
10
9.3685075590551179
20
-3.628208503937008
11
9.3687842125984258
21
-3.6327383070866142
0
LINE
8
Edge.Cuts
6
CONTINUOUS
10
9.3687842125984258
20
-3.6327383070866142
11
9.3701937795275594
21
-3.6370521259842521
0
LINE
8
Edge.Cuts
6
CONTINUOUS
10
9.3701937795275594
20
-3.6370521259842521
11
9.3726452755905516
21
-3.6408712598425197
0
LINE
8
Edge.Cuts
6
CONTINUOUS
10
9.3726452755905516
20
-3.6408712598425197
11
9.3759803149606302
21
-3.6439491338582677
0
LINE
8
Edge.Cuts
6
CONTINUOUS
10
9.3759803149606302
20
-3.6439491338582677
11
9.379983503937007
21
-3.6460868897637795
0
LINE
8
Edge.Cuts
6
CONTINUOUS
10
9.379983503937007
20
-3.6460868897637795
11
9.3843962992125984
21
-3.6471464960629922
0
LINE
8
Edge.Cuts
6
CONTINUOUS
10
9.3843962992125984
20
-3.6471464960629922
11
9.3889337401574799
21
-3.6470594881889764
0
LINE
8
Edge.Cuts
6
CONTINUOUS
10
9.3889337401574799
20
-3.6470594881889764
11
9.3933026771653534
21
-3.6458315354330706
0
LINE
8
Edge.Cuts
6
CONTINUOUS
10
9.3933026771653534
20
-3.6458315354330706
11
9.3952638188976376
21
-3.644690118110236
0
LINE
8
Edge.Cuts
6
CONTINUOUS
10
9.3952638188976376
20
-3.644690118110236
11
9.3987116535433071
21
-3.6430640551181099
0
LINE
8
Edge.Cuts
6
CONTINUOUS
10
9.3987116535433071
20
-3.6430640551181099
11
9.4023911811023613
21
-3.6420678346456694
0
LINE
8
Edge.Cuts
6
CONTINUOUS
10
9.4023911811023613
20
-3.6420678346456694
11
9.4061883858267716
21
-3.6417322834645667
0
LINE
8
Edge.Cuts
6
CONTINUOUS
10
9.4061883858267716
20
-3.6417322834645667
11
9.4687437007874014
21
-3.6417322834645667
0
LINE
8
Edge.Cuts
6
CONTINUOUS
10
9.4687437007874014
20
-3.6417322834645667
11
9.4687440157480314
21
-3.6417323228346454
0
LINE
8
Edge.Cuts
6
CONTINUOUS
10
9.4687440157480314
20
-3.6417323228346454
11
9.4725409448818887
21
-3.6420678740157482
0
LINE
8
Edge.Cuts
6
CONTINUOUS
10
9.4725409448818887
20
-3.6420678740157482
11
9.4762204724409447
21
-3.6430640944881887
0
LINE
8
Edge.Cuts
6
CONTINUOUS
10
9.4762204724409447
20
-3.6430640944881887
11
9.4796683070866141
21
-3.6446901574803148
0
LINE
8
Edge.Cuts
6
CONTINUOUS
10
9.4796683070866141
20
-3.6446901574803148
11
9.4816294488188966
21
-3.6458315748031493
0
LINE
8
Edge.Cuts
6
CONTINUOUS
10
9.4816294488188966
20
-3.6458315748031493
11
9.4859984251968505
21
-3.6470595275590552
0
LINE
8
Edge.Cuts
6
CONTINUOUS
10
9.4859984251968505
20
-3.6470595275590552
11
9.4905358267716533
21
-3.647146535433071
0
LINE
8
Edge.Cuts
6
CONTINUOUS
10
9.4905358267716533
20
-3.647146535433071
11
9.494948622047243
21
-3.6460869291338582
0
LINE
8
Edge.Cuts
6
CONTINUOUS
10
9.494948622047243
20
-3.6460869291338582
11
9.4989518503937003
21
-3.6439491338582677
0
LINE
8
Edge.Cuts
6
CONTINUOUS
10
9.4989518503937003
20
-3.6439491338582677
11
9.5022868897637789
21
-3.6408712992125984
0
LINE
8
Edge.Cuts
6
CONTINUOUS
10
9.5022868897637789
20
-3.6408712992125984
11
9.5047383464566924
21
-3.6370521259842521
0
LINE
8
Edge.Cuts
6
CONTINUOUS
10
9.5047383464566924
20
-3.6370521259842521
11
9.5061479527559047
21
-3.6327383464566929
0
LINE
8
Edge.Cuts
6
CONTINUOUS
10
9.5061479527559047
20
-3.6327383464566929
11
9.5064245669291338
21
-3.6282085433070868
0
LINE
8
Edge.Cuts
6
CONTINUOUS
10
9.5064245669291338
20
-3.6282085433070868
11
9.5055504330708658
21
-3.6237552755905509
0
LINE
8
Edge.Cuts
6
CONTINUOUS
10
9.5055504330708658
20
-3.6237552755905509
11
9.504569724409448
21
-3.6217090157480314
0
LINE
8
Edge.Cuts
6
CONTINUOUS
10
9.504569724409448
20
-3.6217090157480314
11
9.5033880314960619
21
-3.6186972047244095
0
LINE
8
Edge.Cuts
6
CONTINUOUS
10
9.5033880314960619
20
-3.6186972047244095
11
9.5026683070866138
21
-3.6155429133858266
0
LINE
8
Edge.Cuts
6
CONTINUOUS
10
9.5026683070866138
20
-3.6155429133858266
11
9.5024266535433064
21
-3.6123166141732281
0
LINE
8
Edge.Cuts
6
CONTINUOUS
10
9.5024266535433064
20
-3.6123166141732281
11
9.5024266535433064
21
-3.5569747637795275
0
LINE
8
Edge.Cuts
6
CONTINUOUS
10
9.5024266535433064
20
-3.5569747637795275
11
9.5024266929133852
21
-3.556974527559055
0
LINE
8
Edge.Cuts
6
CONTINUOUS
10
9.5024266929133852
20
-3.556974527559055
11
9.5024266535433064
21
-3.5569744094488187
0
LINE
8
Edge.Cuts
6
CONTINUOUS
10
9.5024266535433064
20
-3.5569744094488187
11
9.5026687007874013
21
-3.5537483858267715
0
LINE
8
Edge.Cuts
6
CONTINUOUS
10
9.5026687007874013
20
-3.5537483858267715
11
9.5033883464566919
21
-3.5505944094488187
0
LINE
8
Edge.Cuts
6
CONTINUOUS
10
9.5033883464566919
20
-3.5505944094488187
11
9.504569566929133
21
-3.547582716535433
0
LINE
8
Edge.Cuts
6
CONTINUOUS
10
9.504569566929133
20
-3.547582716535433
11
9.5045696456692905
21
-3.5475825984251967
0
LINE
8
Edge.Cuts
6
CONTINUOUS
10
9.5045696456692905
20
-3.5475825984251967
11
9.5045696850393693
21
-3.547582401574803
0
LINE
8
Edge.Cuts
6
CONTINUOUS
10
9.5045696850393693
20
-3.547582401574803
11
9.505550393700787
21
-3.5455361811023622
0
LINE
8
Edge.Cuts
6
CONTINUOUS
10
9.505550393700787
20
-3.5455361811023622
11
9.5064245669291338
21
-3.5410829133858268
0
LINE
8
Edge.Cuts
6
CONTINUOUS
10
9.5064245669291338
20
-3.5410829133858268
11
9.5061478740157472
21
-3.5365531102362202
0
LINE
8
Edge.Cuts
6
CONTINUOUS
10
9.5061478740157472
20
-3.5365531102362202
11
9.5047383070866136
21
-3.5322393307086615
0
LINE
8
Edge.Cuts
6
CONTINUOUS
10
9.5047383070866136
20
-3.5322393307086615
11
9.5022868110236214
21
-3.5284201968503934
0
LINE
8
Edge.Cuts
6
CONTINUOUS
10
9.5022868110236214
20
-3.5284201968503934
11
9.4989518110236215
21
-3.5253423622047242
0
LINE
8
Edge.Cuts
6
CONTINUOUS
10
9.4989518110236215
20
-3.5253423622047242
11
9.494948582677166
21
-3.5232046062992124
0
LINE
8
Edge.Cuts
6
CONTINUOUS
10
9.494948582677166
20
-3.5232046062992124
11
9.4905357874015746
21
-3.5221450000000001
0
LINE
8
Edge.Cuts
6
CONTINUOUS
10
9.4905357874015746
20
-3.5221450000000001
11
9.4859983858267718
21
-3.5222319685039367
0
LINE
8
Edge.Cuts
6
CONTINUOUS
10
9.4859983858267718
20
-3.5222319685039367
11
9.4816294488188966
21
-3.5234599212598425
0
LINE
8
Edge.Cuts
6
CONTINUOUS
10
9.4816294488188966
20
-3.5234599212598425
11
9.4796683070866141
21
-3.5246013385826771
0
LINE
8
Edge.Cuts
6
CONTINUOUS
10
9.4796683070866141
20
-3.5246013385826771
11
9.4796679133858266
21
-3.5246014173228346
0
LINE
8
Edge.Cuts
6
CONTINUOUS
10
9.4796679133858266
20
-3.5246014173228346
11
9.4762204330708659
21
-3.5262273228346457
0
LINE
8
Edge.Cuts
6
CONTINUOUS
10
9.4762204330708659
20
-3.5262273228346457
11
9.4725409055118099
21
-3.5272235433070867
0
LINE
8
Edge.Cuts
6
CONTINUOUS
10
9.4725409055118099
20
-3.5272235433070867
11
9.4687437007874014
21
-3.5275590944881889
0
LINE
8
Edge.Cuts
6
CONTINUOUS
10
9.4687437007874014
20
-3.5275590944881889
11
9.4061884251968504
21
-3.5275590944881889
0
LINE
8
Edge.Cuts
6
CONTINUOUS
10
9.4061884251968504
20
-3.5275590944881889
11
9.4023911811023613
21
-3.5272235433070867
0
LINE
8
Edge.Cuts
6
CONTINUOUS
10
9.4023911811023613
20
-3.5272235433070867
11
9.3987116535433071
21
-3.5262273228346457
0
LINE
8
Edge.Cuts
6
CONTINUOUS
10
9.3987116535433071
20
-3.5262273228346457
11
9.3952638188976376
21
-3.5246012598425196
0
LINE
8
Edge.Cuts
6
CONTINUOUS
10
9.3952638188976376
20
-3.5246012598425196
11
9.3933026771653534
21
-3.523459842519685
0
LINE
8
Edge.Cuts
6
CONTINUOUS
10
9.3933026771653534
20
-3.523459842519685
11
9.3889337007874012
21
-3.5222318897637797
0
LINE
8
Edge.Cuts
6
CONTINUOUS
10
9.3889337007874012
20
-3.5222318897637797
11
9.3843962992125984
21
-3.5221448818897638
0
LINE
8
Edge.Cuts
6
CONTINUOUS
10
9.3843962992125984
20
-3.5221448818897638
11
9.3799834645669282
21
-3.5232045275590549
0
LINE
8
Edge.Cuts
6
CONTINUOUS
10
0.5936623622047243
20
-3.055456811023622
11
0.5988066141732283
21
-3.0574111811023621
0
LINE
8
Edge.Cuts
6
CONTINUOUS
10
0.5988066141732283
20
-3.0574111811023621
11
0.6032920866141732
21
-3.0605992125984249
0
LINE
8
Edge.Cuts
6
CONTINUOUS
10
0.6032920866141732
20
-3.0605992125984249
11
0.606829094488189
21
-3.0648149999999998
0
LINE
8
Edge.Cuts
6
CONTINUOUS
10
0.606829094488189
20
-3.0648149999999998
11
0.6091891338582677
21
-3.0697862204724409
0
LINE
8
Edge.Cuts
6
CONTINUOUS
10
0.6091891338582677
20
-3.0697862204724409
11
0.610219842519685
21
-3.0751918503937006
0
LINE
8
Edge.Cuts
6
CONTINUOUS
10
0.610219842519685
20
-3.0751918503937006
11
0.6098546456692914
21
-3.0806827165354331
0
LINE
8
Edge.Cuts
6
CONTINUOUS
10
0.6098546456692914
20
-3.0806827165354331
11
0.6081170472440944
21
-3.0859042125984253
0
LINE
8
Edge.Cuts
6
CONTINUOUS
10
0.6081170472440944
20
-3.0859042125984253
11
0.6075413385826771
21
-3.0871000787401575
0
LINE
8
Edge.Cuts
6
CONTINUOUS
10
0.6075413385826771
20
-3.0871000787401575
11
0.6067591338582677
21
-3.0896366929133858
0
LINE
8
Edge.Cuts
6
CONTINUOUS
10
0.6067591338582677
20
-3.0896366929133858
11
0.606363622047244
21
-3.0922615748031497
0
LINE
8
Edge.Cuts
6
CONTINUOUS
10
0.606363622047244
20
-3.0922615748031497
11
0.6063636614173228
21
-3.0935888188976377
0
LINE
8
Edge.Cuts
6
CONTINUOUS
10
0.6063636614173228
20
-3.0935888188976377
11
0.6063636614173228
21
-3.0935888582677165
0
LINE
8
Edge.Cuts
6
CONTINUOUS
10
0.6063636614173228
20
-3.0935888582677165
11
0.6063636614173228
21
-3.1489307480314959
0
LINE
8
Edge.Cuts
6
CONTINUOUS
10
0.6063636614173228
20
-3.1489307480314959
11
0.606363622047244
21
-3.1502579921259843
0
LINE
8
Edge.Cuts
6
CONTINUOUS
10
0.606363622047244
20
-3.1502579921259843
11
0.6067591338582677
21
-3.1528828740157477
0
LINE
8
Edge.Cuts
6
CONTINUOUS
10
0.6067591338582677
20
-3.1528828740157477
11
0.6075413385826771
21
-3.1554195275590549
0
LINE
8
Edge.Cuts
6
CONTINUOUS
10
0.6075413385826771
20
-3.1554195275590549
11
0.6081170078740157
21
-3.1566152755905512
0
LINE
8
Edge.Cuts
6
CONTINUOUS
10
0.6081170078740157
20
-3.1566152755905512
11
0.6081170472440944
21
-3.1566153543307087
0
LINE
8
Edge.Cuts
6
CONTINUOUS
10
0.6081170472440944
20
-3.1566153543307087
11
0.6098546456692914
21
-3.1618368503937009
0
LINE
8
Edge.Cuts
6
CONTINUOUS
10
0.6098546456692914
20
-3.1618368503937009
11
0.6102198818897637
21
-3.167327716535433
0
LINE
8
Edge.Cuts
6
CONTINUOUS
10
0.6102198818897637
20
-3.167327716535433
11
0.6091891732283464
21
-3.1727333464566927
0
LINE
8
Edge.Cuts
6
CONTINUOUS
10
0.6091891732283464
20
-3.1727333464566927
11
0.6068291338582678
21
-3.1777046062992125
0
LINE
8
Edge.Cuts
6
CONTINUOUS
10
0.6068291338582678
20
-3.1777046062992125
11
0.603292125984252
21
-3.1819203937007874
0
LINE
8
Edge.Cuts
6
CONTINUOUS
10
0.603292125984252
20
-3.1819203937007874
11
0.5988066535433071
21
-3.1851084251968502
0
LINE
8
Edge.Cuts
6
CONTINUOUS
10
0.5988066535433071
20
-3.1851084251968502
11
0.5936624015748031
21
-3.1870628346456691
0
LINE
8
Edge.Cuts
6
CONTINUOUS
10
0.5936624015748031
20
-3.1870628346456691
11
0.5881915748031495
21
-3.1876573228346454
0
LINE
8
Edge.Cuts
6
CONTINUOUS
10
0.5881915748031495
20
-3.1876573228346454
11
0.5827475984251969
21
-3.1868535826771653
0
LINE
8
Edge.Cuts
6
CONTINUOUS
10
0.5827475984251969
20
-3.1868535826771653
11
0.5776820078740157
21
-3.1847034645669292
0
LINE
8
Edge.Cuts
6
CONTINUOUS
10
0.5776820078740157
20
-3.1847034645669292
11
0.5763297637795275
21
-3.1839148818897636
0
LINE
8
Edge.Cuts
6
CONTINUOUS
10
0.5763297637795275
20
-3.1839148818897636
11
0.5733914566929134
21
-3.1828338188976377
0
LINE
8
Edge.Cuts
6
CONTINUOUS
10
0.5733914566929134
20
-3.1828338188976377
11
0.5703091338582678
21
-3.1822847637795273
0
LINE
8
Edge.Cuts
6
CONTINUOUS
10
0.5703091338582678
20
-3.1822847637795273
11
0.5687437007874016
21
-3.1822834251968501
0
LINE
8
Edge.Cuts
6
CONTINUOUS
10
0.5687437007874016
20
-3.1822834251968501
11
0.5061884251968504
21
-3.1822834251968501
0
LINE
8
Edge.Cuts
6
CONTINUOUS
10
0.5061884251968504
20
-3.1822834251968501
11
0.504623031496063
21
-3.182284803149606
0
LINE
8
Edge.Cuts
6
CONTINUOUS
10
0.504623031496063
20
-3.182284803149606
11
0.5015407086614173
21
-3.1828338188976377
0
LINE
8
Edge.Cuts
6
CONTINUOUS
10
0.5015407086614173
20
-3.1828338188976377
11
0.4986024015748031
21
-3.1839148818897636
0
LINE
8
Edge.Cuts
6
CONTINUOUS
10
0.4986024015748031
20
-3.1839148818897636
11
0.4972501574803149
21
-3.1847034645669292
0
LINE
8
Edge.Cuts
6
CONTINUOUS
10
0.4972501574803149
20
-3.1847034645669292
11
0.4972496850393701
21
-3.1847035433070867
0
LINE
8
Edge.Cuts
6
CONTINUOUS
10
0.4972496850393701
20
-3.1847035433070867
11
0.4921845275590551
21
-3.1868535039370078
0
LINE
8
Edge.Cuts
6
CONTINUOUS
10
0.4921845275590551
20
-3.1868535039370078
11
0.4867405511811024
21
-3.1876572440944879
0
LINE
8
Edge.Cuts
6
CONTINUOUS
10
0.4867405511811024
20
-3.1876572440944879
11
0.4812697637795276
21
-3.1870627559055116
0
LINE
8
Edge.Cuts
6
CONTINUOUS
10
0.4812697637795276
20
-3.1870627559055116
11
0.4761255118110236
21
-3.1851083464566927
0
LINE
8
Edge.Cuts
6
CONTINUOUS
10
0.4761255118110236
20
-3.1851083464566927
11
0.4716400787401575
21
-3.1819203149606299
0
LINE
8
Edge.Cuts
6
CONTINUOUS
10
0.4716400787401575
20
-3.1819203149606299
11
0.4681030708661417
21
-3.1777045669291337
0
LINE
8
Edge.Cuts
6
CONTINUOUS
10
0.4681030708661417
20
-3.1777045669291337
11
0.4657429921259842
21
-3.1727333464566927
0
LINE
8
Edge.Cuts
6
CONTINUOUS
10
0.4657429921259842
20
-3.1727333464566927
11
0.4647122834645669
21
-3.1673277559055117
0
LINE
8
Edge.Cuts
6
CONTINUOUS
10
0.4647122834645669
20
-3.1673277559055117
11
0.4650775196850394
21
-3.1618368897637796
0
LINE
8
Edge.Cuts
6
CONTINUOUS
10
0.4650775196850394
20
-3.1618368897637796
11
0.4668150393700787
21
-3.1566153937007875
0
LINE
8
Edge.Cuts
6
CONTINUOUS
10
0.4668150393700787
20
-3.1566153937007875
11
0.4668150787401575
21
-3.15661531496063
0
LINE
8
Edge.Cuts
6
CONTINUOUS
10
0.4668150787401575
20
-3.15661531496063
11
0.4673905511811023
21
-3.1554196850393699
0
LINE
8
Edge.Cuts
6
CONTINUOUS
10
0.4673905511811023
20
-3.1554196850393699
11
0.4681726771653543
21
-3.1528828346456694
0
LINE
8
Edge.Cuts
6
CONTINUOUS
10
0.4681726771653543
20
-3.1528828346456694
11
0.4685683464566929
21
-3.1502577952755906
0
LINE
8
Edge.Cuts
6
CONTINUOUS
10
0.4685683464566929
20
-3.1502577952755906
11
0.4685684645669291
21
-3.1489304724409446
0
LINE
8
Edge.Cuts
6
CONTINUOUS
10
0.4685684645669291
20
-3.1489304724409446
11
0.4685684645669291
21
-3.0935888582677165
0
LINE
8
Edge.Cuts
6
CONTINUOUS
10
0.4685684645669291
20
-3.0935888582677165
11
0.4685684645669291
21
-3.0935888188976377
0
LINE
8
Edge.Cuts
6
CONTINUOUS
10
0.4685684645669291
20
-3.0935888188976377
11
0.4685685433070866
21
-3.0922615748031497
0
LINE
8
Edge.Cuts
6
CONTINUOUS
10
0.4685685433070866
20
-3.0922615748031497
11
0.468173031496063
21
-3.0896367322834646
0
LINE
8
Edge.Cuts
6
CONTINUOUS
10
0.468173031496063
20
-3.0896367322834646
11
0.4673908267716536
21
-3.0871001181102362
0
LINE
8
Edge.Cuts
6
CONTINUOUS
10
0.4673908267716536
20
-3.0871001181102362
11
0.4668150787401575
21
-3.085904251968504
0
LINE
8
Edge.Cuts
6
CONTINUOUS
10
0.4668150787401575
20
-3.085904251968504
11
0.4668150393700787
21
-3.0859041732283465
0
LINE
8
Edge.Cuts
6
CONTINUOUS
10
0.4668150393700787
20
-3.0859041732283465
11
0.4650774803149606
21
-3.0806827165354331
0
LINE
8
Edge.Cuts
6
CONTINUOUS
10
0.4650774803149606
20
-3.0806827165354331
11
0.4647122440944882
21
-3.0751918503937006
0
LINE
8
Edge.Cuts
6
CONTINUOUS
10
0.4647122440944882
20
-3.0751918503937006
11
0.4657429527559055
21
-3.0697862204724409
0
LINE
8
Edge.Cuts
6
CONTINUOUS
10
0.4657429527559055
20
-3.0697862204724409
11
0.468103031496063
21
-3.0648149999999998
0
LINE
8
Edge.Cuts
6
CONTINUOUS
10
0.468103031496063
20
-3.0648149999999998
11
0.47164
21
-3.0605992125984249
0
LINE
8
Edge.Cuts
6
CONTINUOUS
10
0.47164
20
-3.0605992125984249
11
0.4761254724409449
21
-3.0574111811023621
0
LINE
8
Edge.Cuts
6
CONTINUOUS
10
0.4761254724409449
20
-3.0574111811023621
11
0.4812697637795276
21
-3.0554567716535432
0
LINE
8
Edge.Cuts
6
CONTINUOUS
10
0.4812697637795276
20
-3.0554567716535432
11
0.4867405511811024
21
-3.0548622834645669
0
LINE
8
Edge.Cuts
6
CONTINUOUS
10
0.4867405511811024
20
-3.0548622834645669
11
0.4921845275590551
21
-3.055666023622047
0
LINE
8
Edge.Cuts
6
CONTINUOUS
10
0.4921845275590551
20
-3.055666023622047
11
0.4972501181102362
21
-3.0578161417322836
0
LINE
8
Edge.Cuts
6
CONTINUOUS
10
0.4972501181102362
20
-3.0578161417322836
11
0.4986023622047244
21
-3.0586047244094487
0
LINE
8
Edge.Cuts
6
CONTINUOUS
10
0.4986023622047244
20
-3.0586047244094487
11
0.5015406692913386
21
-3.0596857874015746
0
LINE
8
Edge.Cuts
6
CONTINUOUS
10
0.5015406692913386
20
-3.0596857874015746
11
0.5046229921259843
21
-3.0602348031496063
0
LINE
8
Edge.Cuts
6
CONTINUOUS
10
0.5046229921259843
20
-3.0602348031496063
11
0.5061883858267716
21
-3.0602361811023622
0
LINE
8
Edge.Cuts
6
CONTINUOUS
10
0.5061883858267716
20
-3.0602361811023622
11
0.5061885039370079
21
-3.0602362204724409
0
LINE
8
Edge.Cuts
6
CONTINUOUS
10
0.5061885039370079
20
-3.0602362204724409
11
0.5687437401574803
21
-3.0602362204724409
0
LINE
8
Edge.Cuts
6
CONTINUOUS
10
0.5687437401574803
20
-3.0602362204724409
11
0.5703091338582678
21
-3.060234842519685
0
LINE
8
Edge.Cuts
6
CONTINUOUS
10
0.5703091338582678
20
-3.060234842519685
11
0.5733914566929134
21
-3.0596858267716533
0
LINE
8
Edge.Cuts
6
CONTINUOUS
10
0.5733914566929134
20
-3.0596858267716533
11
0.5763297637795275
21
-3.0586047637795275
0
LINE
8
Edge.Cuts
6
CONTINUOUS
10
0.5763297637795275
20
-3.0586047637795275
11
0.5776820078740157
21
-3.0578161811023623
0
LINE
8
Edge.Cuts
6
CONTINUOUS
10
0.5776820078740157
20
-3.0578161811023623
11
0.5827475984251969
21
-3.0556660629921257
0
LINE
8
Edge.Cuts
6
CONTINUOUS
10
0.5827475984251969
20
-3.0556660629921257
11
0.5881915748031495
21
-3.0548622834645669
0
LINE
8
Edge.Cuts
6
CONTINUOUS
10
0.5881915748031495
20
-3.0548622834645669
11
0.5936623622047243
21
-3.055456811023622
0
LINE
8
Edge.Cuts
6
CONTINUOUS
10
0.4799835039370078
20
-3.0598185826771651
11
0.4759802755905512
21
-3.0619563779527557
0
LINE
8
Edge.Cuts
6
CONTINUOUS
10
0.4759802755905512
20
-3.0619563779527557
11
0.4726452362204724
21
-3.0650342125984253
0
LINE
8
Edge.Cuts
6
CONTINUOUS
10
0.4726452362204724
20
-3.0650342125984253
11
0.470193779527559
21
-3.0688533858267717
0
LINE
8
Edge.Cuts
6
CONTINUOUS
10
0.470193779527559
20
-3.0688533858267717
11
0.4687841732283464
21
-3.0731671653543304
0
LINE
8
Edge.Cuts
6
CONTINUOUS
10
0.4687841732283464
20
-3.0731671653543304
11
0.4685075590551181
21
-3.077696968503937
0
LINE
8
Edge.Cuts
6
CONTINUOUS
10
0.4685075590551181
20
-3.077696968503937
11
0.4693816929133858
21
-3.0821502362204725
0
LINE
8
Edge.Cuts
6
CONTINUOUS
10
0.4693816929133858
20
-3.0821502362204725
11
0.4703623622047244
21
-3.0841963779527557
0
LINE
8
Edge.Cuts
6
CONTINUOUS
10
0.4703623622047244
20
-3.0841963779527557
11
0.4703624015748031
21
-3.0841964566929132
0
LINE
8
Edge.Cuts
6
CONTINUOUS
10
0.4703624015748031
20
-3.0841964566929132
11
0.471544094488189
21
-3.0872083070866143
0
LINE
8
Edge.Cuts
6
CONTINUOUS
10
0.471544094488189
20
-3.0872083070866143
11
0.4722638188976378
21
-3.0903625984251968
0
LINE
8
Edge.Cuts
6
CONTINUOUS
10
0.4722638188976378
20
-3.0903625984251968
11
0.4725054330708661
21
-3.0935888188976377
0
LINE
8
Edge.Cuts
6
CONTINUOUS
10
0.4725054330708661
20
-3.0935888188976377
11
0.4725054724409449
21
-3.0935888582677165
0
LINE
8
Edge.Cuts
6
CONTINUOUS
10
0.4725054724409449
20
-3.0935888582677165
11
0.4725054724409449
21
-3.1489307480314959
0
LINE
8
Edge.Cuts
6
CONTINUOUS
10
0.4725054724409449
20
-3.1489307480314959
11
0.4725053937007874
21
-3.1489309448818896
0
LINE
8
Edge.Cuts
6
CONTINUOUS
10
0.4725053937007874
20
-3.1489309448818896
11
0.4725054724409449
21
-3.1489311023622046
0
LINE
8
Edge.Cuts
6
CONTINUOUS
10
0.4725054724409449
20
-3.1489311023622046
11
0.4722634251968504
21
-3.1521571259842518
0
LINE
8
Edge.Cuts
6
CONTINUOUS
10
0.4722634251968504
20
-3.1521571259842518
11
0.471543779527559
21
-3.1553111023622047
0
LINE
8
Edge.Cuts
6
CONTINUOUS
10
0.471543779527559
20
-3.1553111023622047
11
0.4703625590551181
21
-3.1583227952755903
0
LINE
8
Edge.Cuts
6
CONTINUOUS
10
0.4703625590551181
20
-3.1583227952755903
11
0.4703624409448819
21
-3.1583228740157478
0
LINE
8
Edge.Cuts
6
CONTINUOUS
10
0.4703624409448819
20
-3.1583228740157478
11
0.4703624409448819
21
-3.1583231102362204
0
LINE
8
Edge.Cuts
6
CONTINUOUS
10
0.4703624409448819
20
-3.1583231102362204
11
0.4693817322834646
21
-3.1603693307086616
0
LINE
8
Edge.Cuts
6
CONTINUOUS
10
0.4693817322834646
20
-3.1603693307086616
11
0.4685075590551181
21
-3.164822598425197
0
LINE
8
Edge.Cuts
6
CONTINUOUS
10
0.4685075590551181
20
-3.164822598425197
11
0.4687842519685039
21
-3.1693524015748031
0
LINE
8
Edge.Cuts
6
CONTINUOUS
10
0.4687842519685039
20
-3.1693524015748031
11
0.4701938188976378
21
-3.1736661811023623
0
LINE
8
Edge.Cuts
6
CONTINUOUS
10
0.4701938188976378
20
-3.1736661811023623
11
0.4726453149606299
21
-3.1774853149606299
0
LINE
8
Edge.Cuts
6
CONTINUOUS
10
0.4726453149606299
20
-3.1774853149606299
11
0.4759803149606299
21
-3.1805631496062992
0
LINE
8
Edge.Cuts
6
CONTINUOUS
10
0.4759803149606299
20
-3.1805631496062992
11
0.4799835433070866
21
-3.182700905511811
0
LINE
8
Edge.Cuts
6
CONTINUOUS
10
0.4799835433070866
20
-3.182700905511811
11
0.4843963385826772
21
-3.1837605118110237
0
LINE
8
Edge.Cuts
6
CONTINUOUS
10
0.4843963385826772
20
-3.1837605118110237
11
0.4889337401574803
21
-3.1836735433070866
0
LINE
8
Edge.Cuts
6
CONTINUOUS
10
0.4889337401574803
20
-3.1836735433070866
11
0.4933026771653543
21
-3.1824455905511808
0
LINE
8
Edge.Cuts
6
CONTINUOUS
10
0.4933026771653543
20
-3.1824455905511808
11
0.4952638188976378
21
-3.1813041732283462
0
LINE
8
Edge.Cuts
6
CONTINUOUS
10
0.4952638188976378
20
-3.1813041732283462
11
0.4952641732283464
21
-3.18130405511811
0
LINE
8
Edge.Cuts
6
CONTINUOUS
10
0.4952641732283464
20
-3.18130405511811
11
0.4987116929133858
21
-3.1796781889763777
0
LINE
8
Edge.Cuts
6
CONTINUOUS
10
0.4987116929133858
20
-3.1796781889763777
11
0.5023912204724409
21
-3.1786819685039371
0
LINE
8
Edge.Cuts
6
CONTINUOUS
10
0.5023912204724409
20
-3.1786819685039371
11
0.5061884251968504
21
-3.1783464173228344
0
LINE
8
Edge.Cuts
6
CONTINUOUS
10
0.5061884251968504
20
-3.1783464173228344
11
0.5687437007874016
21
-3.1783464173228344
0
LINE
8
Edge.Cuts
6
CONTINUOUS
10
0.5687437007874016
20
-3.1783464173228344
11
0.5725409448818898
21
-3.1786819685039371
0
LINE
8
Edge.Cuts
6
CONTINUOUS
10
0.5725409448818898
20
-3.1786819685039371
11
0.5762204724409449
21
-3.1796781889763777
0
LINE
8
Edge.Cuts
6
CONTINUOUS
10
0.5762204724409449
20
-3.1796781889763777
11
0.5796683070866142
21
-3.1813042519685037
0
LINE
8
Edge.Cuts
6
CONTINUOUS
10
0.5796683070866142
20
-3.1813042519685037
11
0.5816294488188977
21
-3.1824456692913383
0
LINE
8
Edge.Cuts
6
CONTINUOUS
10
0.5816294488188977
20
-3.1824456692913383
11
0.5859984251968504
21
-3.1836736220472441
0
LINE
8
Edge.Cuts
6
CONTINUOUS
10
0.5859984251968504
20
-3.1836736220472441
11
0.5905358267716535
21
-3.18376062992126
0
LINE
8
Edge.Cuts
6
CONTINUOUS
10
0.5905358267716535
20
-3.18376062992126
11
0.5949486614173228
21
-3.1827009842519685
0
LINE
8
Edge.Cuts
6
CONTINUOUS
10
0.5949486614173228
20
-3.1827009842519685
11
0.5989518503937008
21
-3.1805632283464567
0
LINE
8
Edge.Cuts
6
CONTINUOUS
10
0.5989518503937008
20
-3.1805632283464567
11
0.6022868897637795
21
-3.1774853543307087
0
LINE
8
Edge.Cuts
6
CONTINUOUS
10
0.6022868897637795
20
-3.1774853543307087
11
0.6047383858267716
21
-3.1736661811023623
0
LINE
8
Edge.Cuts
6
CONTINUOUS
10
0.6047383858267716
20
-3.1736661811023623
11
0.6061479527559055
21
-3.1693524015748031
0
LINE
8
Edge.Cuts
6
CONTINUOUS
10
0.6061479527559055
20
-3.1693524015748031
11
0.6064246062992126
21
-3.164822598425197
0
LINE
8
Edge.Cuts
6
CONTINUOUS
10
0.6064246062992126
20
-3.164822598425197
11
0.6055504330708661
21
-3.1603693307086616
0
LINE
8
Edge.Cuts
6
CONTINUOUS
10
0.6055504330708661
20
-3.1603693307086616
11
0.6045697244094488
21
-3.1583230708661416
0
LINE
8
Edge.Cuts
6
CONTINUOUS
10
0.6045697244094488
20
-3.1583230708661416
11
0.6033880708661418
21
-3.1553112992125985
0
LINE
8
Edge.Cuts
6
CONTINUOUS
10
0.6033880708661418
20
-3.1553112992125985
11
0.6026683464566929
21
-3.1521570472440943
0
LINE
8
Edge.Cuts
6
CONTINUOUS
10
0.6026683464566929
20
-3.1521570472440943
11
0.602426653543307
21
-3.1489307480314959
0
LINE
8
Edge.Cuts
6
CONTINUOUS
10
0.602426653543307
20
-3.1489307480314959
11
0.602426653543307
21
-3.0935888582677165
0
LINE
8
Edge.Cuts
6
CONTINUOUS
10
0.602426653543307
20
-3.0935888582677165
11
0.602426653543307
21
-3.0935888188976377
0
LINE
8
Edge.Cuts
6
CONTINUOUS
10
0.602426653543307
20
-3.0935888188976377
11
0.6026683464566929
21
-3.090362559055118
0
LINE
8
Edge.Cuts
6
CONTINUOUS
10
0.6026683464566929
20
-3.090362559055118
11
0.6033880708661418
21
-3.0872083070866143
0
LINE
8
Edge.Cuts
6
CONTINUOUS
10
0.6033880708661418
20
-3.0872083070866143
11
0.6045697244094488
21
-3.084196496062992
0
LINE
8
Edge.Cuts
6
CONTINUOUS
10
0.6045697244094488
20
-3.084196496062992
11
0.6055504330708661
21
-3.0821502362204725
0
LINE
8
Edge.Cuts
6
CONTINUOUS
10
0.6055504330708661
20
-3.0821502362204725
11
0.6064245669291338
21
-3.0776970078740158
0
LINE
8
Edge.Cuts
6
CONTINUOUS
10
0.6064245669291338
20
-3.0776970078740158
11
0.6061479133858267
21
-3.0731672047244092
0
LINE
8
Edge.Cuts
6
CONTINUOUS
10
0.6061479133858267
20
-3.0731672047244092
11
0.6047383464566929
21
-3.0688533858267717
0
LINE
8
Edge.Cuts
6
CONTINUOUS
10
0.6047383464566929
20
-3.0688533858267717
11
0.6022868503937008
21
-3.0650342519685037
0
LINE
8
Edge.Cuts
6
CONTINUOUS
10
0.6022868503937008
20
-3.0650342519685037
11
0.598951811023622
21
-3.0619563779527557
0
LINE
8
Edge.Cuts
6
CONTINUOUS
10
0.598951811023622
20
-3.0619563779527557
11
0.5949486220472441
21
-3.0598186220472439
0
LINE
8
Edge.Cuts
6
CONTINUOUS
10
0.5949486220472441
20
-3.0598186220472439
11
0.5905358267716535
21
-3.0587590157480316
0
LINE
8
Edge.Cuts
6
CONTINUOUS
10
0.5905358267716535
20
-3.0587590157480316
11
0.5859983858267717
21
-3.0588460236220474
0
LINE
8
Edge.Cuts
6
CONTINUOUS
10
0.5859983858267717
20
-3.0588460236220474
11
0.5816294488188977
21
-3.0600739763779528
0
LINE
8
Edge.Cuts
6
CONTINUOUS
10
0.5816294488188977
20
-3.0600739763779528
11
0.5796683070866142
21
-3.0612153937007873
0
LINE
8
Edge.Cuts
6
CONTINUOUS
10
0.5796683070866142
20
-3.0612153937007873
11
0.5762204724409449
21
-3.0628414566929134
0
LINE
8
Edge.Cuts
6
CONTINUOUS
10
0.5762204724409449
20
-3.0628414566929134
11
0.5725409448818898
21
-3.0638376771653544
0
LINE
8
Edge.Cuts
6
CONTINUOUS
10
0.5725409448818898
20
-3.0638376771653544
11
0.5687437401574803
21
-3.0641732283464567
0
LINE
8
Edge.Cuts
6
CONTINUOUS
10
0.5687437401574803
20
-3.0641732283464567
11
0.5061884251968504
21
-3.0641732283464567
0
LINE
8
Edge.Cuts
6
CONTINUOUS
10
0.5061884251968504
20
-3.0641732283464567
11
0.5061880708661417
21
-3.0641731496062992
0
LINE
8
Edge.Cuts
6
CONTINUOUS
10
0.5061880708661417
20
-3.0641731496062992
11
0.5023911811023621
21
-3.0638376377952756
0
LINE
8
Edge.Cuts
6
CONTINUOUS
10
0.5023911811023621
20
-3.0638376377952756
11
0.4987116535433071
21
-3.0628414173228347
0
LINE
8
Edge.Cuts
6
CONTINUOUS
10
0.4987116535433071
20
-3.0628414173228347
11
0.4952638188976378
21
-3.0612153543307086
0
LINE
8
Edge.Cuts
6
CONTINUOUS
10
0.4952638188976378
20
-3.0612153543307086
11
0.4933026771653543
21
-3.060073937007874
0
LINE
8
Edge.Cuts
6
CONTINUOUS
10
0.4933026771653543
20
-3.060073937007874
11
0.4889337007874016
21
-3.0588459842519686
0
LINE
8
Edge.Cuts
6
CONTINUOUS
10
0.4889337007874016
20
-3.0588459842519686
11
0.4843962992125984
21
-3.0587589763779528
0
LINE
8
Edge.Cuts
6
CONTINUOUS
10
0.4843962992125984
20
-3.0587589763779528
11
0.4799835039370078
21
-3.0598185826771651
0
LINE
8
Edge.Cuts
6
CONTINUOUS
10
1.3416938582677165
20
-3.055456811023622
11
1.3468381102362204
21
-3.0574111811023621
0
LINE
8
Edge.Cuts
6
CONTINUOUS
10
1.3468381102362204
20
-3.0574111811023621
11
1.3513235826771652
21
-3.0605992125984249
0
LINE
8
Edge.Cuts
6
CONTINUOUS
10
1.3513235826771652
20
-3.0605992125984249
11
1.354860590551181
21
-3.0648149999999998
0
LINE
8
Edge.Cuts
6
CONTINUOUS
10
1.354860590551181
20
-3.0648149999999998
11
1.3572206299212599
21
-3.0697862204724409
0
LINE
8
Edge.Cuts
6
CONTINUOUS
10
1.3572206299212599
20
-3.0697862204724409
11
1.3582513385826771
21
-3.0751918503937006
0
LINE
8
Edge.Cuts
6
CONTINUOUS
10
1.3582513385826771
20
-3.0751918503937006
11
1.3578861417322834
21
-3.0806827165354331
0
LINE
8
Edge.Cuts
6
CONTINUOUS
10
1.3578861417322834
20
-3.0806827165354331
11
1.3561485433070866
21
-3.0859042125984253
0
LINE
8
Edge.Cuts
6
CONTINUOUS
10
1.3561485433070866
20
-3.0859042125984253
11
1.3555728346456692
21
-3.0871000787401575
0
LINE
8
Edge.Cuts
6
CONTINUOUS
10
1.3555728346456692
20
-3.0871000787401575
11
1.3547906299212598
21
-3.0896366929133858
0
LINE
8
Edge.Cuts
6
CONTINUOUS
10
1.3547906299212598
20
-3.0896366929133858
11
1.3543951181102363
21
-3.0922615748031497
0
LINE
8
Edge.Cuts
6
CONTINUOUS
10
1.3543951181102363
20
-3.0922615748031497
11
1.354395157480315
21
-3.0935888188976377
0
LINE
8
Edge.Cuts
6
CONTINUOUS
10
1.354395157480315
20
-3.0935888188976377
11
1.354395157480315
21
-3.0935888582677165
0
LINE
8
Edge.Cuts
6
CONTINUOUS
10
1.354395157480315
20
-3.0935888582677165
11
1.354395157480315
21
-3.1489307480314959
0
LINE
8
Edge.Cuts
6
CONTINUOUS
10
1.354395157480315
20
-3.1489307480314959
11
1.3543951181102363
21
-3.1502579921259843
0
LINE
8
Edge.Cuts
6
CONTINUOUS
10
1.3543951181102363
20
-3.1502579921259843
11
1.3547906299212598
21
-3.1528828740157477
0
LINE
8
Edge.Cuts
6
CONTINUOUS
10
1.3547906299212598
20
-3.1528828740157477
11
1.3555728346456692
21
-3.1554195275590549
0
LINE
8
Edge.Cuts
6
CONTINUOUS
10
1.3555728346456692
20
-3.1554195275590549
11
1.3561485039370078
21
-3.1566152755905512
0
LINE
8
Edge.Cuts
6
CONTINUOUS
10
1.3561485039370078
20
-3.1566152755905512
11
1.3561485433070866
21
-3.1566153543307087
0
LINE
8
Edge.Cuts
6
CONTINUOUS
10
1.3561485433070866
20
-3.1566153543307087
11
1.3578861417322834
21
-3.1618368503937009
0
LINE
8
Edge.Cuts
6
CONTINUOUS
10
1.3578861417322834
20
-3.1618368503937009
11
1.3582513779527559
21
-3.167327716535433
0
LINE
8
Edge.Cuts
6
CONTINUOUS
10
1.3582513779527559
20
-3.167327716535433
11
1.3572206692913384
21
-3.1727333464566927
0
LINE
8
Edge.Cuts
6
CONTINUOUS
10
1.3572206692913384
20
-3.1727333464566927
11
1.3548606299212598
21
-3.1777046062992125
0
LINE
8
Edge.Cuts
6
CONTINUOUS
10
1.3548606299212598
20
-3.1777046062992125
11
1.351323622047244
21
-3.1819203937007874
0
LINE
8
Edge.Cuts
6
CONTINUOUS
10
1.351323622047244
20
-3.1819203937007874
11
1.3468381496062991
21
-3.1851084251968502
0
LINE
8
Edge.Cuts
6
CONTINUOUS
10
1.3468381496062991
20
-3.1851084251968502
11
1.3416938976377952
21
-3.1870628346456691
0
LINE
8
Edge.Cuts
6
CONTINUOUS
10
1.3416938976377952
20
-3.1870628346456691
11
1.3362230708661418
21
-3.1876573228346454
0
LINE
8
Edge.Cuts
6
CONTINUOUS
10
1.3362230708661418
20
-3.1876573228346454
11
1.330779094488189
21
-3.1868535826771653
0
LINE
8
Edge.Cuts
6
CONTINUOUS
10
1.330779094488189
20
-3.1868535826771653
11
1.3257135039370078
21
-3.1847034645669292
0
LINE
8
Edge.Cuts
6
CONTINUOUS
10
1.3257135039370078
20
-3.1847034645669292
11
1.3243612598425196
21
-3.1839148818897636
0
LINE
8
Edge.Cuts
6
CONTINUOUS
10
1.3243612598425196
20
-3.1839148818897636
11
1.3214229527559054
21
-3.1828338188976377
0
LINE
8
Edge.Cuts
6
CONTINUOUS
10
1.3214229527559054
20
-3.1828338188976377
11
1.3183406299212599
21
-3.1822847637795273
0
LINE
8
Edge.Cuts
6
CONTINUOUS
10
1.3183406299212599
20
-3.1822847637795273
11
1.3167751968503936
21
-3.1822834251968501
0
LINE
8
Edge.Cuts
6
CONTINUOUS
10
1.3167751968503936
20
-3.1822834251968501
11
1.2542199212598424
21
-3.1822834251968501
0
LINE
8
Edge.Cuts
6
CONTINUOUS
10
1.2542199212598424
20
-3.1822834251968501
11
1.252654527559055
21
-3.182284803149606
0
LINE
8
Edge.Cuts
6
CONTINUOUS
10
1.252654527559055
20
-3.182284803149606
11
1.2495722047244093
21
-3.1828338188976377
0
LINE
8
Edge.Cuts
6
CONTINUOUS
10
1.2495722047244093
20
-3.1828338188976377
11
1.2466338976377953
21
-3.1839148818897636
0
LINE
8
Edge.Cuts
6
CONTINUOUS
10
1.2466338976377953
20
-3.1839148818897636
11
1.2452816535433071
21
-3.1847034645669292
0
LINE
8
Edge.Cuts
6
CONTINUOUS
10
1.2452816535433071
20
-3.1847034645669292
11
1.2452811811023621
21
-3.1847035433070867
0
LINE
8
Edge.Cuts
6
CONTINUOUS
10
1.2452811811023621
20
-3.1847035433070867
11
1.2402160236220472
21
-3.1868535039370078
0
LINE
8
Edge.Cuts
6
CONTINUOUS
10
1.2402160236220472
20
-3.1868535039370078
11
1.2347720472440944
21
-3.1876572440944879
0
LINE
8
Edge.Cuts
6
CONTINUOUS
10
1.2347720472440944
20
-3.1876572440944879
11
1.2293012598425197
21
-3.1870627559055116
0
LINE
8
Edge.Cuts
6
CONTINUOUS
10
1.2293012598425197
20
-3.1870627559055116
11
1.2241570078740158
21
-3.1851083464566927
0
LINE
8
Edge.Cuts
6
CONTINUOUS
10
1.2241570078740158
20
-3.1851083464566927
11
1.2196715748031495
21
-3.1819203149606299
0
LINE
8
Edge.Cuts
6
CONTINUOUS
10
1.2196715748031495
20
-3.1819203149606299
11
1.2161345669291339
21
-3.1777045669291337
0
LINE
8
Edge.Cuts
6
CONTINUOUS
10
1.2161345669291339
20
-3.1777045669291337
11
1.2137744881889763
21
-3.1727333464566927
0
LINE
8
Edge.Cuts
6
CONTINUOUS
10
1.2137744881889763
20
-3.1727333464566927
11
1.2127437795275591
21
-3.1673277559055117
0
LINE
8
Edge.Cuts
6
CONTINUOUS
10
1.2127437795275591
20
-3.1673277559055117
11
1.2131090157480315
21
-3.1618368897637796
0
LINE
8
Edge.Cuts
6
CONTINUOUS
10
1.2131090157480315
20
-3.1618368897637796
11
1.2148465354330709
21
-3.1566153937007875
0
LINE
8
Edge.Cuts
6
CONTINUOUS
10
1.2148465354330709
20
-3.1566153937007875
11
1.2148465748031496
21
-3.15661531496063
0
LINE
8
Edge.Cuts
6
CONTINUOUS
10
1.2148465748031496
20
-3.15661531496063
11
1.2154220472440944
21
-3.1554196850393699
0
LINE
8
Edge.Cuts
6
CONTINUOUS
10
1.2154220472440944
20
-3.1554196850393699
11
1.2162041732283464
21
-3.1528828346456694
0
LINE
8
Edge.Cuts
6
CONTINUOUS
10
1.2162041732283464
20
-3.1528828346456694
11
1.2165998425196851
21
-3.1502577952755906
0
LINE
8
Edge.Cuts
6
CONTINUOUS
10
1.2165998425196851
20
-3.1502577952755906
11
1.2165999606299212
21
-3.1489304724409446
0
LINE
8
Edge.Cuts
6
CONTINUOUS
10
1.2165999606299212
20
-3.1489304724409446
11
1.2165999606299212
21
-3.0935888582677165
0
LINE
8
Edge.Cuts
6
CONTINUOUS
10
1.2165999606299212
20
-3.0935888582677165
11
1.2165999606299212
21
-3.0935888188976377
0
LINE
8
Edge.Cuts
6
CONTINUOUS
10
1.2165999606299212
20
-3.0935888188976377
11
1.2166000393700787
21
-3.0922615748031497
0
LINE
8
Edge.Cuts
6
CONTINUOUS
10
1.2166000393700787
20
-3.0922615748031497
11
1.2162045275590552
21
-3.0896367322834646
0
LINE
8
Edge.Cuts
6
CONTINUOUS
10
1.2162045275590552
20
-3.0896367322834646
11
1.2154223228346457
21
-3.0871001181102362
0
LINE
8
Edge.Cuts
6
CONTINUOUS
10
1.2154223228346457
20
-3.0871001181102362
11
1.2148465748031496
21
-3.085904251968504
0
LINE
8
Edge.Cuts
6
CONTINUOUS
10
1.2148465748031496
20
-3.085904251968504
11
1.2148465354330709
21
-3.0859041732283465
0
LINE
8
Edge.Cuts
6
CONTINUOUS
10
1.2148465354330709
20
-3.0859041732283465
11
1.2131089763779528
21
-3.0806827165354331
0
LINE
8
Edge.Cuts
6
CONTINUOUS
10
1.2131089763779528
20
-3.0806827165354331
11
1.2127437401574803
21
-3.0751918503937006
0
LINE
8
Edge.Cuts
6
CONTINUOUS
10
1.2127437401574803
20
-3.0751918503937006
11
1.2137744488188975
21
-3.0697862204724409
0
LINE
8
Edge.Cuts
6
CONTINUOUS
10
1.2137744488188975
20
-3.0697862204724409
11
1.2161345275590552
21
-3.0648149999999998
0
LINE
8
Edge.Cuts
6
CONTINUOUS
10
1.2161345275590552
20
-3.0648149999999998
11
1.2196714960629922
21
-3.0605992125984249
0
LINE
8
Edge.Cuts
6
CONTINUOUS
10
1.2196714960629922
20
-3.0605992125984249
11
1.2241569685039371
21
-3.0574111811023621
0
LINE
8
Edge.Cuts
6
CONTINUOUS
10
1.2241569685039371
20
-3.0574111811023621
11
1.2293012598425197
21
-3.0554567716535432
0
LINE
8
Edge.Cuts
6
CONTINUOUS
10
1.2293012598425197
20
-3.0554567716535432
11
1.2347720472440944
21
-3.0548622834645669
0
LINE
8
Edge.Cuts
6
CONTINUOUS
10
1.2347720472440944
20
-3.0548622834645669
11
1.2402160236220472
21
-3.055666023622047
0
LINE
8
Edge.Cuts
6
CONTINUOUS
10
1.2402160236220472
20
-3.055666023622047
11
1.2452816141732284
21
-3.0578161417322836
0
LINE
8
Edge.Cuts
6
CONTINUOUS
10
1.2452816141732284
20
-3.0578161417322836
11
1.2466338582677166
21
-3.0586047244094487
0
LINE
8
Edge.Cuts
6
CONTINUOUS
10
1.2466338582677166
20
-3.0586047244094487
11
1.2495721653543306
21
-3.0596857874015746
0
LINE
8
Edge.Cuts
6
CONTINUOUS
10
1.2495721653543306
20
-3.0596857874015746
11
1.2526544881889763
21
-3.0602348031496063
0
LINE
8
Edge.Cuts
6
CONTINUOUS
10
1.2526544881889763
20
-3.0602348031496063
11
1.2542198818897639
21
-3.0602361811023622
0
LINE
8
Edge.Cuts
6
CONTINUOUS
10
1.2542198818897639
20
-3.0602361811023622
11
1.2542199999999999
21
-3.0602362204724409
0
LINE
8
Edge.Cuts
6
CONTINUOUS
10
1.2542199999999999
20
-3.0602362204724409
11
1.3167752362204723
21
-3.0602362204724409
0
LINE
8
Edge.Cuts
6
CONTINUOUS
10
1.3167752362204723
20
-3.0602362204724409
11
1.3183406299212599
21
-3.060234842519685
0
LINE
8
Edge.Cuts
6
CONTINUOUS
10
1.3183406299212599
20
-3.060234842519685
11
1.3214229527559054
21
-3.0596858267716533
0
LINE
8
Edge.Cuts
6
CONTINUOUS
10
1.3214229527559054
20
-3.0596858267716533
11
1.3243612598425196
21
-3.0586047637795275
0
LINE
8
Edge.Cuts
6
CONTINUOUS
10
1.3243612598425196
20
-3.0586047637795275
11
1.3257135039370078
21
-3.0578161811023623
0
LINE
8
Edge.Cuts
6
CONTINUOUS
10
1.3257135039370078
20
-3.0578161811023623
11
1.330779094488189
21
-3.0556660629921257
0
LINE
8
Edge.Cuts
6
CONTINUOUS
10
1.330779094488189
20
-3.0556660629921257
11
1.3362230708661418
21
-3.0548622834645669
0
LINE
8
Edge.Cuts
6
CONTINUOUS
10
1.3362230708661418
20
-3.0548622834645669
11
1.3416938582677165
21
-3.055456811023622
0
LINE
8
Edge.Cuts
6
CONTINUOUS
10
1.2280150000000001
20
-3.0598185826771651
11
1.2240117716535432
21
-3.0619563779527557
0
LINE
8
Edge.Cuts
6
CONTINUOUS
10
1.2240117716535432
20
-3.0619563779527557
11
1.2206767322834646
21
-3.0650342125984253
0
LINE
8
Edge.Cuts
6
CONTINUOUS
10
1.2206767322834646
20
-3.0650342125984253
11
1.2182252755905512
21
-3.0688533858267717
0
LINE
8
Edge.Cuts
6
CONTINUOUS
10
1.2182252755905512
20
-3.0688533858267717
11
1.2168156692913386
21
-3.0731671653543304
0
LINE
8
Edge.Cuts
6
CONTINUOUS
10
1.2168156692913386
20
-3.0731671653543304
11
1.2165390551181101
21
-3.077696968503937
0
LINE
8
Edge.Cuts
6
CONTINUOUS
10
1.2165390551181101
20
-3.077696968503937
11
1.217413188976378
21
-3.0821502362204725
0
LINE
8
Edge.Cuts
6
CONTINUOUS
10
1.217413188976378
20
-3.0821502362204725
11
1.2183938582677165
21
-3.0841963779527557
0
LINE
8
Edge.Cuts
6
CONTINUOUS
10
1.2183938582677165
20
-3.0841963779527557
11
1.2183938976377953
21
-3.0841964566929132
0
LINE
8
Edge.Cuts
6
CONTINUOUS
10
1.2183938976377953
20
-3.0841964566929132
11
1.2195755905511811
21
-3.0872083070866143
0
LINE
8
Edge.Cuts
6
CONTINUOUS
10
1.2195755905511811
20
-3.0872083070866143
11
1.2202953149606299
21
-3.0903625984251968
0
LINE
8
Edge.Cuts
6
CONTINUOUS
10
1.2202953149606299
20
-3.0903625984251968
11
1.2205369291338581
21
-3.0935888188976377
0
LINE
8
Edge.Cuts
6
CONTINUOUS
10
1.2205369291338581
20
-3.0935888188976377
11
1.2205369685039369
21
-3.0935888582677165
0
LINE
8
Edge.Cuts
6
CONTINUOUS
10
1.2205369685039369
20
-3.0935888582677165
11
1.2205369685039369
21
-3.1489307480314959
0
LINE
8
Edge.Cuts
6
CONTINUOUS
10
1.2205369685039369
20
-3.1489307480314959
11
1.2205368897637796
21
-3.1489309448818896
0
LINE
8
Edge.Cuts
6
CONTINUOUS
10
1.2205368897637796
20
-3.1489309448818896
11
1.2205369685039369
21
-3.1489311023622046
0
LINE
8
Edge.Cuts
6
CONTINUOUS
10
1.2205369685039369
20
-3.1489311023622046
11
1.2202949212598424
21
-3.1521571259842518
0
LINE
8
Edge.Cuts
6
CONTINUOUS
10
1.2202949212598424
20
-3.1521571259842518
11
1.2195752755905511
21
-3.1553111023622047
0
LINE
8
Edge.Cuts
6
CONTINUOUS
10
1.2195752755905511
20
-3.1553111023622047
11
1.2183940551181103
21
-3.1583227952755903
0
LINE
8
Edge.Cuts
6
CONTINUOUS
10
1.2183940551181103
20
-3.1583227952755903
11
1.218393937007874
21
-3.1583228740157478
0
LINE
8
Edge.Cuts
6
CONTINUOUS
10
1.218393937007874
20
-3.1583228740157478
11
1.218393937007874
21
-3.1583231102362204
0
LINE
8
Edge.Cuts
6
CONTINUOUS
10
1.218393937007874
20
-3.1583231102362204
11
1.2174132283464567
21
-3.1603693307086616
0
LINE
8
Edge.Cuts
6
CONTINUOUS
10
1.2174132283464567
20
-3.1603693307086616
11
1.2165390551181101
21
-3.164822598425197
0
LINE
8
Edge.Cuts
6
CONTINUOUS
10
1.2165390551181101
20
-3.164822598425197
11
1.2168157480314961
21
-3.1693524015748031
0
LINE
8
Edge.Cuts
6
CONTINUOUS
10
1.2168157480314961
20
-3.1693524015748031
11
1.2182253149606299
21
-3.1736661811023623
0
LINE
8
Edge.Cuts
6
CONTINUOUS
10
1.2182253149606299
20
-3.1736661811023623
11
1.2206768110236219
21
-3.1774853149606299
0
LINE
8
Edge.Cuts
6
CONTINUOUS
10
1.2206768110236219
20
-3.1774853149606299
11
1.224011811023622
21
-3.1805631496062992
0
LINE
8
Edge.Cuts
6
CONTINUOUS
10
1.224011811023622
20
-3.1805631496062992
11
1.2280150393700786
21
-3.182700905511811
0
LINE
8
Edge.Cuts
6
CONTINUOUS
10
1.2280150393700786
20
-3.182700905511811
11
1.2324278346456692
21
-3.1837605118110237
0
LINE
8
Edge.Cuts
6
CONTINUOUS
10
1.2324278346456692
20
-3.1837605118110237
11
1.2369652362204724
21
-3.1836735433070866
0
LINE
8
Edge.Cuts
6
CONTINUOUS
10
1.2369652362204724
20
-3.1836735433070866
11
1.2413341732283465
21
-3.1824455905511808
0
LINE
8
Edge.Cuts
6
CONTINUOUS
10
1.2413341732283465
20
-3.1824455905511808
11
1.2432953149606298
21
-3.1813041732283462
0
LINE
8
Edge.Cuts
6
CONTINUOUS
10
1.2432953149606298
20
-3.1813041732283462
11
1.2432956692913386
21
-3.18130405511811
0
LINE
8
Edge.Cuts
6
CONTINUOUS
10
1.2432956692913386
20
-3.18130405511811
11
1.2467431889763778
21
-3.1796781889763777
0
LINE
8
Edge.Cuts
6
CONTINUOUS
10
1.2467431889763778
20
-3.1796781889763777
11
1.2504227165354331
21
-3.1786819685039371
0
LINE
8
Edge.Cuts
6
CONTINUOUS
10
1.2504227165354331
20
-3.1786819685039371
11
1.2542199212598424
21
-3.1783464173228344
0
LINE
8
Edge.Cuts
6
CONTINUOUS
10
1.2542199212598424
20
-3.1783464173228344
11
1.3167751968503936
21
-3.1783464173228344
0
LINE
8
Edge.Cuts
6
CONTINUOUS
10
1.3167751968503936
20
-3.1783464173228344
11
1.3205724409448818
21
-3.1786819685039371
0
LINE
8
Edge.Cuts
6
CONTINUOUS
10
1.3205724409448818
20
-3.1786819685039371
11
1.3242519685039369
21
-3.1796781889763777
0
LINE
8
Edge.Cuts
6
CONTINUOUS
10
1.3242519685039369
20
-3.1796781889763777
11
1.3276998031496063
21
-3.1813042519685037
0
LINE
8
Edge.Cuts
6
CONTINUOUS
10
1.3276998031496063
20
-3.1813042519685037
11
1.3296609448818897
21
-3.1824456692913383
0
LINE
8
Edge.Cuts
6
CONTINUOUS
10
1.3296609448818897
20
-3.1824456692913383
11
1.3340299212598425
21
-3.1836736220472441
0
LINE
8
Edge.Cuts
6
CONTINUOUS
10
1.3340299212598425
20
-3.1836736220472441
11
1.3385673228346457
21
-3.18376062992126
0
LINE
8
Edge.Cuts
6
CONTINUOUS
10
1.3385673228346457
20
-3.18376062992126
11
1.3429801574803149
21
-3.1827009842519685
0
LINE
8
Edge.Cuts
6
CONTINUOUS
10
1.3429801574803149
20
-3.1827009842519685
11
1.3469833464566929
21
-3.1805632283464567
0
LINE
8
Edge.Cuts
6
CONTINUOUS
10
1.3469833464566929
20
-3.1805632283464567
11
1.3503183858267716
21
-3.1774853543307087
0
LINE
8
Edge.Cuts
6
CONTINUOUS
10
1.3503183858267716
20
-3.1774853543307087
11
1.3527698818897638
21
-3.1736661811023623
0
LINE
8
Edge.Cuts
6
CONTINUOUS
10
1.3527698818897638
20
-3.1736661811023623
11
1.3541794488188976
21
-3.1693524015748031
0
LINE
8
Edge.Cuts
6
CONTINUOUS
10
1.3541794488188976
20
-3.1693524015748031
11
1.3544561023622046
21
-3.164822598425197
0
LINE
8
Edge.Cuts
6
CONTINUOUS
10
1.3544561023622046
20
-3.164822598425197
11
1.3535819291338582
21
-3.1603693307086616
0
LINE
8
Edge.Cuts
6
CONTINUOUS
10
1.3535819291338582
20
-3.1603693307086616
11
1.3526012204724409
21
-3.1583230708661416
0
LINE
8
Edge.Cuts
6
CONTINUOUS
10
1.3526012204724409
20
-3.1583230708661416
11
1.3514195669291338
21
-3.1553112992125985
0
LINE
8
Edge.Cuts
6
CONTINUOUS
10
1.3514195669291338
20
-3.1553112992125985
11
1.350699842519685
21
-3.1521570472440943
0
LINE
8
Edge.Cuts
6
CONTINUOUS
10
1.350699842519685
20
-3.1521570472440943
11
1.3504581496062993
21
-3.1489307480314959
0
LINE
8
Edge.Cuts
6
CONTINUOUS
10
1.3504581496062993
20
-3.1489307480314959
11
1.3504581496062993
21
-3.0935888582677165
0
LINE
8
Edge.Cuts
6
CONTINUOUS
10
1.3504581496062993
20
-3.0935888582677165
11
1.3504581496062993
21
-3.0935888188976377
0
LINE
8
Edge.Cuts
6
CONTINUOUS
10
1.3504581496062993
20
-3.0935888188976377
11
1.350699842519685
21
-3.090362559055118
0
LINE
8
Edge.Cuts
6
CONTINUOUS
10
1.350699842519685
20
-3.090362559055118
11
1.3514195669291338
21
-3.0872083070866143
0
LINE
8
Edge.Cuts
6
CONTINUOUS
10
1.3514195669291338
20
-3.0872083070866143
11
1.3526012204724409
21
-3.084196496062992
0
LINE
8
Edge.Cuts
6
CONTINUOUS
10
1.3526012204724409
20
-3.084196496062992
11
1.3535819291338582
21
-3.0821502362204725
0
LINE
8
Edge.Cuts
6
CONTINUOUS
10
1.3535819291338582
20
-3.0821502362204725
11
1.3544560629921261
21
-3.0776970078740158
0
LINE
8
Edge.Cuts
6
CONTINUOUS
10
1.3544560629921261
20
-3.0776970078740158
11
1.3541794094488189
21
-3.0731672047244092
0
LINE
8
Edge.Cuts
6
CONTINUOUS
10
1.3541794094488189
20
-3.0731672047244092
11
1.352769842519685
21
-3.0688533858267717
0
LINE
8
Edge.Cuts
6
CONTINUOUS
10
1.352769842519685
20
-3.0688533858267717
11
1.3503183464566928
21
-3.0650342519685037
0
LINE
8
Edge.Cuts
6
CONTINUOUS
10
1.3503183464566928
20
-3.0650342519685037
11
1.3469833070866142
21
-3.0619563779527557
0
LINE
8
Edge.Cuts
6
CONTINUOUS
10
1.3469833070866142
20
-3.0619563779527557
11
1.3429801181102361
21
-3.0598186220472439
0
LINE
8
Edge.Cuts
6
CONTINUOUS
10
1.3429801181102361
20
-3.0598186220472439
11
1.3385673228346457
21
-3.0587590157480316
0
LINE
8
Edge.Cuts
6
CONTINUOUS
10
1.3385673228346457
20
-3.0587590157480316
11
1.3340298818897638
21
-3.0588460236220474
0
LINE
8
Edge.Cuts
6
CONTINUOUS
10
1.3340298818897638
20
-3.0588460236220474
11
1.3296609448818897
21
-3.0600739763779528
0
LINE
8
Edge.Cuts
6
CONTINUOUS
10
1.3296609448818897
20
-3.0600739763779528
11
1.3276998031496063
21
-3.0612153937007873
0
LINE
8
Edge.Cuts
6
CONTINUOUS
10
1.3276998031496063
20
-3.0612153937007873
11
1.3242519685039369
21
-3.0628414566929134
0
LINE
8
Edge.Cuts
6
CONTINUOUS
10
1.3242519685039369
20
-3.0628414566929134
11
1.3205724409448818
21
-3.0638376771653544
0
LINE
8
Edge.Cuts
6
CONTINUOUS
10
1.3205724409448818
20
-3.0638376771653544
11
1.3167752362204723
21
-3.0641732283464567
0
LINE
8
Edge.Cuts
6
CONTINUOUS
10
1.3167752362204723
20
-3.0641732283464567
11
1.2542199212598424
21
-3.0641732283464567
0
LINE
8
Edge.Cuts
6
CONTINUOUS
10
1.2542199212598424
20
-3.0641732283464567
11
1.2542195669291338
21
-3.0641731496062992
0
LINE
8
Edge.Cuts
6
CONTINUOUS
10
1.2542195669291338
20
-3.0641731496062992
11
1.2504226771653544
21
-3.0638376377952756
0
LINE
8
Edge.Cuts
6
CONTINUOUS
10
1.2504226771653544
20
-3.0638376377952756
11
1.2467431496062993
21
-3.0628414173228347
0
LINE
8
Edge.Cuts
6
CONTINUOUS
10
1.2467431496062993
20
-3.0628414173228347
11
1.2432953149606298
21
-3.0612153543307086
0
LINE
8
Edge.Cuts
6
CONTINUOUS
10
1.2432953149606298
20
-3.0612153543307086
11
1.2413341732283465
21
-3.060073937007874
0
LINE
8
Edge.Cuts
6
CONTINUOUS
10
1.2413341732283465
20
-3.060073937007874
11
1.2369651968503936
21
-3.0588459842519686
0
LINE
8
Edge.Cuts
6
CONTINUOUS
10
1.2369651968503936
20
-3.0588459842519686
11
1.2324277952755904
21
-3.0587589763779528
0
LINE
8
Edge.Cuts
6
CONTINUOUS
10
1.2324277952755904
20
-3.0587589763779528
11
1.2280150000000001
21
-3.0598185826771651
0
LINE
8
Edge.Cuts
6
CONTINUOUS
10
10.8882475196850397
20
-3.0505479921259844
11
10.8933131102362211
21
-3.0526981102362205
0
LINE
8
Edge.Cuts
6
CONTINUOUS
10
10.8933131102362211
20
-3.0526981102362205
11
10.8946653543307086
21
-3.0534866929133857
0
LINE
8
Edge.Cuts
6
CONTINUOUS
10
10.8946653543307086
20
-3.0534866929133857
11
10.8976036614173228
21
-3.0545677559055116
0
LINE
8
Edge.Cuts
6
CONTINUOUS
10
10.8976036614173228
20
-3.0545677559055116
11
10.9006859842519681
21
-3.055116811023622
0
LINE
8
Edge.Cuts
6
CONTINUOUS
10
10.9006859842519681
20
-3.055116811023622
11
10.9022514173228338
21
-3.0551181496062991
0
LINE
8
Edge.Cuts
6
CONTINUOUS
10
10.9022514173228338
20
-3.0551181496062991
11
10.9648066929133847
21
-3.0551181496062991
0
LINE
8
Edge.Cuts
6
CONTINUOUS
10
10.9648066929133847
20
-3.0551181496062991
11
10.9663720866141734
21
-3.0551167716535432
0
LINE
8
Edge.Cuts
6
CONTINUOUS
10
10.9663720866141734
20
-3.0551167716535432
11
10.9694544094488187
21
-3.0545677559055116
0
LINE
8
Edge.Cuts
6
CONTINUOUS
10
10.9694544094488187
20
-3.0545677559055116
11
10.9723927165354329
21
-3.0534866929133857
0
LINE
8
Edge.Cuts
6
CONTINUOUS
10
10.9723927165354329
20
-3.0534866929133857
11
10.9737449606299204
21
-3.0526981102362205
0
LINE
8
Edge.Cuts
6
CONTINUOUS
10
10.9737449606299204
20
-3.0526981102362205
11
10.9737453937007867
21
-3.0526979921259842
0
LINE
8
Edge.Cuts
6
CONTINUOUS
10
10.9737453937007867
20
-3.0526979921259842
11
10.9788105905511806
21
-3.0505480708661419
0
LINE
8
Edge.Cuts
6
CONTINUOUS
10
10.9788105905511806
20
-3.0505480708661419
11
10.9842545669291329
21
-3.0497443307086614
0
LINE
8
Edge.Cuts
6
CONTINUOUS
10
10.9842545669291329
20
-3.0497443307086614
11
10.9897253543307087
21
-3.0503388188976377
0
LINE
8
Edge.Cuts
6
CONTINUOUS
10
10.9897253543307087
20
-3.0503388188976377
11
10.9948696062992131
21
-3.0522932283464566
0
LINE
8
Edge.Cuts
6
CONTINUOUS
10
10.9948696062992131
20
-3.0522932283464566
11
10.9993550393700783
21
-3.0554812598425198
0
LINE
8
Edge.Cuts
6
CONTINUOUS
10
10.9993550393700783
20
-3.0554812598425198
11
11.0028920472440941
21
-3.0596970078740156
0
LINE
8
Edge.Cuts
6
CONTINUOUS
10
11.0028920472440941
20
-3.0596970078740156
11
11.0052521259842511
21
-3.0646682283464566
0
LINE
8
Edge.Cuts
6
CONTINUOUS
10
11.0052521259842511
20
-3.0646682283464566
11
11.0062828346456687
21
-3.0700738188976375
0
LINE
8
Edge.Cuts
6
CONTINUOUS
10
11.0062828346456687
20
-3.0700738188976375
11
11.0059175984251958
21
-3.0755646850393701
0
LINE
8
Edge.Cuts
6
CONTINUOUS
10
11.0059175984251958
20
-3.0755646850393701
11
11.0041800787401574
21
-3.0807861811023622
0
LINE
8
Edge.Cuts
6
CONTINUOUS
10
11.0041800787401574
20
-3.0807861811023622
11
11.0041799999999999
21
-3.080786220472441
0
LINE
8
Edge.Cuts
6
CONTINUOUS
10
11.0041799999999999
20
-3.080786220472441
11
11.003604566929134
21
-3.0819818897637794
0
LINE
8
Edge.Cuts
6
CONTINUOUS
10
11.003604566929134
20
-3.0819818897637794
11
11.0028224409448825
21
-3.0845187401574803
0
LINE
8
Edge.Cuts
6
CONTINUOUS
10
11.0028224409448825
20
-3.0845187401574803
11
11.0024267716535427
21
-3.0871437795275591
0
LINE
8
Edge.Cuts
6
CONTINUOUS
10
11.0024267716535427
20
-3.0871437795275591
11
11.0024266535433064
21
-3.0884708267716534
0
LINE
8
Edge.Cuts
6
CONTINUOUS
10
11.0024266535433064
20
-3.0884708267716534
11
11.0024266535433064
21
-3.1438127165354328
0
LINE
8
Edge.Cuts
6
CONTINUOUS
10
11.0024266535433064
20
-3.1438127165354328
11
11.0024266535433064
21
-3.1438127559055116
0
LINE
8
Edge.Cuts
6
CONTINUOUS
10
11.0024266535433064
20
-3.1438127559055116
11
11.0024265748031489
21
-3.14514
0
LINE
8
Edge.Cuts
6
CONTINUOUS
10
11.0024265748031489
20
-3.14514
11
11.0028220866141737
21
-3.1477648425196851
0
LINE
8
Edge.Cuts
6
CONTINUOUS
10
11.0028220866141737
20
-3.1477648425196851
11
11.0036042913385828
21
-3.1503014566929135
0
LINE
8
Edge.Cuts
6
CONTINUOUS
10
11.0036042913385828
20
-3.1503014566929135
11
11.0041800393700786
21
-3.1514973228346457
0
LINE
8
Edge.Cuts
6
CONTINUOUS
10
11.0041800393700786
20
-3.1514973228346457
11
11.0041800393700786
21
-3.1514973622047244
0
LINE
8
Edge.Cuts
6
CONTINUOUS
10
11.0041800393700786
20
-3.1514973622047244
11
11.0059176377952745
21
-3.1567188582677166
0
LINE
8
Edge.Cuts
6
CONTINUOUS
10
11.0059176377952745
20
-3.1567188582677166
11
11.0062828740157475
21
-3.1622097244094487
0
LINE
8
Edge.Cuts
6
CONTINUOUS
10
11.0062828740157475
20
-3.1622097244094487
11
11.0052521653543298
21
-3.1676153543307084
0
LINE
8
Edge.Cuts
6
CONTINUOUS
10
11.0052521653543298
20
-3.1676153543307084
11
11.0028920866141728
21
-3.1725865748031494
0
LINE
8
Edge.Cuts
6
CONTINUOUS
10
11.0028920866141728
20
-3.1725865748031494
11
10.9993551181102358
21
-3.1768023622047243
0
LINE
8
Edge.Cuts
6
CONTINUOUS
10
10.9993551181102358
20
-3.1768023622047243
11
10.9948696456692918
21
-3.1799903937007872
0
LINE
8
Edge.Cuts
6
CONTINUOUS
10
10.9948696456692918
20
-3.1799903937007872
11
10.9897253543307087
21
-3.181944803149606
0
LINE
8
Edge.Cuts
6
CONTINUOUS
10
10.9897253543307087
20
-3.181944803149606
11
10.9842545669291329
21
-3.1825392913385828
0
LINE
8
Edge.Cuts
6
CONTINUOUS
10
10.9842545669291329
20
-3.1825392913385828
11
10.9788105905511806
21
-3.1817355511811023
0
LINE
8
Edge.Cuts
6
CONTINUOUS
10
10.9788105905511806
20
-3.1817355511811023
11
10.9737449999999992
21
-3.1795854330708662
0
LINE
8
Edge.Cuts
6
CONTINUOUS
10
10.9737449999999992
20
-3.1795854330708662
11
10.9723927559055117
21
-3.1787968503937005
0
LINE
8
Edge.Cuts
6
CONTINUOUS
10
10.9723927559055117
20
-3.1787968503937005
11
10.9694544488188974
21
-3.1777157874015747
0
LINE
8
Edge.Cuts
6
CONTINUOUS
10
10.9694544488188974
20
-3.1777157874015747
11
10.9663721259842522
21
-3.1771667716535434
0
LINE
8
Edge.Cuts
6
CONTINUOUS
10
10.9663721259842522
20
-3.1771667716535434
11
10.9648067322834635
21
-3.1771653937007875
0
LINE
8
Edge.Cuts
6
CONTINUOUS
10
10.9648067322834635
20
-3.1771653937007875
11
10.9648066141732272
21
-3.1771653543307088
0
LINE
8
Edge.Cuts
6
CONTINUOUS
10
10.9648066141732272
20
-3.1771653543307088
11
10.902251377952755
21
-3.1771653543307088
0
LINE
8
Edge.Cuts
6
CONTINUOUS
10
10.902251377952755
20
-3.1771653543307088
11
10.9006859842519681
21
-3.1771667322834647
0
LINE
8
Edge.Cuts
6
CONTINUOUS
10
10.9006859842519681
20
-3.1771667322834647
11
10.8976036614173228
21
-3.1777157480314959
0
LINE
8
Edge.Cuts
6
CONTINUOUS
10
10.8976036614173228
20
-3.1777157480314959
11
10.8946653543307086
21
-3.1787968110236218
0
LINE
8
Edge.Cuts
6
CONTINUOUS
10
10.8946653543307086
20
-3.1787968110236218
11
10.8933131102362211
21
-3.1795853937007874
0
LINE
8
Edge.Cuts
6
CONTINUOUS
10
10.8933131102362211
20
-3.1795853937007874
11
10.8882475196850397
21
-3.1817355118110235
0
LINE
8
Edge.Cuts
6
CONTINUOUS
10
10.8882475196850397
20
-3.1817355118110235
11
10.8828035433070855
21
-3.1825392913385828
0
LINE
8
Edge.Cuts
6
CONTINUOUS
10
10.8828035433070855
20
-3.1825392913385828
11
10.8773327559055115
21
-3.1819447637795273
0
LINE
8
Edge.Cuts
6
CONTINUOUS
10
10.8773327559055115
20
-3.1819447637795273
11
10.8721885039370072
21
-3.1799903937007872
0
LINE
8
Edge.Cuts
6
CONTINUOUS
10
10.8721885039370072
20
-3.1799903937007872
11
10.8677030314960632
21
-3.1768023622047243
0
LINE
8
Edge.Cuts
6
CONTINUOUS
10
10.8677030314960632
20
-3.1768023622047243
11
10.8641660236220474
21
-3.1725865748031494
0
LINE
8
Edge.Cuts
6
CONTINUOUS
10
10.8641660236220474
20
-3.1725865748031494
11
10.8618059842519674
21
-3.1676153543307084
0
LINE
8
Edge.Cuts
6
CONTINUOUS
10
10.8618059842519674
20
-3.1676153543307084
11
10.8607752755905516
21
-3.1622097244094487
0
LINE
8
Edge.Cuts
6
CONTINUOUS
10
10.8607752755905516
20
-3.1622097244094487
11
10.8611404724409439
21
-3.1567188582677166
0
LINE
8
Edge.Cuts
6
CONTINUOUS
10
10.8611404724409439
20
-3.1567188582677166
11
10.8628780708661417
21
-3.1514973622047244
0
LINE
8
Edge.Cuts
6
CONTINUOUS
10
10.8628780708661417
20
-3.1514973622047244
11
10.8634537795275588
21
-3.1503014960629923
0
LINE
8
Edge.Cuts
6
CONTINUOUS
10
10.8634537795275588
20
-3.1503014960629923
11
10.8642359842519678
21
-3.1477648818897639
0
LINE
8
Edge.Cuts
6
CONTINUOUS
10
10.8642359842519678
20
-3.1477648818897639
11
10.8646314960629926
21
-3.14514
0
LINE
8
Edge.Cuts
6
CONTINUOUS
10
10.8646314960629926
20
-3.14514
11
10.8646314566929139
21
-3.1438127559055116
0
LINE
8
Edge.Cuts
6
CONTINUOUS
10
10.8646314566929139
20
-3.1438127559055116
11
10.8646314566929139
21
-3.1438127165354328
0
LINE
8
Edge.Cuts
6
CONTINUOUS
10
10.8646314566929139
20
-3.1438127165354328
11
10.8646314566929139
21
-3.0884708267716534
0
LINE
8
Edge.Cuts
6
CONTINUOUS
10
10.8646314566929139
20
-3.0884708267716534
11
10.8646314960629926
21
-3.0871435826771654
0
LINE
8
Edge.Cuts
6
CONTINUOUS
10
10.8646314960629926
20
-3.0871435826771654
11
10.8642359842519678
21
-3.0845187007874015
0
LINE
8
Edge.Cuts
6
CONTINUOUS
10
10.8642359842519678
20
-3.0845187007874015
11
10.8634537795275588
21
-3.0819820472440944
0
LINE
8
Edge.Cuts
6
CONTINUOUS
10
10.8634537795275588
20
-3.0819820472440944
11
10.8628780708661417
21
-3.0807861811023622
0
LINE
8
Edge.Cuts
6
CONTINUOUS
10
10.8628780708661417
20
-3.0807861811023622
11
10.8611404724409439
21
-3.0755647244094488
0
LINE
8
Edge.Cuts
6
CONTINUOUS
10
10.8611404724409439
20
-3.0755647244094488
11
10.8607752362204728
21
-3.0700738582677163
0
LINE
8
Edge.Cuts
6
CONTINUOUS
10
10.8607752362204728
20
-3.0700738582677163
11
10.8618059448818887
21
-3.0646682283464566
0
LINE
8
Edge.Cuts
6
CONTINUOUS
10
10.8618059448818887
20
-3.0646682283464566
11
10.8641659842519687
21
-3.0596969685039368
0
LINE
8
Edge.Cuts
6
CONTINUOUS
10
10.8641659842519687
20
-3.0596969685039368
11
10.8677029921259845
21
-3.0554811811023623
0
LINE
8
Edge.Cuts
6
CONTINUOUS
10
10.8677029921259845
20
-3.0554811811023623
11
10.8721884645669284
21
-3.052293149606299
0
LINE
8
Edge.Cuts
6
CONTINUOUS
10
10.8721884645669284
20
-3.052293149606299
11
10.8773327165354328
21
-3.0503387401574802
0
LINE
8
Edge.Cuts
6
CONTINUOUS
10
10.8773327165354328
20
-3.0503387401574802
11
10.8828035433070855
21
-3.0497442519685038
0
LINE
8
Edge.Cuts
6
CONTINUOUS
10
10.8828035433070855
20
-3.0497442519685038
11
10.8882475196850397
21
-3.0505479921259844
0
LINE
8
Edge.Cuts
6
CONTINUOUS
10
10.8760464566929134
20
-3.0547005905511808
11
10.8720432677165348
21
-3.0568383464566931
0
LINE
8
Edge.Cuts
6
CONTINUOUS
10
10.8720432677165348
20
-3.0568383464566931
11
10.8687082283464562
21
-3.0599162204724411
0
LINE
8
Edge.Cuts
6
CONTINUOUS
10
10.8687082283464562
20
-3.0599162204724411
11
10.866256732283464
21
-3.0637353937007874
0
LINE
8
Edge.Cuts
6
CONTINUOUS
10
10.866256732283464
20
-3.0637353937007874
11
10.8648471653543304
21
-3.0680491732283466
0
LINE
8
Edge.Cuts
6
CONTINUOUS
10
10.8648471653543304
20
-3.0680491732283466
11
10.8645705118110225
21
-3.0725789763779527
0
LINE
8
Edge.Cuts
6
CONTINUOUS
10
10.8645705118110225
20
-3.0725789763779527
11
10.8654446850393693
21
-3.0770322440944882
0
LINE
8
Edge.Cuts
6
CONTINUOUS
10
10.8654446850393693
20
-3.0770322440944882
11
10.8664253543307083
21
-3.0790783858267714
0
LINE
8
Edge.Cuts
6
CONTINUOUS
10
10.8664253543307083
20
-3.0790783858267714
11
10.8664253937007871
21
-3.0790784645669289
0
LINE
8
Edge.Cuts
6
CONTINUOUS
10
10.8664253937007871
20
-3.0790784645669289
11
10.8676070472440944
21
-3.0820902755905513
0
LINE
8
Edge.Cuts
6
CONTINUOUS
10
10.8676070472440944
20
-3.0820902755905513
11
10.8683267716535426
21
-3.085244527559055
0
LINE
8
Edge.Cuts
6
CONTINUOUS
10
10.8683267716535426
20
-3.085244527559055
11
10.8685684645669287
21
-3.0884708267716534
0
LINE
8
Edge.Cuts
6
CONTINUOUS
10
10.8685684645669287
20
-3.0884708267716534
11
10.8685684645669287
21
-3.1438127165354328
0
LINE
8
Edge.Cuts
6
CONTINUOUS
10
10.8685684645669287
20
-3.1438127165354328
11
10.8685684645669287
21
-3.1438127559055116
0
LINE
8
Edge.Cuts
6
CONTINUOUS
10
10.8685684645669287
20
-3.1438127559055116
11
10.8683267716535426
21
-3.1470390157480312
0
LINE
8
Edge.Cuts
6
CONTINUOUS
10
10.8683267716535426
20
-3.1470390157480312
11
10.8676070472440944
21
-3.1501932677165354
0
LINE
8
Edge.Cuts
6
CONTINUOUS
10
10.8676070472440944
20
-3.1501932677165354
11
10.8664253937007871
21
-3.1532050787401573
0
LINE
8
Edge.Cuts
6
CONTINUOUS
10
10.8664253937007871
20
-3.1532050787401573
11
10.8654446850393693
21
-3.1552513385826773
0
LINE
8
Edge.Cuts
6
CONTINUOUS
10
10.8654446850393693
20
-3.1552513385826773
11
10.8645705511811013
21
-3.1597045669291339
0
LINE
8
Edge.Cuts
6
CONTINUOUS
10
10.8645705511811013
20
-3.1597045669291339
11
10.8648472047244091
21
-3.1642343700787401
0
LINE
8
Edge.Cuts
6
CONTINUOUS
10
10.8648472047244091
20
-3.1642343700787401
11
10.8662567716535428
21
-3.168548188976378
0
LINE
8
Edge.Cuts
6
CONTINUOUS
10
10.8662567716535428
20
-3.168548188976378
11
10.868708267716535
21
-3.1723673228346456
0
LINE
8
Edge.Cuts
6
CONTINUOUS
10
10.868708267716535
20
-3.1723673228346456
11
10.8720433070866136
21
-3.1754451968503936
0
LINE
8
Edge.Cuts
6
CONTINUOUS
10
10.8720433070866136
20
-3.1754451968503936
11
10.8760464960629921
21
-3.1775829527559054
0
LINE
8
Edge.Cuts
6
CONTINUOUS
10
10.8760464960629921
20
-3.1775829527559054
11
10.8804592913385818
21
-3.1786425590551182
0
LINE
8
Edge.Cuts
6
CONTINUOUS
10
10.8804592913385818
20
-3.1786425590551182
11
10.8849967322834651
21
-3.1785555511811023
0
LINE
8
Edge.Cuts
6
CONTINUOUS
10
10.8849967322834651
20
-3.1785555511811023
11
10.8893656692913385
21
-3.177327598425197
0
LINE
8
Edge.Cuts
6
CONTINUOUS
10
10.8893656692913385
20
-3.177327598425197
11
10.891326811023621
21
-3.1761861811023619
0
LINE
8
Edge.Cuts
6
CONTINUOUS
10
10.891326811023621
20
-3.1761861811023619
11
10.8947746456692904
21
-3.1745601181102363
0
LINE
8
Edge.Cuts
6
CONTINUOUS
10
10.8947746456692904
20
-3.1745601181102363
11
10.8984541732283464
21
-3.1735638976377953
0
LINE
8
Edge.Cuts
6
CONTINUOUS
10
10.8984541732283464
20
-3.1735638976377953
11
10.902251377952755
21
-3.173228346456693
0
LINE
8
Edge.Cuts
6
CONTINUOUS
10
10.902251377952755
20
-3.173228346456693
11
10.9648066929133847
21
-3.173228346456693
0
LINE
8
Edge.Cuts
6
CONTINUOUS
10
10.9648066929133847
20
-3.173228346456693
11
10.9648070078740147
21
-3.1732283858267718
0
LINE
8
Edge.Cuts
6
CONTINUOUS
10
10.9648070078740147
20
-3.1732283858267718
11
10.9686039370078738
21
-3.1735639370078741
0
LINE
8
Edge.Cuts
6
CONTINUOUS
10
10.9686039370078738
20
-3.1735639370078741
11
10.972283464566928
21
-3.1745601574803151
0
LINE
8
Edge.Cuts
6
CONTINUOUS
10
10.972283464566928
20
-3.1745601574803151
11
10.9757312992125975
21
-3.1761862204724407
0
LINE
8
Edge.Cuts
6
CONTINUOUS
10
10.9757312992125975
20
-3.1761862204724407
11
10.9776924409448817
21
-3.1773276377952757
0
LINE
8
Edge.Cuts
6
CONTINUOUS
10
10.9776924409448817
20
-3.1773276377952757
11
10.9820614173228339
21
-3.1785555905511811
0
LINE
8
Edge.Cuts
6
CONTINUOUS
10
10.9820614173228339
20
-3.1785555905511811
11
10.9865988188976367
21
-3.1786425984251969
0
LINE
8
Edge.Cuts
6
CONTINUOUS
10
10.9865988188976367
20
-3.1786425984251969
11
10.9910116141732281
21
-3.1775829921259842
0
LINE
8
Edge.Cuts
6
CONTINUOUS
10
10.9910116141732281
20
-3.1775829921259842
11
10.9950148425196854
21
-3.1754451968503936
0
LINE
8
Edge.Cuts
6
CONTINUOUS
10
10.9950148425196854
20
-3.1754451968503936
11
10.998349881889764
21
-3.1723673622047244
0
LINE
8
Edge.Cuts
6
CONTINUOUS
10
10.998349881889764
20
-3.1723673622047244
11
11.0008013385826775
21
-3.168548188976378
0
LINE
8
Edge.Cuts
6
CONTINUOUS
10
11.0008013385826775
20
-3.168548188976378
11
11.0022109448818899
21
-3.1642344094488188
0
LINE
8
Edge.Cuts
6
CONTINUOUS
10
11.0022109448818899
20
-3.1642344094488188
11
11.0024875590551172
21
-3.1597046062992127
0
LINE
8
Edge.Cuts
6
CONTINUOUS
10
11.0024875590551172
20
-3.1597046062992127
11
11.0016134251968509
21
-3.1552513385826773
0
LINE
8
Edge.Cuts
6
CONTINUOUS
10
11.0016134251968509
20
-3.1552513385826773
11
11.0006327165354332
21
-3.1532050787401573
0
LINE
8
Edge.Cuts
6
CONTINUOUS
10
11.0006327165354332
20
-3.1532050787401573
11
10.9994510236220471
21
-3.1501932677165354
0
LINE
8
Edge.Cuts
6
CONTINUOUS
10
10.9994510236220471
20
-3.1501932677165354
11
10.998731299212599
21
-3.1470389763779525
0
LINE
8
Edge.Cuts
6
CONTINUOUS
10
10.998731299212599
20
-3.1470389763779525
11
10.9984896456692915
21
-3.1438126771653541
0
LINE
8
Edge.Cuts
6
CONTINUOUS
10
10.9984896456692915
20
-3.1438126771653541
11
10.9984896456692915
21
-3.0884708267716534
0
LINE
8
Edge.Cuts
6
CONTINUOUS
10
10.9984896456692915
20
-3.0884708267716534
11
10.9984896850393703
21
-3.0884705905511809
0
LINE
8
Edge.Cuts
6
CONTINUOUS
10
10.9984896850393703
20
-3.0884705905511809
11
10.9984896456692915
21
-3.0884704724409446
0
LINE
8
Edge.Cuts
6
CONTINUOUS
10
10.9984896456692915
20
-3.0884704724409446
11
10.9987316929133847
21
-3.0852444488188975
0
LINE
8
Edge.Cuts
6
CONTINUOUS
10
10.9987316929133847
20
-3.0852444488188975
11
10.9994513385826771
21
-3.082090472440945
0
LINE
8
Edge.Cuts
6
CONTINUOUS
10
10.9994513385826771
20
-3.082090472440945
11
11.0006325590551182
21
-3.0790787795275589
0
LINE
8
Edge.Cuts
6
CONTINUOUS
10
11.0006325590551182
20
-3.0790787795275589
11
11.0006326377952757
21
-3.0790786614173227
0
LINE
8
Edge.Cuts
6
CONTINUOUS
10
11.0006326377952757
20
-3.0790786614173227
11
11.0006326771653544
21
-3.0790784645669289
0
LINE
8
Edge.Cuts
6
CONTINUOUS
10
11.0006326771653544
20
-3.0790784645669289
11
11.0016133858267722
21
-3.0770322440944882
0
LINE
8
Edge.Cuts
6
CONTINUOUS
10
11.0016133858267722
20
-3.0770322440944882
11
11.0024875590551172
21
-3.0725789763779527
0
LINE
8
Edge.Cuts
6
CONTINUOUS
10
11.0024875590551172
20
-3.0725789763779527
11
11.0022108661417324
21
-3.0680491732283466
0
LINE
8
Edge.Cuts
6
CONTINUOUS
10
11.0022108661417324
20
-3.0680491732283466
11
11.0008012992125987
21
-3.0637353937007874
0
LINE
8
Edge.Cuts
6
CONTINUOUS
10
11.0008012992125987
20
-3.0637353937007874
11
10.9983498031496065
21
-3.0599162598425198
0
LINE
8
Edge.Cuts
6
CONTINUOUS
10
10.9983498031496065
20
-3.0599162598425198
11
10.9950148031496067
21
-3.0568384251968501
0
LINE
8
Edge.Cuts
6
CONTINUOUS
10
10.9950148031496067
20
-3.0568384251968501
11
10.9910115748031494
21
-3.0547006692913383
0
LINE
8
Edge.Cuts
6
CONTINUOUS
10
10.9910115748031494
20
-3.0547006692913383
11
10.9865987795275579
21
-3.053641062992126
0
LINE
8
Edge.Cuts
6
CONTINUOUS
10
10.9865987795275579
20
-3.053641062992126
11
10.9820613779527552
21
-3.0537280314960631
0
LINE
8
Edge.Cuts
6
CONTINUOUS
10
10.9820613779527552
20
-3.0537280314960631
11
10.9776924409448817
21
-3.0549559842519685
0
LINE
8
Edge.Cuts
6
CONTINUOUS
10
10.9776924409448817
20
-3.0549559842519685
11
10.9757312992125975
21
-3.056097401574803
0
LINE
8
Edge.Cuts
6
CONTINUOUS
10
10.9757312992125975
20
-3.056097401574803
11
10.97573090551181
21
-3.0560974803149605
0
LINE
8
Edge.Cuts
6
CONTINUOUS
10
10.97573090551181
20
-3.0560974803149605
11
10.9722834251968493
21
-3.0577233858267716
0
LINE
8
Edge.Cuts
6
CONTINUOUS
10
10.9722834251968493
20
-3.0577233858267716
11
10.9686038976377951
21
-3.0587196062992126
0
LINE
8
Edge.Cuts
6
CONTINUOUS
10
10.9686038976377951
20
-3.0587196062992126
11
10.9648066929133847
21
-3.0590551574803149
0
LINE
8
Edge.Cuts
6
CONTINUOUS
10
10.9648066929133847
20
-3.0590551574803149
11
10.9022514173228338
21
-3.0590551574803149
0
LINE
8
Edge.Cuts
6
CONTINUOUS
10
10.9022514173228338
20
-3.0590551574803149
11
10.8984541732283464
21
-3.0587196062992126
0
LINE
8
Edge.Cuts
6
CONTINUOUS
10
10.8984541732283464
20
-3.0587196062992126
11
10.8947746456692904
21
-3.0577233858267716
0
LINE
8
Edge.Cuts
6
CONTINUOUS
10
10.8947746456692904
20
-3.0577233858267716
11
10.891326811023621
21
-3.0560973228346455
0
LINE
8
Edge.Cuts
6
CONTINUOUS
10
10.891326811023621
20
-3.0560973228346455
11
10.8893656692913385
21
-3.054955905511811
0
LINE
8
Edge.Cuts
6
CONTINUOUS
10
10.8893656692913385
20
-3.054955905511811
11
10.8849966929133863
21
-3.0537279527559056
0
LINE
8
Edge.Cuts
6
CONTINUOUS
10
10.8849966929133863
20
-3.0537279527559056
11
10.8804592913385818
21
-3.0536409448818898
0
LINE
8
Edge.Cuts
6
CONTINUOUS
10
10.8804592913385818
20
-3.0536409448818898
11
10.8760464566929134
21
-3.0547005905511808
0
LINE
8
Edge.Cuts
6
CONTINUOUS
10
11.6362790157480305
20
-3.0505479921259844
11
11.6413446062992119
21
-3.0526981102362205
0
LINE
8
Edge.Cuts
6
CONTINUOUS
10
11.6413446062992119
20
-3.0526981102362205
11
11.6426968503937012
21
-3.0534866929133857
0
LINE
8
Edge.Cuts
6
CONTINUOUS
10
11.6426968503937012
20
-3.0534866929133857
11
11.6456351574803154
21
-3.0545677559055116
0
LINE
8
Edge.Cuts
6
CONTINUOUS
10
11.6456351574803154
20
-3.0545677559055116
11
11.6487174803149607
21
-3.055116811023622
0
LINE
8
Edge.Cuts
6
CONTINUOUS
10
11.6487174803149607
20
-3.055116811023622
11
11.6502829133858263
21
-3.0551181496062991
0
LINE
8
Edge.Cuts
6
CONTINUOUS
10
11.6502829133858263
20
-3.0551181496062991
11
11.7128381889763773
21
-3.0551181496062991
0
LINE
8
Edge.Cuts
6
CONTINUOUS
10
11.7128381889763773
20
-3.0551181496062991
11
11.714403582677166
21
-3.0551167716535432
0
LINE
8
Edge.Cuts
6
CONTINUOUS
10
11.714403582677166
20
-3.0551167716535432
11
11.7174859055118112
21
-3.0545677559055116
0
LINE
8
Edge.Cuts
6
CONTINUOUS
10
11.7174859055118112
20
-3.0545677559055116
11
11.7204242125984255
21
-3.0534866929133857
0
LINE
8
Edge.Cuts
6
CONTINUOUS
10
11.7204242125984255
20
-3.0534866929133857
11
11.721776456692913
21
-3.0526981102362205
0
LINE
8
Edge.Cuts
6
CONTINUOUS
10
11.721776456692913
20
-3.0526981102362205
11
11.7217768897637793
21
-3.0526979921259842
0
LINE
8
Edge.Cuts
6
CONTINUOUS
10
11.7217768897637793
20
-3.0526979921259842
11
11.7268420866141732
21
-3.0505480708661419
0
LINE
8
Edge.Cuts
6
CONTINUOUS
10
11.7268420866141732
20
-3.0505480708661419
11
11.7322860629921255
21
-3.0497443307086614
0
LINE
8
Edge.Cuts
6
CONTINUOUS
10
11.7322860629921255
20
-3.0497443307086614
11
11.7377568503937013
21
-3.0503388188976377
0
LINE
8
Edge.Cuts
6
CONTINUOUS
10
11.7377568503937013
20
-3.0503388188976377
11
11.7429011023622039
21
-3.0522932283464566
0
LINE
8
Edge.Cuts
6
CONTINUOUS
10
11.7429011023622039
20
-3.0522932283464566
11
11.7473865354330709
21
-3.0554812598425198
0
LINE
8
Edge.Cuts
6
CONTINUOUS
10
11.7473865354330709
20
-3.0554812598425198
11
11.7509235433070867
21
-3.0596970078740156
0
LINE
8
Edge.Cuts
6
CONTINUOUS
10
11.7509235433070867
20
-3.0596970078740156
11
11.7532836220472436
21
-3.0646682283464566
0
LINE
8
Edge.Cuts
6
CONTINUOUS
10
11.7532836220472436
20
-3.0646682283464566
11
11.7543143307086613
21
-3.0700738188976375
0
LINE
8
Edge.Cuts
6
CONTINUOUS
10
11.7543143307086613
20
-3.0700738188976375
11
11.7539490944881884
21
-3.0755646850393701
0
LINE
8
Edge.Cuts
6
CONTINUOUS
10
11.7539490944881884
20
-3.0755646850393701
11
11.7522115748031499
21
-3.0807861811023622
0
LINE
8
Edge.Cuts
6
CONTINUOUS
10
11.7522115748031499
20
-3.0807861811023622
11
11.7522114960629924
21
-3.080786220472441
0
LINE
8
Edge.Cuts
6
CONTINUOUS
10
11.7522114960629924
20
-3.080786220472441
11
11.7516360629921266
21
-3.0819818897637794
0
LINE
8
Edge.Cuts
6
CONTINUOUS
10
11.7516360629921266
20
-3.0819818897637794
11
11.7508539370078733
21
-3.0845187401574803
0
LINE
8
Edge.Cuts
6
CONTINUOUS
10
11.7508539370078733
20
-3.0845187401574803
11
11.7504582677165352
21
-3.0871437795275591
0
LINE
8
Edge.Cuts
6
CONTINUOUS
10
11.7504582677165352
20
-3.0871437795275591
11
11.750458149606299
21
-3.0884708267716534
0
LINE
8
Edge.Cuts
6
CONTINUOUS
10
11.750458149606299
20
-3.0884708267716534
11
11.750458149606299
21
-3.1438127165354328
0
LINE
8
Edge.Cuts
6
CONTINUOUS
10
11.750458149606299
20
-3.1438127165354328
11
11.750458149606299
21
-3.1438127559055116
0
LINE
8
Edge.Cuts
6
CONTINUOUS
10
11.750458149606299
20
-3.1438127559055116
11
11.7504580708661415
21
-3.14514
0
LINE
8
Edge.Cuts
6
CONTINUOUS
10
11.7504580708661415
20
-3.14514
11
11.7508535826771645
21
-3.1477648425196851
0
LINE
8
Edge.Cuts
6
CONTINUOUS
10
11.7508535826771645
20
-3.1477648425196851
11
11.7516357874015753
21
-3.1503014566929135
0
LINE
8
Edge.Cuts
6
CONTINUOUS
10
11.7516357874015753
20
-3.1503014566929135
11
11.7522115354330712
21
-3.1514973228346457
0
LINE
8
Edge.Cuts
6
CONTINUOUS
10
11.7522115354330712
20
-3.1514973228346457
11
11.7522115354330712
21
-3.1514973622047244
0
LINE
8
Edge.Cuts
6
CONTINUOUS
10
11.7522115354330712
20
-3.1514973622047244
11
11.7539491338582671
21
-3.1567188582677166
0
LINE
8
Edge.Cuts
6
CONTINUOUS
10
11.7539491338582671
20
-3.1567188582677166
11
11.75431437007874
21
-3.1622097244094487
0
LINE
8
Edge.Cuts
6
CONTINUOUS
10
11.75431437007874
20
-3.1622097244094487
11
11.7532836614173224
21
-3.1676153543307084
0
LINE
8
Edge.Cuts
6
CONTINUOUS
10
11.7532836614173224
20
-3.1676153543307084
11
11.7509235826771654
21
-3.1725865748031494
0
LINE
8
Edge.Cuts
6
CONTINUOUS
10
11.7509235826771654
20
-3.1725865748031494
11
11.7473866141732284
21
-3.1768023622047243
0
LINE
8
Edge.Cuts
6
CONTINUOUS
10
11.7473866141732284
20
-3.1768023622047243
11
11.7429011417322826
21
-3.1799903937007872
0
LINE
8
Edge.Cuts
6
CONTINUOUS
10
11.7429011417322826
20
-3.1799903937007872
11
11.7377568503937013
21
-3.181944803149606
0
LINE
8
Edge.Cuts
6
CONTINUOUS
10
11.7377568503937013
20
-3.181944803149606
11
11.7322860629921255
21
-3.1825392913385828
0
LINE
8
Edge.Cuts
6
CONTINUOUS
10
11.7322860629921255
20
-3.1825392913385828
11
11.7268420866141732
21
-3.1817355511811023
0
LINE
8
Edge.Cuts
6
CONTINUOUS
10
11.7268420866141732
20
-3.1817355511811023
11
11.7217764960629918
21
-3.1795854330708662
0
LINE
8
Edge.Cuts
6
CONTINUOUS
10
11.7217764960629918
20
-3.1795854330708662
11
11.7204242519685042
21
-3.1787968503937005
0
LINE
8
Edge.Cuts
6
CONTINUOUS
10
11.7204242519685042
20
-3.1787968503937005
11
11.71748594488189
21
-3.1777157874015747
0
LINE
8
Edge.Cuts
6
CONTINUOUS
10
11.71748594488189
20
-3.1777157874015747
11
11.7144036220472429
21
-3.1771667716535434
0
LINE
8
Edge.Cuts
6
CONTINUOUS
10
11.7144036220472429
20
-3.1771667716535434
11
11.712838228346456
21
-3.1771653937007875
0
LINE
8
Edge.Cuts
6
CONTINUOUS
10
11.712838228346456
20
-3.1771653937007875
11
11.7128381102362198
21
-3.1771653543307088
0
LINE
8
Edge.Cuts
6
CONTINUOUS
10
11.7128381102362198
20
-3.1771653543307088
11
11.6502828740157476
21
-3.1771653543307088
0
LINE
8
Edge.Cuts
6
CONTINUOUS
10
11.6502828740157476
20
-3.1771653543307088
11
11.6487174803149607
21
-3.1771667322834647
0
LINE
8
Edge.Cuts
6
CONTINUOUS
10
11.6487174803149607
20
-3.1771667322834647
11
11.6456351574803154
21
-3.1777157480314959
0
LINE
8
Edge.Cuts
6
CONTINUOUS
10
11.6456351574803154
20
-3.1777157480314959
11
11.6426968503937012
21
-3.1787968110236218
0
LINE
8
Edge.Cuts
6
CONTINUOUS
10
11.6426968503937012
20
-3.1787968110236218
11
11.6413446062992119
21
-3.1795853937007874
0
LINE
8
Edge.Cuts
6
CONTINUOUS
10
11.6413446062992119
20
-3.1795853937007874
11
11.6362790157480305
21
-3.1817355118110235
0
LINE
8
Edge.Cuts
6
CONTINUOUS
10
11.6362790157480305
20
-3.1817355118110235
11
11.6308350393700781
21
-3.1825392913385828
0
LINE
8
Edge.Cuts
6
CONTINUOUS
10
11.6308350393700781
20
-3.1825392913385828
11
11.6253642519685041
21
-3.1819447637795273
0
LINE
8
Edge.Cuts
6
CONTINUOUS
10
11.6253642519685041
20
-3.1819447637795273
11
11.6202199999999998
21
-3.1799903937007872
0
LINE
8
Edge.Cuts
6
CONTINUOUS
10
11.6202199999999998
20
-3.1799903937007872
11
11.615734527559054
21
-3.1768023622047243
0
LINE
8
Edge.Cuts
6
CONTINUOUS
10
11.615734527559054
20
-3.1768023622047243
11
11.61219751968504
21
-3.1725865748031494
0
LINE
8
Edge.Cuts
6
CONTINUOUS
10
11.61219751968504
20
-3.1725865748031494
11
11.60983748031496
21
-3.1676153543307084
0
LINE
8
Edge.Cuts
6
CONTINUOUS
10
11.60983748031496
20
-3.1676153543307084
11
11.6088067716535424
21
-3.1622097244094487
0
LINE
8
Edge.Cuts
6
CONTINUOUS
10
11.6088067716535424
20
-3.1622097244094487
11
11.6091719685039365
21
-3.1567188582677166
0
LINE
8
Edge.Cuts
6
CONTINUOUS
10
11.6091719685039365
20
-3.1567188582677166
11
11.6109095669291342
21
-3.1514973622047244
0
LINE
8
Edge.Cuts
6
CONTINUOUS
10
11.6109095669291342
20
-3.1514973622047244
11
11.6114852755905513
21
-3.1503014960629923
0
LINE
8
Edge.Cuts
6
CONTINUOUS
10
11.6114852755905513
20
-3.1503014960629923
11
11.6122674803149604
21
-3.1477648818897639
0
LINE
8
Edge.Cuts
6
CONTINUOUS
10
11.6122674803149604
20
-3.1477648818897639
11
11.6126629921259834
21
-3.14514
0
LINE
8
Edge.Cuts
6
CONTINUOUS
10
11.6126629921259834
20
-3.14514
11
11.6126629527559047
21
-3.1438127559055116
0
LINE
8
Edge.Cuts
6
CONTINUOUS
10
11.6126629527559047
20
-3.1438127559055116
11
11.6126629527559047
21
-3.1438127165354328
0
LINE
8
Edge.Cuts
6
CONTINUOUS
10
11.6126629527559047
20
-3.1438127165354328
11
11.6126629527559047
21
-3.0884708267716534
0
LINE
8
Edge.Cuts
6
CONTINUOUS
10
11.6126629527559047
20
-3.0884708267716534
11
11.6126629921259834
21
-3.0871435826771654
0
LINE
8
Edge.Cuts
6
CONTINUOUS
10
11.6126629921259834
20
-3.0871435826771654
11
11.6122674803149604
21
-3.0845187007874015
0
LINE
8
Edge.Cuts
6
CONTINUOUS
10
11.6122674803149604
20
-3.0845187007874015
11
11.6114852755905513
21
-3.0819820472440944
0
LINE
8
Edge.Cuts
6
CONTINUOUS
10
11.6114852755905513
20
-3.0819820472440944
11
11.6109095669291342
21
-3.0807861811023622
0
LINE
8
Edge.Cuts
6
CONTINUOUS
10
11.6109095669291342
20
-3.0807861811023622
11
11.6091719685039365
21
-3.0755647244094488
0
LINE
8
Edge.Cuts
6
CONTINUOUS
10
11.6091719685039365
20
-3.0755647244094488
11
11.6088067322834636
21
-3.0700738582677163
0
LINE
8
Edge.Cuts
6
CONTINUOUS
10
11.6088067322834636
20
-3.0700738582677163
11
11.6098374409448812
21
-3.0646682283464566
0
LINE
8
Edge.Cuts
6
CONTINUOUS
10
11.6098374409448812
20
-3.0646682283464566
11
11.6121974803149612
21
-3.0596969685039368
0
LINE
8
Edge.Cuts
6
CONTINUOUS
10
11.6121974803149612
20
-3.0596969685039368
11
11.6157344881889752
21
-3.0554811811023623
0
LINE
8
Edge.Cuts
6
CONTINUOUS
10
11.6157344881889752
20
-3.0554811811023623
11
11.620219960629921
21
-3.052293149606299
0
LINE
8
Edge.Cuts
6
CONTINUOUS
10
11.620219960629921
20
-3.052293149606299
11
11.6253642125984253
21
-3.0503387401574802
0
LINE
8
Edge.Cuts
6
CONTINUOUS
10
11.6253642125984253
20
-3.0503387401574802
11
11.6308350393700781
21
-3.0497442519685038
0
LINE
8
Edge.Cuts
6
CONTINUOUS
10
11.6308350393700781
20
-3.0497442519685038
11
11.6362790157480305
21
-3.0505479921259844
0
LINE
8
Edge.Cuts
6
CONTINUOUS
10
11.6240779527559059
20
-3.0547005905511808
11
11.6200747637795274
21
-3.0568383464566931
0
LINE
8
Edge.Cuts
6
CONTINUOUS
10
11.6200747637795274
20
-3.0568383464566931
11
11.6167397244094488
21
-3.0599162204724411
0
LINE
8
Edge.Cuts
6
CONTINUOUS
10
11.6167397244094488
20
-3.0599162204724411
11
11.6142882283464566
21
-3.0637353937007874
0
LINE
8
Edge.Cuts
6
CONTINUOUS
10
11.6142882283464566
20
-3.0637353937007874
11
11.6128786614173229
21
-3.0680491732283466
0
LINE
8
Edge.Cuts
6
CONTINUOUS
10
11.6128786614173229
20
-3.0680491732283466
11
11.6126020078740151
21
-3.0725789763779527
0
LINE
8
Edge.Cuts
6
CONTINUOUS
10
11.6126020078740151
20
-3.0725789763779527
11
11.6134761811023619
21
-3.0770322440944882
0
LINE
8
Edge.Cuts
6
CONTINUOUS
10
11.6134761811023619
20
-3.0770322440944882
11
11.6144568503937009
21
-3.0790783858267714
0
LINE
8
Edge.Cuts
6
CONTINUOUS
10
11.6144568503937009
20
-3.0790783858267714
11
11.6144568897637797
21
-3.0790784645669289
0
LINE
8
Edge.Cuts
6
CONTINUOUS
10
11.6144568897637797
20
-3.0790784645669289
11
11.615638543307087
21
-3.0820902755905513
0
LINE
8
Edge.Cuts
6
CONTINUOUS
10
11.615638543307087
20
-3.0820902755905513
11
11.6163582677165351
21
-3.085244527559055
0
LINE
8
Edge.Cuts
6
CONTINUOUS
10
11.6163582677165351
20
-3.085244527559055
11
11.6165999606299213
21
-3.0884708267716534
0
LINE
8
Edge.Cuts
6
CONTINUOUS
10
11.6165999606299213
20
-3.0884708267716534
11
11.6165999606299213
21
-3.1438127165354328
0
LINE
8
Edge.Cuts
6
CONTINUOUS
10
11.6165999606299213
20
-3.1438127165354328
11
11.6165999606299213
21
-3.1438127559055116
0
LINE
8
Edge.Cuts
6
CONTINUOUS
10
11.6165999606299213
20
-3.1438127559055116
11
11.6163582677165351
21
-3.1470390157480312
0
LINE
8
Edge.Cuts
6
CONTINUOUS
10
11.6163582677165351
20
-3.1470390157480312
11
11.615638543307087
21
-3.1501932677165354
0
LINE
8
Edge.Cuts
6
CONTINUOUS
10
11.615638543307087
20
-3.1501932677165354
11
11.6144568897637797
21
-3.1532050787401573
0
LINE
8
Edge.Cuts
6
CONTINUOUS
10
11.6144568897637797
20
-3.1532050787401573
11
11.6134761811023619
21
-3.1552513385826773
0
LINE
8
Edge.Cuts
6
CONTINUOUS
10
11.6134761811023619
20
-3.1552513385826773
11
11.6126020472440938
21
-3.1597045669291339
0
LINE
8
Edge.Cuts
6
CONTINUOUS
10
11.6126020472440938
20
-3.1597045669291339
11
11.6128787007874017
21
-3.1642343700787401
0
LINE
8
Edge.Cuts
6
CONTINUOUS
10
11.6128787007874017
20
-3.1642343700787401
11
11.6142882677165353
21
-3.168548188976378
0
LINE
8
Edge.Cuts
6
CONTINUOUS
10
11.6142882677165353
20
-3.168548188976378
11
11.6167397637795276
21
-3.1723673228346456
0
LINE
8
Edge.Cuts
6
CONTINUOUS
10
11.6167397637795276
20
-3.1723673228346456
11
11.6200748031496062
21
-3.1754451968503936
0
LINE
8
Edge.Cuts
6
CONTINUOUS
10
11.6200748031496062
20
-3.1754451968503936
11
11.6240779921259847
21
-3.1775829527559054
0
LINE
8
Edge.Cuts
6
CONTINUOUS
10
11.6240779921259847
20
-3.1775829527559054
11
11.6284907874015744
21
-3.1786425590551182
0
LINE
8
Edge.Cuts
6
CONTINUOUS
10
11.6284907874015744
20
-3.1786425590551182
11
11.6330282283464559
21
-3.1785555511811023
0
LINE
8
Edge.Cuts
6
CONTINUOUS
10
11.6330282283464559
20
-3.1785555511811023
11
11.6373971653543311
21
-3.177327598425197
0
LINE
8
Edge.Cuts
6
CONTINUOUS
10
11.6373971653543311
20
-3.177327598425197
11
11.6393583070866136
21
-3.1761861811023619
0
LINE
8
Edge.Cuts
6
CONTINUOUS
10
11.6393583070866136
20
-3.1761861811023619
11
11.642806141732283
21
-3.1745601181102363
0
LINE
8
Edge.Cuts
6
CONTINUOUS
10
11.642806141732283
20
-3.1745601181102363
11
11.646485669291339
21
-3.1735638976377953
0
LINE
8
Edge.Cuts
6
CONTINUOUS
10
11.646485669291339
20
-3.1735638976377953
11
11.6502828740157476
21
-3.173228346456693
0
LINE
8
Edge.Cuts
6
CONTINUOUS
10
11.6502828740157476
20
-3.173228346456693
11
11.7128381889763773
21
-3.173228346456693
0
LINE
8
Edge.Cuts
6
CONTINUOUS
10
11.7128381889763773
20
-3.173228346456693
11
11.7128385039370073
21
-3.1732283858267718
0
LINE
8
Edge.Cuts
6
CONTINUOUS
10
11.7128385039370073
20
-3.1732283858267718
11
11.7166354330708664
21
-3.1735639370078741
0
LINE
8
Edge.Cuts
6
CONTINUOUS
10
11.7166354330708664
20
-3.1735639370078741
11
11.7203149606299206
21
-3.1745601574803151
0
LINE
8
Edge.Cuts
6
CONTINUOUS
10
11.7203149606299206
20
-3.1745601574803151
11
11.7237627952755901
21
-3.1761862204724407
0
LINE
8
Edge.Cuts
6
CONTINUOUS
10
11.7237627952755901
20
-3.1761862204724407
11
11.7257239370078743
21
-3.1773276377952757
0
LINE
8
Edge.Cuts
6
CONTINUOUS
10
11.7257239370078743
20
-3.1773276377952757
11
11.7300929133858265
21
-3.1785555905511811
0
LINE
8
Edge.Cuts
6
CONTINUOUS
10
11.7300929133858265
20
-3.1785555905511811
11
11.7346303149606292
21
-3.1786425984251969
0
LINE
8
Edge.Cuts
6
CONTINUOUS
10
11.7346303149606292
20
-3.1786425984251969
11
11.7390431102362207
21
-3.1775829921259842
0
LINE
8
Edge.Cuts
6
CONTINUOUS
10
11.7390431102362207
20
-3.1775829921259842
11
11.7430463385826762
21
-3.1754451968503936
0
LINE
8
Edge.Cuts
6
CONTINUOUS
10
11.7430463385826762
20
-3.1754451968503936
11
11.7463813779527548
21
-3.1723673622047244
0
LINE
8
Edge.Cuts
6
CONTINUOUS
10
11.7463813779527548
20
-3.1723673622047244
11
11.7488328346456683
21
-3.168548188976378
0
LINE
8
Edge.Cuts
6
CONTINUOUS
10
11.7488328346456683
20
-3.168548188976378
11
11.7502424409448825
21
-3.1642344094488188
0
LINE
8
Edge.Cuts
6
CONTINUOUS
10
11.7502424409448825
20
-3.1642344094488188
11
11.7505190551181098
21
-3.1597046062992127
0
LINE
8
Edge.Cuts
6
CONTINUOUS
10
11.7505190551181098
20
-3.1597046062992127
11
11.7496449212598417
21
-3.1552513385826773
0
LINE
8
Edge.Cuts
6
CONTINUOUS
10
11.7496449212598417
20
-3.1552513385826773
11
11.7486642125984257
21
-3.1532050787401573
0
LINE
8
Edge.Cuts
6
CONTINUOUS
10
11.7486642125984257
20
-3.1532050787401573
11
11.7474825196850396
21
-3.1501932677165354
0
LINE
8
Edge.Cuts
6
CONTINUOUS
10
11.7474825196850396
20
-3.1501932677165354
11
11.7467627952755898
21
-3.1470389763779525
0
LINE
8
Edge.Cuts
6
CONTINUOUS
10
11.7467627952755898
20
-3.1470389763779525
11
11.7465211417322823
21
-3.1438126771653541
0
LINE
8
Edge.Cuts
6
CONTINUOUS
10
11.7465211417322823
20
-3.1438126771653541
11
11.7465211417322823
21
-3.0884708267716534
0
LINE
8
Edge.Cuts
6
CONTINUOUS
10
11.7465211417322823
20
-3.0884708267716534
11
11.7465211811023611
21
-3.0884705905511809
0
LINE
8
Edge.Cuts
6
CONTINUOUS
10
11.7465211811023611
20
-3.0884705905511809
11
11.7465211417322823
21
-3.0884704724409446
0
LINE
8
Edge.Cuts
6
CONTINUOUS
10
11.7465211417322823
20
-3.0884704724409446
11
11.7467631889763773
21
-3.0852444488188975
0
LINE
8
Edge.Cuts
6
CONTINUOUS
10
11.7467631889763773
20
-3.0852444488188975
11
11.7474828346456697
21
-3.082090472440945
0
LINE
8
Edge.Cuts
6
CONTINUOUS
10
11.7474828346456697
20
-3.082090472440945
11
11.7486640551181107
21
-3.0790787795275589
0
LINE
8
Edge.Cuts
6
CONTINUOUS
10
11.7486640551181107
20
-3.0790787795275589
11
11.7486641338582682
21
-3.0790786614173227
0
LINE
8
Edge.Cuts
6
CONTINUOUS
10
11.7486641338582682
20
-3.0790786614173227
11
11.748664173228347
21
-3.0790784645669289
0
LINE
8
Edge.Cuts
6
CONTINUOUS
10
11.748664173228347
20
-3.0790784645669289
11
11.749644881889763
21
-3.0770322440944882
0
LINE
8
Edge.Cuts
6
CONTINUOUS
10
11.749644881889763
20
-3.0770322440944882
11
11.7505190551181098
21
-3.0725789763779527
0
LINE
8
Edge.Cuts
6
CONTINUOUS
10
11.7505190551181098
20
-3.0725789763779527
11
11.750242362204725
21
-3.0680491732283466
0
LINE
8
Edge.Cuts
6
CONTINUOUS
10
11.750242362204725
20
-3.0680491732283466
11
11.7488327952755895
21
-3.0637353937007874
0
LINE
8
Edge.Cuts
6
CONTINUOUS
10
11.7488327952755895
20
-3.0637353937007874
11
11.7463812992125973
21
-3.0599162598425198
0
LINE
8
Edge.Cuts
6
CONTINUOUS
10
11.7463812992125973
20
-3.0599162598425198
11
11.7430462992125975
21
-3.0568384251968501
0
LINE
8
Edge.Cuts
6
CONTINUOUS
10
11.7430462992125975
20
-3.0568384251968501
11
11.739043070866142
21
-3.0547006692913383
0
LINE
8
Edge.Cuts
6
CONTINUOUS
10
11.739043070866142
20
-3.0547006692913383
11
11.7346302755905505
21
-3.053641062992126
0
LINE
8
Edge.Cuts
6
CONTINUOUS
10
11.7346302755905505
20
-3.053641062992126
11
11.7300928740157477
21
-3.0537280314960631
0
LINE
8
Edge.Cuts
6
CONTINUOUS
10
11.7300928740157477
20
-3.0537280314960631
11
11.7257239370078743
21
-3.0549559842519685
0
LINE
8
Edge.Cuts
6
CONTINUOUS
10
11.7257239370078743
20
-3.0549559842519685
11
11.7237627952755901
21
-3.056097401574803
0
LINE
8
Edge.Cuts
6
CONTINUOUS
10
11.7237627952755901
20
-3.056097401574803
11
11.7237624015748025
21
-3.0560974803149605
0
LINE
8
Edge.Cuts
6
CONTINUOUS
10
11.7237624015748025
20
-3.0560974803149605
11
11.7203149212598419
21
-3.0577233858267716
0
LINE
8
Edge.Cuts
6
CONTINUOUS
10
11.7203149212598419
20
-3.0577233858267716
11
11.7166353937007877
21
-3.0587196062992126
0
LINE
8
Edge.Cuts
6
CONTINUOUS
10
11.7166353937007877
20
-3.0587196062992126
11
11.7128381889763773
21
-3.0590551574803149
0
LINE
8
Edge.Cuts
6
CONTINUOUS
10
11.7128381889763773
20
-3.0590551574803149
11
11.6502829133858263
21
-3.0590551574803149
0
LINE
8
Edge.Cuts
6
CONTINUOUS
10
11.6502829133858263
20
-3.0590551574803149
11
11.646485669291339
21
-3.0587196062992126
0
LINE
8
Edge.Cuts
6
CONTINUOUS
10
11.646485669291339
20
-3.0587196062992126
11
11.642806141732283
21
-3.0577233858267716
0
LINE
8
Edge.Cuts
6
CONTINUOUS
10
11.642806141732283
20
-3.0577233858267716
11
11.6393583070866136
21
-3.0560973228346455
0
LINE
8
Edge.Cuts
6
CONTINUOUS
10
11.6393583070866136
20
-3.0560973228346455
11
11.6373971653543311
21
-3.054955905511811
0
LINE
8
Edge.Cuts
6
CONTINUOUS
10
11.6373971653543311
20
-3.054955905511811
11
11.6330281889763771
21
-3.0537279527559056
0
LINE
8
Edge.Cuts
6
CONTINUOUS
10
11.6330281889763771
20
-3.0537279527559056
11
11.6284907874015744
21
-3.0536409448818898
0
LINE
8
Edge.Cuts
6
CONTINUOUS
10
11.6284907874015744
20
-3.0536409448818898
11
11.6240779527559059
21
-3.0547005905511808
0
LINE
8
Edge.Cuts
6
CONTINUOUS
10
4.3495678740157482
20
-2.9570316141732285
11
4.3547121259842516
21
-2.9589859842519686
0
LINE
8
Edge.Cuts
6
CONTINUOUS
10
4.3547121259842516
20
-2.9589859842519686
11
4.3591975984251965
21
-2.9621740157480314
0
LINE
8
Edge.Cuts
6
CONTINUOUS
10
4.3591975984251965
20
-2.9621740157480314
11
4.3627346062992123
21
-2.9663898031496063
0
LINE
8
Edge.Cuts
6
CONTINUOUS
10
4.3627346062992123
20
-2.9663898031496063
11
4.3650946456692914
21
-2.9713610236220473
0
LINE
8
Edge.Cuts
6
CONTINUOUS
10
4.3650946456692914
20
-2.9713610236220473
11
4.3661253543307081
21
-2.9767666535433071
0
LINE
8
Edge.Cuts
6
CONTINUOUS
10
4.3661253543307081
20
-2.9767666535433071
11
4.3657601574803149
21
-2.9822575196850392
0
LINE
8
Edge.Cuts
6
CONTINUOUS
10
4.3657601574803149
20
-2.9822575196850392
11
4.364022559055118
21
-2.9874790157480313
0
LINE
8
Edge.Cuts
6
CONTINUOUS
10
4.364022559055118
20
-2.9874790157480313
11
4.3634468503937009
21
-2.9886748818897635
0
LINE
8
Edge.Cuts
6
CONTINUOUS
10
4.3634468503937009
20
-2.9886748818897635
11
4.362664645669291
21
-2.9912114960629919
0
LINE
8
Edge.Cuts
6
CONTINUOUS
10
4.362664645669291
20
-2.9912114960629919
11
4.362269133858268
21
-2.9938363779527557
0
LINE
8
Edge.Cuts
6
CONTINUOUS
10
4.362269133858268
20
-2.9938363779527557
11
4.3622691732283467
21
-2.9951636220472442
0
LINE
8
Edge.Cuts
6
CONTINUOUS
10
4.3622691732283467
20
-2.9951636220472442
11
4.3622691732283467
21
-2.9951636614173229
0
LINE
8
Edge.Cuts
6
CONTINUOUS
10
4.3622691732283467
20
-2.9951636614173229
11
4.3622691732283467
21
-3.0505055511811023
0
LINE
8
Edge.Cuts
6
CONTINUOUS
10
4.3622691732283467
20
-3.0505055511811023
11
4.362269133858268
21
-3.0518327952755904
0
LINE
8
Edge.Cuts
6
CONTINUOUS
10
4.362269133858268
20
-3.0518327952755904
11
4.362664645669291
21
-3.0544576771653542
0
LINE
8
Edge.Cuts
6
CONTINUOUS
10
4.362664645669291
20
-3.0544576771653542
11
4.3634468503937009
21
-3.0569943307086613
0
LINE
8
Edge.Cuts
6
CONTINUOUS
10
4.3634468503937009
20
-3.0569943307086613
11
4.3640225196850393
21
-3.0581900787401572
0
LINE
8
Edge.Cuts
6
CONTINUOUS
10
4.3640225196850393
20
-3.0581900787401572
11
4.364022559055118
21
-3.0581901574803148
0
LINE
8
Edge.Cuts
6
CONTINUOUS
10
4.364022559055118
20
-3.0581901574803148
11
4.3657601574803149
21
-3.0634116535433069
0
LINE
8
Edge.Cuts
6
CONTINUOUS
10
4.3657601574803149
20
-3.0634116535433069
11
4.3661253937007869
21
-3.0689025196850395
0
LINE
8
Edge.Cuts
6
CONTINUOUS
10
4.3661253937007869
20
-3.0689025196850395
11
4.3650946850393701
21
-3.0743081496062992
0
LINE
8
Edge.Cuts
6
CONTINUOUS
10
4.3650946850393701
20
-3.0743081496062992
11
4.362734645669291
21
-3.0792794094488189
0
LINE
8
Edge.Cuts
6
CONTINUOUS
10
4.362734645669291
20
-3.0792794094488189
11
4.3591976377952752
21
-3.0834951968503934
0
LINE
8
Edge.Cuts
6
CONTINUOUS
10
4.3591976377952752
20
-3.0834951968503934
11
4.3547121653543304
21
-3.0866832283464567
0
LINE
8
Edge.Cuts
6
CONTINUOUS
10
4.3547121653543304
20
-3.0866832283464567
11
4.3495679133858269
21
-3.0886376377952756
0
LINE
8
Edge.Cuts
6
CONTINUOUS
10
4.3495679133858269
20
-3.0886376377952756
11
4.3440970866141733
21
-3.0892321259842519
0
LINE
8
Edge.Cuts
6
CONTINUOUS
10
4.3440970866141733
20
-3.0892321259842519
11
4.33865311023622
21
-3.0884283858267714
0
LINE
8
Edge.Cuts
6
CONTINUOUS
10
4.33865311023622
20
-3.0884283858267714
11
4.3335875196850395
21
-3.0862782677165352
0
LINE
8
Edge.Cuts
6
CONTINUOUS
10
4.3335875196850395
20
-3.0862782677165352
11
4.3322352755905511
21
-3.08548968503937
0
LINE
8
Edge.Cuts
6
CONTINUOUS
10
4.3322352755905511
20
-3.08548968503937
11
4.3292969685039369
21
-3.0844086220472442
0
LINE
8
Edge.Cuts
6
CONTINUOUS
10
4.3292969685039369
20
-3.0844086220472442
11
4.3262146456692916
21
-3.0838595669291338
0
LINE
8
Edge.Cuts
6
CONTINUOUS
10
4.3262146456692916
20
-3.0838595669291338
11
4.3246492125984251
21
-3.0838582283464566
0
LINE
8
Edge.Cuts
6
CONTINUOUS
10
4.3246492125984251
20
-3.0838582283464566
11
4.2620939370078741
21
-3.0838582283464566
0
LINE
8
Edge.Cuts
6
CONTINUOUS
10
4.2620939370078741
20
-3.0838582283464566
11
4.2605285433070863
21
-3.0838596062992125
0
LINE
8
Edge.Cuts
6
CONTINUOUS
10
4.2605285433070863
20
-3.0838596062992125
11
4.257446220472441
21
-3.0844086220472442
0
LINE
8
Edge.Cuts
6
CONTINUOUS
10
4.257446220472441
20
-3.0844086220472442
11
4.2545079133858268
21
-3.08548968503937
0
LINE
8
Edge.Cuts
6
CONTINUOUS
10
4.2545079133858268
20
-3.08548968503937
11
4.2531556692913384
21
-3.0862782677165352
0
LINE
8
Edge.Cuts
6
CONTINUOUS
10
4.2531556692913384
20
-3.0862782677165352
11
4.2531551968503933
21
-3.0862783464566927
0
LINE
8
Edge.Cuts
6
CONTINUOUS
10
4.2531551968503933
20
-3.0862783464566927
11
4.2480900393700782
21
-3.0884283070866143
0
LINE
8
Edge.Cuts
6
CONTINUOUS
10
4.2480900393700782
20
-3.0884283070866143
11
4.2426460629921259
21
-3.0892320472440944
0
LINE
8
Edge.Cuts
6
CONTINUOUS
10
4.2426460629921259
20
-3.0892320472440944
11
4.237175275590551
21
-3.0886375590551181
0
LINE
8
Edge.Cuts
6
CONTINUOUS
10
4.237175275590551
20
-3.0886375590551181
11
4.2320310236220475
21
-3.0866831496062992
0
LINE
8
Edge.Cuts
6
CONTINUOUS
10
4.2320310236220475
20
-3.0866831496062992
11
4.2275455905511814
21
-3.0834951181102364
0
LINE
8
Edge.Cuts
6
CONTINUOUS
10
4.2275455905511814
20
-3.0834951181102364
11
4.2240085826771656
21
-3.0792793700787402
0
LINE
8
Edge.Cuts
6
CONTINUOUS
10
4.2240085826771656
20
-3.0792793700787402
11
4.2216485039370077
21
-3.0743081496062992
0
LINE
8
Edge.Cuts
6
CONTINUOUS
10
4.2216485039370077
20
-3.0743081496062992
11
4.2206177952755901
21
-3.0689025590551182
0
LINE
8
Edge.Cuts
6
CONTINUOUS
10
4.2206177952755901
20
-3.0689025590551182
11
4.220983031496063
21
-3.0634116929133857
0
LINE
8
Edge.Cuts
6
CONTINUOUS
10
4.220983031496063
20
-3.0634116929133857
11
4.2227205511811023
21
-3.0581901968503935
0
LINE
8
Edge.Cuts
6
CONTINUOUS
10
4.2227205511811023
20
-3.0581901968503935
11
4.2227205905511811
21
-3.058190118110236
0
LINE
8
Edge.Cuts
6
CONTINUOUS
10
4.2227205905511811
20
-3.058190118110236
11
4.2232960629921257
21
-3.0569944881889763
0
LINE
8
Edge.Cuts
6
CONTINUOUS
10
4.2232960629921257
20
-3.0569944881889763
11
4.2240781889763781
21
-3.0544576377952755
0
LINE
8
Edge.Cuts
6
CONTINUOUS
10
4.2240781889763781
20
-3.0544576377952755
11
4.2244738582677162
21
-3.0518325984251966
0
LINE
8
Edge.Cuts
6
CONTINUOUS
10
4.2244738582677162
20
-3.0518325984251966
11
4.2244739763779524
21
-3.0505052755905511
0
LINE
8
Edge.Cuts
6
CONTINUOUS
10
4.2244739763779524
20
-3.0505052755905511
11
4.2244739763779524
21
-2.9951636614173229
0
LINE
8
Edge.Cuts
6
CONTINUOUS
10
4.2244739763779524
20
-2.9951636614173229
11
4.2244739763779524
21
-2.9951636220472442
0
LINE
8
Edge.Cuts
6
CONTINUOUS
10
4.2244739763779524
20
-2.9951636220472442
11
4.2244740551181099
21
-2.9938363779527557
0
LINE
8
Edge.Cuts
6
CONTINUOUS
10
4.2244740551181099
20
-2.9938363779527557
11
4.2240785433070869
21
-2.9912115354330706
0
LINE
8
Edge.Cuts
6
CONTINUOUS
10
4.2240785433070869
20
-2.9912115354330706
11
4.2232963385826769
21
-2.9886749212598422
0
LINE
8
Edge.Cuts
6
CONTINUOUS
10
4.2232963385826769
20
-2.9886749212598422
11
4.2227205905511811
21
-2.9874790551181101
0
LINE
8
Edge.Cuts
6
CONTINUOUS
10
4.2227205905511811
20
-2.9874790551181101
11
4.2227205511811023
21
-2.9874789763779526
0
LINE
8
Edge.Cuts
6
CONTINUOUS
10
4.2227205511811023
20
-2.9874789763779526
11
4.2209829921259843
21
-2.9822575196850392
0
LINE
8
Edge.Cuts
6
CONTINUOUS
10
4.2209829921259843
20
-2.9822575196850392
11
4.2206177559055114
21
-2.9767666535433071
0
LINE
8
Edge.Cuts
6
CONTINUOUS
10
4.2206177559055114
20
-2.9767666535433071
11
4.221648464566929
21
-2.9713610236220473
0
LINE
8
Edge.Cuts
6
CONTINUOUS
10
4.221648464566929
20
-2.9713610236220473
11
4.2240085433070869
21
-2.9663898031496063
0
LINE
8
Edge.Cuts
6
CONTINUOUS
10
4.2240085433070869
20
-2.9663898031496063
11
4.2275455118110239
21
-2.9621740157480314
0
LINE
8
Edge.Cuts
6
CONTINUOUS
10
4.2275455118110239
20
-2.9621740157480314
11
4.2320309842519688
21
-2.9589859842519686
0
LINE
8
Edge.Cuts
6
CONTINUOUS
10
4.2320309842519688
20
-2.9589859842519686
11
4.237175275590551
21
-2.9570315748031497
0
LINE
8
Edge.Cuts
6
CONTINUOUS
10
4.237175275590551
20
-2.9570315748031497
11
4.2426460629921259
21
-2.9564370866141734
0
LINE
8
Edge.Cuts
6
CONTINUOUS
10
4.2426460629921259
20
-2.9564370866141734
11
4.2480900393700782
21
-2.9572408267716535
0
LINE
8
Edge.Cuts
6
CONTINUOUS
10
4.2480900393700782
20
-2.9572408267716535
11
4.2531556299212596
21
-2.9593909448818896
0
LINE
8
Edge.Cuts
6
CONTINUOUS
10
4.2531556299212596
20
-2.9593909448818896
11
4.254507874015748
21
-2.9601795275590552
0
LINE
8
Edge.Cuts
6
CONTINUOUS
10
4.254507874015748
20
-2.9601795275590552
11
4.2574461811023623
21
-2.9612605905511811
0
LINE
8
Edge.Cuts
6
CONTINUOUS
10
4.2574461811023623
20
-2.9612605905511811
11
4.2605285039370075
21
-2.9618096062992127
0
LINE
8
Edge.Cuts
6
CONTINUOUS
10
4.2605285039370075
20
-2.9618096062992127
11
4.2620938976377953
21
-2.9618109842519686
0
LINE
8
Edge.Cuts
6
CONTINUOUS
10
4.2620938976377953
20
-2.9618109842519686
11
4.2620940157480316
21
-2.961811023622047
0
LINE
8
Edge.Cuts
6
CONTINUOUS
10
4.2620940157480316
20
-2.961811023622047
11
4.3246492519685038
21
-2.961811023622047
0
LINE
8
Edge.Cuts
6
CONTINUOUS
10
4.3246492519685038
20
-2.961811023622047
11
4.3262146456692916
21
-2.9618096456692911
0
LINE
8
Edge.Cuts
6
CONTINUOUS
10
4.3262146456692916
20
-2.9618096456692911
11
4.3292969685039369
21
-2.9612606299212598
0
LINE
8
Edge.Cuts
6
CONTINUOUS
10
4.3292969685039369
20
-2.9612606299212598
11
4.3322352755905511
21
-2.960179566929134
0
LINE
8
Edge.Cuts
6
CONTINUOUS
10
4.3322352755905511
20
-2.960179566929134
11
4.3335875196850395
21
-2.9593909842519683
0
LINE
8
Edge.Cuts
6
CONTINUOUS
10
4.3335875196850395
20
-2.9593909842519683
11
4.33865311023622
21
-2.9572408661417322
0
LINE
8
Edge.Cuts
6
CONTINUOUS
10
4.33865311023622
20
-2.9572408661417322
11
4.3440970866141733
21
-2.9564370866141734
0
LINE
8
Edge.Cuts
6
CONTINUOUS
10
4.3440970866141733
20
-2.9564370866141734
11
4.3495678740157482
21
-2.9570316141732285
0
LINE
8
Edge.Cuts
6
CONTINUOUS
10
4.2358890157480316
20
-2.9613933858267716
11
4.2318857874015743
21
-2.9635311811023621
0
LINE
8
Edge.Cuts
6
CONTINUOUS
10
4.2318857874015743
20
-2.9635311811023621
11
4.2285507480314957
21
-2.9666090157480314
0
LINE
8
Edge.Cuts
6
CONTINUOUS
10
4.2285507480314957
20
-2.9666090157480314
11
4.2260992913385822
21
-2.9704281889763777
0
LINE
8
Edge.Cuts
6
CONTINUOUS
10
4.2260992913385822
20
-2.9704281889763777
11
4.2246896850393698
21
-2.9747419685039369
0
LINE
8
Edge.Cuts
6
CONTINUOUS
10
4.2246896850393698
20
-2.9747419685039369
11
4.2244130708661416
21
-2.9792717716535431
0
LINE
8
Edge.Cuts
6
CONTINUOUS
10
4.2244130708661416
20
-2.9792717716535431
11
4.2252872047244097
21
-2.9837250393700785
0
LINE
8
Edge.Cuts
6
CONTINUOUS
10
4.2252872047244097
20
-2.9837250393700785
11
4.2262678740157478
21
-2.9857711811023622
0
LINE
8
Edge.Cuts
6
CONTINUOUS
10
4.2262678740157478
20
-2.9857711811023622
11
4.2262679133858265
21
-2.9857712598425197
0
LINE
8
Edge.Cuts
6
CONTINUOUS
10
4.2262679133858265
20
-2.9857712598425197
11
4.2274496062992126
21
-2.9887831102362203
0
LINE
8
Edge.Cuts
6
CONTINUOUS
10
4.2274496062992126
20
-2.9887831102362203
11
4.2281693307086616
21
-2.9919374015748033
0
LINE
8
Edge.Cuts
6
CONTINUOUS
10
4.2281693307086616
20
-2.9919374015748033
11
4.2284109448818894
21
-2.9951636220472442
0
LINE
8
Edge.Cuts
6
CONTINUOUS
10
4.2284109448818894
20
-2.9951636220472442
11
4.2284109842519682
21
-2.9951636614173229
0
LINE
8
Edge.Cuts
6
CONTINUOUS
10
4.2284109842519682
20
-2.9951636614173229
11
4.2284109842519682
21
-3.0505055511811023
0
LINE
8
Edge.Cuts
6
CONTINUOUS
10
4.2284109842519682
20
-3.0505055511811023
11
4.2284109055118106
21
-3.0505057480314961
0
LINE
8
Edge.Cuts
6
CONTINUOUS
10
4.2284109055118106
20
-3.0505057480314961
11
4.2284109842519682
21
-3.0505059055118111
0
LINE
8
Edge.Cuts
6
CONTINUOUS
10
4.2284109842519682
20
-3.0505059055118111
11
4.2281689370078741
21
-3.0537319291338583
0
LINE
8
Edge.Cuts
6
CONTINUOUS
10
4.2281689370078741
20
-3.0537319291338583
11
4.2274492913385826
21
-3.0568859055118112
0
LINE
8
Edge.Cuts
6
CONTINUOUS
10
4.2274492913385826
20
-3.0568859055118112
11
4.2262680708661415
21
-3.0598975984251968
0
LINE
8
Edge.Cuts
6
CONTINUOUS
10
4.2262680708661415
20
-3.0598975984251968
11
4.2262679527559053
21
-3.0598976771653543
0
LINE
8
Edge.Cuts
6
CONTINUOUS
10
4.2262679527559053
20
-3.0598976771653543
11
4.2262679527559053
21
-3.0598979133858268
0
LINE
8
Edge.Cuts
6
CONTINUOUS
10
4.2262679527559053
20
-3.0598979133858268
11
4.2252872440944884
21
-3.0619441338582676
0
LINE
8
Edge.Cuts
6
CONTINUOUS
10
4.2252872440944884
20
-3.0619441338582676
11
4.2244130708661416
21
-3.066397401574803
0
LINE
8
Edge.Cuts
6
CONTINUOUS
10
4.2244130708661416
20
-3.066397401574803
11
4.2246897637795273
21
-3.0709272047244092
0
LINE
8
Edge.Cuts
6
CONTINUOUS
10
4.2246897637795273
20
-3.0709272047244092
11
4.226099330708661
21
-3.0752409842519683
0
LINE
8
Edge.Cuts
6
CONTINUOUS
10
4.226099330708661
20
-3.0752409842519683
11
4.2285508267716532
21
-3.0790601181102359
0
LINE
8
Edge.Cuts
6
CONTINUOUS
10
4.2285508267716532
20
-3.0790601181102359
11
4.231885826771653
21
-3.0821379527559056
0
LINE
8
Edge.Cuts
6
CONTINUOUS
10
4.231885826771653
20
-3.0821379527559056
11
4.2358890551181103
21
-3.0842757086614174
0
LINE
8
Edge.Cuts
6
CONTINUOUS
10
4.2358890551181103
20
-3.0842757086614174
11
4.2403018503937009
21
-3.0853353149606297
0
LINE
8
Edge.Cuts
6
CONTINUOUS
10
4.2403018503937009
20
-3.0853353149606297
11
4.2448392519685036
21
-3.0852483464566927
0
LINE
8
Edge.Cuts
6
CONTINUOUS
10
4.2448392519685036
20
-3.0852483464566927
11
4.249208188976378
21
-3.0840203937007873
0
LINE
8
Edge.Cuts
6
CONTINUOUS
10
4.249208188976378
20
-3.0840203937007873
11
4.2511693307086613
21
-3.0828789763779527
0
LINE
8
Edge.Cuts
6
CONTINUOUS
10
4.2511693307086613
20
-3.0828789763779527
11
4.2511696850393701
21
-3.0828788582677165
0
LINE
8
Edge.Cuts
6
CONTINUOUS
10
4.2511696850393701
20
-3.0828788582677165
11
4.2546172047244095
21
-3.0812529921259841
0
LINE
8
Edge.Cuts
6
CONTINUOUS
10
4.2546172047244095
20
-3.0812529921259841
11
4.2582967322834646
21
-3.0802567716535432
0
LINE
8
Edge.Cuts
6
CONTINUOUS
10
4.2582967322834646
20
-3.0802567716535432
11
4.2620939370078741
21
-3.0799212204724409
0
LINE
8
Edge.Cuts
6
CONTINUOUS
10
4.2620939370078741
20
-3.0799212204724409
11
4.3246492125984251
21
-3.0799212204724409
0
LINE
8
Edge.Cuts
6
CONTINUOUS
10
4.3246492125984251
20
-3.0799212204724409
11
4.3284464566929133
21
-3.0802567716535432
0
LINE
8
Edge.Cuts
6
CONTINUOUS
10
4.3284464566929133
20
-3.0802567716535432
11
4.3321259842519684
21
-3.0812529921259841
0
LINE
8
Edge.Cuts
6
CONTINUOUS
10
4.3321259842519684
20
-3.0812529921259841
11
4.3355738188976378
21
-3.0828790551181102
0
LINE
8
Edge.Cuts
6
CONTINUOUS
10
4.3355738188976378
20
-3.0828790551181102
11
4.3375349606299212
21
-3.0840204724409448
0
LINE
8
Edge.Cuts
6
CONTINUOUS
10
4.3375349606299212
20
-3.0840204724409448
11
4.3419039370078742
21
-3.0852484251968502
0
LINE
8
Edge.Cuts
6
CONTINUOUS
10
4.3419039370078742
20
-3.0852484251968502
11
4.346441338582677
21
-3.085335433070866
0
LINE
8
Edge.Cuts
6
CONTINUOUS
10
4.346441338582677
20
-3.085335433070866
11
4.3508541732283463
21
-3.0842757874015749
0
LINE
8
Edge.Cuts
6
CONTINUOUS
10
4.3508541732283463
20
-3.0842757874015749
11
4.354857362204724
21
-3.0821380314960631
0
LINE
8
Edge.Cuts
6
CONTINUOUS
10
4.354857362204724
20
-3.0821380314960631
11
4.3581924015748035
21
-3.0790601574803147
0
LINE
8
Edge.Cuts
6
CONTINUOUS
10
4.3581924015748035
20
-3.0790601574803147
11
4.3606438976377948
21
-3.0752409842519683
0
LINE
8
Edge.Cuts
6
CONTINUOUS
10
4.3606438976377948
20
-3.0752409842519683
11
4.3620534645669293
21
-3.0709272047244092
0
LINE
8
Edge.Cuts
6
CONTINUOUS
10
4.3620534645669293
20
-3.0709272047244092
11
4.3623301181102363
21
-3.066397401574803
0
LINE
8
Edge.Cuts
6
CONTINUOUS
10
4.3623301181102363
20
-3.066397401574803
11
4.3614559448818895
21
-3.0619441338582676
0
LINE
8
Edge.Cuts
6
CONTINUOUS
10
4.3614559448818895
20
-3.0619441338582676
11
4.3604752362204726
21
-3.0598978740157481
0
LINE
8
Edge.Cuts
6
CONTINUOUS
10
4.3604752362204726
20
-3.0598978740157481
11
4.3592935826771653
21
-3.0568861023622045
0
LINE
8
Edge.Cuts
6
CONTINUOUS
10
4.3592935826771653
20
-3.0568861023622045
11
4.3585738582677163
21
-3.0537318503937008
0
LINE
8
Edge.Cuts
6
CONTINUOUS
10
4.3585738582677163
20
-3.0537318503937008
11
4.358332165354331
21
-3.0505055511811023
0
LINE
8
Edge.Cuts
6
CONTINUOUS
10
4.358332165354331
20
-3.0505055511811023
11
4.358332165354331
21
-2.9951636614173229
0
LINE
8
Edge.Cuts
6
CONTINUOUS
10
4.358332165354331
20
-2.9951636614173229
11
4.358332165354331
21
-2.9951636220472442
0
LINE
8
Edge.Cuts
6
CONTINUOUS
10
4.358332165354331
20
-2.9951636220472442
11
4.3585738582677163
21
-2.9919373622047245
0
LINE
8
Edge.Cuts
6
CONTINUOUS
10
4.3585738582677163
20
-2.9919373622047245
11
4.3592935826771653
21
-2.9887831102362203
0
LINE
8
Edge.Cuts
6
CONTINUOUS
10
4.3592935826771653
20
-2.9887831102362203
11
4.3604752362204726
21
-2.9857712992125984
0
LINE
8
Edge.Cuts
6
CONTINUOUS
10
4.3604752362204726
20
-2.9857712992125984
11
4.3614559448818895
21
-2.9837250393700785
0
LINE
8
Edge.Cuts
6
CONTINUOUS
10
4.3614559448818895
20
-2.9837250393700785
11
4.3623300787401575
21
-2.9792718110236218
0
LINE
8
Edge.Cuts
6
CONTINUOUS
10
4.3623300787401575
20
-2.9792718110236218
11
4.3620534251968506
21
-2.9747420078740157
0
LINE
8
Edge.Cuts
6
CONTINUOUS
10
4.3620534251968506
20
-2.9747420078740157
11
4.3606438582677161
21
-2.9704281889763777
0
LINE
8
Edge.Cuts
6
CONTINUOUS
10
4.3606438582677161
20
-2.9704281889763777
11
4.3581923622047247
21
-2.9666090551181101
0
LINE
8
Edge.Cuts
6
CONTINUOUS
10
4.3581923622047247
20
-2.9666090551181101
11
4.3548573228346452
21
-2.9635311811023621
0
LINE
8
Edge.Cuts
6
CONTINUOUS
10
4.3548573228346452
20
-2.9635311811023621
11
4.3508541338582676
21
-2.9613934251968503
0
LINE
8
Edge.Cuts
6
CONTINUOUS
10
4.3508541338582676
20
-2.9613934251968503
11
4.346441338582677
21
-2.9603338188976376
0
LINE
8
Edge.Cuts
6
CONTINUOUS
10
4.346441338582677
20
-2.9603338188976376
11
4.3419038976377955
21
-2.9604208267716534
0
LINE
8
Edge.Cuts
6
CONTINUOUS
10
4.3419038976377955
20
-2.9604208267716534
11
4.3375349606299212
21
-2.9616487795275588
0
LINE
8
Edge.Cuts
6
CONTINUOUS
10
4.3375349606299212
20
-2.9616487795275588
11
4.3355738188976378
21
-2.9627901968503938
0
LINE
8
Edge.Cuts
6
CONTINUOUS
10
4.3355738188976378
20
-2.9627901968503938
11
4.3321259842519684
21
-2.9644162598425194
0
LINE
8
Edge.Cuts
6
CONTINUOUS
10
4.3321259842519684
20
-2.9644162598425194
11
4.3284464566929133
21
-2.9654124803149604
0
LINE
8
Edge.Cuts
6
CONTINUOUS
10
4.3284464566929133
20
-2.9654124803149604
11
4.3246492519685038
21
-2.9657480314960631
0
LINE
8
Edge.Cuts
6
CONTINUOUS
10
4.3246492519685038
20
-2.9657480314960631
11
4.2620939370078741
21
-2.9657480314960631
0
LINE
8
Edge.Cuts
6
CONTINUOUS
10
4.2620939370078741
20
-2.9657480314960631
11
4.2620935826771653
21
-2.9657479527559056
0
LINE
8
Edge.Cuts
6
CONTINUOUS
10
4.2620935826771653
20
-2.9657479527559056
11
4.2582966929133859
21
-2.9654124409448817
0
LINE
8
Edge.Cuts
6
CONTINUOUS
10
4.2582966929133859
20
-2.9654124409448817
11
4.2546171653543308
21
-2.9644162204724407
0
LINE
8
Edge.Cuts
6
CONTINUOUS
10
4.2546171653543308
20
-2.9644162204724407
11
4.2511693307086613
21
-2.962790157480315
0
LINE
8
Edge.Cuts
6
CONTINUOUS
10
4.2511693307086613
20
-2.962790157480315
11
4.249208188976378
21
-2.96164874015748
0
LINE
8
Edge.Cuts
6
CONTINUOUS
10
4.249208188976378
20
-2.96164874015748
11
4.2448392125984249
21
-2.9604207874015747
0
LINE
8
Edge.Cuts
6
CONTINUOUS
10
4.2448392125984249
20
-2.9604207874015747
11
4.2403018110236221
21
-2.9603337795275588
0
LINE
8
Edge.Cuts
6
CONTINUOUS
10
4.2403018110236221
20
-2.9603337795275588
11
4.2358890157480316
21
-2.9613933858267716
0
LINE
8
Edge.Cuts
6
CONTINUOUS
10
7.8803735039370073
20
-2.9521227952755904
11
7.8854390944881887
21
-2.9542729133858265
0
LINE
8
Edge.Cuts
6
CONTINUOUS
10
7.8854390944881887
20
-2.9542729133858265
11
7.8867913385826771
21
-2.9550614960629922
0
LINE
8
Edge.Cuts
6
CONTINUOUS
10
7.8867913385826771
20
-2.9550614960629922
11
7.8897296456692914
21
-2.956142559055118
0
LINE
8
Edge.Cuts
6
CONTINUOUS
10
7.8897296456692914
20
-2.956142559055118
11
7.8928119685039366
21
-2.9566916141732285
0
LINE
8
Edge.Cuts
6
CONTINUOUS
10
7.8928119685039366
20
-2.9566916141732285
11
7.8943774015748032
21
-2.9566929527559056
0
LINE
8
Edge.Cuts
6
CONTINUOUS
10
7.8943774015748032
20
-2.9566929527559056
11
7.9569326771653541
21
-2.9566929527559056
0
LINE
8
Edge.Cuts
6
CONTINUOUS
10
7.9569326771653541
20
-2.9566929527559056
11
7.9584980708661419
21
-2.9566915748031497
0
LINE
8
Edge.Cuts
6
CONTINUOUS
10
7.9584980708661419
20
-2.9566915748031497
11
7.9615803937007872
21
-2.956142559055118
0
LINE
8
Edge.Cuts
6
CONTINUOUS
10
7.9615803937007872
20
-2.956142559055118
11
7.9645187007874014
21
-2.9550614960629922
0
LINE
8
Edge.Cuts
6
CONTINUOUS
10
7.9645187007874014
20
-2.9550614960629922
11
7.9658709448818898
21
-2.9542729133858265
0
LINE
8
Edge.Cuts
6
CONTINUOUS
10
7.9658709448818898
20
-2.9542729133858265
11
7.9658713779527561
21
-2.9542727952755903
0
LINE
8
Edge.Cuts
6
CONTINUOUS
10
7.9658713779527561
20
-2.9542727952755903
11
7.9709365748031491
21
-2.9521228740157479
0
LINE
8
Edge.Cuts
6
CONTINUOUS
10
7.9709365748031491
20
-2.9521228740157479
11
7.9763805511811023
21
-2.9513191338582678
0
LINE
8
Edge.Cuts
6
CONTINUOUS
10
7.9763805511811023
20
-2.9513191338582678
11
7.9818513385826773
21
-2.9519136220472442
0
LINE
8
Edge.Cuts
6
CONTINUOUS
10
7.9818513385826773
20
-2.9519136220472442
11
7.9869955905511807
21
-2.953868031496063
0
LINE
8
Edge.Cuts
6
CONTINUOUS
10
7.9869955905511807
20
-2.953868031496063
11
7.9914810236220468
21
-2.9570560629921259
0
LINE
8
Edge.Cuts
6
CONTINUOUS
10
7.9914810236220468
20
-2.9570560629921259
11
7.9950180314960626
21
-2.961271811023622
0
LINE
8
Edge.Cuts
6
CONTINUOUS
10
7.9950180314960626
20
-2.961271811023622
11
7.9973781102362205
21
-2.9662430314960631
0
LINE
8
Edge.Cuts
6
CONTINUOUS
10
7.9973781102362205
20
-2.9662430314960631
11
7.9984088188976372
21
-2.971648622047244
0
LINE
8
Edge.Cuts
6
CONTINUOUS
10
7.9984088188976372
20
-2.971648622047244
11
7.9980435826771652
21
-2.9771394881889761
0
LINE
8
Edge.Cuts
6
CONTINUOUS
10
7.9980435826771652
20
-2.9771394881889761
11
7.9963060629921259
21
-2.9823609842519683
0
LINE
8
Edge.Cuts
6
CONTINUOUS
10
7.9963060629921259
20
-2.9823609842519683
11
7.9963059842519684
21
-2.982361023622047
0
LINE
8
Edge.Cuts
6
CONTINUOUS
10
7.9963059842519684
20
-2.982361023622047
11
7.9957305511811025
21
-2.9835566929133859
0
LINE
8
Edge.Cuts
6
CONTINUOUS
10
7.9957305511811025
20
-2.9835566929133859
11
7.9949484251968501
21
-2.9860935433070868
0
LINE
8
Edge.Cuts
6
CONTINUOUS
10
7.9949484251968501
20
-2.9860935433070868
11
7.9945527559055121
21
-2.9887185826771652
0
LINE
8
Edge.Cuts
6
CONTINUOUS
10
7.9945527559055121
20
-2.9887185826771652
11
7.9945526377952758
21
-2.9900456299212599
0
LINE
8
Edge.Cuts
6
CONTINUOUS
10
7.9945526377952758
20
-2.9900456299212599
11
7.9945526377952758
21
-3.0453875196850393
0
LINE
8
Edge.Cuts
6
CONTINUOUS
10
7.9945526377952758
20
-3.0453875196850393
11
7.9945526377952758
21
-3.045387559055118
0
LINE
8
Edge.Cuts
6
CONTINUOUS
10
7.9945526377952758
20
-3.045387559055118
11
7.9945525590551183
21
-3.0467148031496061
0
LINE
8
Edge.Cuts
6
CONTINUOUS
10
7.9945525590551183
20
-3.0467148031496061
11
7.9949480708661413
21
-3.0493396456692912
0
LINE
8
Edge.Cuts
6
CONTINUOUS
10
7.9949480708661413
20
-3.0493396456692912
11
7.9957302755905513
21
-3.0518762598425195
0
LINE
8
Edge.Cuts
6
CONTINUOUS
10
7.9957302755905513
20
-3.0518762598425195
11
7.9963060236220471
21
-3.0530721259842517
0
LINE
8
Edge.Cuts
6
CONTINUOUS
10
7.9963060236220471
20
-3.0530721259842517
11
7.9963060236220471
21
-3.0530721653543305
0
LINE
8
Edge.Cuts
6
CONTINUOUS
10
7.9963060236220471
20
-3.0530721653543305
11
7.998043622047244
21
-3.0582936614173226
0
LINE
8
Edge.Cuts
6
CONTINUOUS
10
7.998043622047244
20
-3.0582936614173226
11
7.998408858267716
21
-3.0637845275590552
0
LINE
8
Edge.Cuts
6
CONTINUOUS
10
7.998408858267716
20
-3.0637845275590552
11
7.9973781496062992
21
-3.0691901574803149
0
LINE
8
Edge.Cuts
6
CONTINUOUS
10
7.9973781496062992
20
-3.0691901574803149
11
7.9950180708661414
21
-3.0741613779527559
0
LINE
8
Edge.Cuts
6
CONTINUOUS
10
7.9950180708661414
20
-3.0741613779527559
11
7.9914811023622043
21
-3.0783771653543308
0
LINE
8
Edge.Cuts
6
CONTINUOUS
10
7.9914811023622043
20
-3.0783771653543308
11
7.9869956299212594
21
-3.0815651968503937
0
LINE
8
Edge.Cuts
6
CONTINUOUS
10
7.9869956299212594
20
-3.0815651968503937
11
7.9818513385826773
21
-3.0835196062992125
0
LINE
8
Edge.Cuts
6
CONTINUOUS
10
7.9818513385826773
20
-3.0835196062992125
11
7.9763805511811023
21
-3.0841140944881889
0
LINE
8
Edge.Cuts
6
CONTINUOUS
10
7.9763805511811023
20
-3.0841140944881889
11
7.9709365748031491
21
-3.0833103543307088
0
LINE
8
Edge.Cuts
6
CONTINUOUS
10
7.9709365748031491
20
-3.0833103543307088
11
7.9658709842519686
21
-3.0811602362204722
0
LINE
8
Edge.Cuts
6
CONTINUOUS
10
7.9658709842519686
20
-3.0811602362204722
11
7.9645187401574802
21
-3.080371653543307
0
LINE
8
Edge.Cuts
6
CONTINUOUS
10
7.9645187401574802
20
-3.080371653543307
11
7.9615804330708659
21
-3.0792905905511812
0
LINE
8
Edge.Cuts
6
CONTINUOUS
10
7.9615804330708659
20
-3.0792905905511812
11
7.9584981102362207
21
-3.0787415748031495
0
LINE
8
Edge.Cuts
6
CONTINUOUS
10
7.9584981102362207
20
-3.0787415748031495
11
7.9569327165354329
21
-3.0787401968503936
0
LINE
8
Edge.Cuts
6
CONTINUOUS
10
7.9569327165354329
20
-3.0787401968503936
11
7.9569325984251966
21
-3.0787401574803148
0
LINE
8
Edge.Cuts
6
CONTINUOUS
10
7.9569325984251966
20
-3.0787401574803148
11
7.8943773622047244
21
-3.0787401574803148
0
LINE
8
Edge.Cuts
6
CONTINUOUS
10
7.8943773622047244
20
-3.0787401574803148
11
7.8928119685039366
21
-3.0787415354330707
0
LINE
8
Edge.Cuts
6
CONTINUOUS
10
7.8928119685039366
20
-3.0787415354330707
11
7.8897296456692914
21
-3.0792905511811024
0
LINE
8
Edge.Cuts
6
CONTINUOUS
10
7.8897296456692914
20
-3.0792905511811024
11
7.8867913385826771
21
-3.0803716141732282
0
LINE
8
Edge.Cuts
6
CONTINUOUS
10
7.8867913385826771
20
-3.0803716141732282
11
7.8854390944881887
21
-3.0811601968503934
0
LINE
8
Edge.Cuts
6
CONTINUOUS
10
7.8854390944881887
20
-3.0811601968503934
11
7.8803735039370073
21
-3.08331031496063
0
LINE
8
Edge.Cuts
6
CONTINUOUS
10
7.8803735039370073
20
-3.08331031496063
11
7.874929527559055
21
-3.0841140944881889
0
LINE
8
Edge.Cuts
6
CONTINUOUS
10
7.874929527559055
20
-3.0841140944881889
11
7.86945874015748
21
-3.0835195669291338
0
LINE
8
Edge.Cuts
6
CONTINUOUS
10
7.86945874015748
20
-3.0835195669291338
11
7.8643144881889766
21
-3.0815651968503937
0
LINE
8
Edge.Cuts
6
CONTINUOUS
10
7.8643144881889766
20
-3.0815651968503937
11
7.8598290157480317
21
-3.0783771653543308
0
LINE
8
Edge.Cuts
6
CONTINUOUS
10
7.8598290157480317
20
-3.0783771653543308
11
7.8562920078740159
21
-3.0741613779527559
0
LINE
8
Edge.Cuts
6
CONTINUOUS
10
7.8562920078740159
20
-3.0741613779527559
11
7.8539319685039368
21
-3.0691901574803149
0
LINE
8
Edge.Cuts
6
CONTINUOUS
10
7.8539319685039368
20
-3.0691901574803149
11
7.8529012598425192
21
-3.0637845275590552
0
LINE
8
Edge.Cuts
6
CONTINUOUS
10
7.8529012598425192
20
-3.0637845275590552
11
7.8532664566929133
21
-3.0582936614173226
0
LINE
8
Edge.Cuts
6
CONTINUOUS
10
7.8532664566929133
20
-3.0582936614173226
11
7.8550040551181102
21
-3.0530721653543305
0
LINE
8
Edge.Cuts
6
CONTINUOUS
10
7.8550040551181102
20
-3.0530721653543305
11
7.8555797637795273
21
-3.0518762992125983
0
LINE
8
Edge.Cuts
6
CONTINUOUS
10
7.8555797637795273
20
-3.0518762992125983
11
7.8563619685039372
21
-3.0493396850393699
0
LINE
8
Edge.Cuts
6
CONTINUOUS
10
7.8563619685039372
20
-3.0493396850393699
11
7.8567574803149602
21
-3.0467148031496061
0
LINE
8
Edge.Cuts
6
CONTINUOUS
10
7.8567574803149602
20
-3.0467148031496061
11
7.8567574409448815
21
-3.045387559055118
0
LINE
8
Edge.Cuts
6
CONTINUOUS
10
7.8567574409448815
20
-3.045387559055118
11
7.8567574409448815
21
-3.0453875196850393
0
LINE
8
Edge.Cuts
6
CONTINUOUS
10
7.8567574409448815
20
-3.0453875196850393
11
7.8567574409448815
21
-2.9900456299212599
0
LINE
8
Edge.Cuts
6
CONTINUOUS
10
7.8567574409448815
20
-2.9900456299212599
11
7.8567574803149602
21
-2.9887183858267714
0
LINE
8
Edge.Cuts
6
CONTINUOUS
10
7.8567574803149602
20
-2.9887183858267714
11
7.8563619685039372
21
-2.986093503937008
0
LINE
8
Edge.Cuts
6
CONTINUOUS
10
7.8563619685039372
20
-2.986093503937008
11
7.8555797637795273
21
-2.9835568503937009
0
LINE
8
Edge.Cuts
6
CONTINUOUS
10
7.8555797637795273
20
-2.9835568503937009
11
7.8550040551181102
21
-2.9823609842519683
0
LINE
8
Edge.Cuts
6
CONTINUOUS
10
7.8550040551181102
20
-2.9823609842519683
11
7.8532664566929133
21
-2.9771395275590549
0
LINE
8
Edge.Cuts
6
CONTINUOUS
10
7.8532664566929133
20
-2.9771395275590549
11
7.8529012204724404
21
-2.9716486614173228
0
LINE
8
Edge.Cuts
6
CONTINUOUS
10
7.8529012204724404
20
-2.9716486614173228
11
7.8539319291338581
21
-2.9662430314960631
0
LINE
8
Edge.Cuts
6
CONTINUOUS
10
7.8539319291338581
20
-2.9662430314960631
11
7.8562919685039372
21
-2.9612717716535433
0
LINE
8
Edge.Cuts
6
CONTINUOUS
10
7.8562919685039372
20
-2.9612717716535433
11
7.859828976377953
21
-2.9570559842519684
0
LINE
8
Edge.Cuts
6
CONTINUOUS
10
7.859828976377953
20
-2.9570559842519684
11
7.8643144488188979
21
-2.9538679527559055
0
LINE
8
Edge.Cuts
6
CONTINUOUS
10
7.8643144488188979
20
-2.9538679527559055
11
7.8694587007874013
21
-2.9519135433070867
0
LINE
8
Edge.Cuts
6
CONTINUOUS
10
7.8694587007874013
20
-2.9519135433070867
11
7.874929527559055
21
-2.9513190551181103
0
LINE
8
Edge.Cuts
6
CONTINUOUS
10
7.874929527559055
20
-2.9513190551181103
11
7.8803735039370073
21
-2.9521227952755904
0
LINE
8
Edge.Cuts
6
CONTINUOUS
10
7.8681724409448819
20
-2.9562753937007873
11
7.8641692519685034
21
-2.9584131496062991
0
LINE
8
Edge.Cuts
6
CONTINUOUS
10
7.8641692519685034
20
-2.9584131496062991
11
7.8608342125984247
21
-2.9614910236220471
0
LINE
8
Edge.Cuts
6
CONTINUOUS
10
7.8608342125984247
20
-2.9614910236220471
11
7.8583827165354325
21
-2.9653101968503934
0
LINE
8
Edge.Cuts
6
CONTINUOUS
10
7.8583827165354325
20
-2.9653101968503934
11
7.8569731496062989
21
-2.9696239763779526
0
LINE
8
Edge.Cuts
6
CONTINUOUS
10
7.8569731496062989
20
-2.9696239763779526
11
7.8566964960629919
21
-2.9741537795275588
0
LINE
8
Edge.Cuts
6
CONTINUOUS
10
7.8566964960629919
20
-2.9741537795275588
11
7.8575706692913387
21
-2.9786070472440946
0
LINE
8
Edge.Cuts
6
CONTINUOUS
10
7.8575706692913387
20
-2.9786070472440946
11
7.8585513385826768
21
-2.9806531889763779
0
LINE
8
Edge.Cuts
6
CONTINUOUS
10
7.8585513385826768
20
-2.9806531889763779
11
7.8585513779527556
21
-2.9806532677165354
0
LINE
8
Edge.Cuts
6
CONTINUOUS
10
7.8585513779527556
20
-2.9806532677165354
11
7.8597330314960629
21
-2.9836650787401573
0
LINE
8
Edge.Cuts
6
CONTINUOUS
10
7.8597330314960629
20
-2.9836650787401573
11
7.860452755905512
21
-2.9868193307086615
0
LINE
8
Edge.Cuts
6
CONTINUOUS
10
7.860452755905512
20
-2.9868193307086615
11
7.8606944488188972
21
-2.9900456299212599
0
LINE
8
Edge.Cuts
6
CONTINUOUS
10
7.8606944488188972
20
-2.9900456299212599
11
7.8606944488188972
21
-3.0453875196850393
0
LINE
8
Edge.Cuts
6
CONTINUOUS
10
7.8606944488188972
20
-3.0453875196850393
11
7.8606944488188972
21
-3.045387559055118
0
LINE
8
Edge.Cuts
6
CONTINUOUS
10
7.8606944488188972
20
-3.045387559055118
11
7.860452755905512
21
-3.0486138188976377
0
LINE
8
Edge.Cuts
6
CONTINUOUS
10
7.860452755905512
20
-3.0486138188976377
11
7.8597330314960629
21
-3.0517680708661419
0
LINE
8
Edge.Cuts
6
CONTINUOUS
10
7.8597330314960629
20
-3.0517680708661419
11
7.8585513779527556
21
-3.0547798818897638
0
LINE
8
Edge.Cuts
6
CONTINUOUS
10
7.8585513779527556
20
-3.0547798818897638
11
7.8575706692913387
21
-3.0568261417322833
0
LINE
8
Edge.Cuts
6
CONTINUOUS
10
7.8575706692913387
20
-3.0568261417322833
11
7.8566965354330707
21
-3.06127937007874
0
LINE
8
Edge.Cuts
6
CONTINUOUS
10
7.8566965354330707
20
-3.06127937007874
11
7.8569731889763776
21
-3.0658091732283466
0
LINE
8
Edge.Cuts
6
CONTINUOUS
10
7.8569731889763776
20
-3.0658091732283466
11
7.8583827559055113
21
-3.0701229921259841
0
LINE
8
Edge.Cuts
6
CONTINUOUS
10
7.8583827559055113
20
-3.0701229921259841
11
7.8608342519685035
21
-3.0739421259842521
0
LINE
8
Edge.Cuts
6
CONTINUOUS
10
7.8608342519685035
20
-3.0739421259842521
11
7.8641692913385821
21
-3.0770200000000001
0
LINE
8
Edge.Cuts
6
CONTINUOUS
10
7.8641692913385821
20
-3.0770200000000001
11
7.8681724803149606
21
-3.0791577559055119
0
LINE
8
Edge.Cuts
6
CONTINUOUS
10
7.8681724803149606
20
-3.0791577559055119
11
7.8725852755905512
21
-3.0802173622047242
0
LINE
8
Edge.Cuts
6
CONTINUOUS
10
7.8725852755905512
20
-3.0802173622047242
11
7.8771227165354327
21
-3.0801303543307088
0
LINE
8
Edge.Cuts
6
CONTINUOUS
10
7.8771227165354327
20
-3.0801303543307088
11
7.8814916535433071
21
-3.078902401574803
0
LINE
8
Edge.Cuts
6
CONTINUOUS
10
7.8814916535433071
20
-3.078902401574803
11
7.8834527952755904
21
-3.0777609842519684
0
LINE
8
Edge.Cuts
6
CONTINUOUS
10
7.8834527952755904
20
-3.0777609842519684
11
7.8869006299212598
21
-3.0761349212598423
0
LINE
8
Edge.Cuts
6
CONTINUOUS
10
7.8869006299212598
20
-3.0761349212598423
11
7.8905801574803149
21
-3.0751387007874014
0
LINE
8
Edge.Cuts
6
CONTINUOUS
10
7.8905801574803149
20
-3.0751387007874014
11
7.8943773622047244
21
-3.0748031496062991
0
LINE
8
Edge.Cuts
6
CONTINUOUS
10
7.8943773622047244
20
-3.0748031496062991
11
7.9569326771653541
21
-3.0748031496062991
0
LINE
8
Edge.Cuts
6
CONTINUOUS
10
7.9569326771653541
20
-3.0748031496062991
11
7.9569329921259841
21
-3.0748031889763778
0
LINE
8
Edge.Cuts
6
CONTINUOUS
10
7.9569329921259841
20
-3.0748031889763778
11
7.9607299212598424
21
-3.0751387401574801
0
LINE
8
Edge.Cuts
6
CONTINUOUS
10
7.9607299212598424
20
-3.0751387401574801
11
7.9644094488188975
21
-3.0761349606299211
0
LINE
8
Edge.Cuts
6
CONTINUOUS
10
7.9644094488188975
20
-3.0761349606299211
11
7.9678572834645669
21
-3.0777610236220472
0
LINE
8
Edge.Cuts
6
CONTINUOUS
10
7.9678572834645669
20
-3.0777610236220472
11
7.9698184251968502
21
-3.0789024409448817
0
LINE
8
Edge.Cuts
6
CONTINUOUS
10
7.9698184251968502
20
-3.0789024409448817
11
7.9741874015748033
21
-3.0801303937007871
0
LINE
8
Edge.Cuts
6
CONTINUOUS
10
7.9741874015748033
20
-3.0801303937007871
11
7.9787248031496061
21
-3.0802174015748029
0
LINE
8
Edge.Cuts
6
CONTINUOUS
10
7.9787248031496061
20
-3.0802174015748029
11
7.9831375984251967
21
-3.0791577952755906
0
LINE
8
Edge.Cuts
6
CONTINUOUS
10
7.9831375984251967
20
-3.0791577952755906
11
7.987140826771653
21
-3.0770200000000001
0
LINE
8
Edge.Cuts
6
CONTINUOUS
10
7.987140826771653
20
-3.0770200000000001
11
7.9904758661417317
21
-3.0739421653543308
0
LINE
8
Edge.Cuts
6
CONTINUOUS
10
7.9904758661417317
20
-3.0739421653543308
11
7.9929273228346451
21
-3.0701229921259841
0
LINE
8
Edge.Cuts
6
CONTINUOUS
10
7.9929273228346451
20
-3.0701229921259841
11
7.9943369291338584
21
-3.0658092125984253
0
LINE
8
Edge.Cuts
6
CONTINUOUS
10
7.9943369291338584
20
-3.0658092125984253
11
7.9946135433070866
21
-3.0612794094488187
0
LINE
8
Edge.Cuts
6
CONTINUOUS
10
7.9946135433070866
20
-3.0612794094488187
11
7.9937394094488186
21
-3.0568261417322833
0
LINE
8
Edge.Cuts
6
CONTINUOUS
10
7.9937394094488186
20
-3.0568261417322833
11
7.9927587007874017
21
-3.0547798818897638
0
LINE
8
Edge.Cuts
6
CONTINUOUS
10
7.9927587007874017
20
-3.0547798818897638
11
7.9915770078740156
21
-3.0517680708661419
0
LINE
8
Edge.Cuts
6
CONTINUOUS
10
7.9915770078740156
20
-3.0517680708661419
11
7.9908572834645666
21
-3.048613779527559
0
LINE
8
Edge.Cuts
6
CONTINUOUS
10
7.9908572834645666
20
-3.048613779527559
11
7.9906156299212601
21
-3.0453874803149605
0
LINE
8
Edge.Cuts
6
CONTINUOUS
10
7.9906156299212601
20
-3.0453874803149605
11
7.9906156299212601
21
-2.9900456299212599
0
LINE
8
Edge.Cuts
6
CONTINUOUS
10
7.9906156299212601
20
-2.9900456299212599
11
7.9906156692913388
21
-2.9900453937007874
0
LINE
8
Edge.Cuts
6
CONTINUOUS
10
7.9906156692913388
20
-2.9900453937007874
11
7.9906156299212601
21
-2.9900452755905511
0
LINE
8
Edge.Cuts
6
CONTINUOUS
10
7.9906156299212601
20
-2.9900452755905511
11
7.9908576771653541
21
-2.986819251968504
0
LINE
8
Edge.Cuts
6
CONTINUOUS
10
7.9908576771653541
20
-2.986819251968504
11
7.9915773228346456
21
-2.9836652755905511
0
LINE
8
Edge.Cuts
6
CONTINUOUS
10
7.9915773228346456
20
-2.9836652755905511
11
7.9927585433070867
21
-2.9806535826771654
0
LINE
8
Edge.Cuts
6
CONTINUOUS
10
7.9927585433070867
20
-2.9806535826771654
11
7.9927586220472442
21
-2.9806534645669291
0
LINE
8
Edge.Cuts
6
CONTINUOUS
10
7.9927586220472442
20
-2.9806534645669291
11
7.9927586614173229
21
-2.9806532677165354
0
LINE
8
Edge.Cuts
6
CONTINUOUS
10
7.9927586614173229
20
-2.9806532677165354
11
7.9937393700787398
21
-2.9786070472440946
0
LINE
8
Edge.Cuts
6
CONTINUOUS
10
7.9937393700787398
20
-2.9786070472440946
11
7.9946135433070866
21
-2.9741537795275588
0
LINE
8
Edge.Cuts
6
CONTINUOUS
10
7.9946135433070866
20
-2.9741537795275588
11
7.9943368503937009
21
-2.9696239763779526
0
LINE
8
Edge.Cuts
6
CONTINUOUS
10
7.9943368503937009
20
-2.9696239763779526
11
7.9929272834645664
21
-2.9653101968503934
0
LINE
8
Edge.Cuts
6
CONTINUOUS
10
7.9929272834645664
20
-2.9653101968503934
11
7.990475787401575
21
-2.9614910629921258
0
LINE
8
Edge.Cuts
6
CONTINUOUS
10
7.990475787401575
20
-2.9614910629921258
11
7.9871407874015743
21
-2.9584132283464566
0
LINE
8
Edge.Cuts
6
CONTINUOUS
10
7.9871407874015743
20
-2.9584132283464566
11
7.9831375590551179
21
-2.9562754724409448
0
LINE
8
Edge.Cuts
6
CONTINUOUS
10
7.9831375590551179
20
-2.9562754724409448
11
7.9787247637795273
21
-2.955215866141732
0
LINE
8
Edge.Cuts
6
CONTINUOUS
10
7.9787247637795273
20
-2.955215866141732
11
7.9741873622047246
21
-2.9553028346456691
0
LINE
8
Edge.Cuts
6
CONTINUOUS
10
7.9741873622047246
20
-2.9553028346456691
11
7.9698184251968502
21
-2.9565307874015749
0
LINE
8
Edge.Cuts
6
CONTINUOUS
10
7.9698184251968502
20
-2.9565307874015749
11
7.9678572834645669
21
-2.9576722047244095
0
LINE
8
Edge.Cuts
6
CONTINUOUS
10
7.9678572834645669
20
-2.9576722047244095
11
7.9678568897637794
21
-2.957672283464567
0
LINE
8
Edge.Cuts
6
CONTINUOUS
10
7.9678568897637794
20
-2.957672283464567
11
7.9644094094488187
21
-2.9592981889763781
0
LINE
8
Edge.Cuts
6
CONTINUOUS
10
7.9644094094488187
20
-2.9592981889763781
11
7.9607298818897636
21
-2.9602944094488186
0
LINE
8
Edge.Cuts
6
CONTINUOUS
10
7.9607298818897636
20
-2.9602944094488186
11
7.9569326771653541
21
-2.9606299606299213
0
LINE
8
Edge.Cuts
6
CONTINUOUS
10
7.9569326771653541
20
-2.9606299606299213
11
7.8943774015748032
21
-2.9606299606299213
0
LINE
8
Edge.Cuts
6
CONTINUOUS
10
7.8943774015748032
20
-2.9606299606299213
11
7.8905801574803149
21
-2.9602944094488186
0
LINE
8
Edge.Cuts
6
CONTINUOUS
10
7.8905801574803149
20
-2.9602944094488186
11
7.8869006299212598
21
-2.9592981889763781
0
LINE
8
Edge.Cuts
6
CONTINUOUS
10
7.8869006299212598
20
-2.9592981889763781
11
7.8834527952755904
21
-2.957672125984252
0
LINE
8
Edge.Cuts
6
CONTINUOUS
10
7.8834527952755904
20
-2.957672125984252
11
7.8814916535433071
21
-2.9565307086614174
0
LINE
8
Edge.Cuts
6
CONTINUOUS
10
7.8814916535433071
20
-2.9565307086614174
11
7.877122677165354
21
-2.9553027559055116
0
LINE
8
Edge.Cuts
6
CONTINUOUS
10
7.877122677165354
20
-2.9553027559055116
11
7.8725852755905512
21
-2.9552157480314958
0
LINE
8
Edge.Cuts
6
CONTINUOUS
10
7.8725852755905512
20
-2.9552157480314958
11
7.8681724409448819
21
-2.9562753937007873
0
LINE
8
Edge.Cuts
6
CONTINUOUS
10
2.0897253543307088
20
-2.866480433070866
11
2.0948696062992127
21
-2.8684348031496061
0
LINE
8
Edge.Cuts
6
CONTINUOUS
10
2.0948696062992127
20
-2.8684348031496061
11
2.0993550787401576
21
-2.8716228346456694
0
LINE
8
Edge.Cuts
6
CONTINUOUS
10
2.0993550787401576
20
-2.8716228346456694
11
2.1028920866141734
21
-2.8758386220472438
0
LINE
8
Edge.Cuts
6
CONTINUOUS
10
2.1028920866141734
20
-2.8758386220472438
11
2.105252125984252
21
-2.8808098425196849
0
LINE
8
Edge.Cuts
6
CONTINUOUS
10
2.105252125984252
20
-2.8808098425196849
11
2.1062828346456692
21
-2.886215472440945
0
LINE
8
Edge.Cuts
6
CONTINUOUS
10
2.1062828346456692
20
-2.886215472440945
11
2.1059176377952755
21
-2.8917063385826771
0
LINE
8
Edge.Cuts
6
CONTINUOUS
10
2.1059176377952755
20
-2.8917063385826771
11
2.1041800393700787
21
-2.8969278346456693
0
LINE
8
Edge.Cuts
6
CONTINUOUS
10
2.1041800393700787
20
-2.8969278346456693
11
2.1036043307086612
21
-2.8981237007874014
0
LINE
8
Edge.Cuts
6
CONTINUOUS
10
2.1036043307086612
20
-2.8981237007874014
11
2.1028221259842521
21
-2.9006603149606298
0
LINE
8
Edge.Cuts
6
CONTINUOUS
10
2.1028221259842521
20
-2.9006603149606298
11
2.1024266141732282
21
-2.9032851968503937
0
LINE
8
Edge.Cuts
6
CONTINUOUS
10
2.1024266141732282
20
-2.9032851968503937
11
2.1024266535433069
21
-2.9046124409448817
0
LINE
8
Edge.Cuts
6
CONTINUOUS
10
2.1024266535433069
20
-2.9046124409448817
11
2.1024266535433069
21
-2.9046124803149604
0
LINE
8
Edge.Cuts
6
CONTINUOUS
10
2.1024266535433069
20
-2.9046124803149604
11
2.1024266535433069
21
-2.9599543700787403
0
LINE
8
Edge.Cuts
6
CONTINUOUS
10
2.1024266535433069
20
-2.9599543700787403
11
2.1024266141732282
21
-2.9612816141732283
0
LINE
8
Edge.Cuts
6
CONTINUOUS
10
2.1024266141732282
20
-2.9612816141732283
11
2.1028221259842521
21
-2.9639064960629922
0
LINE
8
Edge.Cuts
6
CONTINUOUS
10
2.1028221259842521
20
-2.9639064960629922
11
2.1036043307086612
21
-2.9664431496062993
0
LINE
8
Edge.Cuts
6
CONTINUOUS
10
2.1036043307086612
20
-2.9664431496062993
11
2.1041799999999999
21
-2.9676388976377952
0
LINE
8
Edge.Cuts
6
CONTINUOUS
10
2.1041799999999999
20
-2.9676388976377952
11
2.1041800393700787
21
-2.9676389763779527
0
LINE
8
Edge.Cuts
6
CONTINUOUS
10
2.1041800393700787
20
-2.9676389763779527
11
2.1059176377952755
21
-2.9728604724409449
0
LINE
8
Edge.Cuts
6
CONTINUOUS
10
2.1059176377952755
20
-2.9728604724409449
11
2.106282874015748
21
-2.978351338582677
0
LINE
8
Edge.Cuts
6
CONTINUOUS
10
2.106282874015748
20
-2.978351338582677
11
2.1052521653543308
21
-2.9837569685039371
0
LINE
8
Edge.Cuts
6
CONTINUOUS
10
2.1052521653543308
20
-2.9837569685039371
11
2.1028921259842521
21
-2.9887282283464565
0
LINE
8
Edge.Cuts
6
CONTINUOUS
10
2.1028921259842521
20
-2.9887282283464565
11
2.0993551181102363
21
-2.9929440157480314
0
LINE
8
Edge.Cuts
6
CONTINUOUS
10
2.0993551181102363
20
-2.9929440157480314
11
2.0948696456692915
21
-2.9961320472440942
0
LINE
8
Edge.Cuts
6
CONTINUOUS
10
2.0948696456692915
20
-2.9961320472440942
11
2.0897253937007871
21
-2.9980864566929135
0
LINE
8
Edge.Cuts
6
CONTINUOUS
10
2.0897253937007871
20
-2.9980864566929135
11
2.0842545669291339
21
-2.9986809448818899
0
LINE
8
Edge.Cuts
6
CONTINUOUS
10
2.0842545669291339
20
-2.9986809448818899
11
2.0788105905511811
21
-2.9978772047244093
0
LINE
8
Edge.Cuts
6
CONTINUOUS
10
2.0788105905511811
20
-2.9978772047244093
11
2.0737450000000002
21
-2.9957270866141732
0
LINE
8
Edge.Cuts
6
CONTINUOUS
10
2.0737450000000002
20
-2.9957270866141732
11
2.0723927559055118
21
-2.994938503937008
0
LINE
8
Edge.Cuts
6
CONTINUOUS
10
2.0723927559055118
20
-2.994938503937008
11
2.0694544488188975
21
-2.9938574409448817
0
LINE
8
Edge.Cuts
6
CONTINUOUS
10
2.0694544488188975
20
-2.9938574409448817
11
2.0663721259842518
21
-2.9933083858267717
0
LINE
8
Edge.Cuts
6
CONTINUOUS
10
2.0663721259842518
20
-2.9933083858267717
11
2.0648066929133857
21
-2.9933070472440946
0
LINE
8
Edge.Cuts
6
CONTINUOUS
10
2.0648066929133857
20
-2.9933070472440946
11
2.0022514173228347
21
-2.9933070472440946
0
LINE
8
Edge.Cuts
6
CONTINUOUS
10
2.0022514173228347
20
-2.9933070472440946
11
2.0006860236220474
21
-2.9933084251968505
0
LINE
8
Edge.Cuts
6
CONTINUOUS
10
2.0006860236220474
20
-2.9933084251968505
11
1.9976037007874015
21
-2.9938574409448817
0
LINE
8
Edge.Cuts
6
CONTINUOUS
10
1.9976037007874015
20
-2.9938574409448817
11
1.9946653937007874
21
-2.994938503937008
0
LINE
8
Edge.Cuts
6
CONTINUOUS
10
1.9946653937007874
20
-2.994938503937008
11
1.9933131496062992
21
-2.9957270866141732
0
LINE
8
Edge.Cuts
6
CONTINUOUS
10
1.9933131496062992
20
-2.9957270866141732
11
1.9933126771653542
21
-2.9957271653543307
0
LINE
8
Edge.Cuts
6
CONTINUOUS
10
1.9933126771653542
20
-2.9957271653543307
11
1.9882475196850393
21
-2.9978771259842518
0
LINE
8
Edge.Cuts
6
CONTINUOUS
10
1.9882475196850393
20
-2.9978771259842518
11
1.9828035433070865
21
-2.9986808661417323
0
LINE
8
Edge.Cuts
6
CONTINUOUS
10
1.9828035433070865
20
-2.9986808661417323
11
1.9773327559055118
21
-2.998086377952756
0
LINE
8
Edge.Cuts
6
CONTINUOUS
10
1.9773327559055118
20
-2.998086377952756
11
1.9721885039370077
21
-2.9961319685039371
0
LINE
8
Edge.Cuts
6
CONTINUOUS
10
1.9721885039370077
20
-2.9961319685039371
11
1.9677030708661416
21
-2.9929439370078739
0
LINE
8
Edge.Cuts
6
CONTINUOUS
10
1.9677030708661416
20
-2.9929439370078739
11
1.964166062992126
21
-2.9887281889763777
0
LINE
8
Edge.Cuts
6
CONTINUOUS
10
1.964166062992126
20
-2.9887281889763777
11
1.9618059842519684
21
-2.9837569685039371
0
LINE
8
Edge.Cuts
6
CONTINUOUS
10
1.9618059842519684
20
-2.9837569685039371
11
1.9607752755905512
21
-2.9783513779527557
0
LINE
8
Edge.Cuts
6
CONTINUOUS
10
1.9607752755905512
20
-2.9783513779527557
11
1.9611405118110237
21
-2.9728605118110236
0
LINE
8
Edge.Cuts
6
CONTINUOUS
10
1.9611405118110237
20
-2.9728605118110236
11
1.962878031496063
21
-2.9676390157480315
0
LINE
8
Edge.Cuts
6
CONTINUOUS
10
1.962878031496063
20
-2.9676390157480315
11
1.9628780708661417
21
-2.967638937007874
0
LINE
8
Edge.Cuts
6
CONTINUOUS
10
1.9628780708661417
20
-2.967638937007874
11
1.9634535433070865
21
-2.9664433070866143
0
LINE
8
Edge.Cuts
6
CONTINUOUS
10
1.9634535433070865
20
-2.9664433070866143
11
1.9642356692913385
21
-2.9639064566929134
0
LINE
8
Edge.Cuts
6
CONTINUOUS
10
1.9642356692913385
20
-2.9639064566929134
11
1.964631338582677
21
-2.9612814173228346
0
LINE
8
Edge.Cuts
6
CONTINUOUS
10
1.964631338582677
20
-2.9612814173228346
11
1.9646314566929133
21
-2.959954094488189
0
LINE
8
Edge.Cuts
6
CONTINUOUS
10
1.9646314566929133
20
-2.959954094488189
11
1.9646314566929133
21
-2.9046124803149604
0
LINE
8
Edge.Cuts
6
CONTINUOUS
10
1.9646314566929133
20
-2.9046124803149604
11
1.9646314566929133
21
-2.9046124409448817
0
LINE
8
Edge.Cuts
6
CONTINUOUS
10
1.9646314566929133
20
-2.9046124409448817
11
1.9646315354330708
21
-2.9032851968503937
0
LINE
8
Edge.Cuts
6
CONTINUOUS
10
1.9646315354330708
20
-2.9032851968503937
11
1.9642360236220473
21
-2.9006603543307086
0
LINE
8
Edge.Cuts
6
CONTINUOUS
10
1.9642360236220473
20
-2.9006603543307086
11
1.9634538188976378
21
-2.8981237401574802
0
LINE
8
Edge.Cuts
6
CONTINUOUS
10
1.9634538188976378
20
-2.8981237401574802
11
1.9628780708661417
21
-2.896927874015748
0
LINE
8
Edge.Cuts
6
CONTINUOUS
10
1.9628780708661417
20
-2.896927874015748
11
1.962878031496063
21
-2.8969277952755905
0
LINE
8
Edge.Cuts
6
CONTINUOUS
10
1.962878031496063
20
-2.8969277952755905
11
1.9611404724409449
21
-2.8917063385826771
0
LINE
8
Edge.Cuts
6
CONTINUOUS
10
1.9611404724409449
20
-2.8917063385826771
11
1.9607752362204725
21
-2.886215472440945
0
LINE
8
Edge.Cuts
6
CONTINUOUS
10
1.9607752362204725
20
-2.886215472440945
11
1.9618059448818896
21
-2.8808098425196849
0
LINE
8
Edge.Cuts
6
CONTINUOUS
10
1.9618059448818896
20
-2.8808098425196849
11
1.9641660236220473
21
-2.8758386220472438
0
LINE
8
Edge.Cuts
6
CONTINUOUS
10
1.9641660236220473
20
-2.8758386220472438
11
1.9677029921259843
21
-2.8716228346456694
0
LINE
8
Edge.Cuts
6
CONTINUOUS
10
1.9677029921259843
20
-2.8716228346456694
11
1.972188464566929
21
-2.8684348031496061
0
LINE
8
Edge.Cuts
6
CONTINUOUS
10
1.972188464566929
20
-2.8684348031496061
11
1.9773327559055118
21
-2.8664803937007872
0
LINE
8
Edge.Cuts
6
CONTINUOUS
10
1.9773327559055118
20
-2.8664803937007872
11
1.9828035433070865
21
-2.8658859055118109
0
LINE
8
Edge.Cuts
6
CONTINUOUS
10
1.9828035433070865
20
-2.8658859055118109
11
1.9882475196850393
21
-2.8666896456692914
0
LINE
8
Edge.Cuts
6
CONTINUOUS
10
1.9882475196850393
20
-2.8666896456692914
11
1.9933131102362205
21
-2.8688397637795275
0
LINE
8
Edge.Cuts
6
CONTINUOUS
10
1.9933131102362205
20
-2.8688397637795275
11
1.9946653543307087
21
-2.8696283464566927
0
LINE
8
Edge.Cuts
6
CONTINUOUS
10
1.9946653543307087
20
-2.8696283464566927
11
1.9976036614173227
21
-2.870709409448819
0
LINE
8
Edge.Cuts
6
CONTINUOUS
10
1.9976036614173227
20
-2.870709409448819
11
2.0006859842519686
21
-2.8712584251968503
0
LINE
8
Edge.Cuts
6
CONTINUOUS
10
2.0006859842519686
20
-2.8712584251968503
11
2.002251377952756
21
-2.8712598031496062
0
LINE
8
Edge.Cuts
6
CONTINUOUS
10
2.002251377952756
20
-2.8712598031496062
11
2.0022514960629922
21
-2.8712598425196849
0
LINE
8
Edge.Cuts
6
CONTINUOUS
10
2.0022514960629922
20
-2.8712598425196849
11
2.0648067322834645
21
-2.8712598425196849
0
LINE
8
Edge.Cuts
6
CONTINUOUS
10
2.0648067322834645
20
-2.8712598425196849
11
2.0663721259842518
21
-2.871258464566929
0
LINE
8
Edge.Cuts
6
CONTINUOUS
10
2.0663721259842518
20
-2.871258464566929
11
2.0694544488188975
21
-2.8707094488188978
0
LINE
8
Edge.Cuts
6
CONTINUOUS
10
2.0694544488188975
20
-2.8707094488188978
11
2.0723927559055118
21
-2.8696283858267715
0
LINE
8
Edge.Cuts
6
CONTINUOUS
10
2.0723927559055118
20
-2.8696283858267715
11
2.0737450000000002
21
-2.8688398031496063
0
LINE
8
Edge.Cuts
6
CONTINUOUS
10
2.0737450000000002
20
-2.8688398031496063
11
2.0788105905511811
21
-2.8666896850393702
0
LINE
8
Edge.Cuts
6
CONTINUOUS
10
2.0788105905511811
20
-2.8666896850393702
11
2.0842545669291339
21
-2.8658859055118109
0
LINE
8
Edge.Cuts
6
CONTINUOUS
10
2.0842545669291339
20
-2.8658859055118109
11
2.0897253543307088
21
-2.866480433070866
0
LINE
8
Edge.Cuts
6
CONTINUOUS
10
1.976046496062992
20
-2.8708422047244095
11
1.9720432677165354
21
-2.8729800000000001
0
LINE
8
Edge.Cuts
6
CONTINUOUS
10
1.9720432677165354
20
-2.8729800000000001
11
1.9687082283464568
21
-2.8760578346456693
0
LINE
8
Edge.Cuts
6
CONTINUOUS
10
1.9687082283464568
20
-2.8760578346456693
11
1.9662567716535433
21
-2.8798770078740157
0
LINE
8
Edge.Cuts
6
CONTINUOUS
10
1.9662567716535433
20
-2.8798770078740157
11
1.9648471653543307
21
-2.8841907874015749
0
LINE
8
Edge.Cuts
6
CONTINUOUS
10
1.9648471653543307
20
-2.8841907874015749
11
1.9645705511811022
21
-2.888720590551181
0
LINE
8
Edge.Cuts
6
CONTINUOUS
10
1.9645705511811022
20
-2.888720590551181
11
1.9654446850393701
21
-2.8931738582677164
0
LINE
8
Edge.Cuts
6
CONTINUOUS
10
1.9654446850393701
20
-2.8931738582677164
11
1.9664253543307086
21
-2.8952200000000001
0
LINE
8
Edge.Cuts
6
CONTINUOUS
10
1.9664253543307086
20
-2.8952200000000001
11
1.9664253937007874
21
-2.8952200787401576
0
LINE
8
Edge.Cuts
6
CONTINUOUS
10
1.9664253937007874
20
-2.8952200787401576
11
1.9676070866141733
21
-2.8982319291338583
0
LINE
8
Edge.Cuts
6
CONTINUOUS
10
1.9676070866141733
20
-2.8982319291338583
11
1.9683268110236221
21
-2.9013862204724408
0
LINE
8
Edge.Cuts
6
CONTINUOUS
10
1.9683268110236221
20
-2.9013862204724408
11
1.9685684251968503
21
-2.9046124409448817
0
LINE
8
Edge.Cuts
6
CONTINUOUS
10
1.9685684251968503
20
-2.9046124409448817
11
1.968568464566929
21
-2.9046124803149604
0
LINE
8
Edge.Cuts
6
CONTINUOUS
10
1.968568464566929
20
-2.9046124803149604
11
1.968568464566929
21
-2.9599543700787403
0
LINE
8
Edge.Cuts
6
CONTINUOUS
10
1.968568464566929
20
-2.9599543700787403
11
1.9685683858267715
21
-2.9599545669291336
0
LINE
8
Edge.Cuts
6
CONTINUOUS
10
1.9685683858267715
20
-2.9599545669291336
11
1.968568464566929
21
-2.9599547244094486
0
LINE
8
Edge.Cuts
6
CONTINUOUS
10
1.968568464566929
20
-2.9599547244094486
11
1.9683264173228345
21
-2.9631807480314958
0
LINE
8
Edge.Cuts
6
CONTINUOUS
10
1.9683264173228345
20
-2.9631807480314958
11
1.9676067716535433
21
-2.9663347244094487
0
LINE
8
Edge.Cuts
6
CONTINUOUS
10
1.9676067716535433
20
-2.9663347244094487
11
1.9664255511811024
21
-2.9693464173228348
0
LINE
8
Edge.Cuts
6
CONTINUOUS
10
1.9664255511811024
20
-2.9693464173228348
11
1.9664254330708661
21
-2.9693464960629923
0
LINE
8
Edge.Cuts
6
CONTINUOUS
10
1.9664254330708661
20
-2.9693464960629923
11
1.9664254330708661
21
-2.9693467322834644
0
LINE
8
Edge.Cuts
6
CONTINUOUS
10
1.9664254330708661
20
-2.9693467322834644
11
1.9654447244094488
21
-2.9713929527559055
0
LINE
8
Edge.Cuts
6
CONTINUOUS
10
1.9654447244094488
20
-2.9713929527559055
11
1.9645705511811022
21
-2.975846220472441
0
LINE
8
Edge.Cuts
6
CONTINUOUS
10
1.9645705511811022
20
-2.975846220472441
11
1.9648472440944882
21
-2.9803760236220471
0
LINE
8
Edge.Cuts
6
CONTINUOUS
10
1.9648472440944882
20
-2.9803760236220471
11
1.966256811023622
21
-2.9846898031496063
0
LINE
8
Edge.Cuts
6
CONTINUOUS
10
1.966256811023622
20
-2.9846898031496063
11
1.968708307086614
21
-2.9885089370078739
0
LINE
8
Edge.Cuts
6
CONTINUOUS
10
1.968708307086614
20
-2.9885089370078739
11
1.9720433070866141
21
-2.9915867716535431
0
LINE
8
Edge.Cuts
6
CONTINUOUS
10
1.9720433070866141
20
-2.9915867716535431
11
1.9760465354330707
21
-2.9937245275590549
0
LINE
8
Edge.Cuts
6
CONTINUOUS
10
1.9760465354330707
20
-2.9937245275590549
11
1.9804593307086613
21
-2.9947841338582677
0
LINE
8
Edge.Cuts
6
CONTINUOUS
10
1.9804593307086613
20
-2.9947841338582677
11
1.9849967322834645
21
-2.9946971653543306
0
LINE
8
Edge.Cuts
6
CONTINUOUS
10
1.9849967322834645
20
-2.9946971653543306
11
1.9893656692913386
21
-2.9934692125984252
0
LINE
8
Edge.Cuts
6
CONTINUOUS
10
1.9893656692913386
20
-2.9934692125984252
11
1.991326811023622
21
-2.9923277952755907
0
LINE
8
Edge.Cuts
6
CONTINUOUS
10
1.991326811023622
20
-2.9923277952755907
11
1.9913271653543307
21
-2.9923276771653544
0
LINE
8
Edge.Cuts
6
CONTINUOUS
10
1.9913271653543307
20
-2.9923276771653544
11
1.9947746850393699
21
-2.9907018110236221
0
LINE
8
Edge.Cuts
6
CONTINUOUS
10
1.9947746850393699
20
-2.9907018110236221
11
1.9984542125984253
21
-2.9897055905511811
0
LINE
8
Edge.Cuts
6
CONTINUOUS
10
1.9984542125984253
20
-2.9897055905511811
11
2.0022514173228347
21
-2.9893700393700788
0
LINE
8
Edge.Cuts
6
CONTINUOUS
10
2.0022514173228347
20
-2.9893700393700788
11
2.0648066929133857
21
-2.9893700393700788
0
LINE
8
Edge.Cuts
6
CONTINUOUS
10
2.0648066929133857
20
-2.9893700393700788
11
2.0686039370078739
21
-2.9897055905511811
0
LINE
8
Edge.Cuts
6
CONTINUOUS
10
2.0686039370078739
20
-2.9897055905511811
11
2.072283464566929
21
-2.9907018110236221
0
LINE
8
Edge.Cuts
6
CONTINUOUS
10
2.072283464566929
20
-2.9907018110236221
11
2.0757312992125985
21
-2.9923278740157482
0
LINE
8
Edge.Cuts
6
CONTINUOUS
10
2.0757312992125985
20
-2.9923278740157482
11
2.0776924409448818
21
-2.9934692913385827
0
LINE
8
Edge.Cuts
6
CONTINUOUS
10
2.0776924409448818
20
-2.9934692913385827
11
2.0820614173228345
21
-2.9946972440944881
0
LINE
8
Edge.Cuts
6
CONTINUOUS
10
2.0820614173228345
20
-2.9946972440944881
11
2.0865988188976377
21
-2.994784251968504
0
LINE
8
Edge.Cuts
6
CONTINUOUS
10
2.0865988188976377
20
-2.994784251968504
11
2.091011653543307
21
-2.9937246062992124
0
LINE
8
Edge.Cuts
6
CONTINUOUS
10
2.091011653543307
20
-2.9937246062992124
11
2.0950148425196851
21
-2.9915868503937006
0
LINE
8
Edge.Cuts
6
CONTINUOUS
10
2.0950148425196851
20
-2.9915868503937006
11
2.0983498818897637
21
-2.9885089763779527
0
LINE
8
Edge.Cuts
6
CONTINUOUS
10
2.0983498818897637
20
-2.9885089763779527
11
2.1008013779527559
21
-2.9846898031496063
0
LINE
8
Edge.Cuts
6
CONTINUOUS
10
2.1008013779527559
20
-2.9846898031496063
11
2.1022109448818895
21
-2.9803760236220471
0
LINE
8
Edge.Cuts
6
CONTINUOUS
10
2.1022109448818895
20
-2.9803760236220471
11
2.1024875984251969
21
-2.975846220472441
0
LINE
8
Edge.Cuts
6
CONTINUOUS
10
2.1024875984251969
20
-2.975846220472441
11
2.1016134251968501
21
-2.9713929527559055
0
LINE
8
Edge.Cuts
6
CONTINUOUS
10
2.1016134251968501
20
-2.9713929527559055
11
2.1006327165354328
21
-2.9693466929133856
0
LINE
8
Edge.Cuts
6
CONTINUOUS
10
2.1006327165354328
20
-2.9693466929133856
11
2.0994510629921259
21
-2.9663349212598424
0
LINE
8
Edge.Cuts
6
CONTINUOUS
10
2.0994510629921259
20
-2.9663349212598424
11
2.0987313385826769
21
-2.9631806692913387
0
LINE
8
Edge.Cuts
6
CONTINUOUS
10
2.0987313385826769
20
-2.9631806692913387
11
2.0984896456692912
21
-2.9599543700787403
0
LINE
8
Edge.Cuts
6
CONTINUOUS
10
2.0984896456692912
20
-2.9599543700787403
11
2.0984896456692912
21
-2.9046124803149604
0
LINE
8
Edge.Cuts
6
CONTINUOUS
10
2.0984896456692912
20
-2.9046124803149604
11
2.0984896456692912
21
-2.9046124409448817
0
LINE
8
Edge.Cuts
6
CONTINUOUS
10
2.0984896456692912
20
-2.9046124409448817
11
2.0987313385826769
21
-2.901386181102362
0
LINE
8
Edge.Cuts
6
CONTINUOUS
10
2.0987313385826769
20
-2.901386181102362
11
2.0994510629921259
21
-2.8982319291338583
0
LINE
8
Edge.Cuts
6
CONTINUOUS
10
2.0994510629921259
20
-2.8982319291338583
11
2.1006327165354328
21
-2.8952201181102359
0
LINE
8
Edge.Cuts
6
CONTINUOUS
10
2.1006327165354328
20
-2.8952201181102359
11
2.1016134251968501
21
-2.8931738582677164
0
LINE
8
Edge.Cuts
6
CONTINUOUS
10
2.1016134251968501
20
-2.8931738582677164
11
2.1024875590551182
21
-2.8887206299212598
0
LINE
8
Edge.Cuts
6
CONTINUOUS
10
2.1024875590551182
20
-2.8887206299212598
11
2.1022109055118108
21
-2.8841908267716536
0
LINE
8
Edge.Cuts
6
CONTINUOUS
10
2.1022109055118108
20
-2.8841908267716536
11
2.1008013385826771
21
-2.8798770078740157
0
LINE
8
Edge.Cuts
6
CONTINUOUS
10
2.1008013385826771
20
-2.8798770078740157
11
2.0983498425196849
21
-2.8760578740157481
0
LINE
8
Edge.Cuts
6
CONTINUOUS
10
2.0983498425196849
20
-2.8760578740157481
11
2.0950148031496063
21
-2.8729800000000001
0
LINE
8
Edge.Cuts
6
CONTINUOUS
10
2.0950148031496063
20
-2.8729800000000001
11
2.0910116141732282
21
-2.8708422440944883
0
LINE
8
Edge.Cuts
6
CONTINUOUS
10
2.0910116141732282
20
-2.8708422440944883
11
2.0865988188976377
21
-2.8697826377952755
0
LINE
8
Edge.Cuts
6
CONTINUOUS
10
2.0865988188976377
20
-2.8697826377952755
11
2.0820613779527557
21
-2.8698696456692914
0
LINE
8
Edge.Cuts
6
CONTINUOUS
10
2.0820613779527557
20
-2.8698696456692914
11
2.0776924409448818
21
-2.8710975984251967
0
LINE
8
Edge.Cuts
6
CONTINUOUS
10
2.0776924409448818
20
-2.8710975984251967
11
2.0757312992125985
21
-2.8722390157480313
0
LINE
8
Edge.Cuts
6
CONTINUOUS
10
2.0757312992125985
20
-2.8722390157480313
11
2.072283464566929
21
-2.8738650787401574
0
LINE
8
Edge.Cuts
6
CONTINUOUS
10
2.072283464566929
20
-2.8738650787401574
11
2.0686039370078739
21
-2.8748612992125984
0
LINE
8
Edge.Cuts
6
CONTINUOUS
10
2.0686039370078739
20
-2.8748612992125984
11
2.0648067322834645
21
-2.8751968503937007
0
LINE
8
Edge.Cuts
6
CONTINUOUS
10
2.0648067322834645
20
-2.8751968503937007
11
2.0022514173228347
21
-2.8751968503937007
0
LINE
8
Edge.Cuts
6
CONTINUOUS
10
2.0022514173228347
20
-2.8751968503937007
11
2.002251062992126
21
-2.8751967716535431
0
LINE
8
Edge.Cuts
6
CONTINUOUS
10
2.002251062992126
20
-2.8751967716535431
11
1.9984541732283465
21
-2.8748612598425196
0
LINE
8
Edge.Cuts
6
CONTINUOUS
10
1.9984541732283465
20
-2.8748612598425196
11
1.9947746456692912
21
-2.8738650393700786
0
LINE
8
Edge.Cuts
6
CONTINUOUS
10
1.9947746456692912
20
-2.8738650393700786
11
1.991326811023622
21
-2.8722389763779526
0
LINE
8
Edge.Cuts
6
CONTINUOUS
10
1.991326811023622
20
-2.8722389763779526
11
1.9893656692913386
21
-2.871097559055118
0
LINE
8
Edge.Cuts
6
CONTINUOUS
10
1.9893656692913386
20
-2.871097559055118
11
1.9849966929133858
21
-2.8698696062992126
0
LINE
8
Edge.Cuts
6
CONTINUOUS
10
1.9849966929133858
20
-2.8698696062992126
11
1.9804592913385826
21
-2.8697825984251968
0
LINE
8
Edge.Cuts
6
CONTINUOUS
10
1.9804592913385826
20
-2.8697825984251968
11
1.976046496062992
21
-2.8708422047244095
0
LINE
8
Edge.Cuts
6
CONTINUOUS
10
3.5857883464566926
20
-2.866480433070866
11
3.590932598425197
21
-2.8684348031496061
0
LINE
8
Edge.Cuts
6
CONTINUOUS
10
3.590932598425197
20
-2.8684348031496061
11
3.5954180708661418
21
-2.8716228346456694
0
LINE
8
Edge.Cuts
6
CONTINUOUS
10
3.5954180708661418
20
-2.8716228346456694
11
3.5989550787401572
21
-2.8758386220472438
0
LINE
8
Edge.Cuts
6
CONTINUOUS
10
3.5989550787401572
20
-2.8758386220472438
11
3.6013151181102363
21
-2.8808098425196849
0
LINE
8
Edge.Cuts
6
CONTINUOUS
10
3.6013151181102363
20
-2.8808098425196849
11
3.6023458267716535
21
-2.886215472440945
0
LINE
8
Edge.Cuts
6
CONTINUOUS
10
3.6023458267716535
20
-2.886215472440945
11
3.6019806299212598
21
-2.8917063385826771
0
LINE
8
Edge.Cuts
6
CONTINUOUS
10
3.6019806299212598
20
-2.8917063385826771
11
3.600243031496063
21
-2.8969278346456693
0
LINE
8
Edge.Cuts
6
CONTINUOUS
10
3.600243031496063
20
-2.8969278346456693
11
3.5996673228346454
21
-2.8981237007874014
0
LINE
8
Edge.Cuts
6
CONTINUOUS
10
3.5996673228346454
20
-2.8981237007874014
11
3.5988851181102359
21
-2.9006603149606298
0
LINE
8
Edge.Cuts
6
CONTINUOUS
10
3.5988851181102359
20
-2.9006603149606298
11
3.5984896062992124
21
-2.9032851968503937
0
LINE
8
Edge.Cuts
6
CONTINUOUS
10
3.5984896062992124
20
-2.9032851968503937
11
3.5984896456692912
21
-2.9046124409448817
0
LINE
8
Edge.Cuts
6
CONTINUOUS
10
3.5984896456692912
20
-2.9046124409448817
11
3.5984896456692912
21
-2.9046124803149604
0
LINE
8
Edge.Cuts
6
CONTINUOUS
10
3.5984896456692912
20
-2.9046124803149604
11
3.5984896456692912
21
-2.9599543700787403
0
LINE
8
Edge.Cuts
6
CONTINUOUS
10
3.5984896456692912
20
-2.9599543700787403
11
3.5984896062992124
21
-2.9612816141732283
0
LINE
8
Edge.Cuts
6
CONTINUOUS
10
3.5984896062992124
20
-2.9612816141732283
11
3.5988851181102359
21
-2.9639064960629922
0
LINE
8
Edge.Cuts
6
CONTINUOUS
10
3.5988851181102359
20
-2.9639064960629922
11
3.5996673228346454
21
-2.9664431496062993
0
LINE
8
Edge.Cuts
6
CONTINUOUS
10
3.5996673228346454
20
-2.9664431496062993
11
3.6002429921259842
21
-2.9676388976377952
0
LINE
8
Edge.Cuts
6
CONTINUOUS
10
3.6002429921259842
20
-2.9676388976377952
11
3.600243031496063
21
-2.9676389763779527
0
LINE
8
Edge.Cuts
6
CONTINUOUS
10
3.600243031496063
20
-2.9676389763779527
11
3.6019806299212598
21
-2.9728604724409449
0
LINE
8
Edge.Cuts
6
CONTINUOUS
10
3.6019806299212598
20
-2.9728604724409449
11
3.6023458661417322
21
-2.978351338582677
0
LINE
8
Edge.Cuts
6
CONTINUOUS
10
3.6023458661417322
20
-2.978351338582677
11
3.6013151574803151
21
-2.9837569685039371
0
LINE
8
Edge.Cuts
6
CONTINUOUS
10
3.6013151574803151
20
-2.9837569685039371
11
3.5989551181102359
21
-2.9887282283464565
0
LINE
8
Edge.Cuts
6
CONTINUOUS
10
3.5989551181102359
20
-2.9887282283464565
11
3.5954181102362206
21
-2.9929440157480314
0
LINE
8
Edge.Cuts
6
CONTINUOUS
10
3.5954181102362206
20
-2.9929440157480314
11
3.5909326377952757
21
-2.9961320472440942
0
LINE
8
Edge.Cuts
6
CONTINUOUS
10
3.5909326377952757
20
-2.9961320472440942
11
3.5857883858267714
21
-2.9980864566929135
0
LINE
8
Edge.Cuts
6
CONTINUOUS
10
3.5857883858267714
20
-2.9980864566929135
11
3.5803175590551182
21
-2.9986809448818899
0
LINE
8
Edge.Cuts
6
CONTINUOUS
10
3.5803175590551182
20
-2.9986809448818899
11
3.5748735826771654
21
-2.9978772047244093
0
LINE
8
Edge.Cuts
6
CONTINUOUS
10
3.5748735826771654
20
-2.9978772047244093
11
3.569807992125984
21
-2.9957270866141732
0
LINE
8
Edge.Cuts
6
CONTINUOUS
10
3.569807992125984
20
-2.9957270866141732
11
3.568455748031496
21
-2.994938503937008
0
LINE
8
Edge.Cuts
6
CONTINUOUS
10
3.568455748031496
20
-2.994938503937008
11
3.5655174409448818
21
-2.9938574409448817
0
LINE
8
Edge.Cuts
6
CONTINUOUS
10
3.5655174409448818
20
-2.9938574409448817
11
3.5624351181102361
21
-2.9933083858267717
0
LINE
8
Edge.Cuts
6
CONTINUOUS
10
3.5624351181102361
20
-2.9933083858267717
11
3.56086968503937
21
-2.9933070472440946
0
LINE
8
Edge.Cuts
6
CONTINUOUS
10
3.56086968503937
20
-2.9933070472440946
11
3.498314409448819
21
-2.9933070472440946
0
LINE
8
Edge.Cuts
6
CONTINUOUS
10
3.498314409448819
20
-2.9933070472440946
11
3.4967490157480312
21
-2.9933084251968505
0
LINE
8
Edge.Cuts
6
CONTINUOUS
10
3.4967490157480312
20
-2.9933084251968505
11
3.4936666929133859
21
-2.9938574409448817
0
LINE
8
Edge.Cuts
6
CONTINUOUS
10
3.4936666929133859
20
-2.9938574409448817
11
3.4907283858267717
21
-2.994938503937008
0
LINE
8
Edge.Cuts
6
CONTINUOUS
10
3.4907283858267717
20
-2.994938503937008
11
3.4893761417322833
21
-2.9957270866141732
0
LINE
8
Edge.Cuts
6
CONTINUOUS
10
3.4893761417322833
20
-2.9957270866141732
11
3.4893756692913387
21
-2.9957271653543307
0
LINE
8
Edge.Cuts
6
CONTINUOUS
10
3.4893756692913387
20
-2.9957271653543307
11
3.4843105118110236
21
-2.9978771259842518
0
LINE
8
Edge.Cuts
6
CONTINUOUS
10
3.4843105118110236
20
-2.9978771259842518
11
3.4788665354330708
21
-2.9986808661417323
0
LINE
8
Edge.Cuts
6
CONTINUOUS
10
3.4788665354330708
20
-2.9986808661417323
11
3.4733957480314959
21
-2.998086377952756
0
LINE
8
Edge.Cuts
6
CONTINUOUS
10
3.4733957480314959
20
-2.998086377952756
11
3.468251496062992
21
-2.9961319685039371
0
LINE
8
Edge.Cuts
6
CONTINUOUS
10
3.468251496062992
20
-2.9961319685039371
11
3.4637660629921259
21
-2.9929439370078739
0
LINE
8
Edge.Cuts
6
CONTINUOUS
10
3.4637660629921259
20
-2.9929439370078739
11
3.4602290551181101
21
-2.9887281889763777
0
LINE
8
Edge.Cuts
6
CONTINUOUS
10
3.4602290551181101
20
-2.9887281889763777
11
3.4578689763779527
21
-2.9837569685039371
0
LINE
8
Edge.Cuts
6
CONTINUOUS
10
3.4578689763779527
20
-2.9837569685039371
11
3.4568382677165355
21
-2.9783513779527557
0
LINE
8
Edge.Cuts
6
CONTINUOUS
10
3.4568382677165355
20
-2.9783513779527557
11
3.4572035039370079
21
-2.9728605118110236
0
LINE
8
Edge.Cuts
6
CONTINUOUS
10
3.4572035039370079
20
-2.9728605118110236
11
3.4589410236220473
21
-2.9676390157480315
0
LINE
8
Edge.Cuts
6
CONTINUOUS
10
3.4589410236220473
20
-2.9676390157480315
11
3.458941062992126
21
-2.967638937007874
0
LINE
8
Edge.Cuts
6
CONTINUOUS
10
3.458941062992126
20
-2.967638937007874
11
3.4595165354330706
21
-2.9664433070866143
0
LINE
8
Edge.Cuts
6
CONTINUOUS
10
3.4595165354330706
20
-2.9664433070866143
11
3.4602986614173226
21
-2.9639064566929134
0
LINE
8
Edge.Cuts
6
CONTINUOUS
10
3.4602986614173226
20
-2.9639064566929134
11
3.4606943307086615
21
-2.9612814173228346
0
LINE
8
Edge.Cuts
6
CONTINUOUS
10
3.4606943307086615
20
-2.9612814173228346
11
3.4606944488188978
21
-2.959954094488189
0
LINE
8
Edge.Cuts
6
CONTINUOUS
10
3.4606944488188978
20
-2.959954094488189
11
3.4606944488188978
21
-2.9046124803149604
0
LINE
8
Edge.Cuts
6
CONTINUOUS
10
3.4606944488188978
20
-2.9046124803149604
11
3.4606944488188978
21
-2.9046124409448817
0
LINE
8
Edge.Cuts
6
CONTINUOUS
10
3.4606944488188978
20
-2.9046124409448817
11
3.4606945275590548
21
-2.9032851968503937
0
LINE
8
Edge.Cuts
6
CONTINUOUS
10
3.4606945275590548
20
-2.9032851968503937
11
3.4602990157480313
21
-2.9006603543307086
0
LINE
8
Edge.Cuts
6
CONTINUOUS
10
3.4602990157480313
20
-2.9006603543307086
11
3.4595168110236219
21
-2.8981237401574802
0
LINE
8
Edge.Cuts
6
CONTINUOUS
10
3.4595168110236219
20
-2.8981237401574802
11
3.458941062992126
21
-2.896927874015748
0
LINE
8
Edge.Cuts
6
CONTINUOUS
10
3.458941062992126
20
-2.896927874015748
11
3.4589410236220473
21
-2.8969277952755905
0
LINE
8
Edge.Cuts
6
CONTINUOUS
10
3.4589410236220473
20
-2.8969277952755905
11
3.4572034645669292
21
-2.8917063385826771
0
LINE
8
Edge.Cuts
6
CONTINUOUS
10
3.4572034645669292
20
-2.8917063385826771
11
3.4568382283464567
21
-2.886215472440945
0
LINE
8
Edge.Cuts
6
CONTINUOUS
10
3.4568382283464567
20
-2.886215472440945
11
3.4578689370078739
21
-2.8808098425196849
0
LINE
8
Edge.Cuts
6
CONTINUOUS
10
3.4578689370078739
20
-2.8808098425196849
11
3.4602290157480313
21
-2.8758386220472438
0
LINE
8
Edge.Cuts
6
CONTINUOUS
10
3.4602290157480313
20
-2.8758386220472438
11
3.4637659842519684
21
-2.8716228346456694
0
LINE
8
Edge.Cuts
6
CONTINUOUS
10
3.4637659842519684
20
-2.8716228346456694
11
3.4682514566929132
21
-2.8684348031496061
0
LINE
8
Edge.Cuts
6
CONTINUOUS
10
3.4682514566929132
20
-2.8684348031496061
11
3.4733957480314959
21
-2.8664803937007872
0
LINE
8
Edge.Cuts
6
CONTINUOUS
10
3.4733957480314959
20
-2.8664803937007872
11
3.4788665354330708
21
-2.8658859055118109
0
LINE
8
Edge.Cuts
6
CONTINUOUS
10
3.4788665354330708
20
-2.8658859055118109
11
3.4843105118110236
21
-2.8666896456692914
0
LINE
8
Edge.Cuts
6
CONTINUOUS
10
3.4843105118110236
20
-2.8666896456692914
11
3.4893761023622045
21
-2.8688397637795275
0
LINE
8
Edge.Cuts
6
CONTINUOUS
10
3.4893761023622045
20
-2.8688397637795275
11
3.4907283464566929
21
-2.8696283464566927
0
LINE
8
Edge.Cuts
6
CONTINUOUS
10
3.4907283464566929
20
-2.8696283464566927
11
3.4936666535433072
21
-2.870709409448819
0
LINE
8
Edge.Cuts
6
CONTINUOUS
10
3.4936666535433072
20
-2.870709409448819
11
3.4967489763779525
21
-2.8712584251968503
0
LINE
8
Edge.Cuts
6
CONTINUOUS
10
3.4967489763779525
20
-2.8712584251968503
11
3.4983143700787402
21
-2.8712598031496062
0
LINE
8
Edge.Cuts
6
CONTINUOUS
10
3.4983143700787402
20
-2.8712598031496062
11
3.4983144881889765
21
-2.8712598425196849
0
LINE
8
Edge.Cuts
6
CONTINUOUS
10
3.4983144881889765
20
-2.8712598425196849
11
3.5608697244094487
21
-2.8712598425196849
0
LINE
8
Edge.Cuts
6
CONTINUOUS
10
3.5608697244094487
20
-2.8712598425196849
11
3.5624351181102361
21
-2.871258464566929
0
LINE
8
Edge.Cuts
6
CONTINUOUS
10
3.5624351181102361
20
-2.871258464566929
11
3.5655174409448818
21
-2.8707094488188978
0
LINE
8
Edge.Cuts
6
CONTINUOUS
10
3.5655174409448818
20
-2.8707094488188978
11
3.568455748031496
21
-2.8696283858267715
0
LINE
8
Edge.Cuts
6
CONTINUOUS
10
3.568455748031496
20
-2.8696283858267715
11
3.569807992125984
21
-2.8688398031496063
0
LINE
8
Edge.Cuts
6
CONTINUOUS
10
3.569807992125984
20
-2.8688398031496063
11
3.5748735826771654
21
-2.8666896850393702
0
LINE
8
Edge.Cuts
6
CONTINUOUS
10
3.5748735826771654
20
-2.8666896850393702
11
3.5803175590551182
21
-2.8658859055118109
0
LINE
8
Edge.Cuts
6
CONTINUOUS
10
3.5803175590551182
20
-2.8658859055118109
11
3.5857883464566926
21
-2.866480433070866
0
LINE
8
Edge.Cuts
6
CONTINUOUS
10
3.4721094881889765
20
-2.8708422047244095
11
3.4681062598425196
21
-2.8729800000000001
0
LINE
8
Edge.Cuts
6
CONTINUOUS
10
3.4681062598425196
20
-2.8729800000000001
11
3.464771220472441
21
-2.8760578346456693
0
LINE
8
Edge.Cuts
6
CONTINUOUS
10
3.464771220472441
20
-2.8760578346456693
11
3.4623197637795275
21
-2.8798770078740157
0
LINE
8
Edge.Cuts
6
CONTINUOUS
10
3.4623197637795275
20
-2.8798770078740157
11
3.4609101574803147
21
-2.8841907874015749
0
LINE
8
Edge.Cuts
6
CONTINUOUS
10
3.4609101574803147
20
-2.8841907874015749
11
3.4606335433070865
21
-2.888720590551181
0
LINE
8
Edge.Cuts
6
CONTINUOUS
10
3.4606335433070865
20
-2.888720590551181
11
3.4615076771653541
21
-2.8931738582677164
0
LINE
8
Edge.Cuts
6
CONTINUOUS
10
3.4615076771653541
20
-2.8931738582677164
11
3.4624883464566927
21
-2.8952200000000001
0
LINE
8
Edge.Cuts
6
CONTINUOUS
10
3.4624883464566927
20
-2.8952200000000001
11
3.4624883858267714
21
-2.8952200787401576
0
LINE
8
Edge.Cuts
6
CONTINUOUS
10
3.4624883858267714
20
-2.8952200787401576
11
3.4636700787401575
21
-2.8982319291338583
0
LINE
8
Edge.Cuts
6
CONTINUOUS
10
3.4636700787401575
20
-2.8982319291338583
11
3.4643898031496061
21
-2.9013862204724408
0
LINE
8
Edge.Cuts
6
CONTINUOUS
10
3.4643898031496061
20
-2.9013862204724408
11
3.4646314173228347
21
-2.9046124409448817
0
LINE
8
Edge.Cuts
6
CONTINUOUS
10
3.4646314173228347
20
-2.9046124409448817
11
3.4646314566929135
21
-2.9046124803149604
0
LINE
8
Edge.Cuts
6
CONTINUOUS
10
3.4646314566929135
20
-2.9046124803149604
11
3.4646314566929135
21
-2.9599543700787403
0
LINE
8
Edge.Cuts
6
CONTINUOUS
10
3.4646314566929135
20
-2.9599543700787403
11
3.464631377952756
21
-2.9599545669291336
0
LINE
8
Edge.Cuts
6
CONTINUOUS
10
3.464631377952756
20
-2.9599545669291336
11
3.4646314566929135
21
-2.9599547244094486
0
LINE
8
Edge.Cuts
6
CONTINUOUS
10
3.4646314566929135
20
-2.9599547244094486
11
3.464389409448819
21
-2.9631807480314958
0
LINE
8
Edge.Cuts
6
CONTINUOUS
10
3.464389409448819
20
-2.9631807480314958
11
3.4636697637795275
21
-2.9663347244094487
0
LINE
8
Edge.Cuts
6
CONTINUOUS
10
3.4636697637795275
20
-2.9663347244094487
11
3.4624885433070864
21
-2.9693464173228348
0
LINE
8
Edge.Cuts
6
CONTINUOUS
10
3.4624885433070864
20
-2.9693464173228348
11
3.4624884251968502
21
-2.9693464960629923
0
LINE
8
Edge.Cuts
6
CONTINUOUS
10
3.4624884251968502
20
-2.9693464960629923
11
3.4624884251968502
21
-2.9693467322834644
0
LINE
8
Edge.Cuts
6
CONTINUOUS
10
3.4624884251968502
20
-2.9693467322834644
11
3.4615077165354329
21
-2.9713929527559055
0
LINE
8
Edge.Cuts
6
CONTINUOUS
10
3.4615077165354329
20
-2.9713929527559055
11
3.4606335433070865
21
-2.975846220472441
0
LINE
8
Edge.Cuts
6
CONTINUOUS
10
3.4606335433070865
20
-2.975846220472441
11
3.4609102362204722
21
-2.9803760236220471
0
LINE
8
Edge.Cuts
6
CONTINUOUS
10
3.4609102362204722
20
-2.9803760236220471
11
3.4623198031496063
21
-2.9846898031496063
0
LINE
8
Edge.Cuts
6
CONTINUOUS
10
3.4623198031496063
20
-2.9846898031496063
11
3.4647712992125985
21
-2.9885089370078739
0
LINE
8
Edge.Cuts
6
CONTINUOUS
10
3.4647712992125985
20
-2.9885089370078739
11
3.4681062992125984
21
-2.9915867716535431
0
LINE
8
Edge.Cuts
6
CONTINUOUS
10
3.4681062992125984
20
-2.9915867716535431
11
3.4721095275590552
21
-2.9937245275590549
0
LINE
8
Edge.Cuts
6
CONTINUOUS
10
3.4721095275590552
20
-2.9937245275590549
11
3.4765223228346458
21
-2.9947841338582677
0
LINE
8
Edge.Cuts
6
CONTINUOUS
10
3.4765223228346458
20
-2.9947841338582677
11
3.4810597244094486
21
-2.9946971653543306
0
LINE
8
Edge.Cuts
6
CONTINUOUS
10
3.4810597244094486
20
-2.9946971653543306
11
3.4854286614173229
21
-2.9934692125984252
0
LINE
8
Edge.Cuts
6
CONTINUOUS
10
3.4854286614173229
20
-2.9934692125984252
11
3.4873898031496062
21
-2.9923277952755907
0
LINE
8
Edge.Cuts
6
CONTINUOUS
10
3.4873898031496062
20
-2.9923277952755907
11
3.487390157480315
21
-2.9923276771653544
0
LINE
8
Edge.Cuts
6
CONTINUOUS
10
3.487390157480315
20
-2.9923276771653544
11
3.4908376771653544
21
-2.9907018110236221
0
LINE
8
Edge.Cuts
6
CONTINUOUS
10
3.4908376771653544
20
-2.9907018110236221
11
3.4945172047244095
21
-2.9897055905511811
0
LINE
8
Edge.Cuts
6
CONTINUOUS
10
3.4945172047244095
20
-2.9897055905511811
11
3.498314409448819
21
-2.9893700393700788
0
LINE
8
Edge.Cuts
6
CONTINUOUS
10
3.498314409448819
20
-2.9893700393700788
11
3.56086968503937
21
-2.9893700393700788
0
LINE
8
Edge.Cuts
6
CONTINUOUS
10
3.56086968503937
20
-2.9893700393700788
11
3.5646669291338582
21
-2.9897055905511811
0
LINE
8
Edge.Cuts
6
CONTINUOUS
10
3.5646669291338582
20
-2.9897055905511811
11
3.5683464566929133
21
-2.9907018110236221
0
LINE
8
Edge.Cuts
6
CONTINUOUS
10
3.5683464566929133
20
-2.9907018110236221
11
3.5717942913385827
21
-2.9923278740157482
0
LINE
8
Edge.Cuts
6
CONTINUOUS
10
3.5717942913385827
20
-2.9923278740157482
11
3.5737554330708661
21
-2.9934692913385827
0
LINE
8
Edge.Cuts
6
CONTINUOUS
10
3.5737554330708661
20
-2.9934692913385827
11
3.5781244094488187
21
-2.9946972440944881
0
LINE
8
Edge.Cuts
6
CONTINUOUS
10
3.5781244094488187
20
-2.9946972440944881
11
3.5826618110236219
21
-2.994784251968504
0
LINE
8
Edge.Cuts
6
CONTINUOUS
10
3.5826618110236219
20
-2.994784251968504
11
3.5870746456692912
21
-2.9937246062992124
0
LINE
8
Edge.Cuts
6
CONTINUOUS
10
3.5870746456692912
20
-2.9937246062992124
11
3.5910778346456693
21
-2.9915868503937006
0
LINE
8
Edge.Cuts
6
CONTINUOUS
10
3.5910778346456693
20
-2.9915868503937006
11
3.5944128740157479
21
-2.9885089763779527
0
LINE
8
Edge.Cuts
6
CONTINUOUS
10
3.5944128740157479
20
-2.9885089763779527
11
3.5968643700787402
21
-2.9846898031496063
0
LINE
8
Edge.Cuts
6
CONTINUOUS
10
3.5968643700787402
20
-2.9846898031496063
11
3.5982739370078738
21
-2.9803760236220471
0
LINE
8
Edge.Cuts
6
CONTINUOUS
10
3.5982739370078738
20
-2.9803760236220471
11
3.5985505905511812
21
-2.975846220472441
0
LINE
8
Edge.Cuts
6
CONTINUOUS
10
3.5985505905511812
20
-2.975846220472441
11
3.5976764173228344
21
-2.9713929527559055
0
LINE
8
Edge.Cuts
6
CONTINUOUS
10
3.5976764173228344
20
-2.9713929527559055
11
3.5966957086614171
21
-2.9693466929133856
0
LINE
8
Edge.Cuts
6
CONTINUOUS
10
3.5966957086614171
20
-2.9693466929133856
11
3.5955140551181102
21
-2.9663349212598424
0
LINE
8
Edge.Cuts
6
CONTINUOUS
10
3.5955140551181102
20
-2.9663349212598424
11
3.5947943307086612
21
-2.9631806692913387
0
LINE
8
Edge.Cuts
6
CONTINUOUS
10
3.5947943307086612
20
-2.9631806692913387
11
3.5945526377952755
21
-2.9599543700787403
0
LINE
8
Edge.Cuts
6
CONTINUOUS
10
3.5945526377952755
20
-2.9599543700787403
11
3.5945526377952755
21
-2.9046124803149604
0
LINE
8
Edge.Cuts
6
CONTINUOUS
10
3.5945526377952755
20
-2.9046124803149604
11
3.5945526377952755
21
-2.9046124409448817
0
LINE
8
Edge.Cuts
6
CONTINUOUS
10
3.5945526377952755
20
-2.9046124409448817
11
3.5947943307086612
21
-2.901386181102362
0
LINE
8
Edge.Cuts
6
CONTINUOUS
10
3.5947943307086612
20
-2.901386181102362
11
3.5955140551181102
21
-2.8982319291338583
0
LINE
8
Edge.Cuts
6
CONTINUOUS
10
3.5955140551181102
20
-2.8982319291338583
11
3.5966957086614171
21
-2.8952201181102359
0
LINE
8
Edge.Cuts
6
CONTINUOUS
10
3.5966957086614171
20
-2.8952201181102359
11
3.5976764173228344
21
-2.8931738582677164
0
LINE
8
Edge.Cuts
6
CONTINUOUS
10
3.5976764173228344
20
-2.8931738582677164
11
3.5985505511811025
21
-2.8887206299212598
0
LINE
8
Edge.Cuts
6
CONTINUOUS
10
3.5985505511811025
20
-2.8887206299212598
11
3.598273897637795
21
-2.8841908267716536
0
LINE
8
Edge.Cuts
6
CONTINUOUS
10
3.598273897637795
20
-2.8841908267716536
11
3.5968643307086614
21
-2.8798770078740157
0
LINE
8
Edge.Cuts
6
CONTINUOUS
10
3.5968643307086614
20
-2.8798770078740157
11
3.5944128346456692
21
-2.8760578740157481
0
LINE
8
Edge.Cuts
6
CONTINUOUS
10
3.5944128346456692
20
-2.8760578740157481
11
3.5910777952755906
21
-2.8729800000000001
0
LINE
8
Edge.Cuts
6
CONTINUOUS
10
3.5910777952755906
20
-2.8729800000000001
11
3.5870746062992125
21
-2.8708422440944883
0
LINE
8
Edge.Cuts
6
CONTINUOUS
10
3.5870746062992125
20
-2.8708422440944883
11
3.5826618110236219
21
-2.8697826377952755
0
LINE
8
Edge.Cuts
6
CONTINUOUS
10
3.5826618110236219
20
-2.8697826377952755
11
3.57812437007874
21
-2.8698696456692914
0
LINE
8
Edge.Cuts
6
CONTINUOUS
10
3.57812437007874
20
-2.8698696456692914
11
3.5737554330708661
21
-2.8710975984251967
0
LINE
8
Edge.Cuts
6
CONTINUOUS
10
3.5737554330708661
20
-2.8710975984251967
11
3.5717942913385827
21
-2.8722390157480313
0
LINE
8
Edge.Cuts
6
CONTINUOUS
10
3.5717942913385827
20
-2.8722390157480313
11
3.5683464566929133
21
-2.8738650787401574
0
LINE
8
Edge.Cuts
6
CONTINUOUS
10
3.5683464566929133
20
-2.8738650787401574
11
3.5646669291338582
21
-2.8748612992125984
0
LINE
8
Edge.Cuts
6
CONTINUOUS
10
3.5646669291338582
20
-2.8748612992125984
11
3.5608697244094487
21
-2.8751968503937007
0
LINE
8
Edge.Cuts
6
CONTINUOUS
10
3.5608697244094487
20
-2.8751968503937007
11
3.498314409448819
21
-2.8751968503937007
0
LINE
8
Edge.Cuts
6
CONTINUOUS
10
3.498314409448819
20
-2.8751968503937007
11
3.4983140551181102
21
-2.8751967716535431
0
LINE
8
Edge.Cuts
6
CONTINUOUS
10
3.4983140551181102
20
-2.8751967716535431
11
3.4945171653543308
21
-2.8748612598425196
0
LINE
8
Edge.Cuts
6
CONTINUOUS
10
3.4945171653543308
20
-2.8748612598425196
11
3.4908376377952757
21
-2.8738650393700786
0
LINE
8
Edge.Cuts
6
CONTINUOUS
10
3.4908376377952757
20
-2.8738650393700786
11
3.4873898031496062
21
-2.8722389763779526
0
LINE
8
Edge.Cuts
6
CONTINUOUS
10
3.4873898031496062
20
-2.8722389763779526
11
3.4854286614173229
21
-2.871097559055118
0
LINE
8
Edge.Cuts
6
CONTINUOUS
10
3.4854286614173229
20
-2.871097559055118
11
3.4810596850393698
21
-2.8698696062992126
0
LINE
8
Edge.Cuts
6
CONTINUOUS
10
3.4810596850393698
20
-2.8698696062992126
11
3.476522283464567
21
-2.8697825984251968
0
LINE
8
Edge.Cuts
6
CONTINUOUS
10
3.476522283464567
20
-2.8697825984251968
11
3.4721094881889765
21
-2.8708422047244095
0
LINE
8
Edge.Cuts
6
CONTINUOUS
10
8.644153031496062
20
-2.8615716141732284
11
8.6492186220472433
21
-2.8637217322834645
0
LINE
8
Edge.Cuts
6
CONTINUOUS
10
8.6492186220472433
20
-2.8637217322834645
11
8.6505708661417327
21
-2.8645103149606297
0
LINE
8
Edge.Cuts
6
CONTINUOUS
10
8.6505708661417327
20
-2.8645103149606297
11
8.6535091732283469
21
-2.865591377952756
0
LINE
8
Edge.Cuts
6
CONTINUOUS
10
8.6535091732283469
20
-2.865591377952756
11
8.6565914960629922
21
-2.866140433070866
0
LINE
8
Edge.Cuts
6
CONTINUOUS
10
8.6565914960629922
20
-2.866140433070866
11
8.6581569291338578
21
-2.8661417716535431
0
LINE
8
Edge.Cuts
6
CONTINUOUS
10
8.6581569291338578
20
-2.8661417716535431
11
8.7207122047244088
21
-2.8661417716535431
0
LINE
8
Edge.Cuts
6
CONTINUOUS
10
8.7207122047244088
20
-2.8661417716535431
11
8.7222775984251975
21
-2.8661403937007872
0
LINE
8
Edge.Cuts
6
CONTINUOUS
10
8.7222775984251975
20
-2.8661403937007872
11
8.7253599212598427
21
-2.865591377952756
0
LINE
8
Edge.Cuts
6
CONTINUOUS
10
8.7253599212598427
20
-2.865591377952756
11
8.728298228346457
21
-2.8645103149606297
0
LINE
8
Edge.Cuts
6
CONTINUOUS
10
8.728298228346457
20
-2.8645103149606297
11
8.7296504724409445
21
-2.8637217322834645
0
LINE
8
Edge.Cuts
6
CONTINUOUS
10
8.7296504724409445
20
-2.8637217322834645
11
8.7296509055118108
21
-2.8637216141732282
0
LINE
8
Edge.Cuts
6
CONTINUOUS
10
8.7296509055118108
20
-2.8637216141732282
11
8.7347161023622046
21
-2.8615716929133859
0
LINE
8
Edge.Cuts
6
CONTINUOUS
10
8.7347161023622046
20
-2.8615716929133859
11
8.740160078740157
21
-2.8607679527559053
0
LINE
8
Edge.Cuts
6
CONTINUOUS
10
8.740160078740157
20
-2.8607679527559053
11
8.7456308661417328
21
-2.8613624409448817
0
LINE
8
Edge.Cuts
6
CONTINUOUS
10
8.7456308661417328
20
-2.8613624409448817
11
8.7507751181102353
21
-2.8633168503937005
0
LINE
8
Edge.Cuts
6
CONTINUOUS
10
8.7507751181102353
20
-2.8633168503937005
11
8.7552605511811024
21
-2.8665048818897638
0
LINE
8
Edge.Cuts
6
CONTINUOUS
10
8.7552605511811024
20
-2.8665048818897638
11
8.7587975590551181
21
-2.87072062992126
0
LINE
8
Edge.Cuts
6
CONTINUOUS
10
8.7587975590551181
20
-2.87072062992126
11
8.7611576377952751
21
-2.8756918503937006
0
LINE
8
Edge.Cuts
6
CONTINUOUS
10
8.7611576377952751
20
-2.8756918503937006
11
8.7621883464566928
21
-2.881097440944882
0
LINE
8
Edge.Cuts
6
CONTINUOUS
10
8.7621883464566928
20
-2.881097440944882
11
8.7618231102362198
21
-2.8865883070866141
0
LINE
8
Edge.Cuts
6
CONTINUOUS
10
8.7618231102362198
20
-2.8865883070866141
11
8.7600855905511814
21
-2.8918098031496062
0
LINE
8
Edge.Cuts
6
CONTINUOUS
10
8.7600855905511814
20
-2.8918098031496062
11
8.7600855118110239
21
-2.891809842519685
0
LINE
8
Edge.Cuts
6
CONTINUOUS
10
8.7600855118110239
20
-2.891809842519685
11
8.7595100787401581
21
-2.8930055118110234
0
LINE
8
Edge.Cuts
6
CONTINUOUS
10
8.7595100787401581
20
-2.8930055118110234
11
8.7587279527559048
21
-2.8955423622047243
0
LINE
8
Edge.Cuts
6
CONTINUOUS
10
8.7587279527559048
20
-2.8955423622047243
11
8.7583322834645667
21
-2.8981674015748031
0
LINE
8
Edge.Cuts
6
CONTINUOUS
10
8.7583322834645667
20
-2.8981674015748031
11
8.7583321653543305
21
-2.8994944488188974
0
LINE
8
Edge.Cuts
6
CONTINUOUS
10
8.7583321653543305
20
-2.8994944488188974
11
8.7583321653543305
21
-2.9548363385826772
0
LINE
8
Edge.Cuts
6
CONTINUOUS
10
8.7583321653543305
20
-2.9548363385826772
11
8.7583321653543305
21
-2.954836377952756
0
LINE
8
Edge.Cuts
6
CONTINUOUS
10
8.7583321653543305
20
-2.954836377952756
11
8.758332086614173
21
-2.956163622047244
0
LINE
8
Edge.Cuts
6
CONTINUOUS
10
8.758332086614173
20
-2.956163622047244
11
8.758727598425196
21
-2.9587884645669291
0
LINE
8
Edge.Cuts
6
CONTINUOUS
10
8.758727598425196
20
-2.9587884645669291
11
8.7595098031496068
21
-2.9613250787401575
0
LINE
8
Edge.Cuts
6
CONTINUOUS
10
8.7595098031496068
20
-2.9613250787401575
11
8.7600855511811027
21
-2.9625209448818897
0
LINE
8
Edge.Cuts
6
CONTINUOUS
10
8.7600855511811027
20
-2.9625209448818897
11
8.7600855511811027
21
-2.9625209842519684
0
LINE
8
Edge.Cuts
6
CONTINUOUS
10
8.7600855511811027
20
-2.9625209842519684
11
8.7618231496062986
21
-2.9677424803149606
0
LINE
8
Edge.Cuts
6
CONTINUOUS
10
8.7618231496062986
20
-2.9677424803149606
11
8.7621883858267715
21
-2.9732333464566927
0
LINE
8
Edge.Cuts
6
CONTINUOUS
10
8.7621883858267715
20
-2.9732333464566927
11
8.7611576771653539
21
-2.9786389763779528
0
LINE
8
Edge.Cuts
6
CONTINUOUS
10
8.7611576771653539
20
-2.9786389763779528
11
8.7587975984251969
21
-2.9836101968503934
0
LINE
8
Edge.Cuts
6
CONTINUOUS
10
8.7587975984251969
20
-2.9836101968503934
11
8.7552606299212599
21
-2.9878259842519683
0
LINE
8
Edge.Cuts
6
CONTINUOUS
10
8.7552606299212599
20
-2.9878259842519683
11
8.7507751574803141
21
-2.9910140157480316
0
LINE
8
Edge.Cuts
6
CONTINUOUS
10
8.7507751574803141
20
-2.9910140157480316
11
8.7456308661417328
21
-2.9929684251968505
0
LINE
8
Edge.Cuts
6
CONTINUOUS
10
8.7456308661417328
20
-2.9929684251968505
11
8.740160078740157
21
-2.9935629133858268
0
LINE
8
Edge.Cuts
6
CONTINUOUS
10
8.740160078740157
20
-2.9935629133858268
11
8.7347161023622046
21
-2.9927591732283463
0
LINE
8
Edge.Cuts
6
CONTINUOUS
10
8.7347161023622046
20
-2.9927591732283463
11
8.7296505118110233
21
-2.9906090551181101
0
LINE
8
Edge.Cuts
6
CONTINUOUS
10
8.7296505118110233
20
-2.9906090551181101
11
8.7282982677165357
21
-2.989820472440945
0
LINE
8
Edge.Cuts
6
CONTINUOUS
10
8.7282982677165357
20
-2.989820472440945
11
8.7253599606299215
21
-2.9887394094488187
0
LINE
8
Edge.Cuts
6
CONTINUOUS
10
8.7253599606299215
20
-2.9887394094488187
11
8.7222776377952762
21
-2.9881903937007874
0
LINE
8
Edge.Cuts
6
CONTINUOUS
10
8.7222776377952762
20
-2.9881903937007874
11
8.7207122440944875
21
-2.9881890157480315
0
LINE
8
Edge.Cuts
6
CONTINUOUS
10
8.7207122440944875
20
-2.9881890157480315
11
8.7207121259842513
21
-2.9881889763779528
0
LINE
8
Edge.Cuts
6
CONTINUOUS
10
8.7207121259842513
20
-2.9881889763779528
11
8.6581568897637791
21
-2.9881889763779528
0
LINE
8
Edge.Cuts
6
CONTINUOUS
10
8.6581568897637791
20
-2.9881889763779528
11
8.6565914960629922
21
-2.9881903543307087
0
LINE
8
Edge.Cuts
6
CONTINUOUS
10
8.6565914960629922
20
-2.9881903543307087
11
8.6535091732283469
21
-2.9887393700787399
0
LINE
8
Edge.Cuts
6
CONTINUOUS
10
8.6535091732283469
20
-2.9887393700787399
11
8.6505708661417327
21
-2.9898204330708662
0
LINE
8
Edge.Cuts
6
CONTINUOUS
10
8.6505708661417327
20
-2.9898204330708662
11
8.6492186220472433
21
-2.9906090157480314
0
LINE
8
Edge.Cuts
6
CONTINUOUS
10
8.6492186220472433
20
-2.9906090157480314
11
8.644153031496062
21
-2.9927591338582675
0
LINE
8
Edge.Cuts
6
CONTINUOUS
10
8.644153031496062
20
-2.9927591338582675
11
8.6387090551181096
21
-2.9935629133858268
0
LINE
8
Edge.Cuts
6
CONTINUOUS
10
8.6387090551181096
20
-2.9935629133858268
11
8.6332382677165356
21
-2.9929683858267717
0
LINE
8
Edge.Cuts
6
CONTINUOUS
10
8.6332382677165356
20
-2.9929683858267717
11
8.6280940157480313
21
-2.9910140157480316
0
LINE
8
Edge.Cuts
6
CONTINUOUS
10
8.6280940157480313
20
-2.9910140157480316
11
8.6236085433070873
21
-2.9878259842519683
0
LINE
8
Edge.Cuts
6
CONTINUOUS
10
8.6236085433070873
20
-2.9878259842519683
11
8.6200715354330715
21
-2.9836101968503934
0
LINE
8
Edge.Cuts
6
CONTINUOUS
10
8.6200715354330715
20
-2.9836101968503934
11
8.6177114960629915
21
-2.9786389763779528
0
LINE
8
Edge.Cuts
6
CONTINUOUS
10
8.6177114960629915
20
-2.9786389763779528
11
8.6166807874015738
21
-2.9732333464566927
0
LINE
8
Edge.Cuts
6
CONTINUOUS
10
8.6166807874015738
20
-2.9732333464566927
11
8.617045984251968
21
-2.9677424803149606
0
LINE
8
Edge.Cuts
6
CONTINUOUS
10
8.617045984251968
20
-2.9677424803149606
11
8.6187835826771657
21
-2.9625209842519684
0
LINE
8
Edge.Cuts
6
CONTINUOUS
10
8.6187835826771657
20
-2.9625209842519684
11
8.6193592913385828
21
-2.9613251181102362
0
LINE
8
Edge.Cuts
6
CONTINUOUS
10
8.6193592913385828
20
-2.9613251181102362
11
8.6201414960629918
21
-2.9587885039370079
0
LINE
8
Edge.Cuts
6
CONTINUOUS
10
8.6201414960629918
20
-2.9587885039370079
11
8.6205370078740149
21
-2.956163622047244
0
LINE
8
Edge.Cuts
6
CONTINUOUS
10
8.6205370078740149
20
-2.956163622047244
11
8.6205369685039361
21
-2.954836377952756
0
LINE
8
Edge.Cuts
6
CONTINUOUS
10
8.6205369685039361
20
-2.954836377952756
11
8.6205369685039361
21
-2.9548363385826772
0
LINE
8
Edge.Cuts
6
CONTINUOUS
10
8.6205369685039361
20
-2.9548363385826772
11
8.6205369685039361
21
-2.8994944488188974
0
LINE
8
Edge.Cuts
6
CONTINUOUS
10
8.6205369685039361
20
-2.8994944488188974
11
8.6205370078740149
21
-2.8981672047244094
0
LINE
8
Edge.Cuts
6
CONTINUOUS
10
8.6205370078740149
20
-2.8981672047244094
11
8.6201414960629918
21
-2.8955423228346455
0
LINE
8
Edge.Cuts
6
CONTINUOUS
10
8.6201414960629918
20
-2.8955423228346455
11
8.6193592913385828
21
-2.8930056692913384
0
LINE
8
Edge.Cuts
6
CONTINUOUS
10
8.6193592913385828
20
-2.8930056692913384
11
8.6187835826771657
21
-2.8918098031496062
0
LINE
8
Edge.Cuts
6
CONTINUOUS
10
8.6187835826771657
20
-2.8918098031496062
11
8.617045984251968
21
-2.8865883464566928
0
LINE
8
Edge.Cuts
6
CONTINUOUS
10
8.617045984251968
20
-2.8865883464566928
11
8.6166807480314951
21
-2.8810974803149607
0
LINE
8
Edge.Cuts
6
CONTINUOUS
10
8.6166807480314951
20
-2.8810974803149607
11
8.6177114566929127
21
-2.8756918503937006
0
LINE
8
Edge.Cuts
6
CONTINUOUS
10
8.6177114566929127
20
-2.8756918503937006
11
8.6200714960629927
21
-2.8707205905511812
0
LINE
8
Edge.Cuts
6
CONTINUOUS
10
8.6200714960629927
20
-2.8707205905511812
11
8.6236085039370085
21
-2.8665048031496063
0
LINE
8
Edge.Cuts
6
CONTINUOUS
10
8.6236085039370085
20
-2.8665048031496063
11
8.6280939763779525
21
-2.863316771653543
0
LINE
8
Edge.Cuts
6
CONTINUOUS
10
8.6280939763779525
20
-2.863316771653543
11
8.6332382283464568
21
-2.8613623622047242
0
LINE
8
Edge.Cuts
6
CONTINUOUS
10
8.6332382283464568
20
-2.8613623622047242
11
8.6387090551181096
21
-2.8607678740157478
0
LINE
8
Edge.Cuts
6
CONTINUOUS
10
8.6387090551181096
20
-2.8607678740157478
11
8.644153031496062
21
-2.8615716141732284
0
LINE
8
Edge.Cuts
6
CONTINUOUS
10
8.6319519685039374
20
-2.8657242125984252
11
8.6279487795275589
21
-2.867861968503937
0
LINE
8
Edge.Cuts
6
CONTINUOUS
10
8.6279487795275589
20
-2.867861968503937
11
8.6246137401574803
21
-2.870939842519685
0
LINE
8
Edge.Cuts
6
CONTINUOUS
10
8.6246137401574803
20
-2.870939842519685
11
8.6221622440944881
21
-2.8747590157480314
0
LINE
8
Edge.Cuts
6
CONTINUOUS
10
8.6221622440944881
20
-2.8747590157480314
11
8.6207526771653544
21
-2.8790727952755906
0
LINE
8
Edge.Cuts
6
CONTINUOUS
10
8.6207526771653544
20
-2.8790727952755906
11
8.6204760236220466
21
-2.8836025984251967
0
LINE
8
Edge.Cuts
6
CONTINUOUS
10
8.6204760236220466
20
-2.8836025984251967
11
8.6213501968503934
21
-2.8880558661417322
0
LINE
8
Edge.Cuts
6
CONTINUOUS
10
8.6213501968503934
20
-2.8880558661417322
11
8.6223308661417324
21
-2.8901020078740158
0
LINE
8
Edge.Cuts
6
CONTINUOUS
10
8.6223308661417324
20
-2.8901020078740158
11
8.6223309055118111
21
-2.8901020866141733
0
LINE
8
Edge.Cuts
6
CONTINUOUS
10
8.6223309055118111
20
-2.8901020866141733
11
8.6235125590551185
21
-2.8931138976377953
0
LINE
8
Edge.Cuts
6
CONTINUOUS
10
8.6235125590551185
20
-2.8931138976377953
11
8.6242322834645666
21
-2.896268149606299
0
LINE
8
Edge.Cuts
6
CONTINUOUS
10
8.6242322834645666
20
-2.896268149606299
11
8.6244739763779528
21
-2.8994944488188974
0
LINE
8
Edge.Cuts
6
CONTINUOUS
10
8.6244739763779528
20
-2.8994944488188974
11
8.6244739763779528
21
-2.9548363385826772
0
LINE
8
Edge.Cuts
6
CONTINUOUS
10
8.6244739763779528
20
-2.9548363385826772
11
8.6244739763779528
21
-2.954836377952756
0
LINE
8
Edge.Cuts
6
CONTINUOUS
10
8.6244739763779528
20
-2.954836377952756
11
8.6242322834645666
21
-2.9580626377952757
0
LINE
8
Edge.Cuts
6
CONTINUOUS
10
8.6242322834645666
20
-2.9580626377952757
11
8.6235125590551185
21
-2.9612168897637794
0
LINE
8
Edge.Cuts
6
CONTINUOUS
10
8.6235125590551185
20
-2.9612168897637794
11
8.6223309055118111
21
-2.9642287007874013
0
LINE
8
Edge.Cuts
6
CONTINUOUS
10
8.6223309055118111
20
-2.9642287007874013
11
8.6213501968503934
21
-2.9662749606299212
0
LINE
8
Edge.Cuts
6
CONTINUOUS
10
8.6213501968503934
20
-2.9662749606299212
11
8.6204760629921253
21
-2.9707281889763779
0
LINE
8
Edge.Cuts
6
CONTINUOUS
10
8.6204760629921253
20
-2.9707281889763779
11
8.6207527165354332
21
-2.9752579921259841
0
LINE
8
Edge.Cuts
6
CONTINUOUS
10
8.6207527165354332
20
-2.9752579921259841
11
8.6221622834645668
21
-2.979571811023622
0
LINE
8
Edge.Cuts
6
CONTINUOUS
10
8.6221622834645668
20
-2.979571811023622
11
8.624613779527559
21
-2.9833909448818896
0
LINE
8
Edge.Cuts
6
CONTINUOUS
10
8.624613779527559
20
-2.9833909448818896
11
8.6279488188976377
21
-2.9864688188976376
0
LINE
8
Edge.Cuts
6
CONTINUOUS
10
8.6279488188976377
20
-2.9864688188976376
11
8.6319520078740162
21
-2.9886065748031494
0
LINE
8
Edge.Cuts
6
CONTINUOUS
10
8.6319520078740162
20
-2.9886065748031494
11
8.6363648031496059
21
-2.9896661811023622
0
LINE
8
Edge.Cuts
6
CONTINUOUS
10
8.6363648031496059
20
-2.9896661811023622
11
8.6409022440944874
21
-2.9895791732283463
0
LINE
8
Edge.Cuts
6
CONTINUOUS
10
8.6409022440944874
20
-2.9895791732283463
11
8.6452711811023626
21
-2.988351220472441
0
LINE
8
Edge.Cuts
6
CONTINUOUS
10
8.6452711811023626
20
-2.988351220472441
11
8.647232322834645
21
-2.9872098031496064
0
LINE
8
Edge.Cuts
6
CONTINUOUS
10
8.647232322834645
20
-2.9872098031496064
11
8.6506801574803145
21
-2.9855837401574803
0
LINE
8
Edge.Cuts
6
CONTINUOUS
10
8.6506801574803145
20
-2.9855837401574803
11
8.6543596850393705
21
-2.9845875196850393
0
LINE
8
Edge.Cuts
6
CONTINUOUS
10
8.6543596850393705
20
-2.9845875196850393
11
8.6581568897637791
21
-2.984251968503937
0
LINE
8
Edge.Cuts
6
CONTINUOUS
10
8.6581568897637791
20
-2.984251968503937
11
8.7207122047244088
21
-2.984251968503937
0
LINE
8
Edge.Cuts
6
CONTINUOUS
10
8.7207122047244088
20
-2.984251968503937
11
8.7207125196850388
21
-2.9842520078740158
0
LINE
8
Edge.Cuts
6
CONTINUOUS
10
8.7207125196850388
20
-2.9842520078740158
11
8.7245094488188979
21
-2.9845875590551181
0
LINE
8
Edge.Cuts
6
CONTINUOUS
10
8.7245094488188979
20
-2.9845875590551181
11
8.7281889763779521
21
-2.985583779527559
0
LINE
8
Edge.Cuts
6
CONTINUOUS
10
8.7281889763779521
20
-2.985583779527559
11
8.7316368110236215
21
-2.9872098425196851
0
LINE
8
Edge.Cuts
6
CONTINUOUS
10
8.7316368110236215
20
-2.9872098425196851
11
8.7335979527559058
21
-2.9883512598425197
0
LINE
8
Edge.Cuts
6
CONTINUOUS
10
8.7335979527559058
20
-2.9883512598425197
11
8.737966929133858
21
-2.9895792125984251
0
LINE
8
Edge.Cuts
6
CONTINUOUS
10
8.737966929133858
20
-2.9895792125984251
11
8.7425043307086607
21
-2.9896662204724409
0
LINE
8
Edge.Cuts
6
CONTINUOUS
10
8.7425043307086607
20
-2.9896662204724409
11
8.7469171259842522
21
-2.9886066141732281
0
LINE
8
Edge.Cuts
6
CONTINUOUS
10
8.7469171259842522
20
-2.9886066141732281
11
8.7509203543307077
21
-2.9864688188976376
0
LINE
8
Edge.Cuts
6
CONTINUOUS
10
8.7509203543307077
20
-2.9864688188976376
11
8.7542553937007881
21
-2.9833909842519684
0
LINE
8
Edge.Cuts
6
CONTINUOUS
10
8.7542553937007881
20
-2.9833909842519684
11
8.7567068503936998
21
-2.979571811023622
0
LINE
8
Edge.Cuts
6
CONTINUOUS
10
8.7567068503936998
20
-2.979571811023622
11
8.7581164566929139
21
-2.9752580314960628
0
LINE
8
Edge.Cuts
6
CONTINUOUS
10
8.7581164566929139
20
-2.9752580314960628
11
8.7583930708661413
21
-2.9707282283464567
0
LINE
8
Edge.Cuts
6
CONTINUOUS
10
8.7583930708661413
20
-2.9707282283464567
11
8.7575189370078732
21
-2.9662749606299212
0
LINE
8
Edge.Cuts
6
CONTINUOUS
10
8.7575189370078732
20
-2.9662749606299212
11
8.7565382283464572
21
-2.9642287007874013
0
LINE
8
Edge.Cuts
6
CONTINUOUS
10
8.7565382283464572
20
-2.9642287007874013
11
8.7553565354330711
21
-2.9612168897637794
0
LINE
8
Edge.Cuts
6
CONTINUOUS
10
8.7553565354330711
20
-2.9612168897637794
11
8.7546368110236212
21
-2.9580625984251969
0
LINE
8
Edge.Cuts
6
CONTINUOUS
10
8.7546368110236212
20
-2.9580625984251969
11
8.7543951574803156
21
-2.9548362992125985
0
LINE
8
Edge.Cuts
6
CONTINUOUS
10
8.7543951574803156
20
-2.9548362992125985
11
8.7543951574803156
21
-2.8994944488188974
0
LINE
8
Edge.Cuts
6
CONTINUOUS
10
8.7543951574803156
20
-2.8994944488188974
11
8.7543951968503944
21
-2.8994942125984253
0
LINE
8
Edge.Cuts
6
CONTINUOUS
10
8.7543951968503944
20
-2.8994942125984253
11
8.7543951574803156
21
-2.8994940944881891
0
LINE
8
Edge.Cuts
6
CONTINUOUS
10
8.7543951574803156
20
-2.8994940944881891
11
8.7546372047244088
21
-2.8962680708661415
0
LINE
8
Edge.Cuts
6
CONTINUOUS
10
8.7546372047244088
20
-2.8962680708661415
11
8.7553568503937012
21
-2.893114094488189
0
LINE
8
Edge.Cuts
6
CONTINUOUS
10
8.7553568503937012
20
-2.893114094488189
11
8.7565380708661422
21
-2.8901024015748029
0
LINE
8
Edge.Cuts
6
CONTINUOUS
10
8.7565380708661422
20
-2.8901024015748029
11
8.7565381496062997
21
-2.8901022834645667
0
LINE
8
Edge.Cuts
6
CONTINUOUS
10
8.7565381496062997
20
-2.8901022834645667
11
8.7565381889763785
21
-2.8901020866141733
0
LINE
8
Edge.Cuts
6
CONTINUOUS
10
8.7565381889763785
20
-2.8901020866141733
11
8.7575188976377945
21
-2.8880558661417322
0
LINE
8
Edge.Cuts
6
CONTINUOUS
10
8.7575188976377945
20
-2.8880558661417322
11
8.7583930708661413
21
-2.8836025984251967
0
LINE
8
Edge.Cuts
6
CONTINUOUS
10
8.7583930708661413
20
-2.8836025984251967
11
8.7581163779527564
21
-2.8790727952755906
0
LINE
8
Edge.Cuts
6
CONTINUOUS
10
8.7581163779527564
20
-2.8790727952755906
11
8.756706811023621
21
-2.8747590157480314
0
LINE
8
Edge.Cuts
6
CONTINUOUS
10
8.756706811023621
20
-2.8747590157480314
11
8.7542553149606306
21
-2.8709398818897638
0
LINE
8
Edge.Cuts
6
CONTINUOUS
10
8.7542553149606306
20
-2.8709398818897638
11
8.7509203149606289
21
-2.8678620472440945
0
LINE
8
Edge.Cuts
6
CONTINUOUS
10
8.7509203149606289
20
-2.8678620472440945
11
8.7469170866141734
21
-2.8657242913385828
0
LINE
8
Edge.Cuts
6
CONTINUOUS
10
8.7469170866141734
20
-2.8657242913385828
11
8.742504291338582
21
-2.86466468503937
0
LINE
8
Edge.Cuts
6
CONTINUOUS
10
8.742504291338582
20
-2.86466468503937
11
8.7379668897637792
21
-2.8647516535433071
0
LINE
8
Edge.Cuts
6
CONTINUOUS
10
8.7379668897637792
20
-2.8647516535433071
11
8.7335979527559058
21
-2.8659796062992124
0
LINE
8
Edge.Cuts
6
CONTINUOUS
10
8.7335979527559058
20
-2.8659796062992124
11
8.7316368110236215
21
-2.867121023622047
0
LINE
8
Edge.Cuts
6
CONTINUOUS
10
8.7316368110236215
20
-2.867121023622047
11
8.731636417322834
21
-2.8671211023622045
0
LINE
8
Edge.Cuts
6
CONTINUOUS
10
8.731636417322834
20
-2.8671211023622045
11
8.7281889370078733
21
-2.8687470078740156
0
LINE
8
Edge.Cuts
6
CONTINUOUS
10
8.7281889370078733
20
-2.8687470078740156
11
8.7245094094488191
21
-2.8697432283464566
0
LINE
8
Edge.Cuts
6
CONTINUOUS
10
8.7245094094488191
20
-2.8697432283464566
11
8.7207122047244088
21
-2.8700787795275589
0
LINE
8
Edge.Cuts
6
CONTINUOUS
10
8.7207122047244088
20
-2.8700787795275589
11
8.6581569291338578
21
-2.8700787795275589
0
LINE
8
Edge.Cuts
6
CONTINUOUS
10
8.6581569291338578
20
-2.8700787795275589
11
8.6543596850393705
21
-2.8697432283464566
0
LINE
8
Edge.Cuts
6
CONTINUOUS
10
8.6543596850393705
20
-2.8697432283464566
11
8.6506801574803145
21
-2.8687470078740156
0
LINE
8
Edge.Cuts
6
CONTINUOUS
10
8.6506801574803145
20
-2.8687470078740156
11
8.647232322834645
21
-2.8671209448818895
0
LINE
8
Edge.Cuts
6
CONTINUOUS
10
8.647232322834645
20
-2.8671209448818895
11
8.6452711811023626
21
-2.8659795275590549
0
LINE
8
Edge.Cuts
6
CONTINUOUS
10
8.6452711811023626
20
-2.8659795275590549
11
8.6409022047244086
21
-2.8647515748031496
0
LINE
8
Edge.Cuts
6
CONTINUOUS
10
8.6409022047244086
20
-2.8647515748031496
11
8.6363648031496059
21
-2.8646645669291337
0
LINE
8
Edge.Cuts
6
CONTINUOUS
10
8.6363648031496059
20
-2.8646645669291337
11
8.6319519685039374
21
-2.8657242125984252
0
LINE
8
Edge.Cuts
6
CONTINUOUS
10
10.1402160236220471
20
-2.8615716141732284
11
10.1452816141732285
21
-2.8637217322834645
0
LINE
8
Edge.Cuts
6
CONTINUOUS
10
10.1452816141732285
20
-2.8637217322834645
11
10.146633858267716
21
-2.8645103149606297
0
LINE
8
Edge.Cuts
6
CONTINUOUS
10
10.146633858267716
20
-2.8645103149606297
11
10.1495721653543303
21
-2.865591377952756
0
LINE
8
Edge.Cuts
6
CONTINUOUS
10
10.1495721653543303
20
-2.865591377952756
11
10.1526544881889755
21
-2.866140433070866
0
LINE
8
Edge.Cuts
6
CONTINUOUS
10
10.1526544881889755
20
-2.866140433070866
11
10.154219921259843
21
-2.8661417716535431
0
LINE
8
Edge.Cuts
6
CONTINUOUS
10
10.154219921259843
20
-2.8661417716535431
11
10.2167751968503939
21
-2.8661417716535431
0
LINE
8
Edge.Cuts
6
CONTINUOUS
10
10.2167751968503939
20
-2.8661417716535431
11
10.2183405905511808
21
-2.8661403937007872
0
LINE
8
Edge.Cuts
6
CONTINUOUS
10
10.2183405905511808
20
-2.8661403937007872
11
10.2214229133858261
21
-2.865591377952756
0
LINE
8
Edge.Cuts
6
CONTINUOUS
10
10.2214229133858261
20
-2.865591377952756
11
10.2243612204724403
21
-2.8645103149606297
0
LINE
8
Edge.Cuts
6
CONTINUOUS
10
10.2243612204724403
20
-2.8645103149606297
11
10.2257134645669296
21
-2.8637217322834645
0
LINE
8
Edge.Cuts
6
CONTINUOUS
10
10.2257134645669296
20
-2.8637217322834645
11
10.2257138976377959
21
-2.8637216141732282
0
LINE
8
Edge.Cuts
6
CONTINUOUS
10
10.2257138976377959
20
-2.8637216141732282
11
10.230779094488188
21
-2.8615716929133859
0
LINE
8
Edge.Cuts
6
CONTINUOUS
10
10.230779094488188
20
-2.8615716929133859
11
10.2362230708661421
21
-2.8607679527559053
0
LINE
8
Edge.Cuts
6
CONTINUOUS
10
10.2362230708661421
20
-2.8607679527559053
11
10.2416938582677162
21
-2.8613624409448817
0
LINE
8
Edge.Cuts
6
CONTINUOUS
10
10.2416938582677162
20
-2.8613624409448817
11
10.2468381102362205
21
-2.8633168503937005
0
LINE
8
Edge.Cuts
6
CONTINUOUS
10
10.2468381102362205
20
-2.8633168503937005
11
10.2513235433070857
21
-2.8665048818897638
0
LINE
8
Edge.Cuts
6
CONTINUOUS
10
10.2513235433070857
20
-2.8665048818897638
11
10.2548605511811015
21
-2.87072062992126
0
LINE
8
Edge.Cuts
6
CONTINUOUS
10
10.2548605511811015
20
-2.87072062992126
11
10.2572206299212603
21
-2.8756918503937006
0
LINE
8
Edge.Cuts
6
CONTINUOUS
10
10.2572206299212603
20
-2.8756918503937006
11
10.2582513385826761
21
-2.881097440944882
0
LINE
8
Edge.Cuts
6
CONTINUOUS
10
10.2582513385826761
20
-2.881097440944882
11
10.257886102362205
21
-2.8865883070866141
0
LINE
8
Edge.Cuts
6
CONTINUOUS
10
10.257886102362205
20
-2.8865883070866141
11
10.2561485826771648
21
-2.8918098031496062
0
LINE
8
Edge.Cuts
6
CONTINUOUS
10
10.2561485826771648
20
-2.8918098031496062
11
10.2561485039370073
21
-2.891809842519685
0
LINE
8
Edge.Cuts
6
CONTINUOUS
10
10.2561485039370073
20
-2.891809842519685
11
10.2555730708661414
21
-2.8930055118110234
0
LINE
8
Edge.Cuts
6
CONTINUOUS
10
10.2555730708661414
20
-2.8930055118110234
11
10.2547909448818899
21
-2.8955423622047243
0
LINE
8
Edge.Cuts
6
CONTINUOUS
10
10.2547909448818899
20
-2.8955423622047243
11
10.2543952755905501
21
-2.8981674015748031
0
LINE
8
Edge.Cuts
6
CONTINUOUS
10
10.2543952755905501
20
-2.8981674015748031
11
10.2543951574803156
21
-2.8994944488188974
0
LINE
8
Edge.Cuts
6
CONTINUOUS
10
10.2543951574803156
20
-2.8994944488188974
11
10.2543951574803156
21
-2.9548363385826772
0
LINE
8
Edge.Cuts
6
CONTINUOUS
10
10.2543951574803156
20
-2.9548363385826772
11
10.2543951574803156
21
-2.954836377952756
0
LINE
8
Edge.Cuts
6
CONTINUOUS
10
10.2543951574803156
20
-2.954836377952756
11
10.2543950787401581
21
-2.956163622047244
0
LINE
8
Edge.Cuts
6
CONTINUOUS
10
10.2543950787401581
20
-2.956163622047244
11
10.2547905905511811
21
-2.9587884645669291
0
LINE
8
Edge.Cuts
6
CONTINUOUS
10
10.2547905905511811
20
-2.9587884645669291
11
10.2555727952755902
21
-2.9613250787401575
0
LINE
8
Edge.Cuts
6
CONTINUOUS
10
10.2555727952755902
20
-2.9613250787401575
11
10.256148543307086
21
-2.9625209448818897
0
LINE
8
Edge.Cuts
6
CONTINUOUS
10
10.256148543307086
20
-2.9625209448818897
11
10.256148543307086
21
-2.9625209842519684
0
LINE
8
Edge.Cuts
6
CONTINUOUS
10
10.256148543307086
20
-2.9625209842519684
11
10.2578861417322837
21
-2.9677424803149606
0
LINE
8
Edge.Cuts
6
CONTINUOUS
10
10.2578861417322837
20
-2.9677424803149606
11
10.2582513779527549
21
-2.9732333464566927
0
LINE
8
Edge.Cuts
6
CONTINUOUS
10
10.2582513779527549
20
-2.9732333464566927
11
10.257220669291339
21
-2.9786389763779528
0
LINE
8
Edge.Cuts
6
CONTINUOUS
10
10.257220669291339
20
-2.9786389763779528
11
10.2548605905511803
21
-2.9836101968503934
0
LINE
8
Edge.Cuts
6
CONTINUOUS
10
10.2548605905511803
20
-2.9836101968503934
11
10.2513236220472432
21
-2.9878259842519683
0
LINE
8
Edge.Cuts
6
CONTINUOUS
10
10.2513236220472432
20
-2.9878259842519683
11
10.2468381496062992
21
-2.9910140157480316
0
LINE
8
Edge.Cuts
6
CONTINUOUS
10
10.2468381496062992
20
-2.9910140157480316
11
10.2416938582677162
21
-2.9929684251968505
0
LINE
8
Edge.Cuts
6
CONTINUOUS
10
10.2416938582677162
20
-2.9929684251968505
11
10.2362230708661421
21
-2.9935629133858268
0
LINE
8
Edge.Cuts
6
CONTINUOUS
10
10.2362230708661421
20
-2.9935629133858268
11
10.230779094488188
21
-2.9927591732283463
0
LINE
8
Edge.Cuts
6
CONTINUOUS
10
10.230779094488188
20
-2.9927591732283463
11
10.2257135039370084
21
-2.9906090551181101
0
LINE
8
Edge.Cuts
6
CONTINUOUS
10
10.2257135039370084
20
-2.9906090551181101
11
10.2243612598425191
21
-2.989820472440945
0
LINE
8
Edge.Cuts
6
CONTINUOUS
10
10.2243612598425191
20
-2.989820472440945
11
10.2214229527559048
21
-2.9887394094488187
0
LINE
8
Edge.Cuts
6
CONTINUOUS
10
10.2214229527559048
20
-2.9887394094488187
11
10.2183406299212596
21
-2.9881903937007874
0
LINE
8
Edge.Cuts
6
CONTINUOUS
10
10.2183406299212596
20
-2.9881903937007874
11
10.2167752362204727
21
-2.9881890157480315
0
LINE
8
Edge.Cuts
6
CONTINUOUS
10
10.2167752362204727
20
-2.9881890157480315
11
10.2167751181102364
21
-2.9881889763779528
0
LINE
8
Edge.Cuts
6
CONTINUOUS
10
10.2167751181102364
20
-2.9881889763779528
11
10.1542198818897642
21
-2.9881889763779528
0
LINE
8
Edge.Cuts
6
CONTINUOUS
10
10.1542198818897642
20
-2.9881889763779528
11
10.1526544881889755
21
-2.9881903543307087
0
LINE
8
Edge.Cuts
6
CONTINUOUS
10
10.1526544881889755
20
-2.9881903543307087
11
10.1495721653543303
21
-2.9887393700787399
0
LINE
8
Edge.Cuts
6
CONTINUOUS
10
10.1495721653543303
20
-2.9887393700787399
11
10.146633858267716
21
-2.9898204330708662
0
LINE
8
Edge.Cuts
6
CONTINUOUS
10
10.146633858267716
20
-2.9898204330708662
11
10.1452816141732285
21
-2.9906090157480314
0
LINE
8
Edge.Cuts
6
CONTINUOUS
10
10.1452816141732285
20
-2.9906090157480314
11
10.1402160236220471
21
-2.9927591338582675
0
LINE
8
Edge.Cuts
6
CONTINUOUS
10
10.1402160236220471
20
-2.9927591338582675
11
10.1347720472440948
21
-2.9935629133858268
0
LINE
8
Edge.Cuts
6
CONTINUOUS
10
10.1347720472440948
20
-2.9935629133858268
11
10.1293012598425189
21
-2.9929683858267717
0
LINE
8
Edge.Cuts
6
CONTINUOUS
10
10.1293012598425189
20
-2.9929683858267717
11
10.1241570078740164
21
-2.9910140157480316
0
LINE
8
Edge.Cuts
6
CONTINUOUS
10
10.1241570078740164
20
-2.9910140157480316
11
10.1196715354330706
21
-2.9878259842519683
0
LINE
8
Edge.Cuts
6
CONTINUOUS
10
10.1196715354330706
20
-2.9878259842519683
11
10.1161345275590548
21
-2.9836101968503934
0
LINE
8
Edge.Cuts
6
CONTINUOUS
10
10.1161345275590548
20
-2.9836101968503934
11
10.1137744881889766
21
-2.9786389763779528
0
LINE
8
Edge.Cuts
6
CONTINUOUS
10
10.1137744881889766
20
-2.9786389763779528
11
10.112743779527559
21
-2.9732333464566927
0
LINE
8
Edge.Cuts
6
CONTINUOUS
10
10.112743779527559
20
-2.9732333464566927
11
10.1131089763779531
21
-2.9677424803149606
0
LINE
8
Edge.Cuts
6
CONTINUOUS
10
10.1131089763779531
20
-2.9677424803149606
11
10.1148465748031491
21
-2.9625209842519684
0
LINE
8
Edge.Cuts
6
CONTINUOUS
10
10.1148465748031491
20
-2.9625209842519684
11
10.1154222834645662
21
-2.9613251181102362
0
LINE
8
Edge.Cuts
6
CONTINUOUS
10
10.1154222834645662
20
-2.9613251181102362
11
10.116204488188977
21
-2.9587885039370079
0
LINE
8
Edge.Cuts
6
CONTINUOUS
10
10.116204488188977
20
-2.9587885039370079
11
10.1166
21
-2.956163622047244
0
LINE
8
Edge.Cuts
6
CONTINUOUS
10
10.1166
20
-2.956163622047244
11
10.1165999606299213
21
-2.954836377952756
0
LINE
8
Edge.Cuts
6
CONTINUOUS
10
10.1165999606299213
20
-2.954836377952756
11
10.1165999606299213
21
-2.9548363385826772
0
LINE
8
Edge.Cuts
6
CONTINUOUS
10
10.1165999606299213
20
-2.9548363385826772
11
10.1165999606299213
21
-2.8994944488188974
0
LINE
8
Edge.Cuts
6
CONTINUOUS
10
10.1165999606299213
20
-2.8994944488188974
11
10.1166
21
-2.8981672047244094
0
LINE
8
Edge.Cuts
6
CONTINUOUS
10
10.1166
20
-2.8981672047244094
11
10.116204488188977
21
-2.8955423228346455
0
LINE
8
Edge.Cuts
6
CONTINUOUS
10
10.116204488188977
20
-2.8955423228346455
11
10.1154222834645662
21
-2.8930056692913384
0
LINE
8
Edge.Cuts
6
CONTINUOUS
10
10.1154222834645662
20
-2.8930056692913384
11
10.1148465748031491
21
-2.8918098031496062
0
LINE
8
Edge.Cuts
6
CONTINUOUS
10
10.1148465748031491
20
-2.8918098031496062
11
10.1131089763779531
21
-2.8865883464566928
0
LINE
8
Edge.Cuts
6
CONTINUOUS
10
10.1131089763779531
20
-2.8865883464566928
11
10.1127437401574802
21
-2.8810974803149607
0
LINE
8
Edge.Cuts
6
CONTINUOUS
10
10.1127437401574802
20
-2.8810974803149607
11
10.1137744488188979
21
-2.8756918503937006
0
LINE
8
Edge.Cuts
6
CONTINUOUS
10
10.1137744488188979
20
-2.8756918503937006
11
10.1161344881889761
21
-2.8707205905511812
0
LINE
8
Edge.Cuts
6
CONTINUOUS
10
10.1161344881889761
20
-2.8707205905511812
11
10.1196714960629919
21
-2.8665048031496063
0
LINE
8
Edge.Cuts
6
CONTINUOUS
10
10.1196714960629919
20
-2.8665048031496063
11
10.1241569685039376
21
-2.863316771653543
0
LINE
8
Edge.Cuts
6
CONTINUOUS
10
10.1241569685039376
20
-2.863316771653543
11
10.1293012204724402
21
-2.8613623622047242
0
LINE
8
Edge.Cuts
6
CONTINUOUS
10
10.1293012204724402
20
-2.8613623622047242
11
10.1347720472440948
21
-2.8607678740157478
0
LINE
8
Edge.Cuts
6
CONTINUOUS
10
10.1347720472440948
20
-2.8607678740157478
11
10.1402160236220471
21
-2.8615716141732284
0
LINE
8
Edge.Cuts
6
CONTINUOUS
10
10.1280149606299208
20
-2.8657242125984252
11
10.1240117716535423
21
-2.867861968503937
0
LINE
8
Edge.Cuts
6
CONTINUOUS
10
10.1240117716535423
20
-2.867861968503937
11
10.1206767322834637
21
-2.870939842519685
0
LINE
8
Edge.Cuts
6
CONTINUOUS
10
10.1206767322834637
20
-2.870939842519685
11
10.1182252362204714
21
-2.8747590157480314
0
LINE
8
Edge.Cuts
6
CONTINUOUS
10
10.1182252362204714
20
-2.8747590157480314
11
10.1168156692913378
21
-2.8790727952755906
0
LINE
8
Edge.Cuts
6
CONTINUOUS
10
10.1168156692913378
20
-2.8790727952755906
11
10.1165390157480317
21
-2.8836025984251967
0
LINE
8
Edge.Cuts
6
CONTINUOUS
10
10.1165390157480317
20
-2.8836025984251967
11
10.1174131889763785
21
-2.8880558661417322
0
LINE
8
Edge.Cuts
6
CONTINUOUS
10
10.1174131889763785
20
-2.8880558661417322
11
10.1183938582677158
21
-2.8901020078740158
0
LINE
8
Edge.Cuts
6
CONTINUOUS
10
10.1183938582677158
20
-2.8901020078740158
11
10.1183938976377945
21
-2.8901020866141733
0
LINE
8
Edge.Cuts
6
CONTINUOUS
10
10.1183938976377945
20
-2.8901020866141733
11
10.1195755511811019
21
-2.8931138976377953
0
LINE
8
Edge.Cuts
6
CONTINUOUS
10
10.1195755511811019
20
-2.8931138976377953
11
10.1202952755905518
21
-2.896268149606299
0
LINE
8
Edge.Cuts
6
CONTINUOUS
10
10.1202952755905518
20
-2.896268149606299
11
10.1205369685039361
21
-2.8994944488188974
0
LINE
8
Edge.Cuts
6
CONTINUOUS
10
10.1205369685039361
20
-2.8994944488188974
11
10.1205369685039361
21
-2.9548363385826772
0
LINE
8
Edge.Cuts
6
CONTINUOUS
10
10.1205369685039361
20
-2.9548363385826772
11
10.1205369685039361
21
-2.954836377952756
0
LINE
8
Edge.Cuts
6
CONTINUOUS
10
10.1205369685039361
20
-2.954836377952756
11
10.1202952755905518
21
-2.9580626377952757
0
LINE
8
Edge.Cuts
6
CONTINUOUS
10
10.1202952755905518
20
-2.9580626377952757
11
10.1195755511811019
21
-2.9612168897637794
0
LINE
8
Edge.Cuts
6
CONTINUOUS
10
10.1195755511811019
20
-2.9612168897637794
11
10.1183938976377945
21
-2.9642287007874013
0
LINE
8
Edge.Cuts
6
CONTINUOUS
10
10.1183938976377945
20
-2.9642287007874013
11
10.1174131889763785
21
-2.9662749606299212
0
LINE
8
Edge.Cuts
6
CONTINUOUS
10
10.1174131889763785
20
-2.9662749606299212
11
10.1165390551181105
21
-2.9707281889763779
0
LINE
8
Edge.Cuts
6
CONTINUOUS
10
10.1165390551181105
20
-2.9707281889763779
11
10.1168157086614166
21
-2.9752579921259841
0
LINE
8
Edge.Cuts
6
CONTINUOUS
10
10.1168157086614166
20
-2.9752579921259841
11
10.1182252755905502
21
-2.979571811023622
0
LINE
8
Edge.Cuts
6
CONTINUOUS
10
10.1182252755905502
20
-2.979571811023622
11
10.1206767716535424
21
-2.9833909448818896
0
LINE
8
Edge.Cuts
6
CONTINUOUS
10
10.1206767716535424
20
-2.9833909448818896
11
10.124011811023621
21
-2.9864688188976376
0
LINE
8
Edge.Cuts
6
CONTINUOUS
10
10.124011811023621
20
-2.9864688188976376
11
10.1280149999999995
21
-2.9886065748031494
0
LINE
8
Edge.Cuts
6
CONTINUOUS
10
10.1280149999999995
20
-2.9886065748031494
11
10.132427795275591
21
-2.9896661811023622
0
LINE
8
Edge.Cuts
6
CONTINUOUS
10
10.132427795275591
20
-2.9896661811023622
11
10.1369652362204725
21
-2.9895791732283463
0
LINE
8
Edge.Cuts
6
CONTINUOUS
10
10.1369652362204725
20
-2.9895791732283463
11
10.141334173228346
21
-2.988351220472441
0
LINE
8
Edge.Cuts
6
CONTINUOUS
10
10.141334173228346
20
-2.988351220472441
11
10.1432953149606302
21
-2.9872098031496064
0
LINE
8
Edge.Cuts
6
CONTINUOUS
10
10.1432953149606302
20
-2.9872098031496064
11
10.1467431496062996
21
-2.9855837401574803
0
LINE
8
Edge.Cuts
6
CONTINUOUS
10
10.1467431496062996
20
-2.9855837401574803
11
10.1504226771653538
21
-2.9845875196850393
0
LINE
8
Edge.Cuts
6
CONTINUOUS
10
10.1504226771653538
20
-2.9845875196850393
11
10.1542198818897642
21
-2.984251968503937
0
LINE
8
Edge.Cuts
6
CONTINUOUS
10
10.1542198818897642
20
-2.984251968503937
11
10.2167751968503939
21
-2.984251968503937
0
LINE
8
Edge.Cuts
6
CONTINUOUS
10
10.2167751968503939
20
-2.984251968503937
11
10.2167755118110239
21
-2.9842520078740158
0
LINE
8
Edge.Cuts
6
CONTINUOUS
10
10.2167755118110239
20
-2.9842520078740158
11
10.2205724409448813
21
-2.9845875590551181
0
LINE
8
Edge.Cuts
6
CONTINUOUS
10
10.2205724409448813
20
-2.9845875590551181
11
10.2242519685039372
21
-2.985583779527559
0
LINE
8
Edge.Cuts
6
CONTINUOUS
10
10.2242519685039372
20
-2.985583779527559
11
10.2276998031496067
21
-2.9872098425196851
0
LINE
8
Edge.Cuts
6
CONTINUOUS
10
10.2276998031496067
20
-2.9872098425196851
11
10.2296609448818892
21
-2.9883512598425197
0
LINE
8
Edge.Cuts
6
CONTINUOUS
10
10.2296609448818892
20
-2.9883512598425197
11
10.2340299212598431
21
-2.9895792125984251
0
LINE
8
Edge.Cuts
6
CONTINUOUS
10
10.2340299212598431
20
-2.9895792125984251
11
10.2385673228346459
21
-2.9896662204724409
0
LINE
8
Edge.Cuts
6
CONTINUOUS
10
10.2385673228346459
20
-2.9896662204724409
11
10.2429801181102356
21
-2.9886066141732281
0
LINE
8
Edge.Cuts
6
CONTINUOUS
10
10.2429801181102356
20
-2.9886066141732281
11
10.2469833464566928
21
-2.9864688188976376
0
LINE
8
Edge.Cuts
6
CONTINUOUS
10
10.2469833464566928
20
-2.9864688188976376
11
10.2503183858267715
21
-2.9833909842519684
0
LINE
8
Edge.Cuts
6
CONTINUOUS
10
10.2503183858267715
20
-2.9833909842519684
11
10.2527698425196849
21
-2.979571811023622
0
LINE
8
Edge.Cuts
6
CONTINUOUS
10
10.2527698425196849
20
-2.979571811023622
11
10.2541794488188973
21
-2.9752580314960628
0
LINE
8
Edge.Cuts
6
CONTINUOUS
10
10.2541794488188973
20
-2.9752580314960628
11
10.2544560629921264
21
-2.9707282283464567
0
LINE
8
Edge.Cuts
6
CONTINUOUS
10
10.2544560629921264
20
-2.9707282283464567
11
10.2535819291338584
21
-2.9662749606299212
0
LINE
8
Edge.Cuts
6
CONTINUOUS
10
10.2535819291338584
20
-2.9662749606299212
11
10.2526012204724406
21
-2.9642287007874013
0
LINE
8
Edge.Cuts
6
CONTINUOUS
10
10.2526012204724406
20
-2.9642287007874013
11
10.2514195275590545
21
-2.9612168897637794
0
LINE
8
Edge.Cuts
6
CONTINUOUS
10
10.2514195275590545
20
-2.9612168897637794
11
10.2506998031496064
21
-2.9580625984251969
0
LINE
8
Edge.Cuts
6
CONTINUOUS
10
10.2506998031496064
20
-2.9580625984251969
11
10.250458149606299
21
-2.9548362992125985
0
LINE
8
Edge.Cuts
6
CONTINUOUS
10
10.250458149606299
20
-2.9548362992125985
11
10.250458149606299
21
-2.8994944488188974
0
LINE
8
Edge.Cuts
6
CONTINUOUS
10
10.250458149606299
20
-2.8994944488188974
11
10.2504581889763777
21
-2.8994942125984253
0
LINE
8
Edge.Cuts
6
CONTINUOUS
10
10.2504581889763777
20
-2.8994942125984253
11
10.250458149606299
21
-2.8994940944881891
0
LINE
8
Edge.Cuts
6
CONTINUOUS
10
10.250458149606299
20
-2.8994940944881891
11
10.2507001968503939
21
-2.8962680708661415
0
LINE
8
Edge.Cuts
6
CONTINUOUS
10
10.2507001968503939
20
-2.8962680708661415
11
10.2514198425196845
21
-2.893114094488189
0
LINE
8
Edge.Cuts
6
CONTINUOUS
10
10.2514198425196845
20
-2.893114094488189
11
10.2526010629921256
21
-2.8901024015748029
0
LINE
8
Edge.Cuts
6
CONTINUOUS
10
10.2526010629921256
20
-2.8901024015748029
11
10.2526011417322831
21
-2.8901022834645667
0
LINE
8
Edge.Cuts
6
CONTINUOUS
10
10.2526011417322831
20
-2.8901022834645667
11
10.2526011811023618
21
-2.8901020866141733
0
LINE
8
Edge.Cuts
6
CONTINUOUS
10
10.2526011811023618
20
-2.8901020866141733
11
10.2535818897637796
21
-2.8880558661417322
0
LINE
8
Edge.Cuts
6
CONTINUOUS
10
10.2535818897637796
20
-2.8880558661417322
11
10.2544560629921264
21
-2.8836025984251967
0
LINE
8
Edge.Cuts
6
CONTINUOUS
10
10.2544560629921264
20
-2.8836025984251967
11
10.2541793700787398
21
-2.8790727952755906
0
LINE
8
Edge.Cuts
6
CONTINUOUS
10
10.2541793700787398
20
-2.8790727952755906
11
10.2527698031496062
21
-2.8747590157480314
0
LINE
8
Edge.Cuts
6
CONTINUOUS
10
10.2527698031496062
20
-2.8747590157480314
11
10.250318307086614
21
-2.8709398818897638
0
LINE
8
Edge.Cuts
6
CONTINUOUS
10
10.250318307086614
20
-2.8709398818897638
11
10.2469833070866141
21
-2.8678620472440945
0
LINE
8
Edge.Cuts
6
CONTINUOUS
10
10.2469833070866141
20
-2.8678620472440945
11
10.2429800787401568
21
-2.8657242913385828
0
LINE
8
Edge.Cuts
6
CONTINUOUS
10
10.2429800787401568
20
-2.8657242913385828
11
10.2385672834645671
21
-2.86466468503937
0
LINE
8
Edge.Cuts
6
CONTINUOUS
10
10.2385672834645671
20
-2.86466468503937
11
10.2340298818897644
21
-2.8647516535433071
0
LINE
8
Edge.Cuts
6
CONTINUOUS
10
10.2340298818897644
20
-2.8647516535433071
11
10.2296609448818892
21
-2.8659796062992124
0
LINE
8
Edge.Cuts
6
CONTINUOUS
10
10.2296609448818892
20
-2.8659796062992124
11
10.2276998031496067
21
-2.867121023622047
0
LINE
8
Edge.Cuts
6
CONTINUOUS
10
10.2276998031496067
20
-2.867121023622047
11
10.2276994094488192
21
-2.8671211023622045
0
LINE
8
Edge.Cuts
6
CONTINUOUS
10
10.2276994094488192
20
-2.8671211023622045
11
10.2242519291338585
21
-2.8687470078740156
0
LINE
8
Edge.Cuts
6
CONTINUOUS
10
10.2242519291338585
20
-2.8687470078740156
11
10.2205724015748025
21
-2.8697432283464566
0
LINE
8
Edge.Cuts
6
CONTINUOUS
10
10.2205724015748025
20
-2.8697432283464566
11
10.2167751968503939
21
-2.8700787795275589
0
LINE
8
Edge.Cuts
6
CONTINUOUS
10
10.2167751968503939
20
-2.8700787795275589
11
10.154219921259843
21
-2.8700787795275589
0
LINE
8
Edge.Cuts
6
CONTINUOUS
10
10.154219921259843
20
-2.8700787795275589
11
10.1504226771653538
21
-2.8697432283464566
0
LINE
8
Edge.Cuts
6
CONTINUOUS
10
10.1504226771653538
20
-2.8697432283464566
11
10.1467431496062996
21
-2.8687470078740156
0
LINE
8
Edge.Cuts
6
CONTINUOUS
10
10.1467431496062996
20
-2.8687470078740156
11
10.1432953149606302
21
-2.8671209448818895
0
LINE
8
Edge.Cuts
6
CONTINUOUS
10
10.1432953149606302
20
-2.8671209448818895
11
10.141334173228346
21
-2.8659795275590549
0
LINE
8
Edge.Cuts
6
CONTINUOUS
10
10.141334173228346
20
-2.8659795275590549
11
10.1369651968503938
21
-2.8647515748031496
0
LINE
8
Edge.Cuts
6
CONTINUOUS
10
10.1369651968503938
20
-2.8647515748031496
11
10.132427795275591
21
-2.8646645669291337
0
LINE
8
Edge.Cuts
6
CONTINUOUS
10
10.132427795275591
20
-2.8646645669291337
11
10.1280149606299208
21
-2.8657242125984252
0
LINE
8
Edge.Cuts
6
CONTINUOUS
10
6.1184831496062992
20
-2.7166611023622047
11
6.1272312204724404
21
-2.719359527559055
0
LINE
8
Edge.Cuts
6
CONTINUOUS
10
6.1272312204724404
20
-2.719359527559055
11
6.1354794488188977
21
-2.723331653543307
0
LINE
8
Edge.Cuts
6
CONTINUOUS
10
6.1354794488188977
20
-2.723331653543307
11
6.1430435039370082
21
-2.7284887401574802
0
LINE
8
Edge.Cuts
6
CONTINUOUS
10
6.1430435039370082
20
-2.7284887401574802
11
6.1497544881889761
21
-2.7347155905511809
0
LINE
8
Edge.Cuts
6
CONTINUOUS
10
6.1497544881889761
20
-2.7347155905511809
11
6.1554624409448815
21
-2.7418731496062994
0
LINE
8
Edge.Cuts
6
CONTINUOUS
10
6.1554624409448815
20
-2.7418731496062994
11
6.1600398425196845
21
-2.7498014566929134
0
LINE
8
Edge.Cuts
6
CONTINUOUS
10
6.1600398425196845
20
-2.7498014566929134
11
6.1633844488188974
21
-2.7583234251968505
0
LINE
8
Edge.Cuts
6
CONTINUOUS
10
6.1633844488188974
20
-2.7583234251968505
11
6.1654216141732281
21
-2.7672487401574801
0
LINE
8
Edge.Cuts
6
CONTINUOUS
10
6.1654216141732281
20
-2.7672487401574801
11
6.1661057480314962
21
-2.7763779527559054
0
LINE
8
Edge.Cuts
6
CONTINUOUS
10
6.1661057480314962
20
-2.7763779527559054
11
6.1661056692913387
21
-2.7763781102362204
0
LINE
8
Edge.Cuts
6
CONTINUOUS
10
6.1661056692913387
20
-2.7763781102362204
11
6.1661057480314962
21
-2.7763783858267717
0
LINE
8
Edge.Cuts
6
CONTINUOUS
10
6.1661057480314962
20
-2.7763783858267717
11
6.1660414960629923
21
-2.9307090551181103
0
LINE
8
Edge.Cuts
6
CONTINUOUS
10
6.1660414960629923
20
-2.9307090551181103
11
6.1660414173228348
21
-2.9307092913385828
0
LINE
8
Edge.Cuts
6
CONTINUOUS
10
6.1660414173228348
20
-2.9307092913385828
11
6.1653573622047242
21
-2.939837874015748
0
LINE
8
Edge.Cuts
6
CONTINUOUS
10
6.1653573622047242
20
-2.939837874015748
11
6.1633201968503935
21
-2.9487631889763777
0
LINE
8
Edge.Cuts
6
CONTINUOUS
10
6.1633201968503935
20
-2.9487631889763777
11
6.1599755905511806
21
-2.9572851574803147
0
LINE
8
Edge.Cuts
6
CONTINUOUS
10
6.1599755905511806
20
-2.9572851574803147
11
6.1553981889763776
21
-2.9652134645669292
0
LINE
8
Edge.Cuts
6
CONTINUOUS
10
6.1553981889763776
20
-2.9652134645669292
11
6.1496902362204722
21
-2.9723710236220473
0
LINE
8
Edge.Cuts
6
CONTINUOUS
10
6.1496902362204722
20
-2.9723710236220473
11
6.1429792519685034
21
-2.9785978740157479
0
LINE
8
Edge.Cuts
6
CONTINUOUS
10
6.1429792519685034
20
-2.9785978740157479
11
6.1354151968503938
21
-2.9837549606299212
0
LINE
8
Edge.Cuts
6
CONTINUOUS
10
6.1354151968503938
20
-2.9837549606299212
11
6.1271669685039365
21
-2.9877270866141732
0
LINE
8
Edge.Cuts
6
CONTINUOUS
10
6.1271669685039365
20
-2.9877270866141732
11
6.1184188976377953
21
-2.9904255118110235
0
LINE
8
Edge.Cuts
6
CONTINUOUS
10
6.1184188976377953
20
-2.9904255118110235
11
6.1093662992125983
21
-2.9917899999999999
0
LINE
8
Edge.Cuts
6
CONTINUOUS
10
6.1093662992125983
20
-2.9917899999999999
11
6.1002114960629923
21
-2.9917899999999999
0
LINE
8
Edge.Cuts
6
CONTINUOUS
10
6.1002114960629923
20
-2.9917899999999999
11
6.0911588976377953
21
-2.9904255118110235
0
LINE
8
Edge.Cuts
6
CONTINUOUS
10
6.0911588976377953
20
-2.9904255118110235
11
6.0824108267716532
21
-2.9877270866141732
0
LINE
8
Edge.Cuts
6
CONTINUOUS
10
6.0824108267716532
20
-2.9877270866141732
11
6.0741625984251968
21
-2.9837549606299212
0
LINE
8
Edge.Cuts
6
CONTINUOUS
10
6.0741625984251968
20
-2.9837549606299212
11
6.0665985433070864
21
-2.9785978740157479
0
LINE
8
Edge.Cuts
6
CONTINUOUS
10
6.0665985433070864
20
-2.9785978740157479
11
6.0598875590551176
21
-2.9723710236220473
0
LINE
8
Edge.Cuts
6
CONTINUOUS
10
6.0598875590551176
20
-2.9723710236220473
11
6.0541796062992121
21
-2.9652134645669292
0
LINE
8
Edge.Cuts
6
CONTINUOUS
10
6.0541796062992121
20
-2.9652134645669292
11
6.0496022047244091
21
-2.9572851574803147
0
LINE
8
Edge.Cuts
6
CONTINUOUS
10
6.0496022047244091
20
-2.9572851574803147
11
6.0462575984251963
21
-2.9487631889763777
0
LINE
8
Edge.Cuts
6
CONTINUOUS
10
6.0462575984251963
20
-2.9487631889763777
11
6.0442204330708664
21
-2.939837874015748
0
LINE
8
Edge.Cuts
6
CONTINUOUS
10
6.0442204330708664
20
-2.939837874015748
11
6.0435362992125983
21
-2.9307086614173228
0
LINE
8
Edge.Cuts
6
CONTINUOUS
10
6.0435362992125983
20
-2.9307086614173228
11
6.043536338582677
21
-2.9307085039370078
0
LINE
8
Edge.Cuts
6
CONTINUOUS
10
6.043536338582677
20
-2.9307085039370078
11
6.0435362992125983
21
-2.9307082677165353
0
LINE
8
Edge.Cuts
6
CONTINUOUS
10
6.0435362992125983
20
-2.9307082677165353
11
6.0436005511811022
21
-2.7763775590551178
0
LINE
8
Edge.Cuts
6
CONTINUOUS
10
6.0436005511811022
20
-2.7763775590551178
11
6.0436005905511809
21
-2.776377283464567
0
LINE
8
Edge.Cuts
6
CONTINUOUS
10
6.0436005905511809
20
-2.776377283464567
11
6.0442846850393703
21
-2.7672487401574801
0
LINE
8
Edge.Cuts
6
CONTINUOUS
10
6.0442846850393703
20
-2.7672487401574801
11
6.0463218503937011
21
-2.7583234251968505
0
LINE
8
Edge.Cuts
6
CONTINUOUS
10
6.0463218503937011
20
-2.7583234251968505
11
6.049666456692913
21
-2.7498014566929134
0
LINE
8
Edge.Cuts
6
CONTINUOUS
10
6.049666456692913
20
-2.7498014566929134
11
6.054243858267716
21
-2.7418731496062994
0
LINE
8
Edge.Cuts
6
CONTINUOUS
10
6.054243858267716
20
-2.7418731496062994
11
6.0599518110236223
21
-2.7347155905511809
0
LINE
8
Edge.Cuts
6
CONTINUOUS
10
6.0599518110236223
20
-2.7347155905511809
11
6.0666627952755903
21
-2.7284887401574802
0
LINE
8
Edge.Cuts
6
CONTINUOUS
10
6.0666627952755903
20
-2.7284887401574802
11
6.0742268503937007
21
-2.723331653543307
0
LINE
8
Edge.Cuts
6
CONTINUOUS
10
6.0742268503937007
20
-2.723331653543307
11
6.0824750787401571
21
-2.719359527559055
0
LINE
8
Edge.Cuts
6
CONTINUOUS
10
6.0824750787401571
20
-2.719359527559055
11
6.0912231496062992
21
-2.7166611023622047
0
LINE
8
Edge.Cuts
6
CONTINUOUS
10
6.0912231496062992
20
-2.7166611023622047
11
6.1002757480314962
21
-2.7152966141732282
0
LINE
8
Edge.Cuts
6
CONTINUOUS
10
6.1002757480314962
20
-2.7152966141732282
11
6.1094305511811022
21
-2.7152966141732282
0
LINE
8
Edge.Cuts
6
CONTINUOUS
10
6.1094305511811022
20
-2.7152966141732282
11
6.1184831496062992
21
-2.7166611023622047
0
LINE
8
Edge.Cuts
6
CONTINUOUS
10
6.0909707480314959
20
-2.7185536220472439
11
6.0820959448818899
21
-2.7214372440944881
0
LINE
8
Edge.Cuts
6
CONTINUOUS
10
6.0820959448818899
20
-2.7214372440944881
11
6.0737815354330706
21
-2.7256736614173227
0
LINE
8
Edge.Cuts
6
CONTINUOUS
10
6.0737815354330706
20
-2.7256736614173227
11
6.0662321653543305
21
-2.7311585826771654
0
LINE
8
Edge.Cuts
6
CONTINUOUS
10
6.0662321653543305
20
-2.7311585826771654
11
6.0596337795275588
21
-2.7377569685039371
0
LINE
8
Edge.Cuts
6
CONTINUOUS
10
6.0596337795275588
20
-2.7377569685039371
11
6.0541488582677161
21
-2.7453063385826773
0
LINE
8
Edge.Cuts
6
CONTINUOUS
10
6.0541488582677161
20
-2.7453063385826773
11
6.0499124409448815
21
-2.753620748031496
0
LINE
8
Edge.Cuts
6
CONTINUOUS
10
6.0499124409448815
20
-2.753620748031496
11
6.0470288188976378
21
-2.7624955511811025
0
LINE
8
Edge.Cuts
6
CONTINUOUS
10
6.0470288188976378
20
-2.7624955511811025
11
6.0455690551181105
21
-2.7717122047244094
0
LINE
8
Edge.Cuts
6
CONTINUOUS
10
6.0455690551181105
20
-2.7717122047244094
11
6.0455690551181105
21
-2.7763779527559054
0
LINE
8
Edge.Cuts
6
CONTINUOUS
10
6.0455690551181105
20
-2.7763779527559054
11
6.045568976377953
21
-2.7763781102362204
0
LINE
8
Edge.Cuts
6
CONTINUOUS
10
6.045568976377953
20
-2.7763781102362204
11
6.0455690551181105
21
-2.7763783858267717
0
LINE
8
Edge.Cuts
6
CONTINUOUS
10
6.0455690551181105
20
-2.7763783858267717
11
6.0455048031496066
21
-2.9307086614173228
0
LINE
8
Edge.Cuts
6
CONTINUOUS
10
6.0455048031496066
20
-2.9307086614173228
11
6.0455048031496066
21
-2.9353744094488188
0
LINE
8
Edge.Cuts
6
CONTINUOUS
10
6.0455048031496066
20
-2.9353744094488188
11
6.0469645669291339
21
-2.9445910629921257
0
LINE
8
Edge.Cuts
6
CONTINUOUS
10
6.0469645669291339
20
-2.9445910629921257
11
6.0498481889763775
21
-2.9534658661417321
0
LINE
8
Edge.Cuts
6
CONTINUOUS
10
6.0498481889763775
20
-2.9534658661417321
11
6.0540846062992122
21
-2.9617802755905509
0
LINE
8
Edge.Cuts
6
CONTINUOUS
10
6.0540846062992122
20
-2.9617802755905509
11
6.0595695275590549
21
-2.9693296456692915
0
LINE
8
Edge.Cuts
6
CONTINUOUS
10
6.0595695275590549
20
-2.9693296456692915
11
6.0661679133858266
21
-2.9759280314960628
0
LINE
8
Edge.Cuts
6
CONTINUOUS
10
6.0661679133858266
20
-2.9759280314960628
11
6.0737172834645667
21
-2.9814129527559055
0
LINE
8
Edge.Cuts
6
CONTINUOUS
10
6.0737172834645667
20
-2.9814129527559055
11
6.082031692913386
21
-2.9856493700787401
0
LINE
8
Edge.Cuts
6
CONTINUOUS
10
6.082031692913386
20
-2.9856493700787401
11
6.0909064960629919
21
-2.9885329921259842
0
LINE
8
Edge.Cuts
6
CONTINUOUS
10
6.0909064960629919
20
-2.9885329921259842
11
6.1001231496062989
21
-2.9899927559055119
0
LINE
8
Edge.Cuts
6
CONTINUOUS
10
6.1001231496062989
20
-2.9899927559055119
11
6.1094546456692909
21
-2.9899927559055119
0
LINE
8
Edge.Cuts
6
CONTINUOUS
10
6.1094546456692909
20
-2.9899927559055119
11
6.1186712992125987
21
-2.9885329921259842
0
LINE
8
Edge.Cuts
6
CONTINUOUS
10
6.1186712992125987
20
-2.9885329921259842
11
6.1275461023622046
21
-2.9856493700787401
0
LINE
8
Edge.Cuts
6
CONTINUOUS
10
6.1275461023622046
20
-2.9856493700787401
11
6.1358605118110239
21
-2.9814129527559055
0
LINE
8
Edge.Cuts
6
CONTINUOUS
10
6.1358605118110239
20
-2.9814129527559055
11
6.143409881889764
21
-2.9759280314960628
0
LINE
8
Edge.Cuts
6
CONTINUOUS
10
6.143409881889764
20
-2.9759280314960628
11
6.1500082677165349
21
-2.9693296456692915
0
LINE
8
Edge.Cuts
6
CONTINUOUS
10
6.1500082677165349
20
-2.9693296456692915
11
6.1554931889763775
21
-2.9617802755905509
0
LINE
8
Edge.Cuts
6
CONTINUOUS
10
6.1554931889763775
20
-2.9617802755905509
11
6.1597296062992122
21
-2.9534658661417321
0
LINE
8
Edge.Cuts
6
CONTINUOUS
10
6.1597296062992122
20
-2.9534658661417321
11
6.1626132283464568
21
-2.9445910629921257
0
LINE
8
Edge.Cuts
6
CONTINUOUS
10
6.1626132283464568
20
-2.9445910629921257
11
6.164072992125984
21
-2.9353744094488188
0
LINE
8
Edge.Cuts
6
CONTINUOUS
10
6.164072992125984
20
-2.9353744094488188
11
6.164072992125984
21
-2.9307086614173228
0
LINE
8
Edge.Cuts
6
CONTINUOUS
10
6.164072992125984
20
-2.9307086614173228
11
6.1640730314960628
21
-2.9307085039370078
0
LINE
8
Edge.Cuts
6
CONTINUOUS
10
6.1640730314960628
20
-2.9307085039370078
11
6.164072992125984
21
-2.9307082677165353
0
LINE
8
Edge.Cuts
6
CONTINUOUS
10
6.164072992125984
20
-2.9307082677165353
11
6.1641372440944879
21
-2.7763775590551178
0
LINE
8
Edge.Cuts
6
CONTINUOUS
10
6.1641372440944879
20
-2.7763775590551178
11
6.1641372440944879
21
-2.7717122047244094
0
LINE
8
Edge.Cuts
6
CONTINUOUS
10
6.1641372440944879
20
-2.7717122047244094
11
6.1626774803149607
21
-2.7624955511811025
0
LINE
8
Edge.Cuts
6
CONTINUOUS
10
6.1626774803149607
20
-2.7624955511811025
11
6.1597938582677161
21
-2.753620748031496
0
LINE
8
Edge.Cuts
6
CONTINUOUS
10
6.1597938582677161
20
-2.753620748031496
11
6.1555574409448814
21
-2.7453063385826773
0
LINE
8
Edge.Cuts
6
CONTINUOUS
10
6.1555574409448814
20
-2.7453063385826773
11
6.1500725196850397
21
-2.7377569685039371
0
LINE
8
Edge.Cuts
6
CONTINUOUS
10
6.1500725196850397
20
-2.7377569685039371
11
6.1434741338582679
21
-2.7311585826771654
0
LINE
8
Edge.Cuts
6
CONTINUOUS
10
6.1434741338582679
20
-2.7311585826771654
11
6.1359247637795278
21
-2.7256736614173227
0
LINE
8
Edge.Cuts
6
CONTINUOUS
10
6.1359247637795278
20
-2.7256736614173227
11
6.1276103543307086
21
-2.7214372440944881
0
LINE
8
Edge.Cuts
6
CONTINUOUS
10
6.1276103543307086
20
-2.7214372440944881
11
6.1187355511811026
21
-2.7185536220472439
0
LINE
8
Edge.Cuts
6
CONTINUOUS
10
6.1187355511811026
20
-2.7185536220472439
11
6.1095188976377948
21
-2.7170938582677167
0
LINE
8
Edge.Cuts
6
CONTINUOUS
10
6.1095188976377948
20
-2.7170938582677167
11
6.1001874015748028
21
-2.7170938582677167
0
LINE
8
Edge.Cuts
6
CONTINUOUS
10
6.1001874015748028
20
-2.7170938582677167
11
6.0909707480314959
21
-2.7185536220472439
0
LINE
8
Edge.Cuts
6
CONTINUOUS
10
2.8377568503937005
20
-2.7719922440944882
11
2.8429011023622048
21
-2.7739466141732283
0
LINE
8
Edge.Cuts
6
CONTINUOUS
10
2.8429011023622048
20
-2.7739466141732283
11
2.8473865748031497
21
-2.7771346456692911
0
LINE
8
Edge.Cuts
6
CONTINUOUS
10
2.8473865748031497
20
-2.7771346456692911
11
2.8509235826771655
21
-2.781350433070866
0
LINE
8
Edge.Cuts
6
CONTINUOUS
10
2.8509235826771655
20
-2.781350433070866
11
2.8532836220472442
21
-2.7863216535433071
0
LINE
8
Edge.Cuts
6
CONTINUOUS
10
2.8532836220472442
20
-2.7863216535433071
11
2.8543143307086614
21
-2.7917272834645668
0
LINE
8
Edge.Cuts
6
CONTINUOUS
10
2.8543143307086614
20
-2.7917272834645668
11
2.8539491338582677
21
-2.7972181496062993
0
LINE
8
Edge.Cuts
6
CONTINUOUS
10
2.8539491338582677
20
-2.7972181496062993
11
2.8522115354330708
21
-2.8024396456692915
0
LINE
8
Edge.Cuts
6
CONTINUOUS
10
2.8522115354330708
20
-2.8024396456692915
11
2.8516358267716533
21
-2.8036355118110237
0
LINE
8
Edge.Cuts
6
CONTINUOUS
10
2.8516358267716533
20
-2.8036355118110237
11
2.8508536220472442
21
-2.806172125984252
0
LINE
8
Edge.Cuts
6
CONTINUOUS
10
2.8508536220472442
20
-2.806172125984252
11
2.8504581102362203
21
-2.8087970078740159
0
LINE
8
Edge.Cuts
6
CONTINUOUS
10
2.8504581102362203
20
-2.8087970078740159
11
2.8504581496062991
21
-2.8101242519685039
0
LINE
8
Edge.Cuts
6
CONTINUOUS
10
2.8504581496062991
20
-2.8101242519685039
11
2.8504581496062991
21
-2.8101242913385827
0
LINE
8
Edge.Cuts
6
CONTINUOUS
10
2.8504581496062991
20
-2.8101242913385827
11
2.8504581496062991
21
-2.8654661811023621
0
LINE
8
Edge.Cuts
6
CONTINUOUS
10
2.8504581496062991
20
-2.8654661811023621
11
2.8504581102362203
21
-2.8667934251968505
0
LINE
8
Edge.Cuts
6
CONTINUOUS
10
2.8504581102362203
20
-2.8667934251968505
11
2.8508536220472442
21
-2.8694183070866139
0
LINE
8
Edge.Cuts
6
CONTINUOUS
10
2.8508536220472442
20
-2.8694183070866139
11
2.8516358267716533
21
-2.8719549606299211
0
LINE
8
Edge.Cuts
6
CONTINUOUS
10
2.8516358267716533
20
-2.8719549606299211
11
2.8522114960629921
21
-2.8731507086614174
0
LINE
8
Edge.Cuts
6
CONTINUOUS
10
2.8522114960629921
20
-2.8731507086614174
11
2.8522115354330708
21
-2.8731507874015749
0
LINE
8
Edge.Cuts
6
CONTINUOUS
10
2.8522115354330708
20
-2.8731507874015749
11
2.8539491338582677
21
-2.8783722834645671
0
LINE
8
Edge.Cuts
6
CONTINUOUS
10
2.8539491338582677
20
-2.8783722834645671
11
2.8543143700787401
21
-2.8838631496062992
0
LINE
8
Edge.Cuts
6
CONTINUOUS
10
2.8543143700787401
20
-2.8838631496062992
11
2.8532836614173229
21
-2.8892687795275589
0
LINE
8
Edge.Cuts
6
CONTINUOUS
10
2.8532836614173229
20
-2.8892687795275589
11
2.8509236220472438
21
-2.8942400393700787
0
LINE
8
Edge.Cuts
6
CONTINUOUS
10
2.8509236220472438
20
-2.8942400393700787
11
2.8473866141732285
21
-2.8984558267716536
0
LINE
8
Edge.Cuts
6
CONTINUOUS
10
2.8473866141732285
20
-2.8984558267716536
11
2.8429011417322836
21
-2.9016438582677164
0
LINE
8
Edge.Cuts
6
CONTINUOUS
10
2.8429011417322836
20
-2.9016438582677164
11
2.8377568897637793
21
-2.9035982677165353
0
LINE
8
Edge.Cuts
6
CONTINUOUS
10
2.8377568897637793
20
-2.9035982677165353
11
2.832286062992126
21
-2.9041927559055116
0
LINE
8
Edge.Cuts
6
CONTINUOUS
10
2.832286062992126
20
-2.9041927559055116
11
2.8268420866141732
21
-2.9033890157480315
0
LINE
8
Edge.Cuts
6
CONTINUOUS
10
2.8268420866141732
20
-2.9033890157480315
11
2.8217764960629919
21
-2.9012388976377954
0
LINE
8
Edge.Cuts
6
CONTINUOUS
10
2.8217764960629919
20
-2.9012388976377954
11
2.8204242519685039
21
-2.9004503149606298
0
LINE
8
Edge.Cuts
6
CONTINUOUS
10
2.8204242519685039
20
-2.9004503149606298
11
2.8174859448818896
21
-2.8993692519685039
0
LINE
8
Edge.Cuts
6
CONTINUOUS
10
2.8174859448818896
20
-2.8993692519685039
11
2.8144036220472439
21
-2.8988201968503935
0
LINE
8
Edge.Cuts
6
CONTINUOUS
10
2.8144036220472439
20
-2.8988201968503935
11
2.8128381889763778
21
-2.8988188582677163
0
LINE
8
Edge.Cuts
6
CONTINUOUS
10
2.8128381889763778
20
-2.8988188582677163
11
2.7502829133858269
21
-2.8988188582677163
0
LINE
8
Edge.Cuts
6
CONTINUOUS
10
2.7502829133858269
20
-2.8988188582677163
11
2.7487175196850395
21
-2.8988202362204722
0
LINE
8
Edge.Cuts
6
CONTINUOUS
10
2.7487175196850395
20
-2.8988202362204722
11
2.7456351968503938
21
-2.8993692519685039
0
LINE
8
Edge.Cuts
6
CONTINUOUS
10
2.7456351968503938
20
-2.8993692519685039
11
2.7426968897637796
21
-2.9004503149606298
0
LINE
8
Edge.Cuts
6
CONTINUOUS
10
2.7426968897637796
20
-2.9004503149606298
11
2.7413446456692911
21
-2.9012388976377954
0
LINE
8
Edge.Cuts
6
CONTINUOUS
10
2.7413446456692911
20
-2.9012388976377954
11
2.7413441732283466
21
-2.9012389763779525
0
LINE
8
Edge.Cuts
6
CONTINUOUS
10
2.7413441732283466
20
-2.9012389763779525
11
2.7362790157480315
21
-2.903388937007874
0
LINE
8
Edge.Cuts
6
CONTINUOUS
10
2.7362790157480315
20
-2.903388937007874
11
2.7308350393700787
21
-2.9041926771653541
0
LINE
8
Edge.Cuts
6
CONTINUOUS
10
2.7308350393700787
20
-2.9041926771653541
11
2.7253642519685037
21
-2.9035981889763778
0
LINE
8
Edge.Cuts
6
CONTINUOUS
10
2.7253642519685037
20
-2.9035981889763778
11
2.7202199999999999
21
-2.9016437795275589
0
LINE
8
Edge.Cuts
6
CONTINUOUS
10
2.7202199999999999
20
-2.9016437795275589
11
2.7157345669291337
21
-2.8984557480314961
0
LINE
8
Edge.Cuts
6
CONTINUOUS
10
2.7157345669291337
20
-2.8984557480314961
11
2.7121975590551179
21
-2.8942399999999999
0
LINE
8
Edge.Cuts
6
CONTINUOUS
10
2.7121975590551179
20
-2.8942399999999999
11
2.7098374803149605
21
-2.8892687795275589
0
LINE
8
Edge.Cuts
6
CONTINUOUS
10
2.7098374803149605
20
-2.8892687795275589
11
2.7088067716535433
21
-2.8838631889763779
0
LINE
8
Edge.Cuts
6
CONTINUOUS
10
2.7088067716535433
20
-2.8838631889763779
11
2.7091720078740158
21
-2.8783723228346454
0
LINE
8
Edge.Cuts
6
CONTINUOUS
10
2.7091720078740158
20
-2.8783723228346454
11
2.7109095275590551
21
-2.8731508267716537
0
LINE
8
Edge.Cuts
6
CONTINUOUS
10
2.7109095275590551
20
-2.8731508267716537
11
2.7109095669291339
21
-2.8731507480314962
0
LINE
8
Edge.Cuts
6
CONTINUOUS
10
2.7109095669291339
20
-2.8731507480314962
11
2.7114850393700789
21
-2.8719551181102361
0
LINE
8
Edge.Cuts
6
CONTINUOUS
10
2.7114850393700789
20
-2.8719551181102361
11
2.7122671653543304
21
-2.8694182677165352
0
LINE
8
Edge.Cuts
6
CONTINUOUS
10
2.7122671653543304
20
-2.8694182677165352
11
2.7126628346456694
21
-2.8667932283464568
0
LINE
8
Edge.Cuts
6
CONTINUOUS
10
2.7126628346456694
20
-2.8667932283464568
11
2.7126629527559056
21
-2.8654659055118108
0
LINE
8
Edge.Cuts
6
CONTINUOUS
10
2.7126629527559056
20
-2.8654659055118108
11
2.7126629527559056
21
-2.8101242913385827
0
LINE
8
Edge.Cuts
6
CONTINUOUS
10
2.7126629527559056
20
-2.8101242913385827
11
2.7126629527559056
21
-2.8101242519685039
0
LINE
8
Edge.Cuts
6
CONTINUOUS
10
2.7126629527559056
20
-2.8101242519685039
11
2.7126630314960631
21
-2.8087970078740159
0
LINE
8
Edge.Cuts
6
CONTINUOUS
10
2.7126630314960631
20
-2.8087970078740159
11
2.7122675196850392
21
-2.8061721653543308
0
LINE
8
Edge.Cuts
6
CONTINUOUS
10
2.7122675196850392
20
-2.8061721653543308
11
2.7114853149606297
21
-2.8036355511811024
0
LINE
8
Edge.Cuts
6
CONTINUOUS
10
2.7114853149606297
20
-2.8036355511811024
11
2.7109095669291339
21
-2.8024396850393698
0
LINE
8
Edge.Cuts
6
CONTINUOUS
10
2.7109095669291339
20
-2.8024396850393698
11
2.7109095275590551
21
-2.8024396062992127
0
LINE
8
Edge.Cuts
6
CONTINUOUS
10
2.7109095275590551
20
-2.8024396062992127
11
2.709171968503937
21
-2.7972181496062993
0
LINE
8
Edge.Cuts
6
CONTINUOUS
10
2.709171968503937
20
-2.7972181496062993
11
2.7088067322834646
21
-2.7917272834645668
0
LINE
8
Edge.Cuts
6
CONTINUOUS
10
2.7088067322834646
20
-2.7917272834645668
11
2.7098374409448818
21
-2.7863216535433071
0
LINE
8
Edge.Cuts
6
CONTINUOUS
10
2.7098374409448818
20
-2.7863216535433071
11
2.7121975196850392
21
-2.781350433070866
0
LINE
8
Edge.Cuts
6
CONTINUOUS
10
2.7121975196850392
20
-2.781350433070866
11
2.7157344881889762
21
-2.7771346456692911
0
LINE
8
Edge.Cuts
6
CONTINUOUS
10
2.7157344881889762
20
-2.7771346456692911
11
2.7202199606299211
21
-2.7739466141732283
0
LINE
8
Edge.Cuts
6
CONTINUOUS
10
2.7202199606299211
20
-2.7739466141732283
11
2.7253642519685037
21
-2.7719922047244094
0
LINE
8
Edge.Cuts
6
CONTINUOUS
10
2.7253642519685037
20
-2.7719922047244094
11
2.7308350393700787
21
-2.7713977165354331
0
LINE
8
Edge.Cuts
6
CONTINUOUS
10
2.7308350393700787
20
-2.7713977165354331
11
2.7362790157480315
21
-2.7722014566929132
0
LINE
8
Edge.Cuts
6
CONTINUOUS
10
2.7362790157480315
20
-2.7722014566929132
11
2.7413446062992124
21
-2.7743515748031498
0
LINE
8
Edge.Cuts
6
CONTINUOUS
10
2.7413446062992124
20
-2.7743515748031498
11
2.7426968503937008
21
-2.775140157480315
0
LINE
8
Edge.Cuts
6
CONTINUOUS
10
2.7426968503937008
20
-2.775140157480315
11
2.7456351574803151
21
-2.7762212204724408
0
LINE
8
Edge.Cuts
6
CONTINUOUS
10
2.7456351574803151
20
-2.7762212204724408
11
2.7487174803149608
21
-2.7767702362204725
0
LINE
8
Edge.Cuts
6
CONTINUOUS
10
2.7487174803149608
20
-2.7767702362204725
11
2.7502828740157481
21
-2.7767716141732284
0
LINE
8
Edge.Cuts
6
CONTINUOUS
10
2.7502828740157481
20
-2.7767716141732284
11
2.7502829921259844
21
-2.7767716535433071
0
LINE
8
Edge.Cuts
6
CONTINUOUS
10
2.7502829921259844
20
-2.7767716535433071
11
2.8128382283464566
21
-2.7767716535433071
0
LINE
8
Edge.Cuts
6
CONTINUOUS
10
2.8128382283464566
20
-2.7767716535433071
11
2.8144036220472439
21
-2.7767702755905512
0
LINE
8
Edge.Cuts
6
CONTINUOUS
10
2.8144036220472439
20
-2.7767702755905512
11
2.8174859448818896
21
-2.7762212598425196
0
LINE
8
Edge.Cuts
6
CONTINUOUS
10
2.8174859448818896
20
-2.7762212598425196
11
2.8204242519685039
21
-2.7751401968503937
0
LINE
8
Edge.Cuts
6
CONTINUOUS
10
2.8204242519685039
20
-2.7751401968503937
11
2.8217764960629919
21
-2.7743516141732281
0
LINE
8
Edge.Cuts
6
CONTINUOUS
10
2.8217764960629919
20
-2.7743516141732281
11
2.8268420866141732
21
-2.7722014960629919
0
LINE
8
Edge.Cuts
6
CONTINUOUS
10
2.8268420866141732
20
-2.7722014960629919
11
2.832286062992126
21
-2.7713977165354331
0
LINE
8
Edge.Cuts
6
CONTINUOUS
10
2.832286062992126
20
-2.7713977165354331
11
2.8377568503937005
21
-2.7719922440944882
0
LINE
8
Edge.Cuts
6
CONTINUOUS
10
2.7240779921259843
20
-2.7763540157480313
11
2.7200747637795275
21
-2.7784918110236219
0
LINE
8
Edge.Cuts
6
CONTINUOUS
10
2.7200747637795275
20
-2.7784918110236219
11
2.7167397244094489
21
-2.7815696456692911
0
LINE
8
Edge.Cuts
6
CONTINUOUS
10
2.7167397244094489
20
-2.7815696456692911
11
2.7142882677165354
21
-2.7853888188976379
0
LINE
8
Edge.Cuts
6
CONTINUOUS
10
2.7142882677165354
20
-2.7853888188976379
11
2.7128786614173226
21
-2.7897025984251966
0
LINE
8
Edge.Cuts
6
CONTINUOUS
10
2.7128786614173226
20
-2.7897025984251966
11
2.7126020472440944
21
-2.7942324015748032
0
LINE
8
Edge.Cuts
6
CONTINUOUS
10
2.7126020472440944
20
-2.7942324015748032
11
2.713476181102362
21
-2.7986856692913387
0
LINE
8
Edge.Cuts
6
CONTINUOUS
10
2.713476181102362
20
-2.7986856692913387
11
2.7144568503937005
21
-2.8007318110236219
0
LINE
8
Edge.Cuts
6
CONTINUOUS
10
2.7144568503937005
20
-2.8007318110236219
11
2.7144568897637793
21
-2.8007318897637794
0
LINE
8
Edge.Cuts
6
CONTINUOUS
10
2.7144568897637793
20
-2.8007318897637794
11
2.7156385826771654
21
-2.8037437401574801
0
LINE
8
Edge.Cuts
6
CONTINUOUS
10
2.7156385826771654
20
-2.8037437401574801
11
2.716358307086614
21
-2.806898031496063
0
LINE
8
Edge.Cuts
6
CONTINUOUS
10
2.716358307086614
20
-2.806898031496063
11
2.7165999212598426
21
-2.8101242519685039
0
LINE
8
Edge.Cuts
6
CONTINUOUS
10
2.7165999212598426
20
-2.8101242519685039
11
2.7165999606299214
21
-2.8101242913385827
0
LINE
8
Edge.Cuts
6
CONTINUOUS
10
2.7165999606299214
20
-2.8101242913385827
11
2.7165999606299214
21
-2.8654661811023621
0
LINE
8
Edge.Cuts
6
CONTINUOUS
10
2.7165999606299214
20
-2.8654661811023621
11
2.7165998818897639
21
-2.8654663779527558
0
LINE
8
Edge.Cuts
6
CONTINUOUS
10
2.7165998818897639
20
-2.8654663779527558
11
2.7165999606299214
21
-2.8654665354330708
0
LINE
8
Edge.Cuts
6
CONTINUOUS
10
2.7165999606299214
20
-2.8654665354330708
11
2.7163579133858269
21
-2.868692559055118
0
LINE
8
Edge.Cuts
6
CONTINUOUS
10
2.7163579133858269
20
-2.868692559055118
11
2.7156382677165354
21
-2.8718465354330709
0
LINE
8
Edge.Cuts
6
CONTINUOUS
10
2.7156382677165354
20
-2.8718465354330709
11
2.7144570472440943
21
-2.8748582283464565
0
LINE
8
Edge.Cuts
6
CONTINUOUS
10
2.7144570472440943
20
-2.8748582283464565
11
2.7144569291338581
21
-2.8748583070866141
0
LINE
8
Edge.Cuts
6
CONTINUOUS
10
2.7144569291338581
20
-2.8748583070866141
11
2.7144569291338581
21
-2.8748585433070866
0
LINE
8
Edge.Cuts
6
CONTINUOUS
10
2.7144569291338581
20
-2.8748585433070866
11
2.7134762204724407
21
-2.8769047637795273
0
LINE
8
Edge.Cuts
6
CONTINUOUS
10
2.7134762204724407
20
-2.8769047637795273
11
2.7126020472440944
21
-2.8813580314960627
0
LINE
8
Edge.Cuts
6
CONTINUOUS
10
2.7126020472440944
20
-2.8813580314960627
11
2.7128787401574801
21
-2.8858878346456693
0
LINE
8
Edge.Cuts
6
CONTINUOUS
10
2.7128787401574801
20
-2.8858878346456693
11
2.7142883070866142
21
-2.8902016141732281
0
LINE
8
Edge.Cuts
6
CONTINUOUS
10
2.7142883070866142
20
-2.8902016141732281
11
2.7167398031496064
21
-2.8940207480314961
0
LINE
8
Edge.Cuts
6
CONTINUOUS
10
2.7167398031496064
20
-2.8940207480314961
11
2.7200748031496063
21
-2.8970985826771654
0
LINE
8
Edge.Cuts
6
CONTINUOUS
10
2.7200748031496063
20
-2.8970985826771654
11
2.7240780314960631
21
-2.8992363385826772
0
LINE
8
Edge.Cuts
6
CONTINUOUS
10
2.7240780314960631
20
-2.8992363385826772
11
2.7284908267716537
21
-2.9002959448818899
0
LINE
8
Edge.Cuts
6
CONTINUOUS
10
2.7284908267716537
20
-2.9002959448818899
11
2.7330282283464564
21
-2.9002089763779528
0
LINE
8
Edge.Cuts
6
CONTINUOUS
10
2.7330282283464564
20
-2.9002089763779528
11
2.7373971653543308
21
-2.898981023622047
0
LINE
8
Edge.Cuts
6
CONTINUOUS
10
2.7373971653543308
20
-2.898981023622047
11
2.7393583070866141
21
-2.8978396062992124
0
LINE
8
Edge.Cuts
6
CONTINUOUS
10
2.7393583070866141
20
-2.8978396062992124
11
2.7393586614173229
21
-2.8978394881889762
0
LINE
8
Edge.Cuts
6
CONTINUOUS
10
2.7393586614173229
20
-2.8978394881889762
11
2.7428061811023623
21
-2.8962136220472439
0
LINE
8
Edge.Cuts
6
CONTINUOUS
10
2.7428061811023623
20
-2.8962136220472439
11
2.7464857086614174
21
-2.8952174015748029
0
LINE
8
Edge.Cuts
6
CONTINUOUS
10
2.7464857086614174
20
-2.8952174015748029
11
2.7502829133858269
21
-2.8948818503937006
0
LINE
8
Edge.Cuts
6
CONTINUOUS
10
2.7502829133858269
20
-2.8948818503937006
11
2.8128381889763778
21
-2.8948818503937006
0
LINE
8
Edge.Cuts
6
CONTINUOUS
10
2.8128381889763778
20
-2.8948818503937006
11
2.8166354330708661
21
-2.8952174015748029
0
LINE
8
Edge.Cuts
6
CONTINUOUS
10
2.8166354330708661
20
-2.8952174015748029
11
2.8203149606299212
21
-2.8962136220472439
0
LINE
8
Edge.Cuts
6
CONTINUOUS
10
2.8203149606299212
20
-2.8962136220472439
11
2.8237627952755906
21
-2.89783968503937
0
LINE
8
Edge.Cuts
6
CONTINUOUS
10
2.8237627952755906
20
-2.89783968503937
11
2.8257239370078739
21
-2.8989811023622045
0
LINE
8
Edge.Cuts
6
CONTINUOUS
10
2.8257239370078739
20
-2.8989811023622045
11
2.8300929133858266
21
-2.9002090551181103
0
LINE
8
Edge.Cuts
6
CONTINUOUS
10
2.8300929133858266
20
-2.9002090551181103
11
2.8346303149606298
21
-2.9002960629921257
0
LINE
8
Edge.Cuts
6
CONTINUOUS
10
2.8346303149606298
20
-2.9002960629921257
11
2.8390431496062991
21
-2.8992364173228347
0
LINE
8
Edge.Cuts
6
CONTINUOUS
10
2.8390431496062991
20
-2.8992364173228347
11
2.8430463385826772
21
-2.8970986614173229
0
LINE
8
Edge.Cuts
6
CONTINUOUS
10
2.8430463385826772
20
-2.8970986614173229
11
2.8463813779527558
21
-2.8940207874015749
0
LINE
8
Edge.Cuts
6
CONTINUOUS
10
2.8463813779527558
20
-2.8940207874015749
11
2.848832874015748
21
-2.8902016141732281
0
LINE
8
Edge.Cuts
6
CONTINUOUS
10
2.848832874015748
20
-2.8902016141732281
11
2.8502424409448817
21
-2.8858878346456693
0
LINE
8
Edge.Cuts
6
CONTINUOUS
10
2.8502424409448817
20
-2.8858878346456693
11
2.8505190944881891
21
-2.8813580314960627
0
LINE
8
Edge.Cuts
6
CONTINUOUS
10
2.8505190944881891
20
-2.8813580314960627
11
2.8496449212598423
21
-2.8769047637795273
0
LINE
8
Edge.Cuts
6
CONTINUOUS
10
2.8496449212598423
20
-2.8769047637795273
11
2.8486642125984249
21
-2.8748585039370078
0
LINE
8
Edge.Cuts
6
CONTINUOUS
10
2.8486642125984249
20
-2.8748585039370078
11
2.847482559055118
21
-2.8718467322834647
0
LINE
8
Edge.Cuts
6
CONTINUOUS
10
2.847482559055118
20
-2.8718467322834647
11
2.846762834645669
21
-2.8686924803149605
0
LINE
8
Edge.Cuts
6
CONTINUOUS
10
2.846762834645669
20
-2.8686924803149605
11
2.8465211417322833
21
-2.8654661811023621
0
LINE
8
Edge.Cuts
6
CONTINUOUS
10
2.8465211417322833
20
-2.8654661811023621
11
2.8465211417322833
21
-2.8101242913385827
0
LINE
8
Edge.Cuts
6
CONTINUOUS
10
2.8465211417322833
20
-2.8101242913385827
11
2.8465211417322833
21
-2.8101242519685039
0
LINE
8
Edge.Cuts
6
CONTINUOUS
10
2.8465211417322833
20
-2.8101242519685039
11
2.846762834645669
21
-2.8068979921259842
0
LINE
8
Edge.Cuts
6
CONTINUOUS
10
2.846762834645669
20
-2.8068979921259842
11
2.847482559055118
21
-2.8037437401574801
0
LINE
8
Edge.Cuts
6
CONTINUOUS
10
2.847482559055118
20
-2.8037437401574801
11
2.8486642125984249
21
-2.8007319291338582
0
LINE
8
Edge.Cuts
6
CONTINUOUS
10
2.8486642125984249
20
-2.8007319291338582
11
2.8496449212598423
21
-2.7986856692913387
0
LINE
8
Edge.Cuts
6
CONTINUOUS
10
2.8496449212598423
20
-2.7986856692913387
11
2.8505190551181103
21
-2.794232440944882
0
LINE
8
Edge.Cuts
6
CONTINUOUS
10
2.8505190551181103
20
-2.794232440944882
11
2.8502424015748029
21
-2.7897026377952754
0
LINE
8
Edge.Cuts
6
CONTINUOUS
10
2.8502424015748029
20
-2.7897026377952754
11
2.8488328346456693
21
-2.7853888188976379
0
LINE
8
Edge.Cuts
6
CONTINUOUS
10
2.8488328346456693
20
-2.7853888188976379
11
2.8463813385826771
21
-2.7815696850393699
0
LINE
8
Edge.Cuts
6
CONTINUOUS
10
2.8463813385826771
20
-2.7815696850393699
11
2.8430462992125984
21
-2.7784918110236219
0
LINE
8
Edge.Cuts
6
CONTINUOUS
10
2.8430462992125984
20
-2.7784918110236219
11
2.8390431102362204
21
-2.7763540551181101
0
LINE
8
Edge.Cuts
6
CONTINUOUS
10
2.8390431102362204
20
-2.7763540551181101
11
2.8346303149606298
21
-2.7752944488188978
0
LINE
8
Edge.Cuts
6
CONTINUOUS
10
2.8346303149606298
20
-2.7752944488188978
11
2.8300928740157478
21
-2.7753814566929131
0
LINE
8
Edge.Cuts
6
CONTINUOUS
10
2.8300928740157478
20
-2.7753814566929131
11
2.8257239370078739
21
-2.776609409448819
0
LINE
8
Edge.Cuts
6
CONTINUOUS
10
2.8257239370078739
20
-2.776609409448819
11
2.8237627952755906
21
-2.7777508267716535
0
LINE
8
Edge.Cuts
6
CONTINUOUS
10
2.8237627952755906
20
-2.7777508267716535
11
2.8203149606299212
21
-2.7793768897637796
0
LINE
8
Edge.Cuts
6
CONTINUOUS
10
2.8203149606299212
20
-2.7793768897637796
11
2.8166354330708661
21
-2.7803731102362206
0
LINE
8
Edge.Cuts
6
CONTINUOUS
10
2.8166354330708661
20
-2.7803731102362206
11
2.8128382283464566
21
-2.7807086614173229
0
LINE
8
Edge.Cuts
6
CONTINUOUS
10
2.8128382283464566
20
-2.7807086614173229
11
2.7502829133858269
21
-2.7807086614173229
0
LINE
8
Edge.Cuts
6
CONTINUOUS
10
2.7502829133858269
20
-2.7807086614173229
11
2.7502825590551181
21
-2.7807085826771654
0
LINE
8
Edge.Cuts
6
CONTINUOUS
10
2.7502825590551181
20
-2.7807085826771654
11
2.7464856692913386
21
-2.7803730708661418
0
LINE
8
Edge.Cuts
6
CONTINUOUS
10
2.7464856692913386
20
-2.7803730708661418
11
2.7428061417322835
21
-2.7793768503937009
0
LINE
8
Edge.Cuts
6
CONTINUOUS
10
2.7428061417322835
20
-2.7793768503937009
11
2.7393583070866141
21
-2.7777507874015748
0
LINE
8
Edge.Cuts
6
CONTINUOUS
10
2.7393583070866141
20
-2.7777507874015748
11
2.7373971653543308
21
-2.7766093700787402
0
LINE
8
Edge.Cuts
6
CONTINUOUS
10
2.7373971653543308
20
-2.7766093700787402
11
2.7330281889763777
21
-2.7753814173228344
0
LINE
8
Edge.Cuts
6
CONTINUOUS
10
2.7330281889763777
20
-2.7753814173228344
11
2.7284907874015749
21
-2.775294409448819
0
LINE
8
Edge.Cuts
6
CONTINUOUS
10
2.7284907874015749
20
-2.775294409448819
11
2.7240779921259843
21
-2.7763540157480313
0
LINE
8
Edge.Cuts
6
CONTINUOUS
10
9.3921845275590545
20
-2.7670834251968501
11
9.3972501181102359
21
-2.7692335433070867
0
LINE
8
Edge.Cuts
6
CONTINUOUS
10
9.3972501181102359
20
-2.7692335433070867
11
9.3986023622047234
21
-2.7700221259842519
0
LINE
8
Edge.Cuts
6
CONTINUOUS
10
9.3986023622047234
20
-2.7700221259842519
11
9.4015406692913377
21
-2.7711031889763778
0
LINE
8
Edge.Cuts
6
CONTINUOUS
10
9.4015406692913377
20
-2.7711031889763778
11
9.4046229921259847
21
-2.7716522440944882
0
LINE
8
Edge.Cuts
6
CONTINUOUS
10
9.4046229921259847
20
-2.7716522440944882
11
9.4061884251968504
21
-2.7716535826771653
0
LINE
8
Edge.Cuts
6
CONTINUOUS
10
9.4061884251968504
20
-2.7716535826771653
11
9.4687437007874014
21
-2.7716535826771653
0
LINE
8
Edge.Cuts
6
CONTINUOUS
10
9.4687437007874014
20
-2.7716535826771653
11
9.4703090944881883
21
-2.7716522047244094
0
LINE
8
Edge.Cuts
6
CONTINUOUS
10
9.4703090944881883
20
-2.7716522047244094
11
9.4733914173228353
21
-2.7711031889763778
0
LINE
8
Edge.Cuts
6
CONTINUOUS
10
9.4733914173228353
20
-2.7711031889763778
11
9.4763297244094478
21
-2.7700221259842519
0
LINE
8
Edge.Cuts
6
CONTINUOUS
10
9.4763297244094478
20
-2.7700221259842519
11
9.4776819685039371
21
-2.7692335433070867
0
LINE
8
Edge.Cuts
6
CONTINUOUS
10
9.4776819685039371
20
-2.7692335433070867
11
9.4776824015748034
21
-2.7692334251968505
0
LINE
8
Edge.Cuts
6
CONTINUOUS
10
9.4776824015748034
20
-2.7692334251968505
11
9.4827475984251972
21
-2.7670835039370076
0
LINE
8
Edge.Cuts
6
CONTINUOUS
10
9.4827475984251972
20
-2.7670835039370076
11
9.4881915748031496
21
-2.7662797637795276
0
LINE
8
Edge.Cuts
6
CONTINUOUS
10
9.4881915748031496
20
-2.7662797637795276
11
9.4936623622047236
21
-2.7668742519685039
0
LINE
8
Edge.Cuts
6
CONTINUOUS
10
9.4936623622047236
20
-2.7668742519685039
11
9.4988066141732279
21
-2.7688286614173228
0
LINE
8
Edge.Cuts
6
CONTINUOUS
10
9.4988066141732279
20
-2.7688286614173228
11
9.5032920472440949
21
-2.7720166929133856
0
LINE
8
Edge.Cuts
6
CONTINUOUS
10
9.5032920472440949
20
-2.7720166929133856
11
9.5068290551181107
21
-2.7762324409448818
0
LINE
8
Edge.Cuts
6
CONTINUOUS
10
9.5068290551181107
20
-2.7762324409448818
11
9.5091891338582677
21
-2.7812036614173228
0
LINE
8
Edge.Cuts
6
CONTINUOUS
10
9.5091891338582677
20
-2.7812036614173228
11
9.5102198425196853
21
-2.7866092519685037
0
LINE
8
Edge.Cuts
6
CONTINUOUS
10
9.5102198425196853
20
-2.7866092519685037
11
9.5098546062992124
21
-2.7921001181102363
0
LINE
8
Edge.Cuts
6
CONTINUOUS
10
9.5098546062992124
20
-2.7921001181102363
11
9.5081170866141722
21
-2.7973216141732284
0
LINE
8
Edge.Cuts
6
CONTINUOUS
10
9.5081170866141722
20
-2.7973216141732284
11
9.5081170078740147
21
-2.7973216535433072
0
LINE
8
Edge.Cuts
6
CONTINUOUS
10
9.5081170078740147
20
-2.7973216535433072
11
9.5075415748031489
21
-2.7985173228346456
0
LINE
8
Edge.Cuts
6
CONTINUOUS
10
9.5075415748031489
20
-2.7985173228346456
11
9.5067594488188973
21
-2.8010541732283465
0
LINE
8
Edge.Cuts
6
CONTINUOUS
10
9.5067594488188973
20
-2.8010541732283465
11
9.5063637795275593
21
-2.8036792125984253
0
LINE
8
Edge.Cuts
6
CONTINUOUS
10
9.5063637795275593
20
-2.8036792125984253
11
9.506363661417323
21
-2.8050062598425196
0
LINE
8
Edge.Cuts
6
CONTINUOUS
10
9.506363661417323
20
-2.8050062598425196
11
9.506363661417323
21
-2.860348149606299
0
LINE
8
Edge.Cuts
6
CONTINUOUS
10
9.506363661417323
20
-2.860348149606299
11
9.506363661417323
21
-2.8603481889763778
0
LINE
8
Edge.Cuts
6
CONTINUOUS
10
9.506363661417323
20
-2.8603481889763778
11
9.5063635826771655
21
-2.8616754330708662
0
LINE
8
Edge.Cuts
6
CONTINUOUS
10
9.5063635826771655
20
-2.8616754330708662
11
9.5067590944881886
21
-2.8643002755905513
0
LINE
8
Edge.Cuts
6
CONTINUOUS
10
9.5067590944881886
20
-2.8643002755905513
11
9.5075412992125976
21
-2.8668368897637793
0
LINE
8
Edge.Cuts
6
CONTINUOUS
10
9.5075412992125976
20
-2.8668368897637793
11
9.5081170472440935
21
-2.8680327559055119
0
LINE
8
Edge.Cuts
6
CONTINUOUS
10
9.5081170472440935
20
-2.8680327559055119
11
9.5081170472440935
21
-2.8680327952755906
0
LINE
8
Edge.Cuts
6
CONTINUOUS
10
9.5081170472440935
20
-2.8680327952755906
11
9.5098546456692912
21
-2.8732542913385828
0
LINE
8
Edge.Cuts
6
CONTINUOUS
10
9.5098546456692912
20
-2.8732542913385828
11
9.5102198818897641
21
-2.8787451574803149
0
LINE
8
Edge.Cuts
6
CONTINUOUS
10
9.5102198818897641
20
-2.8787451574803149
11
9.5091891732283464
21
-2.8841507874015746
0
LINE
8
Edge.Cuts
6
CONTINUOUS
10
9.5091891732283464
20
-2.8841507874015746
11
9.5068290944881895
21
-2.8891220078740156
0
LINE
8
Edge.Cuts
6
CONTINUOUS
10
9.5068290944881895
20
-2.8891220078740156
11
9.5032921259842524
21
-2.8933377952755905
0
LINE
8
Edge.Cuts
6
CONTINUOUS
10
9.5032921259842524
20
-2.8933377952755905
11
9.4988066535433067
21
-2.8965258267716534
0
LINE
8
Edge.Cuts
6
CONTINUOUS
10
9.4988066535433067
20
-2.8965258267716534
11
9.4936623622047236
21
-2.8984802362204722
0
LINE
8
Edge.Cuts
6
CONTINUOUS
10
9.4936623622047236
20
-2.8984802362204722
11
9.4881915748031496
21
-2.8990747244094486
0
LINE
8
Edge.Cuts
6
CONTINUOUS
10
9.4881915748031496
20
-2.8990747244094486
11
9.4827475984251972
21
-2.8982709842519685
0
LINE
8
Edge.Cuts
6
CONTINUOUS
10
9.4827475984251972
20
-2.8982709842519685
11
9.4776820078740158
21
-2.8961208661417324
0
LINE
8
Edge.Cuts
6
CONTINUOUS
10
9.4776820078740158
20
-2.8961208661417324
11
9.4763297637795265
21
-2.8953322834645667
0
LINE
8
Edge.Cuts
6
CONTINUOUS
10
9.4763297637795265
20
-2.8953322834645667
11
9.473391456692914
21
-2.8942512204724409
0
LINE
8
Edge.Cuts
6
CONTINUOUS
10
9.473391456692914
20
-2.8942512204724409
11
9.470309133858267
21
-2.8937022047244092
0
LINE
8
Edge.Cuts
6
CONTINUOUS
10
9.470309133858267
20
-2.8937022047244092
11
9.4687437401574801
21
-2.8937008267716533
0
LINE
8
Edge.Cuts
6
CONTINUOUS
10
9.4687437401574801
20
-2.8937008267716533
11
9.4687436220472438
21
-2.8937007874015745
0
LINE
8
Edge.Cuts
6
CONTINUOUS
10
9.4687436220472438
20
-2.8937007874015745
11
9.4061883858267716
21
-2.8937007874015745
0
LINE
8
Edge.Cuts
6
CONTINUOUS
10
9.4061883858267716
20
-2.8937007874015745
11
9.4046229921259847
21
-2.8937021653543304
0
LINE
8
Edge.Cuts
6
CONTINUOUS
10
9.4046229921259847
20
-2.8937021653543304
11
9.4015406692913377
21
-2.8942511811023621
0
LINE
8
Edge.Cuts
6
CONTINUOUS
10
9.4015406692913377
20
-2.8942511811023621
11
9.3986023622047234
21
-2.895332244094488
0
LINE
8
Edge.Cuts
6
CONTINUOUS
10
9.3986023622047234
20
-2.895332244094488
11
9.3972501181102359
21
-2.8961208267716536
0
LINE
8
Edge.Cuts
6
CONTINUOUS
10
9.3972501181102359
20
-2.8961208267716536
11
9.3921845275590545
21
-2.8982709448818897
0
LINE
8
Edge.Cuts
6
CONTINUOUS
10
9.3921845275590545
20
-2.8982709448818897
11
9.3867405511811022
21
-2.8990747244094486
0
LINE
8
Edge.Cuts
6
CONTINUOUS
10
9.3867405511811022
20
-2.8990747244094486
11
9.3812697637795281
21
-2.8984801968503935
0
LINE
8
Edge.Cuts
6
CONTINUOUS
10
9.3812697637795281
20
-2.8984801968503935
11
9.3761255118110238
21
-2.8965258267716534
0
LINE
8
Edge.Cuts
6
CONTINUOUS
10
9.3761255118110238
20
-2.8965258267716534
11
9.3716400393700781
21
-2.8933377952755905
0
LINE
8
Edge.Cuts
6
CONTINUOUS
10
9.3716400393700781
20
-2.8933377952755905
11
9.3681030314960623
21
-2.8891220078740156
0
LINE
8
Edge.Cuts
6
CONTINUOUS
10
9.3681030314960623
20
-2.8891220078740156
11
9.365742992125984
21
-2.8841507874015746
0
LINE
8
Edge.Cuts
6
CONTINUOUS
10
9.365742992125984
20
-2.8841507874015746
11
9.3647122834645664
21
-2.8787451574803149
0
LINE
8
Edge.Cuts
6
CONTINUOUS
10
9.3647122834645664
20
-2.8787451574803149
11
9.3650774803149606
21
-2.8732542913385828
0
LINE
8
Edge.Cuts
6
CONTINUOUS
10
9.3650774803149606
20
-2.8732542913385828
11
9.3668150787401565
21
-2.8680327952755906
0
LINE
8
Edge.Cuts
6
CONTINUOUS
10
9.3668150787401565
20
-2.8680327952755906
11
9.3673907874015754
21
-2.866836929133858
0
LINE
8
Edge.Cuts
6
CONTINUOUS
10
9.3673907874015754
20
-2.866836929133858
11
9.3681729921259844
21
-2.8643003149606296
0
LINE
8
Edge.Cuts
6
CONTINUOUS
10
9.3681729921259844
20
-2.8643003149606296
11
9.3685685039370075
21
-2.8616754330708662
0
LINE
8
Edge.Cuts
6
CONTINUOUS
10
9.3685685039370075
20
-2.8616754330708662
11
9.3685684645669287
21
-2.8603481889763778
0
LINE
8
Edge.Cuts
6
CONTINUOUS
10
9.3685684645669287
20
-2.8603481889763778
11
9.3685684645669287
21
-2.860348149606299
0
LINE
8
Edge.Cuts
6
CONTINUOUS
10
9.3685684645669287
20
-2.860348149606299
11
9.3685684645669287
21
-2.8050062598425196
0
LINE
8
Edge.Cuts
6
CONTINUOUS
10
9.3685684645669287
20
-2.8050062598425196
11
9.3685685039370075
21
-2.8036790157480316
0
LINE
8
Edge.Cuts
6
CONTINUOUS
10
9.3685685039370075
20
-2.8036790157480316
11
9.3681729921259844
21
-2.8010541338582677
0
LINE
8
Edge.Cuts
6
CONTINUOUS
10
9.3681729921259844
20
-2.8010541338582677
11
9.3673907874015754
21
-2.7985174803149606
0
LINE
8
Edge.Cuts
6
CONTINUOUS
10
9.3673907874015754
20
-2.7985174803149606
11
9.3668150787401565
21
-2.7973216141732284
0
LINE
8
Edge.Cuts
6
CONTINUOUS
10
9.3668150787401565
20
-2.7973216141732284
11
9.3650774803149606
21
-2.792100157480315
0
LINE
8
Edge.Cuts
6
CONTINUOUS
10
9.3650774803149606
20
-2.792100157480315
11
9.3647122440944877
21
-2.7866092913385825
0
LINE
8
Edge.Cuts
6
CONTINUOUS
10
9.3647122440944877
20
-2.7866092913385825
11
9.3657429527559053
21
-2.7812036614173228
0
LINE
8
Edge.Cuts
6
CONTINUOUS
10
9.3657429527559053
20
-2.7812036614173228
11
9.3681029921259835
21
-2.776232401574803
0
LINE
8
Edge.Cuts
6
CONTINUOUS
10
9.3681029921259835
20
-2.776232401574803
11
9.3716399999999993
21
-2.7720166141732281
0
LINE
8
Edge.Cuts
6
CONTINUOUS
10
9.3716399999999993
20
-2.7720166141732281
11
9.3761254724409451
21
-2.7688285826771653
0
LINE
8
Edge.Cuts
6
CONTINUOUS
10
9.3761254724409451
20
-2.7688285826771653
11
9.3812697244094494
21
-2.7668741732283464
0
LINE
8
Edge.Cuts
6
CONTINUOUS
10
9.3812697244094494
20
-2.7668741732283464
11
9.3867405511811022
21
-2.7662796850393701
0
LINE
8
Edge.Cuts
6
CONTINUOUS
10
9.3867405511811022
20
-2.7662796850393701
11
9.3921845275590545
21
-2.7670834251968501
0
LINE
8
Edge.Cuts
6
CONTINUOUS
10
9.3799834645669282
20
-2.771236023622047
11
9.3759802755905515
21
-2.7733737795275588
0
LINE
8
Edge.Cuts
6
CONTINUOUS
10
9.3759802755905515
20
-2.7733737795275588
11
9.3726452362204729
21
-2.7764516535433068
0
LINE
8
Edge.Cuts
6
CONTINUOUS
10
9.3726452362204729
20
-2.7764516535433068
11
9.3701937401574806
21
-2.7802708267716536
0
LINE
8
Edge.Cuts
6
CONTINUOUS
10
9.3701937401574806
20
-2.7802708267716536
11
9.368784173228347
21
-2.7845846062992123
0
LINE
8
Edge.Cuts
6
CONTINUOUS
10
9.368784173228347
20
-2.7845846062992123
11
9.3685075196850391
21
-2.7891144094488189
0
LINE
8
Edge.Cuts
6
CONTINUOUS
10
9.3685075196850391
20
-2.7891144094488189
11
9.369381692913386
21
-2.7935676771653544
0
LINE
8
Edge.Cuts
6
CONTINUOUS
10
9.369381692913386
20
-2.7935676771653544
11
9.370362362204725
21
-2.7956138188976376
0
LINE
8
Edge.Cuts
6
CONTINUOUS
10
9.370362362204725
20
-2.7956138188976376
11
9.3703624015748037
21
-2.7956138976377951
0
LINE
8
Edge.Cuts
6
CONTINUOUS
10
9.3703624015748037
20
-2.7956138976377951
11
9.3715440551181093
21
-2.7986257086614175
0
LINE
8
Edge.Cuts
6
CONTINUOUS
10
9.3715440551181093
20
-2.7986257086614175
11
9.3722637795275592
21
-2.8017799606299212
0
LINE
8
Edge.Cuts
6
CONTINUOUS
10
9.3722637795275592
20
-2.8017799606299212
11
9.3725054724409453
21
-2.8050062598425196
0
LINE
8
Edge.Cuts
6
CONTINUOUS
10
9.3725054724409453
20
-2.8050062598425196
11
9.3725054724409453
21
-2.860348149606299
0
LINE
8
Edge.Cuts
6
CONTINUOUS
10
9.3725054724409453
20
-2.860348149606299
11
9.3725054724409453
21
-2.8603481889763778
0
LINE
8
Edge.Cuts
6
CONTINUOUS
10
9.3725054724409453
20
-2.8603481889763778
11
9.3722637795275592
21
-2.8635744488188974
0
LINE
8
Edge.Cuts
6
CONTINUOUS
10
9.3722637795275592
20
-2.8635744488188974
11
9.3715440551181093
21
-2.8667287007874016
0
LINE
8
Edge.Cuts
6
CONTINUOUS
10
9.3715440551181093
20
-2.8667287007874016
11
9.3703624015748037
21
-2.8697405118110235
0
LINE
8
Edge.Cuts
6
CONTINUOUS
10
9.3703624015748037
20
-2.8697405118110235
11
9.369381692913386
21
-2.8717867716535435
0
LINE
8
Edge.Cuts
6
CONTINUOUS
10
9.369381692913386
20
-2.8717867716535435
11
9.3685075590551179
21
-2.8762400000000001
0
LINE
8
Edge.Cuts
6
CONTINUOUS
10
9.3685075590551179
20
-2.8762400000000001
11
9.3687842125984258
21
-2.8807698031496063
0
LINE
8
Edge.Cuts
6
CONTINUOUS
10
9.3687842125984258
20
-2.8807698031496063
11
9.3701937795275594
21
-2.8850836220472442
0
LINE
8
Edge.Cuts
6
CONTINUOUS
10
9.3701937795275594
20
-2.8850836220472442
11
9.3726452755905516
21
-2.8889027559055118
0
LINE
8
Edge.Cuts
6
CONTINUOUS
10
9.3726452755905516
20
-2.8889027559055118
11
9.3759803149606302
21
-2.8919806299212598
0
LINE
8
Edge.Cuts
6
CONTINUOUS
10
9.3759803149606302
20
-2.8919806299212598
11
9.379983503937007
21
-2.8941183858267716
0
LINE
8
Edge.Cuts
6
CONTINUOUS
10
9.379983503937007
20
-2.8941183858267716
11
9.3843962992125984
21
-2.8951779921259844
0
LINE
8
Edge.Cuts
6
CONTINUOUS
10
9.3843962992125984
20
-2.8951779921259844
11
9.3889337401574799
21
-2.8950909842519685
0
LINE
8
Edge.Cuts
6
CONTINUOUS
10
9.3889337401574799
20
-2.8950909842519685
11
9.3933026771653534
21
-2.8938630314960627
0
LINE
8
Edge.Cuts
6
CONTINUOUS
10
9.3933026771653534
20
-2.8938630314960627
11
9.3952638188976376
21
-2.8927216141732282
0
LINE
8
Edge.Cuts
6
CONTINUOUS
10
9.3952638188976376
20
-2.8927216141732282
11
9.3987116535433071
21
-2.8910955511811025
0
LINE
8
Edge.Cuts
6
CONTINUOUS
10
9.3987116535433071
20
-2.8910955511811025
11
9.4023911811023613
21
-2.8900993307086615
0
LINE
8
Edge.Cuts
6
CONTINUOUS
10
9.4023911811023613
20
-2.8900993307086615
11
9.4061883858267716
21
-2.8897637795275588
0
LINE
8
Edge.Cuts
6
CONTINUOUS
10
9.4061883858267716
20
-2.8897637795275588
11
9.4687437007874014
21
-2.8897637795275588
0
LINE
8
Edge.Cuts
6
CONTINUOUS
10
9.4687437007874014
20
-2.8897637795275588
11
9.4687440157480314
21
-2.8897638188976376
0
LINE
8
Edge.Cuts
6
CONTINUOUS
10
9.4687440157480314
20
-2.8897638188976376
11
9.4725409448818887
21
-2.8900993700787403
0
LINE
8
Edge.Cuts
6
CONTINUOUS
10
9.4725409448818887
20
-2.8900993700787403
11
9.4762204724409447
21
-2.8910955905511808
0
LINE
8
Edge.Cuts
6
CONTINUOUS
10
9.4762204724409447
20
-2.8910955905511808
11
9.4796683070866141
21
-2.8927216535433069
0
LINE
8
Edge.Cuts
6
CONTINUOUS
10
9.4796683070866141
20
-2.8927216535433069
11
9.4816294488188966
21
-2.8938630708661415
0
LINE
8
Edge.Cuts
6
CONTINUOUS
10
9.4816294488188966
20
-2.8938630708661415
11
9.4859984251968505
21
-2.8950910236220473
0
LINE
8
Edge.Cuts
6
CONTINUOUS
10
9.4859984251968505
20
-2.8950910236220473
11
9.4905358267716533
21
-2.8951780314960631
0
LINE
8
Edge.Cuts
6
CONTINUOUS
10
9.4905358267716533
20
-2.8951780314960631
11
9.494948622047243
21
-2.8941184251968504
0
LINE
8
Edge.Cuts
6
CONTINUOUS
10
9.494948622047243
20
-2.8941184251968504
11
9.4989518503937003
21
-2.8919806299212598
0
LINE
8
Edge.Cuts
6
CONTINUOUS
10
9.4989518503937003
20
-2.8919806299212598
11
9.5022868897637789
21
-2.8889027952755906
0
LINE
8
Edge.Cuts
6
CONTINUOUS
10
9.5022868897637789
20
-2.8889027952755906
11
9.5047383464566924
21
-2.8850836220472442
0
LINE
8
Edge.Cuts
6
CONTINUOUS
10
9.5047383464566924
20
-2.8850836220472442
11
9.5061479527559047
21
-2.880769842519685
0
LINE
8
Edge.Cuts
6
CONTINUOUS
10
9.5061479527559047
20
-2.880769842519685
11
9.5064245669291338
21
-2.8762400393700789
0
LINE
8
Edge.Cuts
6
CONTINUOUS
10
9.5064245669291338
20
-2.8762400393700789
11
9.5055504330708658
21
-2.8717867716535435
0
LINE
8
Edge.Cuts
6
CONTINUOUS
10
9.5055504330708658
20
-2.8717867716535435
11
9.504569724409448
21
-2.8697405118110235
0
LINE
8
Edge.Cuts
6
CONTINUOUS
10
9.504569724409448
20
-2.8697405118110235
11
9.5033880314960619
21
-2.8667287007874016
0
LINE
8
Edge.Cuts
6
CONTINUOUS
10
9.5033880314960619
20
-2.8667287007874016
11
9.5026683070866138
21
-2.8635744094488187
0
LINE
8
Edge.Cuts
6
CONTINUOUS
10
9.5026683070866138
20
-2.8635744094488187
11
9.5024266535433064
21
-2.8603481102362203
0
LINE
8
Edge.Cuts
6
CONTINUOUS
10
9.5024266535433064
20
-2.8603481102362203
11
9.5024266535433064
21
-2.8050062598425196
0
LINE
8
Edge.Cuts
6
CONTINUOUS
10
9.5024266535433064
20
-2.8050062598425196
11
9.5024266929133852
21
-2.8050060236220471
0
LINE
8
Edge.Cuts
6
CONTINUOUS
10
9.5024266929133852
20
-2.8050060236220471
11
9.5024266535433064
21
-2.8050059055118108
0
LINE
8
Edge.Cuts
6
CONTINUOUS
10
9.5024266535433064
20
-2.8050059055118108
11
9.5026687007874013
21
-2.8017798818897637
0
LINE
8
Edge.Cuts
6
CONTINUOUS
10
9.5026687007874013
20
-2.8017798818897637
11
9.5033883464566919
21
-2.7986259055118108
0
LINE
8
Edge.Cuts
6
CONTINUOUS
10
9.5033883464566919
20
-2.7986259055118108
11
9.504569566929133
21
-2.7956142125984251
0
LINE
8
Edge.Cuts
6
CONTINUOUS
10
9.504569566929133
20
-2.7956142125984251
11
9.5045696456692905
21
-2.7956140944881889
0
LINE
8
Edge.Cuts
6
CONTINUOUS
10
9.5045696456692905
20
-2.7956140944881889
11
9.5045696850393693
21
-2.7956138976377951
0
LINE
8
Edge.Cuts
6
CONTINUOUS
10
9.5045696850393693
20
-2.7956138976377951
11
9.505550393700787
21
-2.7935676771653544
0
LINE
8
Edge.Cuts
6
CONTINUOUS
10
9.505550393700787
20
-2.7935676771653544
11
9.5064245669291338
21
-2.7891144094488189
0
LINE
8
Edge.Cuts
6
CONTINUOUS
10
9.5064245669291338
20
-2.7891144094488189
11
9.5061478740157472
21
-2.7845846062992123
0
LINE
8
Edge.Cuts
6
CONTINUOUS
10
9.5061478740157472
20
-2.7845846062992123
11
9.5047383070866136
21
-2.7802708267716536
0
LINE
8
Edge.Cuts
6
CONTINUOUS
10
9.5047383070866136
20
-2.7802708267716536
11
9.5022868110236214
21
-2.7764516929133856
0
LINE
8
Edge.Cuts
6
CONTINUOUS
10
9.5022868110236214
20
-2.7764516929133856
11
9.4989518110236215
21
-2.7733738582677163
0
LINE
8
Edge.Cuts
6
CONTINUOUS
10
9.4989518110236215
20
-2.7733738582677163
11
9.494948582677166
21
-2.7712361023622045
0
LINE
8
Edge.Cuts
6
CONTINUOUS
10
9.494948582677166
20
-2.7712361023622045
11
9.4905357874015746
21
-2.7701764960629922
0
LINE
8
Edge.Cuts
6
CONTINUOUS
10
9.4905357874015746
20
-2.7701764960629922
11
9.4859983858267718
21
-2.7702634645669293
0
LINE
8
Edge.Cuts
6
CONTINUOUS
10
9.4859983858267718
20
-2.7702634645669293
11
9.4816294488188966
21
-2.7714914173228347
0
LINE
8
Edge.Cuts
6
CONTINUOUS
10
9.4816294488188966
20
-2.7714914173228347
11
9.4796683070866141
21
-2.7726328346456692
0
LINE
8
Edge.Cuts
6
CONTINUOUS
10
9.4796683070866141
20
-2.7726328346456692
11
9.4796679133858266
21
-2.7726329133858267
0
LINE
8
Edge.Cuts
6
CONTINUOUS
10
9.4796679133858266
20
-2.7726329133858267
11
9.4762204330708659
21
-2.7742588188976378
0
LINE
8
Edge.Cuts
6
CONTINUOUS
10
9.4762204330708659
20
-2.7742588188976378
11
9.4725409055118099
21
-2.7752550393700788
0
LINE
8
Edge.Cuts
6
CONTINUOUS
10
9.4725409055118099
20
-2.7752550393700788
11
9.4687437007874014
21
-2.7755905905511811
0
LINE
8
Edge.Cuts
6
CONTINUOUS
10
9.4687437007874014
20
-2.7755905905511811
11
9.4061884251968504
21
-2.7755905905511811
0
LINE
8
Edge.Cuts
6
CONTINUOUS
10
9.4061884251968504
20
-2.7755905905511811
11
9.4023911811023613
21
-2.7752550393700788
0
LINE
8
Edge.Cuts
6
CONTINUOUS
10
9.4023911811023613
20
-2.7752550393700788
11
9.3987116535433071
21
-2.7742588188976378
0
LINE
8
Edge.Cuts
6
CONTINUOUS
10
9.3987116535433071
20
-2.7742588188976378
11
9.3952638188976376
21
-2.7726327559055117
0
LINE
8
Edge.Cuts
6
CONTINUOUS
10
9.3952638188976376
20
-2.7726327559055117
11
9.3933026771653534
21
-2.7714913385826772
0
LINE
8
Edge.Cuts
6
CONTINUOUS
10
9.3933026771653534
20
-2.7714913385826772
11
9.3889337007874012
21
-2.7702633858267718
0
LINE
8
Edge.Cuts
6
CONTINUOUS
10
9.3889337007874012
20
-2.7702633858267718
11
9.3843962992125984
21
-2.770176377952756
0
LINE
8
Edge.Cuts
6
CONTINUOUS
10
9.3843962992125984
20
-2.770176377952756
11
9.3799834645669282
21
-2.771236023622047
0
LINE
8
Edge.Cuts
6
CONTINUOUS
10
6.1187178346456692
20
-2.3265250393700785
11
6.1274051181102358
21
-2.3292047244094487
0
LINE
8
Edge.Cuts
6
CONTINUOUS
10
6.1274051181102358
20
-2.3292047244094487
11
6.1355959842519683
21
-2.333149251968504
0
LINE
8
Edge.Cuts
6
CONTINUOUS
10
6.1355959842519683
20
-2.333149251968504
11
6.1431074803149608
21
-2.3382704724409447
0
LINE
8
Edge.Cuts
6
CONTINUOUS
10
6.1431074803149608
20
-2.3382704724409447
11
6.1497717716535432
21
-2.3444540551181103
0
LINE
8
Edge.Cuts
6
CONTINUOUS
10
6.1497717716535432
20
-2.3444540551181103
11
6.1554400393700783
21
-2.3515618503937006
0
LINE
8
Edge.Cuts
6
CONTINUOUS
10
6.1554400393700783
20
-2.3515618503937006
11
6.1599856299212599
21
-2.3594350393700787
0
LINE
8
Edge.Cuts
6
CONTINUOUS
10
6.1599856299212599
20
-2.3594350393700787
11
6.1633070078740158
21
-2.3678977559055117
0
LINE
8
Edge.Cuts
6
CONTINUOUS
10
6.1633070078740158
20
-2.3678977559055117
11
6.16533
21
-2.3767610236220471
0
LINE
8
Edge.Cuts
6
CONTINUOUS
10
6.16533
20
-2.3767610236220471
11
6.1660093307086612
21
-2.3858264173228347
0
LINE
8
Edge.Cuts
6
CONTINUOUS
10
6.1660093307086612
20
-2.3858264173228347
11
6.1660093700787399
21
-2.3858265748031497
0
LINE
8
Edge.Cuts
6
CONTINUOUS
10
6.1660093700787399
20
-2.3858265748031497
11
6.1660414960629923
21
-2.5393698818897636
0
LINE
8
Edge.Cuts
6
CONTINUOUS
10
6.1660414960629923
20
-2.5393698818897636
11
6.1660414566929136
21
-2.5393699999999999
0
LINE
8
Edge.Cuts
6
CONTINUOUS
10
6.1660414566929136
20
-2.5393699999999999
11
6.1660414960629923
21
-2.5393700787401574
0
LINE
8
Edge.Cuts
6
CONTINUOUS
10
6.1660414960629923
20
-2.5393700787401574
11
6.1653573622047242
21
-2.5484992913385827
0
LINE
8
Edge.Cuts
6
CONTINUOUS
10
6.1653573622047242
20
-2.5484992913385827
11
6.1633201968503935
21
-2.5574246062992128
0
LINE
8
Edge.Cuts
6
CONTINUOUS
10
6.1633201968503935
20
-2.5574246062992128
11
6.1599755905511806
21
-2.5659465748031494
0
LINE
8
Edge.Cuts
6
CONTINUOUS
10
6.1599755905511806
20
-2.5659465748031494
11
6.1553981889763776
21
-2.5738748818897639
0
LINE
8
Edge.Cuts
6
CONTINUOUS
10
6.1553981889763776
20
-2.5738748818897639
11
6.1496902362204722
21
-2.5810324409448819
0
LINE
8
Edge.Cuts
6
CONTINUOUS
10
6.1496902362204722
20
-2.5810324409448819
11
6.1429792519685034
21
-2.5872592913385826
0
LINE
8
Edge.Cuts
6
CONTINUOUS
10
6.1429792519685034
20
-2.5872592913385826
11
6.1354151968503938
21
-2.5924163779527558
0
LINE
8
Edge.Cuts
6
CONTINUOUS
10
6.1354151968503938
20
-2.5924163779527558
11
6.1271669685039365
21
-2.5963885039370078
0
LINE
8
Edge.Cuts
6
CONTINUOUS
10
6.1271669685039365
20
-2.5963885039370078
11
6.1184188976377953
21
-2.5990869291338581
0
LINE
8
Edge.Cuts
6
CONTINUOUS
10
6.1184188976377953
20
-2.5990869291338581
11
6.1093662992125983
21
-2.6004514173228346
0
LINE
8
Edge.Cuts
6
CONTINUOUS
10
6.1093662992125983
20
-2.6004514173228346
11
6.1002114960629923
21
-2.6004514173228346
0
LINE
8
Edge.Cuts
6
CONTINUOUS
10
6.1002114960629923
20
-2.6004514173228346
11
6.0911588976377953
21
-2.5990869291338581
0
LINE
8
Edge.Cuts
6
CONTINUOUS
10
6.0911588976377953
20
-2.5990869291338581
11
6.0824108267716532
21
-2.5963885039370078
0
LINE
8
Edge.Cuts
6
CONTINUOUS
10
6.0824108267716532
20
-2.5963885039370078
11
6.0741625984251968
21
-2.5924163779527558
0
LINE
8
Edge.Cuts
6
CONTINUOUS
10
6.0741625984251968
20
-2.5924163779527558
11
6.0665985433070864
21
-2.5872592913385826
0
LINE
8
Edge.Cuts
6
CONTINUOUS
10
6.0665985433070864
20
-2.5872592913385826
11
6.0598875590551176
21
-2.5810324409448819
0
LINE
8
Edge.Cuts
6
CONTINUOUS
10
6.0598875590551176
20
-2.5810324409448819
11
6.0541796062992121
21
-2.5738748818897639
0
LINE
8
Edge.Cuts
6
CONTINUOUS
10
6.0541796062992121
20
-2.5738748818897639
11
6.0496022047244091
21
-2.5659465748031494
0
LINE
8
Edge.Cuts
6
CONTINUOUS
10
6.0496022047244091
20
-2.5659465748031494
11
6.0462575984251963
21
-2.5574246062992128
0
LINE
8
Edge.Cuts
6
CONTINUOUS
10
6.0462575984251963
20
-2.5574246062992128
11
6.0442204330708664
21
-2.5484992913385827
0
LINE
8
Edge.Cuts
6
CONTINUOUS
10
6.0442204330708664
20
-2.5484992913385827
11
6.0435362992125983
21
-2.5393700787401574
0
LINE
8
Edge.Cuts
6
CONTINUOUS
10
6.0435362992125983
20
-2.5393700787401574
11
6.0435369291338583
21
-2.5393681102362202
0
LINE
8
Edge.Cuts
6
CONTINUOUS
10
6.0435369291338583
20
-2.5393681102362202
11
6.0435362992125983
21
-2.5393648425196851
0
LINE
8
Edge.Cuts
6
CONTINUOUS
10
6.0435362992125983
20
-2.5393648425196851
11
6.0443558267716533
21
-2.385821496062992
0
LINE
8
Edge.Cuts
6
CONTINUOUS
10
6.0443558267716533
20
-2.385821496062992
11
6.0443564173228346
21
-2.3858184251968502
0
LINE
8
Edge.Cuts
6
CONTINUOUS
10
6.0443564173228346
20
-2.3858184251968502
11
6.0450351968503933
21
-2.3767610236220471
0
LINE
8
Edge.Cuts
6
CONTINUOUS
10
6.0450351968503933
20
-2.3767610236220471
11
6.0470581889763775
21
-2.3678977559055117
0
LINE
8
Edge.Cuts
6
CONTINUOUS
10
6.0470581889763775
20
-2.3678977559055117
11
6.0503795669291334
21
-2.3594350393700787
0
LINE
8
Edge.Cuts
6
CONTINUOUS
10
6.0503795669291334
20
-2.3594350393700787
11
6.0549251574803149
21
-2.3515618503937006
0
LINE
8
Edge.Cuts
6
CONTINUOUS
10
6.0549251574803149
20
-2.3515618503937006
11
6.0605934251968501
21
-2.3444540551181103
0
LINE
8
Edge.Cuts
6
CONTINUOUS
10
6.0605934251968501
20
-2.3444540551181103
11
6.0672577165354333
21
-2.3382704724409447
0
LINE
8
Edge.Cuts
6
CONTINUOUS
10
6.0672577165354333
20
-2.3382704724409447
11
6.074769212598425
21
-2.333149251968504
0
LINE
8
Edge.Cuts
6
CONTINUOUS
10
6.074769212598425
20
-2.333149251968504
11
6.0829600787401574
21
-2.3292047244094487
0
LINE
8
Edge.Cuts
6
CONTINUOUS
10
6.0829600787401574
20
-2.3292047244094487
11
6.091647362204724
21
-2.3265250393700785
0
LINE
8
Edge.Cuts
6
CONTINUOUS
10
6.091647362204724
20
-2.3265250393700785
11
6.100637007874016
21
-2.3251700787401575
0
LINE
8
Edge.Cuts
6
CONTINUOUS
10
6.100637007874016
20
-2.3251700787401575
11
6.1097281889763781
21
-2.3251700787401575
0
LINE
8
Edge.Cuts
6
CONTINUOUS
10
6.1097281889763781
20
-2.3251700787401575
11
6.1187178346456692
21
-2.3265250393700785
0
LINE
8
Edge.Cuts
6
CONTINUOUS
10
6.0913999212598426
20
-2.3284177952755907
11
6.0825888582677168
21
-2.3312806692913384
0
LINE
8
Edge.Cuts
6
CONTINUOUS
10
6.0825888582677168
20
-2.3312806692913384
11
6.0743341338582679
21
-2.335486653543307
0
LINE
8
Edge.Cuts
6
CONTINUOUS
10
6.0743341338582679
20
-2.335486653543307
11
6.0668390157480312
21
-2.3409322047244094
0
LINE
8
Edge.Cuts
6
CONTINUOUS
10
6.0668390157480312
20
-2.3409322047244094
11
6.0602880314960625
21
-2.3474831889763781
0
LINE
8
Edge.Cuts
6
CONTINUOUS
10
6.0602880314960625
20
-2.3474831889763781
11
6.0548424803149601
21
-2.3549783070866139
0
LINE
8
Edge.Cuts
6
CONTINUOUS
10
6.0548424803149601
20
-2.3549783070866139
11
6.0506364960629924
21
-2.3632330314960628
0
LINE
8
Edge.Cuts
6
CONTINUOUS
10
6.0506364960629924
20
-2.3632330314960628
11
6.0477736220472442
21
-2.3720440944881891
0
LINE
8
Edge.Cuts
6
CONTINUOUS
10
6.0477736220472442
20
-2.3720440944881891
11
6.0463243307086616
21
-2.3811945275590549
0
LINE
8
Edge.Cuts
6
CONTINUOUS
10
6.0463243307086616
20
-2.3811945275590549
11
6.0463243307086616
21
-2.3858267716535431
0
LINE
8
Edge.Cuts
6
CONTINUOUS
10
6.0463243307086616
20
-2.3858267716535431
11
6.0463236614173228
21
-2.3858287007874015
0
LINE
8
Edge.Cuts
6
CONTINUOUS
10
6.0463236614173228
20
-2.3858287007874015
11
6.0463243307086616
21
-2.3858320078740158
0
LINE
8
Edge.Cuts
6
CONTINUOUS
10
6.0463243307086616
20
-2.3858320078740158
11
6.0455048031496066
21
-2.5393753149606297
0
LINE
8
Edge.Cuts
6
CONTINUOUS
10
6.0455048031496066
20
-2.5393753149606297
11
6.0455048031496066
21
-2.5440358267716534
0
LINE
8
Edge.Cuts
6
CONTINUOUS
10
6.0455048031496066
20
-2.5440358267716534
11
6.0469645669291339
21
-2.5532524803149608
0
LINE
8
Edge.Cuts
6
CONTINUOUS
10
6.0469645669291339
20
-2.5532524803149608
11
6.0498481889763775
21
-2.5621272834645668
0
LINE
8
Edge.Cuts
6
CONTINUOUS
10
6.0498481889763775
20
-2.5621272834645668
11
6.0540846062992122
21
-2.570441692913386
0
LINE
8
Edge.Cuts
6
CONTINUOUS
10
6.0540846062992122
20
-2.570441692913386
11
6.0595695275590549
21
-2.5779910629921261
0
LINE
8
Edge.Cuts
6
CONTINUOUS
10
6.0595695275590549
20
-2.5779910629921261
11
6.0661679133858266
21
-2.5845894488188974
0
LINE
8
Edge.Cuts
6
CONTINUOUS
10
6.0661679133858266
20
-2.5845894488188974
11
6.0737172834645667
21
-2.5900743700787401
0
LINE
8
Edge.Cuts
6
CONTINUOUS
10
6.0737172834645667
20
-2.5900743700787401
11
6.082031692913386
21
-2.5943107874015747
0
LINE
8
Edge.Cuts
6
CONTINUOUS
10
6.082031692913386
20
-2.5943107874015747
11
6.0909064960629919
21
-2.5971944094488189
0
LINE
8
Edge.Cuts
6
CONTINUOUS
10
6.0909064960629919
20
-2.5971944094488189
11
6.1001231496062989
21
-2.5986541732283466
0
LINE
8
Edge.Cuts
6
CONTINUOUS
10
6.1001231496062989
20
-2.5986541732283466
11
6.1094546456692909
21
-2.5986541732283466
0
LINE
8
Edge.Cuts
6
CONTINUOUS
10
6.1094546456692909
20
-2.5986541732283466
11
6.1186712992125987
21
-2.5971944094488189
0
LINE
8
Edge.Cuts
6
CONTINUOUS
10
6.1186712992125987
20
-2.5971944094488189
11
6.1275461023622046
21
-2.5943107874015747
0
LINE
8
Edge.Cuts
6
CONTINUOUS
10
6.1275461023622046
20
-2.5943107874015747
11
6.1358605118110239
21
-2.5900743700787401
0
LINE
8
Edge.Cuts
6
CONTINUOUS
10
6.1358605118110239
20
-2.5900743700787401
11
6.143409881889764
21
-2.5845894488188974
0
LINE
8
Edge.Cuts
6
CONTINUOUS
10
6.143409881889764
20
-2.5845894488188974
11
6.1500082677165349
21
-2.5779910629921261
0
LINE
8
Edge.Cuts
6
CONTINUOUS
10
6.1500082677165349
20
-2.5779910629921261
11
6.1554931889763775
21
-2.570441692913386
0
LINE
8
Edge.Cuts
6
CONTINUOUS
10
6.1554931889763775
20
-2.570441692913386
11
6.1597296062992122
21
-2.5621272834645668
0
LINE
8
Edge.Cuts
6
CONTINUOUS
10
6.1597296062992122
20
-2.5621272834645668
11
6.1626132283464568
21
-2.5532524803149608
0
LINE
8
Edge.Cuts
6
CONTINUOUS
10
6.1626132283464568
20
-2.5532524803149608
11
6.164072992125984
21
-2.5440358267716534
0
LINE
8
Edge.Cuts
6
CONTINUOUS
10
6.164072992125984
20
-2.5440358267716534
11
6.164072992125984
21
-2.5393700787401574
0
LINE
8
Edge.Cuts
6
CONTINUOUS
10
6.164072992125984
20
-2.5393700787401574
11
6.1640408661417325
21
-2.3858269685039368
0
LINE
8
Edge.Cuts
6
CONTINUOUS
10
6.1640408661417325
20
-2.3858269685039368
11
6.1640408661417325
21
-2.3858268110236218
0
LINE
8
Edge.Cuts
6
CONTINUOUS
10
6.1640408661417325
20
-2.3858268110236218
11
6.1640408661417325
21
-2.3858267716535431
0
LINE
8
Edge.Cuts
6
CONTINUOUS
10
6.1640408661417325
20
-2.3858267716535431
11
6.1640408661417325
21
-2.3811945275590549
0
LINE
8
Edge.Cuts
6
CONTINUOUS
10
6.1640408661417325
20
-2.3811945275590549
11
6.1625915748031499
21
-2.3720440944881891
0
LINE
8
Edge.Cuts
6
CONTINUOUS
10
6.1625915748031499
20
-2.3720440944881891
11
6.1597287007874018
21
-2.3632330314960628
0
LINE
8
Edge.Cuts
6
CONTINUOUS
10
6.1597287007874018
20
-2.3632330314960628
11
6.1555227165354331
21
-2.3549783070866139
0
LINE
8
Edge.Cuts
6
CONTINUOUS
10
6.1555227165354331
20
-2.3549783070866139
11
6.1500771653543307
21
-2.3474831889763781
0
LINE
8
Edge.Cuts
6
CONTINUOUS
10
6.1500771653543307
20
-2.3474831889763781
11
6.143526181102362
21
-2.3409322047244094
0
LINE
8
Edge.Cuts
6
CONTINUOUS
10
6.143526181102362
20
-2.3409322047244094
11
6.1360310629921262
21
-2.335486653543307
0
LINE
8
Edge.Cuts
6
CONTINUOUS
10
6.1360310629921262
20
-2.335486653543307
11
6.1277763385826773
21
-2.3312806692913384
0
LINE
8
Edge.Cuts
6
CONTINUOUS
10
6.1277763385826773
20
-2.3312806692913384
11
6.1189652755905515
21
-2.3284177952755907
0
LINE
8
Edge.Cuts
6
CONTINUOUS
10
6.1189652755905515
20
-2.3284177952755907
11
6.1098148425196852
21
-2.3269685039370076
0
LINE
8
Edge.Cuts
6
CONTINUOUS
10
6.1098148425196852
20
-2.3269685039370076
11
6.1005503543307089
21
-2.3269685039370076
0
LINE
8
Edge.Cuts
6
CONTINUOUS
10
6.1005503543307089
20
-2.3269685039370076
11
6.0913999212598426
21
-2.3284177952755907
0
LINE
8
Edge.Cuts
6
CONTINUOUS
10
0.5975993700787401
20
-2.3034883070866141
11
0.6027436220472441
21
-2.3054426771653542
0
LINE
8
Edge.Cuts
6
CONTINUOUS
10
0.6027436220472441
20
-2.3054426771653542
11
0.607229094488189
21
-2.3086307086614171
0
LINE
8
Edge.Cuts
6
CONTINUOUS
10
0.607229094488189
20
-2.3086307086614171
11
0.6107661023622047
21
-2.312846496062992
0
LINE
8
Edge.Cuts
6
CONTINUOUS
10
0.6107661023622047
20
-2.312846496062992
11
0.6131261417322834
21
-2.317817716535433
0
LINE
8
Edge.Cuts
6
CONTINUOUS
10
0.6131261417322834
20
-2.317817716535433
11
0.6141568503937008
21
-2.3232233464566927
0
LINE
8
Edge.Cuts
6
CONTINUOUS
10
0.6141568503937008
20
-2.3232233464566927
11
0.6137916535433071
21
-2.3287142125984253
0
LINE
8
Edge.Cuts
6
CONTINUOUS
10
0.6137916535433071
20
-2.3287142125984253
11
0.6120540551181102
21
-2.3339357086614174
0
LINE
8
Edge.Cuts
6
CONTINUOUS
10
0.6120540551181102
20
-2.3339357086614174
11
0.6114783464566929
21
-2.3351315748031496
0
LINE
8
Edge.Cuts
6
CONTINUOUS
10
0.6114783464566929
20
-2.3351315748031496
11
0.6106961417322835
21
-2.337668188976378
0
LINE
8
Edge.Cuts
6
CONTINUOUS
10
0.6106961417322835
20
-2.337668188976378
11
0.6103006299212598
21
-2.3402930708661418
0
LINE
8
Edge.Cuts
6
CONTINUOUS
10
0.6103006299212598
20
-2.3402930708661418
11
0.6103006692913385
21
-2.3416203149606298
0
LINE
8
Edge.Cuts
6
CONTINUOUS
10
0.6103006692913385
20
-2.3416203149606298
11
0.6103006692913385
21
-2.3416203543307086
0
LINE
8
Edge.Cuts
6
CONTINUOUS
10
0.6103006692913385
20
-2.3416203543307086
11
0.6103006692913385
21
-2.396962244094488
0
LINE
8
Edge.Cuts
6
CONTINUOUS
10
0.6103006692913385
20
-2.396962244094488
11
0.6103006299212598
21
-2.3982894881889765
0
LINE
8
Edge.Cuts
6
CONTINUOUS
10
0.6103006299212598
20
-2.3982894881889765
11
0.6106961417322835
21
-2.4009143700787403
0
LINE
8
Edge.Cuts
6
CONTINUOUS
10
0.6106961417322835
20
-2.4009143700787403
11
0.6114783464566929
21
-2.403451023622047
0
LINE
8
Edge.Cuts
6
CONTINUOUS
10
0.6114783464566929
20
-2.403451023622047
11
0.6120540157480315
21
-2.4046467716535433
0
LINE
8
Edge.Cuts
6
CONTINUOUS
10
0.6120540157480315
20
-2.4046467716535433
11
0.6120540551181102
21
-2.4046468503937009
0
LINE
8
Edge.Cuts
6
CONTINUOUS
10
0.6120540551181102
20
-2.4046468503937009
11
0.6137916535433071
21
-2.409868346456693
0
LINE
8
Edge.Cuts
6
CONTINUOUS
10
0.6137916535433071
20
-2.409868346456693
11
0.6141568897637795
21
-2.4153592125984251
0
LINE
8
Edge.Cuts
6
CONTINUOUS
10
0.6141568897637795
20
-2.4153592125984251
11
0.6131261811023622
21
-2.4207648425196848
0
LINE
8
Edge.Cuts
6
CONTINUOUS
10
0.6131261811023622
20
-2.4207648425196848
11
0.6107661417322835
21
-2.4257361023622046
0
LINE
8
Edge.Cuts
6
CONTINUOUS
10
0.6107661417322835
20
-2.4257361023622046
11
0.6072291338582677
21
-2.4299518897637795
0
LINE
8
Edge.Cuts
6
CONTINUOUS
10
0.6072291338582677
20
-2.4299518897637795
11
0.6027436614173228
21
-2.4331399212598424
0
LINE
8
Edge.Cuts
6
CONTINUOUS
10
0.6027436614173228
20
-2.4331399212598424
11
0.5975994094488188
21
-2.4350943307086612
0
LINE
8
Edge.Cuts
6
CONTINUOUS
10
0.5975994094488188
20
-2.4350943307086612
11
0.5921285826771654
21
-2.4356888188976376
0
LINE
8
Edge.Cuts
6
CONTINUOUS
10
0.5921285826771654
20
-2.4356888188976376
11
0.5866846062992126
21
-2.4348850787401575
0
LINE
8
Edge.Cuts
6
CONTINUOUS
10
0.5866846062992126
20
-2.4348850787401575
11
0.5816190157480314
21
-2.4327349606299213
0
LINE
8
Edge.Cuts
6
CONTINUOUS
10
0.5816190157480314
20
-2.4327349606299213
11
0.5802667716535433
21
-2.4319463779527557
0
LINE
8
Edge.Cuts
6
CONTINUOUS
10
0.5802667716535433
20
-2.4319463779527557
11
0.5773284645669291
21
-2.4308653149606299
0
LINE
8
Edge.Cuts
6
CONTINUOUS
10
0.5773284645669291
20
-2.4308653149606299
11
0.5742461417322835
21
-2.4303162598425194
0
LINE
8
Edge.Cuts
6
CONTINUOUS
10
0.5742461417322835
20
-2.4303162598425194
11
0.5726807086614173
21
-2.4303149212598423
0
LINE
8
Edge.Cuts
6
CONTINUOUS
10
0.5726807086614173
20
-2.4303149212598423
11
0.5101254330708661
21
-2.4303149212598423
0
LINE
8
Edge.Cuts
6
CONTINUOUS
10
0.5101254330708661
20
-2.4303149212598423
11
0.5085600393700788
21
-2.4303162992125982
0
LINE
8
Edge.Cuts
6
CONTINUOUS
10
0.5085600393700788
20
-2.4303162992125982
11
0.5054777165354331
21
-2.4308653149606299
0
LINE
8
Edge.Cuts
6
CONTINUOUS
10
0.5054777165354331
20
-2.4308653149606299
11
0.5025394094488189
21
-2.4319463779527557
0
LINE
8
Edge.Cuts
6
CONTINUOUS
10
0.5025394094488189
20
-2.4319463779527557
11
0.5011871653543307
21
-2.4327349606299213
0
LINE
8
Edge.Cuts
6
CONTINUOUS
10
0.5011871653543307
20
-2.4327349606299213
11
0.5011866929133858
21
-2.4327350393700788
0
LINE
8
Edge.Cuts
6
CONTINUOUS
10
0.5011866929133858
20
-2.4327350393700788
11
0.4961215354330709
21
-2.434885
0
LINE
8
Edge.Cuts
6
CONTINUOUS
10
0.4961215354330709
20
-2.434885
11
0.4906775590551181
21
-2.43568874015748
0
LINE
8
Edge.Cuts
6
CONTINUOUS
10
0.4906775590551181
20
-2.43568874015748
11
0.4852067716535433
21
-2.4350942519685037
0
LINE
8
Edge.Cuts
6
CONTINUOUS
10
0.4852067716535433
20
-2.4350942519685037
11
0.4800625196850394
21
-2.4331398425196848
0
LINE
8
Edge.Cuts
6
CONTINUOUS
10
0.4800625196850394
20
-2.4331398425196848
11
0.4755770866141732
21
-2.429951811023622
0
LINE
8
Edge.Cuts
6
CONTINUOUS
10
0.4755770866141732
20
-2.429951811023622
11
0.4720400787401575
21
-2.4257360629921259
0
LINE
8
Edge.Cuts
6
CONTINUOUS
10
0.4720400787401575
20
-2.4257360629921259
11
0.46968
21
-2.4207648425196848
0
LINE
8
Edge.Cuts
6
CONTINUOUS
10
0.46968
20
-2.4207648425196848
11
0.4686492913385827
21
-2.4153592519685039
0
LINE
8
Edge.Cuts
6
CONTINUOUS
10
0.4686492913385827
20
-2.4153592519685039
11
0.4690145275590551
21
-2.4098683858267718
0
LINE
8
Edge.Cuts
6
CONTINUOUS
10
0.4690145275590551
20
-2.4098683858267718
11
0.4707520472440945
21
-2.4046468897637796
0
LINE
8
Edge.Cuts
6
CONTINUOUS
10
0.4707520472440945
20
-2.4046468897637796
11
0.4707520866141732
21
-2.4046468110236221
0
LINE
8
Edge.Cuts
6
CONTINUOUS
10
0.4707520866141732
20
-2.4046468110236221
11
0.4713275590551181
21
-2.403451181102362
0
LINE
8
Edge.Cuts
6
CONTINUOUS
10
0.4713275590551181
20
-2.403451181102362
11
0.4721096850393701
21
-2.4009143307086616
0
LINE
8
Edge.Cuts
6
CONTINUOUS
10
0.4721096850393701
20
-2.4009143307086616
11
0.4725053543307087
21
-2.3982892913385827
0
LINE
8
Edge.Cuts
6
CONTINUOUS
10
0.4725053543307087
20
-2.3982892913385827
11
0.4725054724409449
21
-2.3969619685039372
0
LINE
8
Edge.Cuts
6
CONTINUOUS
10
0.4725054724409449
20
-2.3969619685039372
11
0.4725054724409449
21
-2.3416203543307086
0
LINE
8
Edge.Cuts
6
CONTINUOUS
10
0.4725054724409449
20
-2.3416203543307086
11
0.4725054724409449
21
-2.3416203149606298
0
LINE
8
Edge.Cuts
6
CONTINUOUS
10
0.4725054724409449
20
-2.3416203149606298
11
0.4725055511811024
21
-2.3402930708661418
0
LINE
8
Edge.Cuts
6
CONTINUOUS
10
0.4725055511811024
20
-2.3402930708661418
11
0.4721100393700787
21
-2.3376682283464567
0
LINE
8
Edge.Cuts
6
CONTINUOUS
10
0.4721100393700787
20
-2.3376682283464567
11
0.4713278346456693
21
-2.3351316141732283
0
LINE
8
Edge.Cuts
6
CONTINUOUS
10
0.4713278346456693
20
-2.3351316141732283
11
0.4707520866141732
21
-2.3339357480314962
0
LINE
8
Edge.Cuts
6
CONTINUOUS
10
0.4707520866141732
20
-2.3339357480314962
11
0.4707520472440945
21
-2.3339356692913387
0
LINE
8
Edge.Cuts
6
CONTINUOUS
10
0.4707520472440945
20
-2.3339356692913387
11
0.4690144881889763
21
-2.3287142125984253
0
LINE
8
Edge.Cuts
6
CONTINUOUS
10
0.4690144881889763
20
-2.3287142125984253
11
0.4686492519685039
21
-2.3232233464566927
0
LINE
8
Edge.Cuts
6
CONTINUOUS
10
0.4686492519685039
20
-2.3232233464566927
11
0.4696799606299212
21
-2.317817716535433
0
LINE
8
Edge.Cuts
6
CONTINUOUS
10
0.4696799606299212
20
-2.317817716535433
11
0.4720400393700787
21
-2.312846496062992
0
LINE
8
Edge.Cuts
6
CONTINUOUS
10
0.4720400393700787
20
-2.312846496062992
11
0.4755770078740157
21
-2.3086307086614171
0
LINE
8
Edge.Cuts
6
CONTINUOUS
10
0.4755770078740157
20
-2.3086307086614171
11
0.4800624803149606
21
-2.3054426771653542
0
LINE
8
Edge.Cuts
6
CONTINUOUS
10
0.4800624803149606
20
-2.3054426771653542
11
0.4852067716535433
21
-2.3034882677165354
0
LINE
8
Edge.Cuts
6
CONTINUOUS
10
0.4852067716535433
20
-2.3034882677165354
11
0.4906775590551181
21
-2.302893779527559
0
LINE
8
Edge.Cuts
6
CONTINUOUS
10
0.4906775590551181
20
-2.302893779527559
11
0.4961215354330709
21
-2.3036975196850391
0
LINE
8
Edge.Cuts
6
CONTINUOUS
10
0.4961215354330709
20
-2.3036975196850391
11
0.501187125984252
21
-2.3058476377952757
0
LINE
8
Edge.Cuts
6
CONTINUOUS
10
0.501187125984252
20
-2.3058476377952757
11
0.5025393700787402
21
-2.3066362204724409
0
LINE
8
Edge.Cuts
6
CONTINUOUS
10
0.5025393700787402
20
-2.3066362204724409
11
0.5054776771653543
21
-2.3077172834645667
0
LINE
8
Edge.Cuts
6
CONTINUOUS
10
0.5054776771653543
20
-2.3077172834645667
11
0.50856
21
-2.3082662992125984
0
LINE
8
Edge.Cuts
6
CONTINUOUS
10
0.50856
20
-2.3082662992125984
11
0.5101253937007874
21
-2.3082676771653543
0
LINE
8
Edge.Cuts
6
CONTINUOUS
10
0.5101253937007874
20
-2.3082676771653543
11
0.5101255118110236
21
-2.3082677165354331
0
LINE
8
Edge.Cuts
6
CONTINUOUS
10
0.5101255118110236
20
-2.3082677165354331
11
0.572680748031496
21
-2.3082677165354331
0
LINE
8
Edge.Cuts
6
CONTINUOUS
10
0.572680748031496
20
-2.3082677165354331
11
0.5742461417322835
21
-2.3082663385826772
0
LINE
8
Edge.Cuts
6
CONTINUOUS
10
0.5742461417322835
20
-2.3082663385826772
11
0.5773284645669291
21
-2.3077173228346455
0
LINE
8
Edge.Cuts
6
CONTINUOUS
10
0.5773284645669291
20
-2.3077173228346455
11
0.5802667716535433
21
-2.3066362598425196
0
LINE
8
Edge.Cuts
6
CONTINUOUS
10
0.5802667716535433
20
-2.3066362598425196
11
0.5816190157480314
21
-2.3058476771653544
0
LINE
8
Edge.Cuts
6
CONTINUOUS
10
0.5816190157480314
20
-2.3058476771653544
11
0.5866846062992126
21
-2.3036975590551179
0
LINE
8
Edge.Cuts
6
CONTINUOUS
10
0.5866846062992126
20
-2.3036975590551179
11
0.5921285826771654
21
-2.302893779527559
0
LINE
8
Edge.Cuts
6
CONTINUOUS
10
0.5921285826771654
20
-2.302893779527559
11
0.5975993700787401
21
-2.3034883070866141
0
LINE
8
Edge.Cuts
6
CONTINUOUS
10
0.4839205118110236
20
-2.3078500787401572
11
0.4799172834645669
21
-2.3099878740157478
0
LINE
8
Edge.Cuts
6
CONTINUOUS
10
0.4799172834645669
20
-2.3099878740157478
11
0.4765822440944882
21
-2.3130657086614175
0
LINE
8
Edge.Cuts
6
CONTINUOUS
10
0.4765822440944882
20
-2.3130657086614175
11
0.4741307874015748
21
-2.3168848818897638
0
LINE
8
Edge.Cuts
6
CONTINUOUS
10
0.4741307874015748
20
-2.3168848818897638
11
0.4727211811023622
21
-2.3211986614173226
0
LINE
8
Edge.Cuts
6
CONTINUOUS
10
0.4727211811023622
20
-2.3211986614173226
11
0.4724445669291338
21
-2.3257284645669292
0
LINE
8
Edge.Cuts
6
CONTINUOUS
10
0.4724445669291338
20
-2.3257284645669292
11
0.4733187007874016
21
-2.3301817322834646
0
LINE
8
Edge.Cuts
6
CONTINUOUS
10
0.4733187007874016
20
-2.3301817322834646
11
0.4742993700787401
21
-2.3322278740157478
0
LINE
8
Edge.Cuts
6
CONTINUOUS
10
0.4742993700787401
20
-2.3322278740157478
11
0.4742994094488189
21
-2.3322279527559053
0
LINE
8
Edge.Cuts
6
CONTINUOUS
10
0.4742994094488189
20
-2.3322279527559053
11
0.4754811023622047
21
-2.3352398031496064
0
LINE
8
Edge.Cuts
6
CONTINUOUS
10
0.4754811023622047
20
-2.3352398031496064
11
0.4762008267716535
21
-2.3383940944881889
0
LINE
8
Edge.Cuts
6
CONTINUOUS
10
0.4762008267716535
20
-2.3383940944881889
11
0.4764424409448819
21
-2.3416203149606298
0
LINE
8
Edge.Cuts
6
CONTINUOUS
10
0.4764424409448819
20
-2.3416203149606298
11
0.4764424803149606
21
-2.3416203543307086
0
LINE
8
Edge.Cuts
6
CONTINUOUS
10
0.4764424803149606
20
-2.3416203543307086
11
0.4764424803149606
21
-2.396962244094488
0
LINE
8
Edge.Cuts
6
CONTINUOUS
10
0.4764424803149606
20
-2.396962244094488
11
0.4764424015748032
21
-2.3969624409448818
0
LINE
8
Edge.Cuts
6
CONTINUOUS
10
0.4764424015748032
20
-2.3969624409448818
11
0.4764424803149606
21
-2.3969625984251968
0
LINE
8
Edge.Cuts
6
CONTINUOUS
10
0.4764424803149606
20
-2.3969625984251968
11
0.4762004330708661
21
-2.4001886220472439
0
LINE
8
Edge.Cuts
6
CONTINUOUS
10
0.4762004330708661
20
-2.4001886220472439
11
0.4754807874015748
21
-2.4033425984251968
0
LINE
8
Edge.Cuts
6
CONTINUOUS
10
0.4754807874015748
20
-2.4033425984251968
11
0.4742995669291338
21
-2.4063542913385825
0
LINE
8
Edge.Cuts
6
CONTINUOUS
10
0.4742995669291338
20
-2.4063542913385825
11
0.4742994488188976
21
-2.40635437007874
0
LINE
8
Edge.Cuts
6
CONTINUOUS
10
0.4742994488188976
20
-2.40635437007874
11
0.4742994488188976
21
-2.4063546062992125
0
LINE
8
Edge.Cuts
6
CONTINUOUS
10
0.4742994488188976
20
-2.4063546062992125
11
0.4733187401574803
21
-2.4084008267716537
0
LINE
8
Edge.Cuts
6
CONTINUOUS
10
0.4733187401574803
20
-2.4084008267716537
11
0.4724445669291338
21
-2.4128540944881891
0
LINE
8
Edge.Cuts
6
CONTINUOUS
10
0.4724445669291338
20
-2.4128540944881891
11
0.4727212598425197
21
-2.4173838976377953
0
LINE
8
Edge.Cuts
6
CONTINUOUS
10
0.4727212598425197
20
-2.4173838976377953
11
0.4741308267716535
21
-2.4216976771653544
0
LINE
8
Edge.Cuts
6
CONTINUOUS
10
0.4741308267716535
20
-2.4216976771653544
11
0.4765823228346456
21
-2.425516811023622
0
LINE
8
Edge.Cuts
6
CONTINUOUS
10
0.4765823228346456
20
-2.425516811023622
11
0.4799173228346457
21
-2.4285946456692913
0
LINE
8
Edge.Cuts
6
CONTINUOUS
10
0.4799173228346457
20
-2.4285946456692913
11
0.4839205511811023
21
-2.4307324015748031
0
LINE
8
Edge.Cuts
6
CONTINUOUS
10
0.4839205511811023
20
-2.4307324015748031
11
0.4883333464566929
21
-2.4317920078740158
0
LINE
8
Edge.Cuts
6
CONTINUOUS
10
0.4883333464566929
20
-2.4317920078740158
11
0.4928707480314961
21
-2.4317050393700788
0
LINE
8
Edge.Cuts
6
CONTINUOUS
10
0.4928707480314961
20
-2.4317050393700788
11
0.49723968503937
21
-2.4304770866141734
0
LINE
8
Edge.Cuts
6
CONTINUOUS
10
0.49723968503937
20
-2.4304770866141734
11
0.4992008267716535
21
-2.4293356692913384
0
LINE
8
Edge.Cuts
6
CONTINUOUS
10
0.4992008267716535
20
-2.4293356692913384
11
0.4992011811023622
21
-2.4293355511811021
0
LINE
8
Edge.Cuts
6
CONTINUOUS
10
0.4992011811023622
20
-2.4293355511811021
11
0.5026487007874015
21
-2.4277096850393702
0
LINE
8
Edge.Cuts
6
CONTINUOUS
10
0.5026487007874015
20
-2.4277096850393702
11
0.5063282283464566
21
-2.4267134645669293
0
LINE
8
Edge.Cuts
6
CONTINUOUS
10
0.5063282283464566
20
-2.4267134645669293
11
0.5101254330708661
21
-2.4263779133858265
0
LINE
8
Edge.Cuts
6
CONTINUOUS
10
0.5101254330708661
20
-2.4263779133858265
11
0.5726807086614173
21
-2.4263779133858265
0
LINE
8
Edge.Cuts
6
CONTINUOUS
10
0.5726807086614173
20
-2.4263779133858265
11
0.5764779527559055
21
-2.4267134645669293
0
LINE
8
Edge.Cuts
6
CONTINUOUS
10
0.5764779527559055
20
-2.4267134645669293
11
0.5801574803149606
21
-2.4277096850393702
0
LINE
8
Edge.Cuts
6
CONTINUOUS
10
0.5801574803149606
20
-2.4277096850393702
11
0.58360531496063
21
-2.4293357480314959
0
LINE
8
Edge.Cuts
6
CONTINUOUS
10
0.58360531496063
20
-2.4293357480314959
11
0.5855664566929134
21
-2.4304771653543304
0
LINE
8
Edge.Cuts
6
CONTINUOUS
10
0.5855664566929134
20
-2.4304771653543304
11
0.5899354330708662
21
-2.4317051181102363
0
LINE
8
Edge.Cuts
6
CONTINUOUS
10
0.5899354330708662
20
-2.4317051181102363
11
0.5944728346456692
21
-2.4317921259842521
0
LINE
8
Edge.Cuts
6
CONTINUOUS
10
0.5944728346456692
20
-2.4317921259842521
11
0.5988856692913386
21
-2.4307324803149606
0
LINE
8
Edge.Cuts
6
CONTINUOUS
10
0.5988856692913386
20
-2.4307324803149606
11
0.6028888582677165
21
-2.4285947244094488
0
LINE
8
Edge.Cuts
6
CONTINUOUS
10
0.6028888582677165
20
-2.4285947244094488
11
0.6062238976377953
21
-2.4255168503937008
0
LINE
8
Edge.Cuts
6
CONTINUOUS
10
0.6062238976377953
20
-2.4255168503937008
11
0.6086753937007874
21
-2.4216976771653544
0
LINE
8
Edge.Cuts
6
CONTINUOUS
10
0.6086753937007874
20
-2.4216976771653544
11
0.6100849606299212
21
-2.4173838976377953
0
LINE
8
Edge.Cuts
6
CONTINUOUS
10
0.6100849606299212
20
-2.4173838976377953
11
0.6103616141732283
21
-2.4128540944881891
0
LINE
8
Edge.Cuts
6
CONTINUOUS
10
0.6103616141732283
20
-2.4128540944881891
11
0.6094874409448818
21
-2.4084008267716537
0
LINE
8
Edge.Cuts
6
CONTINUOUS
10
0.6094874409448818
20
-2.4084008267716537
11
0.6085067322834645
21
-2.4063545669291337
0
LINE
8
Edge.Cuts
6
CONTINUOUS
10
0.6085067322834645
20
-2.4063545669291337
11
0.6073250787401575
21
-2.4033427952755906
0
LINE
8
Edge.Cuts
6
CONTINUOUS
10
0.6073250787401575
20
-2.4033427952755906
11
0.6066053543307086
21
-2.4001885433070864
0
LINE
8
Edge.Cuts
6
CONTINUOUS
10
0.6066053543307086
20
-2.4001885433070864
11
0.6063636614173228
21
-2.396962244094488
0
LINE
8
Edge.Cuts
6
CONTINUOUS
10
0.6063636614173228
20
-2.396962244094488
11
0.6063636614173228
21
-2.3416203543307086
0
LINE
8
Edge.Cuts
6
CONTINUOUS
10
0.6063636614173228
20
-2.3416203543307086
11
0.6063636614173228
21
-2.3416203149606298
0
LINE
8
Edge.Cuts
6
CONTINUOUS
10
0.6063636614173228
20
-2.3416203149606298
11
0.6066053543307086
21
-2.3383940551181102
0
LINE
8
Edge.Cuts
6
CONTINUOUS
10
0.6066053543307086
20
-2.3383940551181102
11
0.6073250787401575
21
-2.3352398031496064
0
LINE
8
Edge.Cuts
6
CONTINUOUS
10
0.6073250787401575
20
-2.3352398031496064
11
0.6085067322834645
21
-2.3322279921259841
0
LINE
8
Edge.Cuts
6
CONTINUOUS
10
0.6085067322834645
20
-2.3322279921259841
11
0.6094874409448818
21
-2.3301817322834646
0
LINE
8
Edge.Cuts
6
CONTINUOUS
10
0.6094874409448818
20
-2.3301817322834646
11
0.6103615748031496
21
-2.3257285039370079
0
LINE
8
Edge.Cuts
6
CONTINUOUS
10
0.6103615748031496
20
-2.3257285039370079
11
0.6100849212598425
21
-2.3211987007874013
0
LINE
8
Edge.Cuts
6
CONTINUOUS
10
0.6100849212598425
20
-2.3211987007874013
11
0.6086753543307086
21
-2.3168848818897638
0
LINE
8
Edge.Cuts
6
CONTINUOUS
10
0.6086753543307086
20
-2.3168848818897638
11
0.6062238582677165
21
-2.3130657480314962
0
LINE
8
Edge.Cuts
6
CONTINUOUS
10
0.6062238582677165
20
-2.3130657480314962
11
0.6028888188976378
21
-2.3099878740157478
0
LINE
8
Edge.Cuts
6
CONTINUOUS
10
0.6028888188976378
20
-2.3099878740157478
11
0.5988856299212598
21
-2.307850118110236
0
LINE
8
Edge.Cuts
6
CONTINUOUS
10
0.5988856299212598
20
-2.307850118110236
11
0.5944728346456692
21
-2.3067905118110237
0
LINE
8
Edge.Cuts
6
CONTINUOUS
10
0.5944728346456692
20
-2.3067905118110237
11
0.5899353937007874
21
-2.3068775196850395
0
LINE
8
Edge.Cuts
6
CONTINUOUS
10
0.5899353937007874
20
-2.3068775196850395
11
0.5855664566929134
21
-2.3081054724409449
0
LINE
8
Edge.Cuts
6
CONTINUOUS
10
0.5855664566929134
20
-2.3081054724409449
11
0.58360531496063
21
-2.3092468897637795
0
LINE
8
Edge.Cuts
6
CONTINUOUS
10
0.58360531496063
20
-2.3092468897637795
11
0.5801574803149606
21
-2.3108729527559055
0
LINE
8
Edge.Cuts
6
CONTINUOUS
10
0.5801574803149606
20
-2.3108729527559055
11
0.5764779527559055
21
-2.3118691732283465
0
LINE
8
Edge.Cuts
6
CONTINUOUS
10
0.5764779527559055
20
-2.3118691732283465
11
0.572680748031496
21
-2.3122047244094488
0
LINE
8
Edge.Cuts
6
CONTINUOUS
10
0.572680748031496
20
-2.3122047244094488
11
0.5101254330708661
21
-2.3122047244094488
0
LINE
8
Edge.Cuts
6
CONTINUOUS
10
0.5101254330708661
20
-2.3122047244094488
11
0.5101250787401574
21
-2.3122046456692913
0
LINE
8
Edge.Cuts
6
CONTINUOUS
10
0.5101250787401574
20
-2.3122046456692913
11
0.506328188976378
21
-2.3118691338582678
0
LINE
8
Edge.Cuts
6
CONTINUOUS
10
0.506328188976378
20
-2.3118691338582678
11
0.5026486614173228
21
-2.3108729133858268
0
LINE
8
Edge.Cuts
6
CONTINUOUS
10
0.5026486614173228
20
-2.3108729133858268
11
0.4992008267716535
21
-2.3092468503937007
0
LINE
8
Edge.Cuts
6
CONTINUOUS
10
0.4992008267716535
20
-2.3092468503937007
11
0.49723968503937
21
-2.3081054330708661
0
LINE
8
Edge.Cuts
6
CONTINUOUS
10
0.49723968503937
20
-2.3081054330708661
11
0.4928707086614173
21
-2.3068774803149608
0
LINE
8
Edge.Cuts
6
CONTINUOUS
10
0.4928707086614173
20
-2.3068774803149608
11
0.4883333070866142
21
-2.3067904724409449
0
LINE
8
Edge.Cuts
6
CONTINUOUS
10
0.4883333070866142
20
-2.3067904724409449
11
0.4839205118110236
21
-2.3078500787401572
0
LINE
8
Edge.Cuts
6
CONTINUOUS
10
1.3416938582677165
20
-2.3034883070866141
11
1.3468381102362204
21
-2.3054426771653542
0
LINE
8
Edge.Cuts
6
CONTINUOUS
10
1.3468381102362204
20
-2.3054426771653542
11
1.3513235826771652
21
-2.3086307086614171
0
LINE
8
Edge.Cuts
6
CONTINUOUS
10
1.3513235826771652
20
-2.3086307086614171
11
1.354860590551181
21
-2.312846496062992
0
LINE
8
Edge.Cuts
6
CONTINUOUS
10
1.354860590551181
20
-2.312846496062992
11
1.3572206299212599
21
-2.317817716535433
0
LINE
8
Edge.Cuts
6
CONTINUOUS
10
1.3572206299212599
20
-2.317817716535433
11
1.3582513385826771
21
-2.3232233464566927
0
LINE
8
Edge.Cuts
6
CONTINUOUS
10
1.3582513385826771
20
-2.3232233464566927
11
1.3578861417322834
21
-2.3287142125984253
0
LINE
8
Edge.Cuts
6
CONTINUOUS
10
1.3578861417322834
20
-2.3287142125984253
11
1.3561485433070866
21
-2.3339357086614174
0
LINE
8
Edge.Cuts
6
CONTINUOUS
10
1.3561485433070866
20
-2.3339357086614174
11
1.3555728346456692
21
-2.3351315748031496
0
LINE
8
Edge.Cuts
6
CONTINUOUS
10
1.3555728346456692
20
-2.3351315748031496
11
1.3547906299212598
21
-2.337668188976378
0
LINE
8
Edge.Cuts
6
CONTINUOUS
10
1.3547906299212598
20
-2.337668188976378
11
1.3543951181102363
21
-2.3402930708661418
0
LINE
8
Edge.Cuts
6
CONTINUOUS
10
1.3543951181102363
20
-2.3402930708661418
11
1.354395157480315
21
-2.3416203149606298
0
LINE
8
Edge.Cuts
6
CONTINUOUS
10
1.354395157480315
20
-2.3416203149606298
11
1.354395157480315
21
-2.3416203543307086
0
LINE
8
Edge.Cuts
6
CONTINUOUS
10
1.354395157480315
20
-2.3416203543307086
11
1.354395157480315
21
-2.396962244094488
0
LINE
8
Edge.Cuts
6
CONTINUOUS
10
1.354395157480315
20
-2.396962244094488
11
1.3543951181102363
21
-2.3982894881889765
0
LINE
8
Edge.Cuts
6
CONTINUOUS
10
1.3543951181102363
20
-2.3982894881889765
11
1.3547906299212598
21
-2.4009143700787403
0
LINE
8
Edge.Cuts
6
CONTINUOUS
10
1.3547906299212598
20
-2.4009143700787403
11
1.3555728346456692
21
-2.403451023622047
0
LINE
8
Edge.Cuts
6
CONTINUOUS
10
1.3555728346456692
20
-2.403451023622047
11
1.3561485039370078
21
-2.4046467716535433
0
LINE
8
Edge.Cuts
6
CONTINUOUS
10
1.3561485039370078
20
-2.4046467716535433
11
1.3561485433070866
21
-2.4046468503937009
0
LINE
8
Edge.Cuts
6
CONTINUOUS
10
1.3561485433070866
20
-2.4046468503937009
11
1.3578861417322834
21
-2.409868346456693
0
LINE
8
Edge.Cuts
6
CONTINUOUS
10
1.3578861417322834
20
-2.409868346456693
11
1.3582513779527559
21
-2.4153592125984251
0
LINE
8
Edge.Cuts
6
CONTINUOUS
10
1.3582513779527559
20
-2.4153592125984251
11
1.3572206692913384
21
-2.4207648425196848
0
LINE
8
Edge.Cuts
6
CONTINUOUS
10
1.3572206692913384
20
-2.4207648425196848
11
1.3548606299212598
21
-2.4257361023622046
0
LINE
8
Edge.Cuts
6
CONTINUOUS
10
1.3548606299212598
20
-2.4257361023622046
11
1.351323622047244
21
-2.4299518897637795
0
LINE
8
Edge.Cuts
6
CONTINUOUS
10
1.351323622047244
20
-2.4299518897637795
11
1.3468381496062991
21
-2.4331399212598424
0
LINE
8
Edge.Cuts
6
CONTINUOUS
10
1.3468381496062991
20
-2.4331399212598424
11
1.3416938976377952
21
-2.4350943307086612
0
LINE
8
Edge.Cuts
6
CONTINUOUS
10
1.3416938976377952
20
-2.4350943307086612
11
1.3362230708661418
21
-2.4356888188976376
0
LINE
8
Edge.Cuts
6
CONTINUOUS
10
1.3362230708661418
20
-2.4356888188976376
11
1.330779094488189
21
-2.4348850787401575
0
LINE
8
Edge.Cuts
6
CONTINUOUS
10
1.330779094488189
20
-2.4348850787401575
11
1.3257135039370078
21
-2.4327349606299213
0
LINE
8
Edge.Cuts
6
CONTINUOUS
10
1.3257135039370078
20
-2.4327349606299213
11
1.3243612598425196
21
-2.4319463779527557
0
LINE
8
Edge.Cuts
6
CONTINUOUS
10
1.3243612598425196
20
-2.4319463779527557
11
1.3214229527559054
21
-2.4308653149606299
0
LINE
8
Edge.Cuts
6
CONTINUOUS
10
1.3214229527559054
20
-2.4308653149606299
11
1.3183406299212599
21
-2.4303162598425194
0
LINE
8
Edge.Cuts
6
CONTINUOUS
10
1.3183406299212599
20
-2.4303162598425194
11
1.3167751968503936
21
-2.4303149212598423
0
LINE
8
Edge.Cuts
6
CONTINUOUS
10
1.3167751968503936
20
-2.4303149212598423
11
1.2542199212598424
21
-2.4303149212598423
0
LINE
8
Edge.Cuts
6
CONTINUOUS
10
1.2542199212598424
20
-2.4303149212598423
11
1.252654527559055
21
-2.4303162992125982
0
LINE
8
Edge.Cuts
6
CONTINUOUS
10
1.252654527559055
20
-2.4303162992125982
11
1.2495722047244093
21
-2.4308653149606299
0
LINE
8
Edge.Cuts
6
CONTINUOUS
10
1.2495722047244093
20
-2.4308653149606299
11
1.2466338976377953
21
-2.4319463779527557
0
LINE
8
Edge.Cuts
6
CONTINUOUS
10
1.2466338976377953
20
-2.4319463779527557
11
1.2452816535433071
21
-2.4327349606299213
0
LINE
8
Edge.Cuts
6
CONTINUOUS
10
1.2452816535433071
20
-2.4327349606299213
11
1.2452811811023621
21
-2.4327350393700788
0
LINE
8
Edge.Cuts
6
CONTINUOUS
10
1.2452811811023621
20
-2.4327350393700788
11
1.2402160236220472
21
-2.434885
0
LINE
8
Edge.Cuts
6
CONTINUOUS
10
1.2402160236220472
20
-2.434885
11
1.2347720472440944
21
-2.43568874015748
0
LINE
8
Edge.Cuts
6
CONTINUOUS
10
1.2347720472440944
20
-2.43568874015748
11
1.2293012598425197
21
-2.4350942519685037
0
LINE
8
Edge.Cuts
6
CONTINUOUS
10
1.2293012598425197
20
-2.4350942519685037
11
1.2241570078740158
21
-2.4331398425196848
0
LINE
8
Edge.Cuts
6
CONTINUOUS
10
1.2241570078740158
20
-2.4331398425196848
11
1.2196715748031495
21
-2.429951811023622
0
LINE
8
Edge.Cuts
6
CONTINUOUS
10
1.2196715748031495
20
-2.429951811023622
11
1.2161345669291339
21
-2.4257360629921259
0
LINE
8
Edge.Cuts
6
CONTINUOUS
10
1.2161345669291339
20
-2.4257360629921259
11
1.2137744881889763
21
-2.4207648425196848
0
LINE
8
Edge.Cuts
6
CONTINUOUS
10
1.2137744881889763
20
-2.4207648425196848
11
1.2127437795275591
21
-2.4153592519685039
0
LINE
8
Edge.Cuts
6
CONTINUOUS
10
1.2127437795275591
20
-2.4153592519685039
11
1.2131090157480315
21
-2.4098683858267718
0
LINE
8
Edge.Cuts
6
CONTINUOUS
10
1.2131090157480315
20
-2.4098683858267718
11
1.2148465354330709
21
-2.4046468897637796
0
LINE
8
Edge.Cuts
6
CONTINUOUS
10
1.2148465354330709
20
-2.4046468897637796
11
1.2148465748031496
21
-2.4046468110236221
0
LINE
8
Edge.Cuts
6
CONTINUOUS
10
1.2148465748031496
20
-2.4046468110236221
11
1.2154220472440944
21
-2.403451181102362
0
LINE
8
Edge.Cuts
6
CONTINUOUS
10
1.2154220472440944
20
-2.403451181102362
11
1.2162041732283464
21
-2.4009143307086616
0
LINE
8
Edge.Cuts
6
CONTINUOUS
10
1.2162041732283464
20
-2.4009143307086616
11
1.2165998425196851
21
-2.3982892913385827
0
LINE
8
Edge.Cuts
6
CONTINUOUS
10
1.2165998425196851
20
-2.3982892913385827
11
1.2165999606299212
21
-2.3969619685039372
0
LINE
8
Edge.Cuts
6
CONTINUOUS
10
1.2165999606299212
20
-2.3969619685039372
11
1.2165999606299212
21
-2.3416203543307086
0
LINE
8
Edge.Cuts
6
CONTINUOUS
10
1.2165999606299212
20
-2.3416203543307086
11
1.2165999606299212
21
-2.3416203149606298
0
LINE
8
Edge.Cuts
6
CONTINUOUS
10
1.2165999606299212
20
-2.3416203149606298
11
1.2166000393700787
21
-2.3402930708661418
0
LINE
8
Edge.Cuts
6
CONTINUOUS
10
1.2166000393700787
20
-2.3402930708661418
11
1.2162045275590552
21
-2.3376682283464567
0
LINE
8
Edge.Cuts
6
CONTINUOUS
10
1.2162045275590552
20
-2.3376682283464567
11
1.2154223228346457
21
-2.3351316141732283
0
LINE
8
Edge.Cuts
6
CONTINUOUS
10
1.2154223228346457
20
-2.3351316141732283
11
1.2148465748031496
21
-2.3339357480314962
0
LINE
8
Edge.Cuts
6
CONTINUOUS
10
1.2148465748031496
20
-2.3339357480314962
11
1.2148465354330709
21
-2.3339356692913387
0
LINE
8
Edge.Cuts
6
CONTINUOUS
10
1.2148465354330709
20
-2.3339356692913387
11
1.2131089763779528
21
-2.3287142125984253
0
LINE
8
Edge.Cuts
6
CONTINUOUS
10
1.2131089763779528
20
-2.3287142125984253
11
1.2127437401574803
21
-2.3232233464566927
0
LINE
8
Edge.Cuts
6
CONTINUOUS
10
1.2127437401574803
20
-2.3232233464566927
11
1.2137744488188975
21
-2.317817716535433
0
LINE
8
Edge.Cuts
6
CONTINUOUS
10
1.2137744488188975
20
-2.317817716535433
11
1.2161345275590552
21
-2.312846496062992
0
LINE
8
Edge.Cuts
6
CONTINUOUS
10
1.2161345275590552
20
-2.312846496062992
11
1.2196714960629922
21
-2.3086307086614171
0
LINE
8
Edge.Cuts
6
CONTINUOUS
10
1.2196714960629922
20
-2.3086307086614171
11
1.2241569685039371
21
-2.3054426771653542
0
LINE
8
Edge.Cuts
6
CONTINUOUS
10
1.2241569685039371
20
-2.3054426771653542
11
1.2293012598425197
21
-2.3034882677165354
0
LINE
8
Edge.Cuts
6
CONTINUOUS
10
1.2293012598425197
20
-2.3034882677165354
11
1.2347720472440944
21
-2.302893779527559
0
LINE
8
Edge.Cuts
6
CONTINUOUS
10
1.2347720472440944
20
-2.302893779527559
11
1.2402160236220472
21
-2.3036975196850391
0
LINE
8
Edge.Cuts
6
CONTINUOUS
10
1.2402160236220472
20
-2.3036975196850391
11
1.2452816141732284
21
-2.3058476377952757
0
LINE
8
Edge.Cuts
6
CONTINUOUS
10
1.2452816141732284
20
-2.3058476377952757
11
1.2466338582677166
21
-2.3066362204724409
0
LINE
8
Edge.Cuts
6
CONTINUOUS
10
1.2466338582677166
20
-2.3066362204724409
11
1.2495721653543306
21
-2.3077172834645667
0
LINE
8
Edge.Cuts
6
CONTINUOUS
10
1.2495721653543306
20
-2.3077172834645667
11
1.2526544881889763
21
-2.3082662992125984
0
LINE
8
Edge.Cuts
6
CONTINUOUS
10
1.2526544881889763
20
-2.3082662992125984
11
1.2542198818897639
21
-2.3082676771653543
0
LINE
8
Edge.Cuts
6
CONTINUOUS
10
1.2542198818897639
20
-2.3082676771653543
11
1.2542199999999999
21
-2.3082677165354331
0
LINE
8
Edge.Cuts
6
CONTINUOUS
10
1.2542199999999999
20
-2.3082677165354331
11
1.3167752362204723
21
-2.3082677165354331
0
LINE
8
Edge.Cuts
6
CONTINUOUS
10
1.3167752362204723
20
-2.3082677165354331
11
1.3183406299212599
21
-2.3082663385826772
0
LINE
8
Edge.Cuts
6
CONTINUOUS
10
1.3183406299212599
20
-2.3082663385826772
11
1.3214229527559054
21
-2.3077173228346455
0
LINE
8
Edge.Cuts
6
CONTINUOUS
10
1.3214229527559054
20
-2.3077173228346455
11
1.3243612598425196
21
-2.3066362598425196
0
LINE
8
Edge.Cuts
6
CONTINUOUS
10
1.3243612598425196
20
-2.3066362598425196
11
1.3257135039370078
21
-2.3058476771653544
0
LINE
8
Edge.Cuts
6
CONTINUOUS
10
1.3257135039370078
20
-2.3058476771653544
11
1.330779094488189
21
-2.3036975590551179
0
LINE
8
Edge.Cuts
6
CONTINUOUS
10
1.330779094488189
20
-2.3036975590551179
11
1.3362230708661418
21
-2.302893779527559
0
LINE
8
Edge.Cuts
6
CONTINUOUS
10
1.3362230708661418
20
-2.302893779527559
11
1.3416938582677165
21
-2.3034883070866141
0
LINE
8
Edge.Cuts
6
CONTINUOUS
10
1.2280150000000001
20
-2.3078500787401572
11
1.2240117716535432
21
-2.3099878740157478
0
LINE
8
Edge.Cuts
6
CONTINUOUS
10
1.2240117716535432
20
-2.3099878740157478
11
1.2206767322834646
21
-2.3130657086614175
0
LINE
8
Edge.Cuts
6
CONTINUOUS
10
1.2206767322834646
20
-2.3130657086614175
11
1.2182252755905512
21
-2.3168848818897638
0
LINE
8
Edge.Cuts
6
CONTINUOUS
10
1.2182252755905512
20
-2.3168848818897638
11
1.2168156692913386
21
-2.3211986614173226
0
LINE
8
Edge.Cuts
6
CONTINUOUS
10
1.2168156692913386
20
-2.3211986614173226
11
1.2165390551181101
21
-2.3257284645669292
0
LINE
8
Edge.Cuts
6
CONTINUOUS
10
1.2165390551181101
20
-2.3257284645669292
11
1.217413188976378
21
-2.3301817322834646
0
LINE
8
Edge.Cuts
6
CONTINUOUS
10
1.217413188976378
20
-2.3301817322834646
11
1.2183938582677165
21
-2.3322278740157478
0
LINE
8
Edge.Cuts
6
CONTINUOUS
10
1.2183938582677165
20
-2.3322278740157478
11
1.2183938976377953
21
-2.3322279527559053
0
LINE
8
Edge.Cuts
6
CONTINUOUS
10
1.2183938976377953
20
-2.3322279527559053
11
1.2195755905511811
21
-2.3352398031496064
0
LINE
8
Edge.Cuts
6
CONTINUOUS
10
1.2195755905511811
20
-2.3352398031496064
11
1.2202953149606299
21
-2.3383940944881889
0
LINE
8
Edge.Cuts
6
CONTINUOUS
10
1.2202953149606299
20
-2.3383940944881889
11
1.2205369291338581
21
-2.3416203149606298
0
LINE
8
Edge.Cuts
6
CONTINUOUS
10
1.2205369291338581
20
-2.3416203149606298
11
1.2205369685039369
21
-2.3416203543307086
0
LINE
8
Edge.Cuts
6
CONTINUOUS
10
1.2205369685039369
20
-2.3416203543307086
11
1.2205369685039369
21
-2.396962244094488
0
LINE
8
Edge.Cuts
6
CONTINUOUS
10
1.2205369685039369
20
-2.396962244094488
11
1.2205368897637796
21
-2.3969624409448818
0
LINE
8
Edge.Cuts
6
CONTINUOUS
10
1.2205368897637796
20
-2.3969624409448818
11
1.2205369685039369
21
-2.3969625984251968
0
LINE
8
Edge.Cuts
6
CONTINUOUS
10
1.2205369685039369
20
-2.3969625984251968
11
1.2202949212598424
21
-2.4001886220472439
0
LINE
8
Edge.Cuts
6
CONTINUOUS
10
1.2202949212598424
20
-2.4001886220472439
11
1.2195752755905511
21
-2.4033425984251968
0
LINE
8
Edge.Cuts
6
CONTINUOUS
10
1.2195752755905511
20
-2.4033425984251968
11
1.2183940551181103
21
-2.4063542913385825
0
LINE
8
Edge.Cuts
6
CONTINUOUS
10
1.2183940551181103
20
-2.4063542913385825
11
1.218393937007874
21
-2.40635437007874
0
LINE
8
Edge.Cuts
6
CONTINUOUS
10
1.218393937007874
20
-2.40635437007874
11
1.218393937007874
21
-2.4063546062992125
0
LINE
8
Edge.Cuts
6
CONTINUOUS
10
1.218393937007874
20
-2.4063546062992125
11
1.2174132283464567
21
-2.4084008267716537
0
LINE
8
Edge.Cuts
6
CONTINUOUS
10
1.2174132283464567
20
-2.4084008267716537
11
1.2165390551181101
21
-2.4128540944881891
0
LINE
8
Edge.Cuts
6
CONTINUOUS
10
1.2165390551181101
20
-2.4128540944881891
11
1.2168157480314961
21
-2.4173838976377953
0
LINE
8
Edge.Cuts
6
CONTINUOUS
10
1.2168157480314961
20
-2.4173838976377953
11
1.2182253149606299
21
-2.4216976771653544
0
LINE
8
Edge.Cuts
6
CONTINUOUS
10
1.2182253149606299
20
-2.4216976771653544
11
1.2206768110236219
21
-2.425516811023622
0
LINE
8
Edge.Cuts
6
CONTINUOUS
10
1.2206768110236219
20
-2.425516811023622
11
1.224011811023622
21
-2.4285946456692913
0
LINE
8
Edge.Cuts
6
CONTINUOUS
10
1.224011811023622
20
-2.4285946456692913
11
1.2280150393700786
21
-2.4307324015748031
0
LINE
8
Edge.Cuts
6
CONTINUOUS
10
1.2280150393700786
20
-2.4307324015748031
11
1.2324278346456692
21
-2.4317920078740158
0
LINE
8
Edge.Cuts
6
CONTINUOUS
10
1.2324278346456692
20
-2.4317920078740158
11
1.2369652362204724
21
-2.4317050393700788
0
LINE
8
Edge.Cuts
6
CONTINUOUS
10
1.2369652362204724
20
-2.4317050393700788
11
1.2413341732283465
21
-2.4304770866141734
0
LINE
8
Edge.Cuts
6
CONTINUOUS
10
1.2413341732283465
20
-2.4304770866141734
11
1.2432953149606298
21
-2.4293356692913384
0
LINE
8
Edge.Cuts
6
CONTINUOUS
10
1.2432953149606298
20
-2.4293356692913384
11
1.2432956692913386
21
-2.4293355511811021
0
LINE
8
Edge.Cuts
6
CONTINUOUS
10
1.2432956692913386
20
-2.4293355511811021
11
1.2467431889763778
21
-2.4277096850393702
0
LINE
8
Edge.Cuts
6
CONTINUOUS
10
1.2467431889763778
20
-2.4277096850393702
11
1.2504227165354331
21
-2.4267134645669293
0
LINE
8
Edge.Cuts
6
CONTINUOUS
10
1.2504227165354331
20
-2.4267134645669293
11
1.2542199212598424
21
-2.4263779133858265
0
LINE
8
Edge.Cuts
6
CONTINUOUS
10
1.2542199212598424
20
-2.4263779133858265
11
1.3167751968503936
21
-2.4263779133858265
0
LINE
8
Edge.Cuts
6
CONTINUOUS
10
1.3167751968503936
20
-2.4263779133858265
11
1.3205724409448818
21
-2.4267134645669293
0
LINE
8
Edge.Cuts
6
CONTINUOUS
10
1.3205724409448818
20
-2.4267134645669293
11
1.3242519685039369
21
-2.4277096850393702
0
LINE
8
Edge.Cuts
6
CONTINUOUS
10
1.3242519685039369
20
-2.4277096850393702
11
1.3276998031496063
21
-2.4293357480314959
0
LINE
8
Edge.Cuts
6
CONTINUOUS
10
1.3276998031496063
20
-2.4293357480314959
11
1.3296609448818897
21
-2.4304771653543304
0
LINE
8
Edge.Cuts
6
CONTINUOUS
10
1.3296609448818897
20
-2.4304771653543304
11
1.3340299212598425
21
-2.4317051181102363
0
LINE
8
Edge.Cuts
6
CONTINUOUS
10
1.3340299212598425
20
-2.4317051181102363
11
1.3385673228346457
21
-2.4317921259842521
0
LINE
8
Edge.Cuts
6
CONTINUOUS
10
1.3385673228346457
20
-2.4317921259842521
11
1.3429801574803149
21
-2.4307324803149606
0
LINE
8
Edge.Cuts
6
CONTINUOUS
10
1.3429801574803149
20
-2.4307324803149606
11
1.3469833464566929
21
-2.4285947244094488
0
LINE
8
Edge.Cuts
6
CONTINUOUS
10
1.3469833464566929
20
-2.4285947244094488
11
1.3503183858267716
21
-2.4255168503937008
0
LINE
8
Edge.Cuts
6
CONTINUOUS
10
1.3503183858267716
20
-2.4255168503937008
11
1.3527698818897638
21
-2.4216976771653544
0
LINE
8
Edge.Cuts
6
CONTINUOUS
10
1.3527698818897638
20
-2.4216976771653544
11
1.3541794488188976
21
-2.4173838976377953
0
LINE
8
Edge.Cuts
6
CONTINUOUS
10
1.3541794488188976
20
-2.4173838976377953
11
1.3544561023622046
21
-2.4128540944881891
0
LINE
8
Edge.Cuts
6
CONTINUOUS
10
1.3544561023622046
20
-2.4128540944881891
11
1.3535819291338582
21
-2.4084008267716537
0
LINE
8
Edge.Cuts
6
CONTINUOUS
10
1.3535819291338582
20
-2.4084008267716537
11
1.3526012204724409
21
-2.4063545669291337
0
LINE
8
Edge.Cuts
6
CONTINUOUS
10
1.3526012204724409
20
-2.4063545669291337
11
1.3514195669291338
21
-2.4033427952755906
0
LINE
8
Edge.Cuts
6
CONTINUOUS
10
1.3514195669291338
20
-2.4033427952755906
11
1.350699842519685
21
-2.4001885433070864
0
LINE
8
Edge.Cuts
6
CONTINUOUS
10
1.350699842519685
20
-2.4001885433070864
11
1.3504581496062993
21
-2.396962244094488
0
LINE
8
Edge.Cuts
6
CONTINUOUS
10
1.3504581496062993
20
-2.396962244094488
11
1.3504581496062993
21
-2.3416203543307086
0
LINE
8
Edge.Cuts
6
CONTINUOUS
10
1.3504581496062993
20
-2.3416203543307086
11
1.3504581496062993
21
-2.3416203149606298
0
LINE
8
Edge.Cuts
6
CONTINUOUS
10
1.3504581496062993
20
-2.3416203149606298
11
1.350699842519685
21
-2.3383940551181102
0
LINE
8
Edge.Cuts
6
CONTINUOUS
10
1.350699842519685
20
-2.3383940551181102
11
1.3514195669291338
21
-2.3352398031496064
0
LINE
8
Edge.Cuts
6
CONTINUOUS
10
1.3514195669291338
20
-2.3352398031496064
11
1.3526012204724409
21
-2.3322279921259841
0
LINE
8
Edge.Cuts
6
CONTINUOUS
10
1.3526012204724409
20
-2.3322279921259841
11
1.3535819291338582
21
-2.3301817322834646
0
LINE
8
Edge.Cuts
6
CONTINUOUS
10
1.3535819291338582
20
-2.3301817322834646
11
1.3544560629921261
21
-2.3257285039370079
0
LINE
8
Edge.Cuts
6
CONTINUOUS
10
1.3544560629921261
20
-2.3257285039370079
11
1.3541794094488189
21
-2.3211987007874013
0
LINE
8
Edge.Cuts
6
CONTINUOUS
10
1.3541794094488189
20
-2.3211987007874013
11
1.352769842519685
21
-2.3168848818897638
0
LINE
8
Edge.Cuts
6
CONTINUOUS
10
1.352769842519685
20
-2.3168848818897638
11
1.3503183464566928
21
-2.3130657480314962
0
LINE
8
Edge.Cuts
6
CONTINUOUS
10
1.3503183464566928
20
-2.3130657480314962
11
1.3469833070866142
21
-2.3099878740157478
0
LINE
8
Edge.Cuts
6
CONTINUOUS
10
1.3469833070866142
20
-2.3099878740157478
11
1.3429801181102361
21
-2.307850118110236
0
LINE
8
Edge.Cuts
6
CONTINUOUS
10
1.3429801181102361
20
-2.307850118110236
11
1.3385673228346457
21
-2.3067905118110237
0
LINE
8
Edge.Cuts
6
CONTINUOUS
10
1.3385673228346457
20
-2.3067905118110237
11
1.3340298818897638
21
-2.3068775196850395
0
LINE
8
Edge.Cuts
6
CONTINUOUS
10
1.3340298818897638
20
-2.3068775196850395
11
1.3296609448818897
21
-2.3081054724409449
0
LINE
8
Edge.Cuts
6
CONTINUOUS
10
1.3296609448818897
20
-2.3081054724409449
11
1.3276998031496063
21
-2.3092468897637795
0
LINE
8
Edge.Cuts
6
CONTINUOUS
10
1.3276998031496063
20
-2.3092468897637795
11
1.3242519685039369
21
-2.3108729527559055
0
LINE
8
Edge.Cuts
6
CONTINUOUS
10
1.3242519685039369
20
-2.3108729527559055
11
1.3205724409448818
21
-2.3118691732283465
0
LINE
8
Edge.Cuts
6
CONTINUOUS
10
1.3205724409448818
20
-2.3118691732283465
11
1.3167752362204723
21
-2.3122047244094488
0
LINE
8
Edge.Cuts
6
CONTINUOUS
10
1.3167752362204723
20
-2.3122047244094488
11
1.2542199212598424
21
-2.3122047244094488
0
LINE
8
Edge.Cuts
6
CONTINUOUS
10
1.2542199212598424
20
-2.3122047244094488
11
1.2542195669291338
21
-2.3122046456692913
0
LINE
8
Edge.Cuts
6
CONTINUOUS
10
1.2542195669291338
20
-2.3122046456692913
11
1.2504226771653544
21
-2.3118691338582678
0
LINE
8
Edge.Cuts
6
CONTINUOUS
10
1.2504226771653544
20
-2.3118691338582678
11
1.2467431496062993
21
-2.3108729133858268
0
LINE
8
Edge.Cuts
6
CONTINUOUS
10
1.2467431496062993
20
-2.3108729133858268
11
1.2432953149606298
21
-2.3092468503937007
0
LINE
8
Edge.Cuts
6
CONTINUOUS
10
1.2432953149606298
20
-2.3092468503937007
11
1.2413341732283465
21
-2.3081054330708661
0
LINE
8
Edge.Cuts
6
CONTINUOUS
10
1.2413341732283465
20
-2.3081054330708661
11
1.2369651968503936
21
-2.3068774803149608
0
LINE
8
Edge.Cuts
6
CONTINUOUS
10
1.2369651968503936
20
-2.3068774803149608
11
1.2324277952755904
21
-2.3067904724409449
0
LINE
8
Edge.Cuts
6
CONTINUOUS
10
1.2324277952755904
20
-2.3067904724409449
11
1.2280150000000001
21
-2.3078500787401572
0
LINE
8
Edge.Cuts
6
CONTINUOUS
10
10.8882475196850397
20
-2.2985794881889765
11
10.8933131102362211
21
-2.3007296062992126
0
LINE
8
Edge.Cuts
6
CONTINUOUS
10
10.8933131102362211
20
-2.3007296062992126
11
10.8946653543307086
21
-2.3015181889763778
0
LINE
8
Edge.Cuts
6
CONTINUOUS
10
10.8946653543307086
20
-2.3015181889763778
11
10.8976036614173228
21
-2.3025992519685037
0
LINE
8
Edge.Cuts
6
CONTINUOUS
10
10.8976036614173228
20
-2.3025992519685037
11
10.9006859842519681
21
-2.3031483070866141
0
LINE
8
Edge.Cuts
6
CONTINUOUS
10
10.9006859842519681
20
-2.3031483070866141
11
10.9022514173228338
21
-2.3031496456692913
0
LINE
8
Edge.Cuts
6
CONTINUOUS
10
10.9022514173228338
20
-2.3031496456692913
11
10.9648066929133847
21
-2.3031496456692913
0
LINE
8
Edge.Cuts
6
CONTINUOUS
10
10.9648066929133847
20
-2.3031496456692913
11
10.9663720866141734
21
-2.3031482677165354
0
LINE
8
Edge.Cuts
6
CONTINUOUS
10
10.9663720866141734
20
-2.3031482677165354
11
10.9694544094488187
21
-2.3025992519685037
0
LINE
8
Edge.Cuts
6
CONTINUOUS
10
10.9694544094488187
20
-2.3025992519685037
11
10.9723927165354329
21
-2.3015181889763778
0
LINE
8
Edge.Cuts
6
CONTINUOUS
10
10.9723927165354329
20
-2.3015181889763778
11
10.9737449606299204
21
-2.3007296062992126
0
LINE
8
Edge.Cuts
6
CONTINUOUS
10
10.9737449606299204
20
-2.3007296062992126
11
10.9737453937007867
21
-2.3007294881889764
0
LINE
8
Edge.Cuts
6
CONTINUOUS
10
10.9737453937007867
20
-2.3007294881889764
11
10.9788105905511806
21
-2.298579566929134
0
LINE
8
Edge.Cuts
6
CONTINUOUS
10
10.9788105905511806
20
-2.298579566929134
11
10.9842545669291329
21
-2.2977758267716535
0
LINE
8
Edge.Cuts
6
CONTINUOUS
10
10.9842545669291329
20
-2.2977758267716535
11
10.9897253543307087
21
-2.2983703149606298
0
LINE
8
Edge.Cuts
6
CONTINUOUS
10
10.9897253543307087
20
-2.2983703149606298
11
10.9948696062992131
21
-2.3003247244094487
0
LINE
8
Edge.Cuts
6
CONTINUOUS
10
10.9948696062992131
20
-2.3003247244094487
11
10.9993550393700783
21
-2.303512755905512
0
LINE
8
Edge.Cuts
6
CONTINUOUS
10
10.9993550393700783
20
-2.303512755905512
11
11.0028920472440941
21
-2.3077285039370077
0
LINE
8
Edge.Cuts
6
CONTINUOUS
10
11.0028920472440941
20
-2.3077285039370077
11
11.0052521259842511
21
-2.3126997244094487
0
LINE
8
Edge.Cuts
6
CONTINUOUS
10
11.0052521259842511
20
-2.3126997244094487
11
11.0062828346456687
21
-2.3181053149606297
0
LINE
8
Edge.Cuts
6
CONTINUOUS
10
11.0062828346456687
20
-2.3181053149606297
11
11.0059175984251958
21
-2.3235961811023622
0
LINE
8
Edge.Cuts
6
CONTINUOUS
10
11.0059175984251958
20
-2.3235961811023622
11
11.0041800787401574
21
-2.3288176771653544
0
LINE
8
Edge.Cuts
6
CONTINUOUS
10
11.0041800787401574
20
-2.3288176771653544
11
11.0041799999999999
21
-2.3288177165354331
0
LINE
8
Edge.Cuts
6
CONTINUOUS
10
11.0041799999999999
20
-2.3288177165354331
11
11.003604566929134
21
-2.3300133858267715
0
LINE
8
Edge.Cuts
6
CONTINUOUS
10
11.003604566929134
20
-2.3300133858267715
11
11.0028224409448825
21
-2.3325502362204724
0
LINE
8
Edge.Cuts
6
CONTINUOUS
10
11.0028224409448825
20
-2.3325502362204724
11
11.0024267716535427
21
-2.3351752755905513
0
LINE
8
Edge.Cuts
6
CONTINUOUS
10
11.0024267716535427
20
-2.3351752755905513
11
11.0024266535433064
21
-2.3365023228346455
0
LINE
8
Edge.Cuts
6
CONTINUOUS
10
11.0024266535433064
20
-2.3365023228346455
11
11.0024266535433064
21
-2.3918442125984249
0
LINE
8
Edge.Cuts
6
CONTINUOUS
10
11.0024266535433064
20
-2.3918442125984249
11
11.0024266535433064
21
-2.3918442519685037
0
LINE
8
Edge.Cuts
6
CONTINUOUS
10
11.0024266535433064
20
-2.3918442519685037
11
11.0024265748031489
21
-2.3931714960629922
0
LINE
8
Edge.Cuts
6
CONTINUOUS
10
11.0024265748031489
20
-2.3931714960629922
11
11.0028220866141737
21
-2.3957963385826773
0
LINE
8
Edge.Cuts
6
CONTINUOUS
10
11.0028220866141737
20
-2.3957963385826773
11
11.0036042913385828
21
-2.3983329527559056
0
LINE
8
Edge.Cuts
6
CONTINUOUS
10
11.0036042913385828
20
-2.3983329527559056
11
11.0041800393700786
21
-2.3995288188976378
0
LINE
8
Edge.Cuts
6
CONTINUOUS
10
11.0041800393700786
20
-2.3995288188976378
11
11.0041800393700786
21
-2.3995288582677166
0
LINE
8
Edge.Cuts
6
CONTINUOUS
10
11.0041800393700786
20
-2.3995288582677166
11
11.0059176377952745
21
-2.4047503543307087
0
LINE
8
Edge.Cuts
6
CONTINUOUS
10
11.0059176377952745
20
-2.4047503543307087
11
11.0062828740157475
21
-2.4102412204724408
0
LINE
8
Edge.Cuts
6
CONTINUOUS
10
11.0062828740157475
20
-2.4102412204724408
11
11.0052521653543298
21
-2.4156468503937005
0
LINE
8
Edge.Cuts
6
CONTINUOUS
10
11.0052521653543298
20
-2.4156468503937005
11
11.0028920866141728
21
-2.4206180708661416
0
LINE
8
Edge.Cuts
6
CONTINUOUS
10
11.0028920866141728
20
-2.4206180708661416
11
10.9993551181102358
21
-2.4248338582677165
0
LINE
8
Edge.Cuts
6
CONTINUOUS
10
10.9993551181102358
20
-2.4248338582677165
11
10.9948696456692918
21
-2.4280218897637793
0
LINE
8
Edge.Cuts
6
CONTINUOUS
10
10.9948696456692918
20
-2.4280218897637793
11
10.9897253543307087
21
-2.4299762992125982
0
LINE
8
Edge.Cuts
6
CONTINUOUS
10
10.9897253543307087
20
-2.4299762992125982
11
10.9842545669291329
21
-2.430570787401575
0
LINE
8
Edge.Cuts
6
CONTINUOUS
10
10.9842545669291329
20
-2.430570787401575
11
10.9788105905511806
21
-2.4297670472440944
0
LINE
8
Edge.Cuts
6
CONTINUOUS
10
10.9788105905511806
20
-2.4297670472440944
11
10.9737449999999992
21
-2.4276169291338583
0
LINE
8
Edge.Cuts
6
CONTINUOUS
10
10.9737449999999992
20
-2.4276169291338583
11
10.9723927559055117
21
-2.4268283464566927
0
LINE
8
Edge.Cuts
6
CONTINUOUS
10
10.9723927559055117
20
-2.4268283464566927
11
10.9694544488188974
21
-2.4257472834645668
0
LINE
8
Edge.Cuts
6
CONTINUOUS
10
10.9694544488188974
20
-2.4257472834645668
11
10.9663721259842522
21
-2.4251982677165356
0
LINE
8
Edge.Cuts
6
CONTINUOUS
10
10.9663721259842522
20
-2.4251982677165356
11
10.9648067322834635
21
-2.4251968897637797
0
LINE
8
Edge.Cuts
6
CONTINUOUS
10
10.9648067322834635
20
-2.4251968897637797
11
10.9648066141732272
21
-2.4251968503937009
0
LINE
8
Edge.Cuts
6
CONTINUOUS
10
10.9648066141732272
20
-2.4251968503937009
11
10.902251377952755
21
-2.4251968503937009
0
LINE
8
Edge.Cuts
6
CONTINUOUS
10
10.902251377952755
20
-2.4251968503937009
11
10.9006859842519681
21
-2.4251982283464568
0
LINE
8
Edge.Cuts
6
CONTINUOUS
10
10.9006859842519681
20
-2.4251982283464568
11
10.8976036614173228
21
-2.4257472440944881
0
LINE
8
Edge.Cuts
6
CONTINUOUS
10
10.8976036614173228
20
-2.4257472440944881
11
10.8946653543307086
21
-2.4268283070866139
0
LINE
8
Edge.Cuts
6
CONTINUOUS
10
10.8946653543307086
20
-2.4268283070866139
11
10.8933131102362211
21
-2.4276168897637795
0
LINE
8
Edge.Cuts
6
CONTINUOUS
10
10.8933131102362211
20
-2.4276168897637795
11
10.8882475196850397
21
-2.4297670078740157
0
LINE
8
Edge.Cuts
6
CONTINUOUS
10
10.8882475196850397
20
-2.4297670078740157
11
10.8828035433070855
21
-2.430570787401575
0
LINE
8
Edge.Cuts
6
CONTINUOUS
10
10.8828035433070855
20
-2.430570787401575
11
10.8773327559055115
21
-2.4299762598425194
0
LINE
8
Edge.Cuts
6
CONTINUOUS
10
10.8773327559055115
20
-2.4299762598425194
11
10.8721885039370072
21
-2.4280218897637793
0
LINE
8
Edge.Cuts
6
CONTINUOUS
10
10.8721885039370072
20
-2.4280218897637793
11
10.8677030314960632
21
-2.4248338582677165
0
LINE
8
Edge.Cuts
6
CONTINUOUS
10
10.8677030314960632
20
-2.4248338582677165
11
10.8641660236220474
21
-2.4206180708661416
0
LINE
8
Edge.Cuts
6
CONTINUOUS
10
10.8641660236220474
20
-2.4206180708661416
11
10.8618059842519674
21
-2.4156468503937005
0
LINE
8
Edge.Cuts
6
CONTINUOUS
10
10.8618059842519674
20
-2.4156468503937005
11
10.8607752755905516
21
-2.4102412204724408
0
LINE
8
Edge.Cuts
6
CONTINUOUS
10
10.8607752755905516
20
-2.4102412204724408
11
10.8611404724409439
21
-2.4047503543307087
0
LINE
8
Edge.Cuts
6
CONTINUOUS
10
10.8611404724409439
20
-2.4047503543307087
11
10.8628780708661417
21
-2.3995288582677166
0
LINE
8
Edge.Cuts
6
CONTINUOUS
10
10.8628780708661417
20
-2.3995288582677166
11
10.8634537795275588
21
-2.3983329921259844
0
LINE
8
Edge.Cuts
6
CONTINUOUS
10
10.8634537795275588
20
-2.3983329921259844
11
10.8642359842519678
21
-2.395796377952756
0
LINE
8
Edge.Cuts
6
CONTINUOUS
10
10.8642359842519678
20
-2.395796377952756
11
10.8646314960629926
21
-2.3931714960629922
0
LINE
8
Edge.Cuts
6
CONTINUOUS
10
10.8646314960629926
20
-2.3931714960629922
11
10.8646314566929139
21
-2.3918442519685037
0
LINE
8
Edge.Cuts
6
CONTINUOUS
10
10.8646314566929139
20
-2.3918442519685037
11
10.8646314566929139
21
-2.3918442125984249
0
LINE
8
Edge.Cuts
6
CONTINUOUS
10
10.8646314566929139
20
-2.3918442125984249
11
10.8646314566929139
21
-2.3365023228346455
0
LINE
8
Edge.Cuts
6
CONTINUOUS
10
10.8646314566929139
20
-2.3365023228346455
11
10.8646314960629926
21
-2.3351750787401575
0
LINE
8
Edge.Cuts
6
CONTINUOUS
10
10.8646314960629926
20
-2.3351750787401575
11
10.8642359842519678
21
-2.3325501968503937
0
LINE
8
Edge.Cuts
6
CONTINUOUS
10
10.8642359842519678
20
-2.3325501968503937
11
10.8634537795275588
21
-2.3300135433070865
0
LINE
8
Edge.Cuts
6
CONTINUOUS
10
10.8634537795275588
20
-2.3300135433070865
11
10.8628780708661417
21
-2.3288176771653544
0
LINE
8
Edge.Cuts
6
CONTINUOUS
10
10.8628780708661417
20
-2.3288176771653544
11
10.8611404724409439
21
-2.323596220472441
0
LINE
8
Edge.Cuts
6
CONTINUOUS
10
10.8611404724409439
20
-2.323596220472441
11
10.8607752362204728
21
-2.3181053543307084
0
LINE
8
Edge.Cuts
6
CONTINUOUS
10
10.8607752362204728
20
-2.3181053543307084
11
10.8618059448818887
21
-2.3126997244094487
0
LINE
8
Edge.Cuts
6
CONTINUOUS
10
10.8618059448818887
20
-2.3126997244094487
11
10.8641659842519687
21
-2.3077284645669289
0
LINE
8
Edge.Cuts
6
CONTINUOUS
10
10.8641659842519687
20
-2.3077284645669289
11
10.8677029921259845
21
-2.3035126771653545
0
LINE
8
Edge.Cuts
6
CONTINUOUS
10
10.8677029921259845
20
-2.3035126771653545
11
10.8721884645669284
21
-2.3003246456692912
0
LINE
8
Edge.Cuts
6
CONTINUOUS
10
10.8721884645669284
20
-2.3003246456692912
11
10.8773327165354328
21
-2.2983702362204723
0
LINE
8
Edge.Cuts
6
CONTINUOUS
10
10.8773327165354328
20
-2.2983702362204723
11
10.8828035433070855
21
-2.297775748031496
0
LINE
8
Edge.Cuts
6
CONTINUOUS
10
10.8828035433070855
20
-2.297775748031496
11
10.8882475196850397
21
-2.2985794881889765
0
LINE
8
Edge.Cuts
6
CONTINUOUS
10
10.8760464566929134
20
-2.3027320866141734
11
10.8720432677165348
21
-2.3048698425196852
0
LINE
8
Edge.Cuts
6
CONTINUOUS
10
10.8720432677165348
20
-2.3048698425196852
11
10.8687082283464562
21
-2.3079477165354332
0
LINE
8
Edge.Cuts
6
CONTINUOUS
10
10.8687082283464562
20
-2.3079477165354332
11
10.866256732283464
21
-2.3117668897637795
0
LINE
8
Edge.Cuts
6
CONTINUOUS
10
10.866256732283464
20
-2.3117668897637795
11
10.8648471653543304
21
-2.3160806692913387
0
LINE
8
Edge.Cuts
6
CONTINUOUS
10
10.8648471653543304
20
-2.3160806692913387
11
10.8645705118110225
21
-2.3206104724409449
0
LINE
8
Edge.Cuts
6
CONTINUOUS
10
10.8645705118110225
20
-2.3206104724409449
11
10.8654446850393693
21
-2.3250637401574803
0
LINE
8
Edge.Cuts
6
CONTINUOUS
10
10.8654446850393693
20
-2.3250637401574803
11
10.8664253543307083
21
-2.3271098818897635
0
LINE
8
Edge.Cuts
6
CONTINUOUS
10
10.8664253543307083
20
-2.3271098818897635
11
10.8664253937007871
21
-2.327109960629921
0
LINE
8
Edge.Cuts
6
CONTINUOUS
10
10.8664253937007871
20
-2.327109960629921
11
10.8676070472440944
21
-2.3301217716535434
0
LINE
8
Edge.Cuts
6
CONTINUOUS
10
10.8676070472440944
20
-2.3301217716535434
11
10.8683267716535426
21
-2.3332760236220471
0
LINE
8
Edge.Cuts
6
CONTINUOUS
10
10.8683267716535426
20
-2.3332760236220471
11
10.8685684645669287
21
-2.3365023228346455
0
LINE
8
Edge.Cuts
6
CONTINUOUS
10
10.8685684645669287
20
-2.3365023228346455
11
10.8685684645669287
21
-2.3918442125984249
0
LINE
8
Edge.Cuts
6
CONTINUOUS
10
10.8685684645669287
20
-2.3918442125984249
11
10.8685684645669287
21
-2.3918442519685037
0
LINE
8
Edge.Cuts
6
CONTINUOUS
10
10.8685684645669287
20
-2.3918442519685037
11
10.8683267716535426
21
-2.3950705118110234
0
LINE
8
Edge.Cuts
6
CONTINUOUS
10
10.8683267716535426
20
-2.3950705118110234
11
10.8676070472440944
21
-2.3982247637795275
0
LINE
8
Edge.Cuts
6
CONTINUOUS
10
10.8676070472440944
20
-2.3982247637795275
11
10.8664253937007871
21
-2.4012365748031494
0
LINE
8
Edge.Cuts
6
CONTINUOUS
10
10.8664253937007871
20
-2.4012365748031494
11
10.8654446850393693
21
-2.4032828346456694
0
LINE
8
Edge.Cuts
6
CONTINUOUS
10
10.8654446850393693
20
-2.4032828346456694
11
10.8645705511811013
21
-2.4077360629921261
0
LINE
8
Edge.Cuts
6
CONTINUOUS
10
10.8645705511811013
20
-2.4077360629921261
11
10.8648472047244091
21
-2.4122658661417322
0
LINE
8
Edge.Cuts
6
CONTINUOUS
10
10.8648472047244091
20
-2.4122658661417322
11
10.8662567716535428
21
-2.4165796850393702
0
LINE
8
Edge.Cuts
6
CONTINUOUS
10
10.8662567716535428
20
-2.4165796850393702
11
10.868708267716535
21
-2.4203988188976377
0
LINE
8
Edge.Cuts
6
CONTINUOUS
10
10.868708267716535
20
-2.4203988188976377
11
10.8720433070866136
21
-2.4234766929133857
0
LINE
8
Edge.Cuts
6
CONTINUOUS
10
10.8720433070866136
20
-2.4234766929133857
11
10.8760464960629921
21
-2.4256144488188975
0
LINE
8
Edge.Cuts
6
CONTINUOUS
10
10.8760464960629921
20
-2.4256144488188975
11
10.8804592913385818
21
-2.4266740551181103
0
LINE
8
Edge.Cuts
6
CONTINUOUS
10
10.8804592913385818
20
-2.4266740551181103
11
10.8849967322834651
21
-2.4265870472440945
0
LINE
8
Edge.Cuts
6
CONTINUOUS
10
10.8849967322834651
20
-2.4265870472440945
11
10.8893656692913385
21
-2.4253590944881891
0
LINE
8
Edge.Cuts
6
CONTINUOUS
10
10.8893656692913385
20
-2.4253590944881891
11
10.891326811023621
21
-2.4242176771653541
0
LINE
8
Edge.Cuts
6
CONTINUOUS
10
10.891326811023621
20
-2.4242176771653541
11
10.8947746456692904
21
-2.4225916141732284
0
LINE
8
Edge.Cuts
6
CONTINUOUS
10
10.8947746456692904
20
-2.4225916141732284
11
10.8984541732283464
21
-2.4215953937007875
0
LINE
8
Edge.Cuts
6
CONTINUOUS
10
10.8984541732283464
20
-2.4215953937007875
11
10.902251377952755
21
-2.4212598425196852
0
LINE
8
Edge.Cuts
6
CONTINUOUS
10
10.902251377952755
20
-2.4212598425196852
11
10.9648066929133847
21
-2.4212598425196852
0
LINE
8
Edge.Cuts
6
CONTINUOUS
10
10.9648066929133847
20
-2.4212598425196852
11
10.9648070078740147
21
-2.4212598818897639
0
LINE
8
Edge.Cuts
6
CONTINUOUS
10
10.9648070078740147
20
-2.4212598818897639
11
10.9686039370078738
21
-2.4215954330708662
0
LINE
8
Edge.Cuts
6
CONTINUOUS
10
10.9686039370078738
20
-2.4215954330708662
11
10.972283464566928
21
-2.4225916535433072
0
LINE
8
Edge.Cuts
6
CONTINUOUS
10
10.972283464566928
20
-2.4225916535433072
11
10.9757312992125975
21
-2.4242177165354328
0
LINE
8
Edge.Cuts
6
CONTINUOUS
10
10.9757312992125975
20
-2.4242177165354328
11
10.9776924409448817
21
-2.4253591338582678
0
LINE
8
Edge.Cuts
6
CONTINUOUS
10
10.9776924409448817
20
-2.4253591338582678
11
10.9820614173228339
21
-2.4265870866141732
0
LINE
8
Edge.Cuts
6
CONTINUOUS
10
10.9820614173228339
20
-2.4265870866141732
11
10.9865988188976367
21
-2.426674094488189
0
LINE
8
Edge.Cuts
6
CONTINUOUS
10
10.9865988188976367
20
-2.426674094488189
11
10.9910116141732281
21
-2.4256144881889763
0
LINE
8
Edge.Cuts
6
CONTINUOUS
10
10.9910116141732281
20
-2.4256144881889763
11
10.9950148425196854
21
-2.4234766929133857
0
LINE
8
Edge.Cuts
6
CONTINUOUS
10
10.9950148425196854
20
-2.4234766929133857
11
10.998349881889764
21
-2.4203988582677165
0
LINE
8
Edge.Cuts
6
CONTINUOUS
10
10.998349881889764
20
-2.4203988582677165
11
11.0008013385826775
21
-2.4165796850393702
0
LINE
8
Edge.Cuts
6
CONTINUOUS
10
11.0008013385826775
20
-2.4165796850393702
11
11.0022109448818899
21
-2.412265905511811
0
LINE
8
Edge.Cuts
6
CONTINUOUS
10
11.0022109448818899
20
-2.412265905511811
11
11.0024875590551172
21
-2.4077361023622048
0
LINE
8
Edge.Cuts
6
CONTINUOUS
10
11.0024875590551172
20
-2.4077361023622048
11
11.0016134251968509
21
-2.4032828346456694
0
LINE
8
Edge.Cuts
6
CONTINUOUS
10
11.0016134251968509
20
-2.4032828346456694
11
11.0006327165354332
21
-2.4012365748031494
0
LINE
8
Edge.Cuts
6
CONTINUOUS
10
11.0006327165354332
20
-2.4012365748031494
11
10.9994510236220471
21
-2.3982247637795275
0
LINE
8
Edge.Cuts
6
CONTINUOUS
10
10.9994510236220471
20
-2.3982247637795275
11
10.998731299212599
21
-2.3950704724409446
0
LINE
8
Edge.Cuts
6
CONTINUOUS
10
10.998731299212599
20
-2.3950704724409446
11
10.9984896456692915
21
-2.3918441732283462
0
LINE
8
Edge.Cuts
6
CONTINUOUS
10
10.9984896456692915
20
-2.3918441732283462
11
10.9984896456692915
21
-2.3365023228346455
0
LINE
8
Edge.Cuts
6
CONTINUOUS
10
10.9984896456692915
20
-2.3365023228346455
11
10.9984896850393703
21
-2.336502086614173
0
LINE
8
Edge.Cuts
6
CONTINUOUS
10
10.9984896850393703
20
-2.336502086614173
11
10.9984896456692915
21
-2.3365019685039368
0
LINE
8
Edge.Cuts
6
CONTINUOUS
10
10.9984896456692915
20
-2.3365019685039368
11
10.9987316929133847
21
-2.3332759448818896
0
LINE
8
Edge.Cuts
6
CONTINUOUS
10
10.9987316929133847
20
-2.3332759448818896
11
10.9994513385826771
21
-2.3301219685039372
0
LINE
8
Edge.Cuts
6
CONTINUOUS
10
10.9994513385826771
20
-2.3301219685039372
11
11.0006325590551182
21
-2.3271102755905511
0
LINE
8
Edge.Cuts
6
CONTINUOUS
10
11.0006325590551182
20
-2.3271102755905511
11
11.0006326377952757
21
-2.3271101574803148
0
LINE
8
Edge.Cuts
6
CONTINUOUS
10
11.0006326377952757
20
-2.3271101574803148
11
11.0006326771653544
21
-2.327109960629921
0
LINE
8
Edge.Cuts
6
CONTINUOUS
10
11.0006326771653544
20
-2.327109960629921
11
11.0016133858267722
21
-2.3250637401574803
0
LINE
8
Edge.Cuts
6
CONTINUOUS
10
11.0016133858267722
20
-2.3250637401574803
11
11.0024875590551172
21
-2.3206104724409449
0
LINE
8
Edge.Cuts
6
CONTINUOUS
10
11.0024875590551172
20
-2.3206104724409449
11
11.0022108661417324
21
-2.3160806692913387
0
LINE
8
Edge.Cuts
6
CONTINUOUS
10
11.0022108661417324
20
-2.3160806692913387
11
11.0008012992125987
21
-2.3117668897637795
0
LINE
8
Edge.Cuts
6
CONTINUOUS
10
11.0008012992125987
20
-2.3117668897637795
11
10.9983498031496065
21
-2.3079477559055119
0
LINE
8
Edge.Cuts
6
CONTINUOUS
10
10.9983498031496065
20
-2.3079477559055119
11
10.9950148031496067
21
-2.3048699212598422
0
LINE
8
Edge.Cuts
6
CONTINUOUS
10
10.9950148031496067
20
-2.3048699212598422
11
10.9910115748031494
21
-2.3027321653543305
0
LINE
8
Edge.Cuts
6
CONTINUOUS
10
10.9910115748031494
20
-2.3027321653543305
11
10.9865987795275579
21
-2.3016725590551181
0
LINE
8
Edge.Cuts
6
CONTINUOUS
10
10.9865987795275579
20
-2.3016725590551181
11
10.9820613779527552
21
-2.3017595275590552
0
LINE
8
Edge.Cuts
6
CONTINUOUS
10
10.9820613779527552
20
-2.3017595275590552
11
10.9776924409448817
21
-2.3029874803149606
0
LINE
8
Edge.Cuts
6
CONTINUOUS
10
10.9776924409448817
20
-2.3029874803149606
11
10.9757312992125975
21
-2.3041288976377952
0
LINE
8
Edge.Cuts
6
CONTINUOUS
10
10.9757312992125975
20
-2.3041288976377952
11
10.97573090551181
21
-2.3041289763779527
0
LINE
8
Edge.Cuts
6
CONTINUOUS
10
10.97573090551181
20
-2.3041289763779527
11
10.9722834251968493
21
-2.3057548818897637
0
LINE
8
Edge.Cuts
6
CONTINUOUS
10
10.9722834251968493
20
-2.3057548818897637
11
10.9686038976377951
21
-2.3067511023622047
0
LINE
8
Edge.Cuts
6
CONTINUOUS
10
10.9686038976377951
20
-2.3067511023622047
11
10.9648066929133847
21
-2.307086653543307
0
LINE
8
Edge.Cuts
6
CONTINUOUS
10
10.9648066929133847
20
-2.307086653543307
11
10.9022514173228338
21
-2.307086653543307
0
LINE
8
Edge.Cuts
6
CONTINUOUS
10
10.9022514173228338
20
-2.307086653543307
11
10.8984541732283464
21
-2.3067511023622047
0
LINE
8
Edge.Cuts
6
CONTINUOUS
10
10.8984541732283464
20
-2.3067511023622047
11
10.8947746456692904
21
-2.3057548818897637
0
LINE
8
Edge.Cuts
6
CONTINUOUS
10
10.8947746456692904
20
-2.3057548818897637
11
10.891326811023621
21
-2.3041288188976377
0
LINE
8
Edge.Cuts
6
CONTINUOUS
10
10.891326811023621
20
-2.3041288188976377
11
10.8893656692913385
21
-2.3029874015748031
0
LINE
8
Edge.Cuts
6
CONTINUOUS
10
10.8893656692913385
20
-2.3029874015748031
11
10.8849966929133863
21
-2.3017594488188977
0
LINE
8
Edge.Cuts
6
CONTINUOUS
10
10.8849966929133863
20
-2.3017594488188977
11
10.8804592913385818
21
-2.3016724409448819
0
LINE
8
Edge.Cuts
6
CONTINUOUS
10
10.8804592913385818
20
-2.3016724409448819
11
10.8760464566929134
21
-2.3027320866141734
0
LINE
8
Edge.Cuts
6
CONTINUOUS
10
11.6323420078740156
20
-2.2985794881889765
11
11.637407598425197
21
-2.3007296062992126
0
LINE
8
Edge.Cuts
6
CONTINUOUS
10
11.637407598425197
20
-2.3007296062992126
11
11.6387598425196845
21
-2.3015181889763778
0
LINE
8
Edge.Cuts
6
CONTINUOUS
10
11.6387598425196845
20
-2.3015181889763778
11
11.6416981496062988
21
-2.3025992519685037
0
LINE
8
Edge.Cuts
6
CONTINUOUS
10
11.6416981496062988
20
-2.3025992519685037
11
11.6447804724409441
21
-2.3031483070866141
0
LINE
8
Edge.Cuts
6
CONTINUOUS
10
11.6447804724409441
20
-2.3031483070866141
11
11.6463459055118115
21
-2.3031496456692913
0
LINE
8
Edge.Cuts
6
CONTINUOUS
10
11.6463459055118115
20
-2.3031496456692913
11
11.7089011811023624
21
-2.3031496456692913
0
LINE
8
Edge.Cuts
6
CONTINUOUS
10
11.7089011811023624
20
-2.3031496456692913
11
11.7104665748031493
21
-2.3031482677165354
0
LINE
8
Edge.Cuts
6
CONTINUOUS
10
11.7104665748031493
20
-2.3031482677165354
11
11.7135488976377946
21
-2.3025992519685037
0
LINE
8
Edge.Cuts
6
CONTINUOUS
10
11.7135488976377946
20
-2.3025992519685037
11
11.7164872047244089
21
-2.3015181889763778
0
LINE
8
Edge.Cuts
6
CONTINUOUS
10
11.7164872047244089
20
-2.3015181889763778
11
11.7178394488188982
21
-2.3007296062992126
0
LINE
8
Edge.Cuts
6
CONTINUOUS
10
11.7178394488188982
20
-2.3007296062992126
11
11.7178398818897627
21
-2.3007294881889764
0
LINE
8
Edge.Cuts
6
CONTINUOUS
10
11.7178398818897627
20
-2.3007294881889764
11
11.7229050787401565
21
-2.298579566929134
0
LINE
8
Edge.Cuts
6
CONTINUOUS
10
11.7229050787401565
20
-2.298579566929134
11
11.7283490551181107
21
-2.2977758267716535
0
LINE
8
Edge.Cuts
6
CONTINUOUS
10
11.7283490551181107
20
-2.2977758267716535
11
11.7338198425196847
21
-2.2983703149606298
0
LINE
8
Edge.Cuts
6
CONTINUOUS
10
11.7338198425196847
20
-2.2983703149606298
11
11.738964094488189
21
-2.3003247244094487
0
LINE
8
Edge.Cuts
6
CONTINUOUS
10
11.738964094488189
20
-2.3003247244094487
11
11.7434495275590542
21
-2.303512755905512
0
LINE
8
Edge.Cuts
6
CONTINUOUS
10
11.7434495275590542
20
-2.303512755905512
11
11.74698653543307
21
-2.3077285039370077
0
LINE
8
Edge.Cuts
6
CONTINUOUS
10
11.74698653543307
20
-2.3077285039370077
11
11.7493466141732288
21
-2.3126997244094487
0
LINE
8
Edge.Cuts
6
CONTINUOUS
10
11.7493466141732288
20
-2.3126997244094487
11
11.7503773228346446
21
-2.3181053149606297
0
LINE
8
Edge.Cuts
6
CONTINUOUS
10
11.7503773228346446
20
-2.3181053149606297
11
11.7500120866141735
21
-2.3235961811023622
0
LINE
8
Edge.Cuts
6
CONTINUOUS
10
11.7500120866141735
20
-2.3235961811023622
11
11.7482745669291333
21
-2.3288176771653544
0
LINE
8
Edge.Cuts
6
CONTINUOUS
10
11.7482745669291333
20
-2.3288176771653544
11
11.7482744881889758
21
-2.3288177165354331
0
LINE
8
Edge.Cuts
6
CONTINUOUS
10
11.7482744881889758
20
-2.3288177165354331
11
11.74769905511811
21
-2.3300133858267715
0
LINE
8
Edge.Cuts
6
CONTINUOUS
10
11.74769905511811
20
-2.3300133858267715
11
11.7469169291338584
21
-2.3325502362204724
0
LINE
8
Edge.Cuts
6
CONTINUOUS
10
11.7469169291338584
20
-2.3325502362204724
11
11.7465212598425186
21
-2.3351752755905513
0
LINE
8
Edge.Cuts
6
CONTINUOUS
10
11.7465212598425186
20
-2.3351752755905513
11
11.7465211417322823
21
-2.3365023228346455
0
LINE
8
Edge.Cuts
6
CONTINUOUS
10
11.7465211417322823
20
-2.3365023228346455
11
11.7465211417322823
21
-2.3918442125984249
0
LINE
8
Edge.Cuts
6
CONTINUOUS
10
11.7465211417322823
20
-2.3918442125984249
11
11.7465211417322823
21
-2.3918442519685037
0
LINE
8
Edge.Cuts
6
CONTINUOUS
10
11.7465211417322823
20
-2.3918442519685037
11
11.7465210629921248
21
-2.3931714960629922
0
LINE
8
Edge.Cuts
6
CONTINUOUS
10
11.7465210629921248
20
-2.3931714960629922
11
11.7469165748031497
21
-2.3957963385826773
0
LINE
8
Edge.Cuts
6
CONTINUOUS
10
11.7469165748031497
20
-2.3957963385826773
11
11.7476987795275587
21
-2.3983329527559056
0
LINE
8
Edge.Cuts
6
CONTINUOUS
10
11.7476987795275587
20
-2.3983329527559056
11
11.7482745275590545
21
-2.3995288188976378
0
LINE
8
Edge.Cuts
6
CONTINUOUS
10
11.7482745275590545
20
-2.3995288188976378
11
11.7482745275590545
21
-2.3995288582677166
0
LINE
8
Edge.Cuts
6
CONTINUOUS
10
11.7482745275590545
20
-2.3995288582677166
11
11.7500121259842523
21
-2.4047503543307087
0
LINE
8
Edge.Cuts
6
CONTINUOUS
10
11.7500121259842523
20
-2.4047503543307087
11
11.7503773622047234
21
-2.4102412204724408
0
LINE
8
Edge.Cuts
6
CONTINUOUS
10
11.7503773622047234
20
-2.4102412204724408
11
11.7493466535433075
21
-2.4156468503937005
0
LINE
8
Edge.Cuts
6
CONTINUOUS
10
11.7493466535433075
20
-2.4156468503937005
11
11.7469865748031488
21
-2.4206180708661416
0
LINE
8
Edge.Cuts
6
CONTINUOUS
10
11.7469865748031488
20
-2.4206180708661416
11
11.7434496062992118
21
-2.4248338582677165
0
LINE
8
Edge.Cuts
6
CONTINUOUS
10
11.7434496062992118
20
-2.4248338582677165
11
11.7389641338582678
21
-2.4280218897637793
0
LINE
8
Edge.Cuts
6
CONTINUOUS
10
11.7389641338582678
20
-2.4280218897637793
11
11.7338198425196847
21
-2.4299762992125982
0
LINE
8
Edge.Cuts
6
CONTINUOUS
10
11.7338198425196847
20
-2.4299762992125982
11
11.7283490551181107
21
-2.430570787401575
0
LINE
8
Edge.Cuts
6
CONTINUOUS
10
11.7283490551181107
20
-2.430570787401575
11
11.7229050787401565
21
-2.4297670472440944
0
LINE
8
Edge.Cuts
6
CONTINUOUS
10
11.7229050787401565
20
-2.4297670472440944
11
11.7178394881889769
21
-2.4276169291338583
0
LINE
8
Edge.Cuts
6
CONTINUOUS
10
11.7178394881889769
20
-2.4276169291338583
11
11.7164872440944876
21
-2.4268283464566927
0
LINE
8
Edge.Cuts
6
CONTINUOUS
10
11.7164872440944876
20
-2.4268283464566927
11
11.7135489370078734
21
-2.4257472834645668
0
LINE
8
Edge.Cuts
6
CONTINUOUS
10
11.7135489370078734
20
-2.4257472834645668
11
11.7104666141732281
21
-2.4251982677165356
0
LINE
8
Edge.Cuts
6
CONTINUOUS
10
11.7104666141732281
20
-2.4251982677165356
11
11.7089012204724412
21
-2.4251968897637797
0
LINE
8
Edge.Cuts
6
CONTINUOUS
10
11.7089012204724412
20
-2.4251968897637797
11
11.7089011023622049
21
-2.4251968503937009
0
LINE
8
Edge.Cuts
6
CONTINUOUS
10
11.7089011023622049
20
-2.4251968503937009
11
11.6463458661417327
21
-2.4251968503937009
0
LINE
8
Edge.Cuts
6
CONTINUOUS
10
11.6463458661417327
20
-2.4251968503937009
11
11.6447804724409441
21
-2.4251982283464568
0
LINE
8
Edge.Cuts
6
CONTINUOUS
10
11.6447804724409441
20
-2.4251982283464568
11
11.6416981496062988
21
-2.4257472440944881
0
LINE
8
Edge.Cuts
6
CONTINUOUS
10
11.6416981496062988
20
-2.4257472440944881
11
11.6387598425196845
21
-2.4268283070866139
0
LINE
8
Edge.Cuts
6
CONTINUOUS
10
11.6387598425196845
20
-2.4268283070866139
11
11.637407598425197
21
-2.4276168897637795
0
LINE
8
Edge.Cuts
6
CONTINUOUS
10
11.637407598425197
20
-2.4276168897637795
11
11.6323420078740156
21
-2.4297670078740157
0
LINE
8
Edge.Cuts
6
CONTINUOUS
10
11.6323420078740156
20
-2.4297670078740157
11
11.6268980314960633
21
-2.430570787401575
0
LINE
8
Edge.Cuts
6
CONTINUOUS
10
11.6268980314960633
20
-2.430570787401575
11
11.6214272440944875
21
-2.4299762598425194
0
LINE
8
Edge.Cuts
6
CONTINUOUS
10
11.6214272440944875
20
-2.4299762598425194
11
11.6162829921259831
21
-2.4280218897637793
0
LINE
8
Edge.Cuts
6
CONTINUOUS
10
11.6162829921259831
20
-2.4280218897637793
11
11.6117975196850391
21
-2.4248338582677165
0
LINE
8
Edge.Cuts
6
CONTINUOUS
10
11.6117975196850391
20
-2.4248338582677165
11
11.6082605118110234
21
-2.4206180708661416
0
LINE
8
Edge.Cuts
6
CONTINUOUS
10
11.6082605118110234
20
-2.4206180708661416
11
11.6059004724409451
21
-2.4156468503937005
0
LINE
8
Edge.Cuts
6
CONTINUOUS
10
11.6059004724409451
20
-2.4156468503937005
11
11.6048697637795275
21
-2.4102412204724408
0
LINE
8
Edge.Cuts
6
CONTINUOUS
10
11.6048697637795275
20
-2.4102412204724408
11
11.6052349606299217
21
-2.4047503543307087
0
LINE
8
Edge.Cuts
6
CONTINUOUS
10
11.6052349606299217
20
-2.4047503543307087
11
11.6069725590551176
21
-2.3995288582677166
0
LINE
8
Edge.Cuts
6
CONTINUOUS
10
11.6069725590551176
20
-2.3995288582677166
11
11.6075482677165347
21
-2.3983329921259844
0
LINE
8
Edge.Cuts
6
CONTINUOUS
10
11.6075482677165347
20
-2.3983329921259844
11
11.6083304724409437
21
-2.395796377952756
0
LINE
8
Edge.Cuts
6
CONTINUOUS
10
11.6083304724409437
20
-2.395796377952756
11
11.6087259842519686
21
-2.3931714960629922
0
LINE
8
Edge.Cuts
6
CONTINUOUS
10
11.6087259842519686
20
-2.3931714960629922
11
11.6087259448818898
21
-2.3918442519685037
0
LINE
8
Edge.Cuts
6
CONTINUOUS
10
11.6087259448818898
20
-2.3918442519685037
11
11.6087259448818898
21
-2.3918442125984249
0
LINE
8
Edge.Cuts
6
CONTINUOUS
10
11.6087259448818898
20
-2.3918442125984249
11
11.6087259448818898
21
-2.3365023228346455
0
LINE
8
Edge.Cuts
6
CONTINUOUS
10
11.6087259448818898
20
-2.3365023228346455
11
11.6087259842519686
21
-2.3351750787401575
0
LINE
8
Edge.Cuts
6
CONTINUOUS
10
11.6087259842519686
20
-2.3351750787401575
11
11.6083304724409437
21
-2.3325501968503937
0
LINE
8
Edge.Cuts
6
CONTINUOUS
10
11.6083304724409437
20
-2.3325501968503937
11
11.6075482677165347
21
-2.3300135433070865
0
LINE
8
Edge.Cuts
6
CONTINUOUS
10
11.6075482677165347
20
-2.3300135433070865
11
11.6069725590551176
21
-2.3288176771653544
0
LINE
8
Edge.Cuts
6
CONTINUOUS
10
11.6069725590551176
20
-2.3288176771653544
11
11.6052349606299217
21
-2.323596220472441
0
LINE
8
Edge.Cuts
6
CONTINUOUS
10
11.6052349606299217
20
-2.323596220472441
11
11.6048697244094488
21
-2.3181053543307084
0
LINE
8
Edge.Cuts
6
CONTINUOUS
10
11.6048697244094488
20
-2.3181053543307084
11
11.6059004330708664
21
-2.3126997244094487
0
LINE
8
Edge.Cuts
6
CONTINUOUS
10
11.6059004330708664
20
-2.3126997244094487
11
11.6082604724409446
21
-2.3077284645669289
0
LINE
8
Edge.Cuts
6
CONTINUOUS
10
11.6082604724409446
20
-2.3077284645669289
11
11.6117974803149604
21
-2.3035126771653545
0
LINE
8
Edge.Cuts
6
CONTINUOUS
10
11.6117974803149604
20
-2.3035126771653545
11
11.6162829527559044
21
-2.3003246456692912
0
LINE
8
Edge.Cuts
6
CONTINUOUS
10
11.6162829527559044
20
-2.3003246456692912
11
11.6214272047244087
21
-2.2983702362204723
0
LINE
8
Edge.Cuts
6
CONTINUOUS
10
11.6214272047244087
20
-2.2983702362204723
11
11.6268980314960633
21
-2.297775748031496
0
LINE
8
Edge.Cuts
6
CONTINUOUS
10
11.6268980314960633
20
-2.297775748031496
11
11.6323420078740156
21
-2.2985794881889765
0
LINE
8
Edge.Cuts
6
CONTINUOUS
10
11.6201409448818893
20
-2.3027320866141734
11
11.6161377559055108
21
-2.3048698425196852
0
LINE
8
Edge.Cuts
6
CONTINUOUS
10
11.6161377559055108
20
-2.3048698425196852
11
11.6128027165354322
21
-2.3079477165354332
0
LINE
8
Edge.Cuts
6
CONTINUOUS
10
11.6128027165354322
20
-2.3079477165354332
11
11.6103512204724399
21
-2.3117668897637795
0
LINE
8
Edge.Cuts
6
CONTINUOUS
10
11.6103512204724399
20
-2.3117668897637795
11
11.6089416535433063
21
-2.3160806692913387
0
LINE
8
Edge.Cuts
6
CONTINUOUS
10
11.6089416535433063
20
-2.3160806692913387
11
11.6086650000000002
21
-2.3206104724409449
0
LINE
8
Edge.Cuts
6
CONTINUOUS
10
11.6086650000000002
20
-2.3206104724409449
11
11.6095391732283471
21
-2.3250637401574803
0
LINE
8
Edge.Cuts
6
CONTINUOUS
10
11.6095391732283471
20
-2.3250637401574803
11
11.6105198425196843
21
-2.3271098818897635
0
LINE
8
Edge.Cuts
6
CONTINUOUS
10
11.6105198425196843
20
-2.3271098818897635
11
11.610519881889763
21
-2.327109960629921
0
LINE
8
Edge.Cuts
6
CONTINUOUS
10
11.610519881889763
20
-2.327109960629921
11
11.6117015354330704
21
-2.3301217716535434
0
LINE
8
Edge.Cuts
6
CONTINUOUS
10
11.6117015354330704
20
-2.3301217716535434
11
11.6124212598425203
21
-2.3332760236220471
0
LINE
8
Edge.Cuts
6
CONTINUOUS
10
11.6124212598425203
20
-2.3332760236220471
11
11.6126629527559047
21
-2.3365023228346455
0
LINE
8
Edge.Cuts
6
CONTINUOUS
10
11.6126629527559047
20
-2.3365023228346455
11
11.6126629527559047
21
-2.3918442125984249
0
LINE
8
Edge.Cuts
6
CONTINUOUS
10
11.6126629527559047
20
-2.3918442125984249
11
11.6126629527559047
21
-2.3918442519685037
0
LINE
8
Edge.Cuts
6
CONTINUOUS
10
11.6126629527559047
20
-2.3918442519685037
11
11.6124212598425203
21
-2.3950705118110234
0
LINE
8
Edge.Cuts
6
CONTINUOUS
10
11.6124212598425203
20
-2.3950705118110234
11
11.6117015354330704
21
-2.3982247637795275
0
LINE
8
Edge.Cuts
6
CONTINUOUS
10
11.6117015354330704
20
-2.3982247637795275
11
11.610519881889763
21
-2.4012365748031494
0
LINE
8
Edge.Cuts
6
CONTINUOUS
10
11.610519881889763
20
-2.4012365748031494
11
11.6095391732283471
21
-2.4032828346456694
0
LINE
8
Edge.Cuts
6
CONTINUOUS
10
11.6095391732283471
20
-2.4032828346456694
11
11.608665039370079
21
-2.4077360629921261
0
LINE
8
Edge.Cuts
6
CONTINUOUS
10
11.608665039370079
20
-2.4077360629921261
11
11.6089416929133851
21
-2.4122658661417322
0
LINE
8
Edge.Cuts
6
CONTINUOUS
10
11.6089416929133851
20
-2.4122658661417322
11
11.6103512598425187
21
-2.4165796850393702
0
LINE
8
Edge.Cuts
6
CONTINUOUS
10
11.6103512598425187
20
-2.4165796850393702
11
11.6128027559055109
21
-2.4203988188976377
0
LINE
8
Edge.Cuts
6
CONTINUOUS
10
11.6128027559055109
20
-2.4203988188976377
11
11.6161377952755895
21
-2.4234766929133857
0
LINE
8
Edge.Cuts
6
CONTINUOUS
10
11.6161377952755895
20
-2.4234766929133857
11
11.6201409842519681
21
-2.4256144488188975
0
LINE
8
Edge.Cuts
6
CONTINUOUS
10
11.6201409842519681
20
-2.4256144488188975
11
11.6245537795275595
21
-2.4266740551181103
0
LINE
8
Edge.Cuts
6
CONTINUOUS
10
11.6245537795275595
20
-2.4266740551181103
11
11.629091220472441
21
-2.4265870472440945
0
LINE
8
Edge.Cuts
6
CONTINUOUS
10
11.629091220472441
20
-2.4265870472440945
11
11.6334601574803145
21
-2.4253590944881891
0
LINE
8
Edge.Cuts
6
CONTINUOUS
10
11.6334601574803145
20
-2.4253590944881891
11
11.6354212992125987
21
-2.4242176771653541
0
LINE
8
Edge.Cuts
6
CONTINUOUS
10
11.6354212992125987
20
-2.4242176771653541
11
11.6388691338582682
21
-2.4225916141732284
0
LINE
8
Edge.Cuts
6
CONTINUOUS
10
11.6388691338582682
20
-2.4225916141732284
11
11.6425486614173224
21
-2.4215953937007875
0
LINE
8
Edge.Cuts
6
CONTINUOUS
10
11.6425486614173224
20
-2.4215953937007875
11
11.6463458661417327
21
-2.4212598425196852
0
LINE
8
Edge.Cuts
6
CONTINUOUS
10
11.6463458661417327
20
-2.4212598425196852
11
11.7089011811023624
21
-2.4212598425196852
0
LINE
8
Edge.Cuts
6
CONTINUOUS
10
11.7089011811023624
20
-2.4212598425196852
11
11.7089014960629925
21
-2.4212598818897639
0
LINE
8
Edge.Cuts
6
CONTINUOUS
10
11.7089014960629925
20
-2.4212598818897639
11
11.7126984251968498
21
-2.4215954330708662
0
LINE
8
Edge.Cuts
6
CONTINUOUS
10
11.7126984251968498
20
-2.4215954330708662
11
11.7163779527559058
21
-2.4225916535433072
0
LINE
8
Edge.Cuts
6
CONTINUOUS
10
11.7163779527559058
20
-2.4225916535433072
11
11.7198257874015752
21
-2.4242177165354328
0
LINE
8
Edge.Cuts
6
CONTINUOUS
10
11.7198257874015752
20
-2.4242177165354328
11
11.7217869291338577
21
-2.4253591338582678
0
LINE
8
Edge.Cuts
6
CONTINUOUS
10
11.7217869291338577
20
-2.4253591338582678
11
11.7261559055118116
21
-2.4265870866141732
0
LINE
8
Edge.Cuts
6
CONTINUOUS
10
11.7261559055118116
20
-2.4265870866141732
11
11.7306933070866144
21
-2.426674094488189
0
LINE
8
Edge.Cuts
6
CONTINUOUS
10
11.7306933070866144
20
-2.426674094488189
11
11.7351061023622041
21
-2.4256144881889763
0
LINE
8
Edge.Cuts
6
CONTINUOUS
10
11.7351061023622041
20
-2.4256144881889763
11
11.7391093307086614
21
-2.4234766929133857
0
LINE
8
Edge.Cuts
6
CONTINUOUS
10
11.7391093307086614
20
-2.4234766929133857
11
11.74244437007874
21
-2.4203988582677165
0
LINE
8
Edge.Cuts
6
CONTINUOUS
10
11.74244437007874
20
-2.4203988582677165
11
11.7448958267716534
21
-2.4165796850393702
0
LINE
8
Edge.Cuts
6
CONTINUOUS
10
11.7448958267716534
20
-2.4165796850393702
11
11.7463054330708658
21
-2.412265905511811
0
LINE
8
Edge.Cuts
6
CONTINUOUS
10
11.7463054330708658
20
-2.412265905511811
11
11.7465820472440949
21
-2.4077361023622048
0
LINE
8
Edge.Cuts
6
CONTINUOUS
10
11.7465820472440949
20
-2.4077361023622048
11
11.7457079133858269
21
-2.4032828346456694
0
LINE
8
Edge.Cuts
6
CONTINUOUS
10
11.7457079133858269
20
-2.4032828346456694
11
11.7447272047244091
21
-2.4012365748031494
0
LINE
8
Edge.Cuts
6
CONTINUOUS
10
11.7447272047244091
20
-2.4012365748031494
11
11.743545511811023
21
-2.3982247637795275
0
LINE
8
Edge.Cuts
6
CONTINUOUS
10
11.743545511811023
20
-2.3982247637795275
11
11.7428257874015749
21
-2.3950704724409446
0
LINE
8
Edge.Cuts
6
CONTINUOUS
10
11.7428257874015749
20
-2.3950704724409446
11
11.7425841338582675
21
-2.3918441732283462
0
LINE
8
Edge.Cuts
6
CONTINUOUS
10
11.7425841338582675
20
-2.3918441732283462
11
11.7425841338582675
21
-2.3365023228346455
0
LINE
8
Edge.Cuts
6
CONTINUOUS
10
11.7425841338582675
20
-2.3365023228346455
11
11.7425841732283462
21
-2.336502086614173
0
LINE
8
Edge.Cuts
6
CONTINUOUS
10
11.7425841732283462
20
-2.336502086614173
11
11.7425841338582675
21
-2.3365019685039368
0
LINE
8
Edge.Cuts
6
CONTINUOUS
10
11.7425841338582675
20
-2.3365019685039368
11
11.7428261811023624
21
-2.3332759448818896
0
LINE
8
Edge.Cuts
6
CONTINUOUS
10
11.7428261811023624
20
-2.3332759448818896
11
11.743545826771653
21
-2.3301219685039372
0
LINE
8
Edge.Cuts
6
CONTINUOUS
10
11.743545826771653
20
-2.3301219685039372
11
11.7447270472440941
21
-2.3271102755905511
0
LINE
8
Edge.Cuts
6
CONTINUOUS
10
11.7447270472440941
20
-2.3271102755905511
11
11.7447271259842516
21
-2.3271101574803148
0
LINE
8
Edge.Cuts
6
CONTINUOUS
10
11.7447271259842516
20
-2.3271101574803148
11
11.7447271653543304
21
-2.327109960629921
0
LINE
8
Edge.Cuts
6
CONTINUOUS
10
11.7447271653543304
20
-2.327109960629921
11
11.7457078740157481
21
-2.3250637401574803
0
LINE
8
Edge.Cuts
6
CONTINUOUS
10
11.7457078740157481
20
-2.3250637401574803
11
11.7465820472440949
21
-2.3206104724409449
0
LINE
8
Edge.Cuts
6
CONTINUOUS
10
11.7465820472440949
20
-2.3206104724409449
11
11.7463053543307083
21
-2.3160806692913387
0
LINE
8
Edge.Cuts
6
CONTINUOUS
10
11.7463053543307083
20
-2.3160806692913387
11
11.7448957874015747
21
-2.3117668897637795
0
LINE
8
Edge.Cuts
6
CONTINUOUS
10
11.7448957874015747
20
-2.3117668897637795
11
11.7424442913385825
21
-2.3079477559055119
0
LINE
8
Edge.Cuts
6
CONTINUOUS
10
11.7424442913385825
20
-2.3079477559055119
11
11.7391092913385826
21
-2.3048699212598422
0
LINE
8
Edge.Cuts
6
CONTINUOUS
10
11.7391092913385826
20
-2.3048699212598422
11
11.7351060629921253
21
-2.3027321653543305
0
LINE
8
Edge.Cuts
6
CONTINUOUS
10
11.7351060629921253
20
-2.3027321653543305
11
11.7306932677165356
21
-2.3016725590551181
0
LINE
8
Edge.Cuts
6
CONTINUOUS
10
11.7306932677165356
20
-2.3016725590551181
11
11.7261558661417329
21
-2.3017595275590552
0
LINE
8
Edge.Cuts
6
CONTINUOUS
10
11.7261558661417329
20
-2.3017595275590552
11
11.7217869291338577
21
-2.3029874803149606
0
LINE
8
Edge.Cuts
6
CONTINUOUS
10
11.7217869291338577
20
-2.3029874803149606
11
11.7198257874015752
21
-2.3041288976377952
0
LINE
8
Edge.Cuts
6
CONTINUOUS
10
11.7198257874015752
20
-2.3041288976377952
11
11.7198253937007877
21
-2.3041289763779527
0
LINE
8
Edge.Cuts
6
CONTINUOUS
10
11.7198253937007877
20
-2.3041289763779527
11
11.716377913385827
21
-2.3057548818897637
0
LINE
8
Edge.Cuts
6
CONTINUOUS
10
11.716377913385827
20
-2.3057548818897637
11
11.712698385826771
21
-2.3067511023622047
0
LINE
8
Edge.Cuts
6
CONTINUOUS
10
11.712698385826771
20
-2.3067511023622047
11
11.7089011811023624
21
-2.307086653543307
0
LINE
8
Edge.Cuts
6
CONTINUOUS
10
11.7089011811023624
20
-2.307086653543307
11
11.6463459055118115
21
-2.307086653543307
0
LINE
8
Edge.Cuts
6
CONTINUOUS
10
11.6463459055118115
20
-2.307086653543307
11
11.6425486614173224
21
-2.3067511023622047
0
LINE
8
Edge.Cuts
6
CONTINUOUS
10
11.6425486614173224
20
-2.3067511023622047
11
11.6388691338582682
21
-2.3057548818897637
0
LINE
8
Edge.Cuts
6
CONTINUOUS
10
11.6388691338582682
20
-2.3057548818897637
11
11.6354212992125987
21
-2.3041288188976377
0
LINE
8
Edge.Cuts
6
CONTINUOUS
10
11.6354212992125987
20
-2.3041288188976377
11
11.6334601574803145
21
-2.3029874015748031
0
LINE
8
Edge.Cuts
6
CONTINUOUS
10
11.6334601574803145
20
-2.3029874015748031
11
11.6290911811023623
21
-2.3017594488188977
0
LINE
8
Edge.Cuts
6
CONTINUOUS
10
11.6290911811023623
20
-2.3017594488188977
11
11.6245537795275595
21
-2.3016724409448819
0
LINE
8
Edge.Cuts
6
CONTINUOUS
10
11.6245537795275595
20
-2.3016724409448819
11
11.6201409448818893
21
-2.3027320866141734
0
LINE
8
Edge.Cuts
6
CONTINUOUS
10
4.3338198425196852
20
-2.2129371259842521
11
4.3389640944881886
21
-2.2148914960629922
0
LINE
8
Edge.Cuts
6
CONTINUOUS
10
4.3389640944881886
20
-2.2148914960629922
11
4.3434495669291335
21
-2.218079527559055
0
LINE
8
Edge.Cuts
6
CONTINUOUS
10
4.3434495669291335
20
-2.218079527559055
11
4.3469865748031493
21
-2.2222953149606299
0
LINE
8
Edge.Cuts
6
CONTINUOUS
10
4.3469865748031493
20
-2.2222953149606299
11
4.3493466141732284
21
-2.227266535433071
0
LINE
8
Edge.Cuts
6
CONTINUOUS
10
4.3493466141732284
20
-2.227266535433071
11
4.3503773228346452
21
-2.2326721653543307
0
LINE
8
Edge.Cuts
6
CONTINUOUS
10
4.3503773228346452
20
-2.2326721653543307
11
4.3500121259842519
21
-2.2381630314960628
0
LINE
8
Edge.Cuts
6
CONTINUOUS
10
4.3500121259842519
20
-2.2381630314960628
11
4.3482745275590551
21
-2.2433845275590549
0
LINE
8
Edge.Cuts
6
CONTINUOUS
10
4.3482745275590551
20
-2.2433845275590549
11
4.347698818897638
21
-2.2445803937007875
0
LINE
8
Edge.Cuts
6
CONTINUOUS
10
4.347698818897638
20
-2.2445803937007875
11
4.3469166141732281
21
-2.2471170078740159
0
LINE
8
Edge.Cuts
6
CONTINUOUS
10
4.3469166141732281
20
-2.2471170078740159
11
4.346521102362205
21
-2.2497418897637793
0
LINE
8
Edge.Cuts
6
CONTINUOUS
10
4.346521102362205
20
-2.2497418897637793
11
4.3465211417322838
21
-2.2510691338582678
0
LINE
8
Edge.Cuts
6
CONTINUOUS
10
4.3465211417322838
20
-2.2510691338582678
11
4.3465211417322838
21
-2.2510691732283465
0
LINE
8
Edge.Cuts
6
CONTINUOUS
10
4.3465211417322838
20
-2.2510691732283465
11
4.3465211417322838
21
-2.3064110629921259
0
LINE
8
Edge.Cuts
6
CONTINUOUS
10
4.3465211417322838
20
-2.3064110629921259
11
4.346521102362205
21
-2.307738307086614
0
LINE
8
Edge.Cuts
6
CONTINUOUS
10
4.346521102362205
20
-2.307738307086614
11
4.3469166141732281
21
-2.3103631889763778
0
LINE
8
Edge.Cuts
6
CONTINUOUS
10
4.3469166141732281
20
-2.3103631889763778
11
4.347698818897638
21
-2.3128998425196849
0
LINE
8
Edge.Cuts
6
CONTINUOUS
10
4.347698818897638
20
-2.3128998425196849
11
4.3482744881889763
21
-2.3140955905511809
0
LINE
8
Edge.Cuts
6
CONTINUOUS
10
4.3482744881889763
20
-2.3140955905511809
11
4.3482745275590551
21
-2.3140956692913384
0
LINE
8
Edge.Cuts
6
CONTINUOUS
10
4.3482745275590551
20
-2.3140956692913384
11
4.3500121259842519
21
-2.3193171653543305
0
LINE
8
Edge.Cuts
6
CONTINUOUS
10
4.3500121259842519
20
-2.3193171653543305
11
4.3503773622047239
21
-2.3248080314960631
0
LINE
8
Edge.Cuts
6
CONTINUOUS
10
4.3503773622047239
20
-2.3248080314960631
11
4.3493466535433072
21
-2.3302136614173228
0
LINE
8
Edge.Cuts
6
CONTINUOUS
10
4.3493466535433072
20
-2.3302136614173228
11
4.3469866141732281
21
-2.3351849212598426
0
LINE
8
Edge.Cuts
6
CONTINUOUS
10
4.3469866141732281
20
-2.3351849212598426
11
4.3434496062992123
21
-2.3394007086614175
0
LINE
8
Edge.Cuts
6
CONTINUOUS
10
4.3434496062992123
20
-2.3394007086614175
11
4.3389641338582674
21
-2.3425887401574803
0
LINE
8
Edge.Cuts
6
CONTINUOUS
10
4.3389641338582674
20
-2.3425887401574803
11
4.333819881889764
21
-2.3445431496062992
0
LINE
8
Edge.Cuts
6
CONTINUOUS
10
4.333819881889764
20
-2.3445431496062992
11
4.3283490551181103
21
-2.3451376377952755
0
LINE
8
Edge.Cuts
6
CONTINUOUS
10
4.3283490551181103
20
-2.3451376377952755
11
4.3229050787401571
21
-2.3443338976377954
0
LINE
8
Edge.Cuts
6
CONTINUOUS
10
4.3229050787401571
20
-2.3443338976377954
11
4.3178394881889766
21
-2.3421837795275589
0
LINE
8
Edge.Cuts
6
CONTINUOUS
10
4.3178394881889766
20
-2.3421837795275589
11
4.3164872440944881
21
-2.3413951968503937
0
LINE
8
Edge.Cuts
6
CONTINUOUS
10
4.3164872440944881
20
-2.3413951968503937
11
4.3135489370078739
21
-2.3403141338582678
0
LINE
8
Edge.Cuts
6
CONTINUOUS
10
4.3135489370078739
20
-2.3403141338582678
11
4.3104666141732286
21
-2.3397650787401574
0
LINE
8
Edge.Cuts
6
CONTINUOUS
10
4.3104666141732286
20
-2.3397650787401574
11
4.3089011811023621
21
-2.3397637401574802
0
LINE
8
Edge.Cuts
6
CONTINUOUS
10
4.3089011811023621
20
-2.3397637401574802
11
4.2463459055118111
21
-2.3397637401574802
0
LINE
8
Edge.Cuts
6
CONTINUOUS
10
4.2463459055118111
20
-2.3397637401574802
11
4.2447805118110233
21
-2.3397651181102361
0
LINE
8
Edge.Cuts
6
CONTINUOUS
10
4.2447805118110233
20
-2.3397651181102361
11
4.2416981889763781
21
-2.3403141338582678
0
LINE
8
Edge.Cuts
6
CONTINUOUS
10
4.2416981889763781
20
-2.3403141338582678
11
4.2387598818897638
21
-2.3413951968503937
0
LINE
8
Edge.Cuts
6
CONTINUOUS
10
4.2387598818897638
20
-2.3413951968503937
11
4.2374076377952754
21
-2.3421837795275589
0
LINE
8
Edge.Cuts
6
CONTINUOUS
10
4.2374076377952754
20
-2.3421837795275589
11
4.2374071653543304
21
-2.3421838582677164
0
LINE
8
Edge.Cuts
6
CONTINUOUS
10
4.2374071653543304
20
-2.3421838582677164
11
4.2323420078740153
21
-2.3443338188976379
0
LINE
8
Edge.Cuts
6
CONTINUOUS
10
4.2323420078740153
20
-2.3443338188976379
11
4.2268980314960629
21
-2.345137559055118
0
LINE
8
Edge.Cuts
6
CONTINUOUS
10
4.2268980314960629
20
-2.345137559055118
11
4.221427244094488
21
-2.3445430708661417
0
LINE
8
Edge.Cuts
6
CONTINUOUS
10
4.221427244094488
20
-2.3445430708661417
11
4.2162829921259846
21
-2.3425886614173228
0
LINE
8
Edge.Cuts
6
CONTINUOUS
10
4.2162829921259846
20
-2.3425886614173228
11
4.2117975590551184
21
-2.33940062992126
0
LINE
8
Edge.Cuts
6
CONTINUOUS
10
4.2117975590551184
20
-2.33940062992126
11
4.2082605511811026
21
-2.3351848818897638
0
LINE
8
Edge.Cuts
6
CONTINUOUS
10
4.2082605511811026
20
-2.3351848818897638
11
4.2059004724409448
21
-2.3302136614173228
0
LINE
8
Edge.Cuts
6
CONTINUOUS
10
4.2059004724409448
20
-2.3302136614173228
11
4.2048697637795271
21
-2.3248080708661418
0
LINE
8
Edge.Cuts
6
CONTINUOUS
10
4.2048697637795271
20
-2.3248080708661418
11
4.2052350000000001
21
-2.3193172047244093
0
LINE
8
Edge.Cuts
6
CONTINUOUS
10
4.2052350000000001
20
-2.3193172047244093
11
4.2069725196850394
21
-2.3140957086614171
0
LINE
8
Edge.Cuts
6
CONTINUOUS
10
4.2069725196850394
20
-2.3140957086614171
11
4.2069725590551181
21
-2.3140956299212596
0
LINE
8
Edge.Cuts
6
CONTINUOUS
10
4.2069725590551181
20
-2.3140956299212596
11
4.2075480314960627
21
-2.3129
0
LINE
8
Edge.Cuts
6
CONTINUOUS
10
4.2075480314960627
20
-2.3129
11
4.2083301574803151
21
-2.3103631496062991
0
LINE
8
Edge.Cuts
6
CONTINUOUS
10
4.2083301574803151
20
-2.3103631496062991
11
4.2087258267716532
21
-2.3077381102362202
0
LINE
8
Edge.Cuts
6
CONTINUOUS
10
4.2087258267716532
20
-2.3077381102362202
11
4.2087259448818894
21
-2.3064107874015747
0
LINE
8
Edge.Cuts
6
CONTINUOUS
10
4.2087259448818894
20
-2.3064107874015747
11
4.2087259448818894
21
-2.2510691732283465
0
LINE
8
Edge.Cuts
6
CONTINUOUS
10
4.2087259448818894
20
-2.2510691732283465
11
4.2087259448818894
21
-2.2510691338582678
0
LINE
8
Edge.Cuts
6
CONTINUOUS
10
4.2087259448818894
20
-2.2510691338582678
11
4.208726023622047
21
-2.2497418897637793
0
LINE
8
Edge.Cuts
6
CONTINUOUS
10
4.208726023622047
20
-2.2497418897637793
11
4.2083305118110239
21
-2.2471170472440942
0
LINE
8
Edge.Cuts
6
CONTINUOUS
10
4.2083305118110239
20
-2.2471170472440942
11
4.207548307086614
21
-2.2445804330708663
0
LINE
8
Edge.Cuts
6
CONTINUOUS
10
4.207548307086614
20
-2.2445804330708663
11
4.2069725590551181
21
-2.2433845669291337
0
LINE
8
Edge.Cuts
6
CONTINUOUS
10
4.2069725590551181
20
-2.2433845669291337
11
4.2069725196850394
21
-2.2433844881889762
0
LINE
8
Edge.Cuts
6
CONTINUOUS
10
4.2069725196850394
20
-2.2433844881889762
11
4.2052349606299213
21
-2.2381630314960628
0
LINE
8
Edge.Cuts
6
CONTINUOUS
10
4.2052349606299213
20
-2.2381630314960628
11
4.2048697244094484
21
-2.2326721653543307
0
LINE
8
Edge.Cuts
6
CONTINUOUS
10
4.2048697244094484
20
-2.2326721653543307
11
4.205900433070866
21
-2.227266535433071
0
LINE
8
Edge.Cuts
6
CONTINUOUS
10
4.205900433070866
20
-2.227266535433071
11
4.2082605118110239
21
-2.2222953149606299
0
LINE
8
Edge.Cuts
6
CONTINUOUS
10
4.2082605118110239
20
-2.2222953149606299
11
4.2117974803149609
21
-2.218079527559055
0
LINE
8
Edge.Cuts
6
CONTINUOUS
10
4.2117974803149609
20
-2.218079527559055
11
4.2162829527559058
21
-2.2148914960629922
0
LINE
8
Edge.Cuts
6
CONTINUOUS
10
4.2162829527559058
20
-2.2148914960629922
11
4.221427244094488
21
-2.2129370866141733
0
LINE
8
Edge.Cuts
6
CONTINUOUS
10
4.221427244094488
20
-2.2129370866141733
11
4.2268980314960629
21
-2.212342598425197
0
LINE
8
Edge.Cuts
6
CONTINUOUS
10
4.2268980314960629
20
-2.212342598425197
11
4.2323420078740153
21
-2.2131463385826771
0
LINE
8
Edge.Cuts
6
CONTINUOUS
10
4.2323420078740153
20
-2.2131463385826771
11
4.2374075984251967
21
-2.2152964566929132
0
LINE
8
Edge.Cuts
6
CONTINUOUS
10
4.2374075984251967
20
-2.2152964566929132
11
4.2387598425196851
21
-2.2160850393700788
0
LINE
8
Edge.Cuts
6
CONTINUOUS
10
4.2387598425196851
20
-2.2160850393700788
11
4.2416981496062993
21
-2.2171661023622047
0
LINE
8
Edge.Cuts
6
CONTINUOUS
10
4.2416981496062993
20
-2.2171661023622047
11
4.2447804724409446
21
-2.2177151181102364
0
LINE
8
Edge.Cuts
6
CONTINUOUS
10
4.2447804724409446
20
-2.2177151181102364
11
4.2463458661417324
21
-2.2177164960629923
0
LINE
8
Edge.Cuts
6
CONTINUOUS
10
4.2463458661417324
20
-2.2177164960629923
11
4.2463459842519686
21
-2.217716535433071
0
LINE
8
Edge.Cuts
6
CONTINUOUS
10
4.2463459842519686
20
-2.217716535433071
11
4.3089012204724408
21
-2.217716535433071
0
LINE
8
Edge.Cuts
6
CONTINUOUS
10
4.3089012204724408
20
-2.217716535433071
11
4.3104666141732286
21
-2.2177151574803151
0
LINE
8
Edge.Cuts
6
CONTINUOUS
10
4.3104666141732286
20
-2.2177151574803151
11
4.3135489370078739
21
-2.2171661417322834
0
LINE
8
Edge.Cuts
6
CONTINUOUS
10
4.3135489370078739
20
-2.2171661417322834
11
4.3164872440944881
21
-2.2160850787401576
0
LINE
8
Edge.Cuts
6
CONTINUOUS
10
4.3164872440944881
20
-2.2160850787401576
11
4.3178394881889766
21
-2.2152964960629919
0
LINE
8
Edge.Cuts
6
CONTINUOUS
10
4.3178394881889766
20
-2.2152964960629919
11
4.3229050787401571
21
-2.2131463779527558
0
LINE
8
Edge.Cuts
6
CONTINUOUS
10
4.3229050787401571
20
-2.2131463779527558
11
4.3283490551181103
21
-2.212342598425197
0
LINE
8
Edge.Cuts
6
CONTINUOUS
10
4.3283490551181103
20
-2.212342598425197
11
4.3338198425196852
21
-2.2129371259842521
0
LINE
8
Edge.Cuts
6
CONTINUOUS
10
4.2201409842519686
20
-2.2172988976377952
11
4.2161377559055113
21
-2.2194366929133857
0
LINE
8
Edge.Cuts
6
CONTINUOUS
10
4.2161377559055113
20
-2.2194366929133857
11
4.2128027165354327
21
-2.222514527559055
0
LINE
8
Edge.Cuts
6
CONTINUOUS
10
4.2128027165354327
20
-2.222514527559055
11
4.2103512598425192
21
-2.2263337007874013
0
LINE
8
Edge.Cuts
6
CONTINUOUS
10
4.2103512598425192
20
-2.2263337007874013
11
4.2089416535433068
21
-2.2306474803149605
0
LINE
8
Edge.Cuts
6
CONTINUOUS
10
4.2089416535433068
20
-2.2306474803149605
11
4.2086650393700786
21
-2.2351772834645667
0
LINE
8
Edge.Cuts
6
CONTINUOUS
10
4.2086650393700786
20
-2.2351772834645667
11
4.2095391732283467
21
-2.2396305511811021
0
LINE
8
Edge.Cuts
6
CONTINUOUS
10
4.2095391732283467
20
-2.2396305511811021
11
4.2105198425196848
21
-2.2416766929133858
0
LINE
8
Edge.Cuts
6
CONTINUOUS
10
4.2105198425196848
20
-2.2416766929133858
11
4.2105198818897636
21
-2.2416767716535433
0
LINE
8
Edge.Cuts
6
CONTINUOUS
10
4.2105198818897636
20
-2.2416767716535433
11
4.2117015748031497
21
-2.244688622047244
0
LINE
8
Edge.Cuts
6
CONTINUOUS
10
4.2117015748031497
20
-2.244688622047244
11
4.2124212992125987
21
-2.2478429133858269
0
LINE
8
Edge.Cuts
6
CONTINUOUS
10
4.2124212992125987
20
-2.2478429133858269
11
4.2126629133858264
21
-2.2510691338582678
0
LINE
8
Edge.Cuts
6
CONTINUOUS
10
4.2126629133858264
20
-2.2510691338582678
11
4.2126629527559052
21
-2.2510691732283465
0
LINE
8
Edge.Cuts
6
CONTINUOUS
10
4.2126629527559052
20
-2.2510691732283465
11
4.2126629527559052
21
-2.3064110629921259
0
LINE
8
Edge.Cuts
6
CONTINUOUS
10
4.2126629527559052
20
-2.3064110629921259
11
4.2126628740157477
21
-2.3064112598425197
0
LINE
8
Edge.Cuts
6
CONTINUOUS
10
4.2126628740157477
20
-2.3064112598425197
11
4.2126629527559052
21
-2.3064114173228347
0
LINE
8
Edge.Cuts
6
CONTINUOUS
10
4.2126629527559052
20
-2.3064114173228347
11
4.2124209055118111
21
-2.3096374409448819
0
LINE
8
Edge.Cuts
6
CONTINUOUS
10
4.2124209055118111
20
-2.3096374409448819
11
4.2117012598425196
21
-2.3127914173228348
0
LINE
8
Edge.Cuts
6
CONTINUOUS
10
4.2117012598425196
20
-2.3127914173228348
11
4.2105200393700786
21
-2.3158031102362204
0
LINE
8
Edge.Cuts
6
CONTINUOUS
10
4.2105200393700786
20
-2.3158031102362204
11
4.2105199212598423
21
-2.3158031889763779
0
LINE
8
Edge.Cuts
6
CONTINUOUS
10
4.2105199212598423
20
-2.3158031889763779
11
4.2105199212598423
21
-2.3158034251968505
0
LINE
8
Edge.Cuts
6
CONTINUOUS
10
4.2105199212598423
20
-2.3158034251968505
11
4.2095392125984255
21
-2.3178496456692912
0
LINE
8
Edge.Cuts
6
CONTINUOUS
10
4.2095392125984255
20
-2.3178496456692912
11
4.2086650393700786
21
-2.3223029133858266
0
LINE
8
Edge.Cuts
6
CONTINUOUS
10
4.2086650393700786
20
-2.3223029133858266
11
4.2089417322834644
21
-2.3268327165354332
0
LINE
8
Edge.Cuts
6
CONTINUOUS
10
4.2089417322834644
20
-2.3268327165354332
11
4.210351299212598
21
-2.331146496062992
0
LINE
8
Edge.Cuts
6
CONTINUOUS
10
4.210351299212598
20
-2.331146496062992
11
4.2128027952755902
21
-2.33496562992126
0
LINE
8
Edge.Cuts
6
CONTINUOUS
10
4.2128027952755902
20
-2.33496562992126
11
4.2161377952755901
21
-2.3380434645669292
0
LINE
8
Edge.Cuts
6
CONTINUOUS
10
4.2161377952755901
20
-2.3380434645669292
11
4.2201410236220473
21
-2.340181220472441
0
LINE
8
Edge.Cuts
6
CONTINUOUS
10
4.2201410236220473
20
-2.340181220472441
11
4.2245538188976379
21
-2.3412408267716533
0
LINE
8
Edge.Cuts
6
CONTINUOUS
10
4.2245538188976379
20
-2.3412408267716533
11
4.2290912204724407
21
-2.3411538582677163
0
LINE
8
Edge.Cuts
6
CONTINUOUS
10
4.2290912204724407
20
-2.3411538582677163
11
4.233460157480315
21
-2.3399259055118109
0
LINE
8
Edge.Cuts
6
CONTINUOUS
10
4.233460157480315
20
-2.3399259055118109
11
4.2354212992125984
21
-2.3387844881889763
0
LINE
8
Edge.Cuts
6
CONTINUOUS
10
4.2354212992125984
20
-2.3387844881889763
11
4.2354216535433071
21
-2.3387843700787401
0
LINE
8
Edge.Cuts
6
CONTINUOUS
10
4.2354216535433071
20
-2.3387843700787401
11
4.2388691732283466
21
-2.3371585039370077
0
LINE
8
Edge.Cuts
6
CONTINUOUS
10
4.2388691732283466
20
-2.3371585039370077
11
4.2425487007874016
21
-2.3361622834645668
0
LINE
8
Edge.Cuts
6
CONTINUOUS
10
4.2425487007874016
20
-2.3361622834645668
11
4.2463459055118111
21
-2.3358267322834645
0
LINE
8
Edge.Cuts
6
CONTINUOUS
10
4.2463459055118111
20
-2.3358267322834645
11
4.3089011811023621
21
-2.3358267322834645
0
LINE
8
Edge.Cuts
6
CONTINUOUS
10
4.3089011811023621
20
-2.3358267322834645
11
4.3126984251968503
21
-2.3361622834645668
0
LINE
8
Edge.Cuts
6
CONTINUOUS
10
4.3126984251968503
20
-2.3361622834645668
11
4.3163779527559054
21
-2.3371585039370077
0
LINE
8
Edge.Cuts
6
CONTINUOUS
10
4.3163779527559054
20
-2.3371585039370077
11
4.3198257874015749
21
-2.3387845669291338
0
LINE
8
Edge.Cuts
6
CONTINUOUS
10
4.3198257874015749
20
-2.3387845669291338
11
4.3217869291338582
21
-2.3399259842519684
0
LINE
8
Edge.Cuts
6
CONTINUOUS
10
4.3217869291338582
20
-2.3399259842519684
11
4.3261559055118113
21
-2.3411539370078738
0
LINE
8
Edge.Cuts
6
CONTINUOUS
10
4.3261559055118113
20
-2.3411539370078738
11
4.330693307086614
21
-2.3412409448818896
0
LINE
8
Edge.Cuts
6
CONTINUOUS
10
4.330693307086614
20
-2.3412409448818896
11
4.3351061417322834
21
-2.3401812992125985
0
LINE
8
Edge.Cuts
6
CONTINUOUS
10
4.3351061417322834
20
-2.3401812992125985
11
4.339109330708661
21
-2.3380435433070867
0
LINE
8
Edge.Cuts
6
CONTINUOUS
10
4.339109330708661
20
-2.3380435433070867
11
4.3424443700787396
21
-2.3349656692913383
0
LINE
8
Edge.Cuts
6
CONTINUOUS
10
4.3424443700787396
20
-2.3349656692913383
11
4.3448958661417318
21
-2.331146496062992
0
LINE
8
Edge.Cuts
6
CONTINUOUS
10
4.3448958661417318
20
-2.331146496062992
11
4.3463054330708664
21
-2.3268327165354332
0
LINE
8
Edge.Cuts
6
CONTINUOUS
10
4.3463054330708664
20
-2.3268327165354332
11
4.3465820866141733
21
-2.3223029133858266
0
LINE
8
Edge.Cuts
6
CONTINUOUS
10
4.3465820866141733
20
-2.3223029133858266
11
4.3457079133858265
21
-2.3178496456692912
0
LINE
8
Edge.Cuts
6
CONTINUOUS
10
4.3457079133858265
20
-2.3178496456692912
11
4.3447272047244097
21
-2.3158033858267717
0
LINE
8
Edge.Cuts
6
CONTINUOUS
10
4.3447272047244097
20
-2.3158033858267717
11
4.3435455511811023
21
-2.3127916141732281
0
LINE
8
Edge.Cuts
6
CONTINUOUS
10
4.3435455511811023
20
-2.3127916141732281
11
4.3428258267716533
21
-2.3096373622047244
0
LINE
8
Edge.Cuts
6
CONTINUOUS
10
4.3428258267716533
20
-2.3096373622047244
11
4.342584133858268
21
-2.3064110629921259
0
LINE
8
Edge.Cuts
6
CONTINUOUS
10
4.342584133858268
20
-2.3064110629921259
11
4.342584133858268
21
-2.2510691732283465
0
LINE
8
Edge.Cuts
6
CONTINUOUS
10
4.342584133858268
20
-2.2510691732283465
11
4.342584133858268
21
-2.2510691338582678
0
LINE
8
Edge.Cuts
6
CONTINUOUS
10
4.342584133858268
20
-2.2510691338582678
11
4.3428258267716533
21
-2.2478428740157481
0
LINE
8
Edge.Cuts
6
CONTINUOUS
10
4.3428258267716533
20
-2.2478428740157481
11
4.3435455511811023
21
-2.244688622047244
0
LINE
8
Edge.Cuts
6
CONTINUOUS
10
4.3435455511811023
20
-2.244688622047244
11
4.3447272047244097
21
-2.241676811023622
0
LINE
8
Edge.Cuts
6
CONTINUOUS
10
4.3447272047244097
20
-2.241676811023622
11
4.3457079133858265
21
-2.2396305511811021
0
LINE
8
Edge.Cuts
6
CONTINUOUS
10
4.3457079133858265
20
-2.2396305511811021
11
4.3465820472440946
21
-2.2351773228346454
0
LINE
8
Edge.Cuts
6
CONTINUOUS
10
4.3465820472440946
20
-2.2351773228346454
11
4.3463053937007876
21
-2.2306475196850393
0
LINE
8
Edge.Cuts
6
CONTINUOUS
10
4.3463053937007876
20
-2.2306475196850393
11
4.3448958267716531
21
-2.2263337007874013
0
LINE
8
Edge.Cuts
6
CONTINUOUS
10
4.3448958267716531
20
-2.2263337007874013
11
4.3424443307086618
21
-2.2225145669291337
0
LINE
8
Edge.Cuts
6
CONTINUOUS
10
4.3424443307086618
20
-2.2225145669291337
11
4.3391092913385823
21
-2.2194366929133857
0
LINE
8
Edge.Cuts
6
CONTINUOUS
10
4.3391092913385823
20
-2.2194366929133857
11
4.3351061023622046
21
-2.2172989370078739
0
LINE
8
Edge.Cuts
6
CONTINUOUS
10
4.3351061023622046
20
-2.2172989370078739
11
4.330693307086614
21
-2.2162393307086612
0
LINE
8
Edge.Cuts
6
CONTINUOUS
10
4.330693307086614
20
-2.2162393307086612
11
4.3261558661417325
21
-2.216326338582677
0
LINE
8
Edge.Cuts
6
CONTINUOUS
10
4.3261558661417325
20
-2.216326338582677
11
4.3217869291338582
21
-2.2175542913385828
0
LINE
8
Edge.Cuts
6
CONTINUOUS
10
4.3217869291338582
20
-2.2175542913385828
11
4.3198257874015749
21
-2.2186957086614174
0
LINE
8
Edge.Cuts
6
CONTINUOUS
10
4.3198257874015749
20
-2.2186957086614174
11
4.3163779527559054
21
-2.2203217716535431
0
LINE
8
Edge.Cuts
6
CONTINUOUS
10
4.3163779527559054
20
-2.2203217716535431
11
4.3126984251968503
21
-2.221317992125984
0
LINE
8
Edge.Cuts
6
CONTINUOUS
10
4.3126984251968503
20
-2.221317992125984
11
4.3089012204724408
21
-2.2216535433070868
0
LINE
8
Edge.Cuts
6
CONTINUOUS
10
4.3089012204724408
20
-2.2216535433070868
11
4.2463459055118111
21
-2.2216535433070868
0
LINE
8
Edge.Cuts
6
CONTINUOUS
10
4.2463459055118111
20
-2.2216535433070868
11
4.2463455511811024
21
-2.2216534645669292
0
LINE
8
Edge.Cuts
6
CONTINUOUS
10
4.2463455511811024
20
-2.2216534645669292
11
4.2425486614173229
21
-2.2213179527559053
0
LINE
8
Edge.Cuts
6
CONTINUOUS
10
4.2425486614173229
20
-2.2213179527559053
11
4.2388691338582678
21
-2.2203217322834643
0
LINE
8
Edge.Cuts
6
CONTINUOUS
10
4.2388691338582678
20
-2.2203217322834643
11
4.2354212992125984
21
-2.2186956692913387
0
LINE
8
Edge.Cuts
6
CONTINUOUS
10
4.2354212992125984
20
-2.2186956692913387
11
4.233460157480315
21
-2.2175542519685041
0
LINE
8
Edge.Cuts
6
CONTINUOUS
10
4.233460157480315
20
-2.2175542519685041
11
4.2290911811023619
21
-2.2163262992125983
0
LINE
8
Edge.Cuts
6
CONTINUOUS
10
4.2290911811023619
20
-2.2163262992125983
11
4.2245537795275592
21
-2.2162392913385824
0
LINE
8
Edge.Cuts
6
CONTINUOUS
10
4.2245537795275592
20
-2.2162392913385824
11
4.2201409842519686
21
-2.2172988976377952
0
LINE
8
Edge.Cuts
6
CONTINUOUS
10
7.8961215354330703
20
-2.208028307086614
11
7.9011871259842517
21
-2.2101784251968501
0
LINE
8
Edge.Cuts
6
CONTINUOUS
10
7.9011871259842517
20
-2.2101784251968501
11
7.9025393700787401
21
-2.2109670078740158
0
LINE
8
Edge.Cuts
6
CONTINUOUS
10
7.9025393700787401
20
-2.2109670078740158
11
7.9054776771653543
21
-2.2120480708661416
0
LINE
8
Edge.Cuts
6
CONTINUOUS
10
7.9054776771653543
20
-2.2120480708661416
11
7.9085599999999996
21
-2.2125971259842521
0
LINE
8
Edge.Cuts
6
CONTINUOUS
10
7.9085599999999996
20
-2.2125971259842521
11
7.9101254330708661
21
-2.2125984645669292
0
LINE
8
Edge.Cuts
6
CONTINUOUS
10
7.9101254330708661
20
-2.2125984645669292
11
7.9726807086614171
21
-2.2125984645669292
0
LINE
8
Edge.Cuts
6
CONTINUOUS
10
7.9726807086614171
20
-2.2125984645669292
11
7.9742461023622049
21
-2.2125970866141733
0
LINE
8
Edge.Cuts
6
CONTINUOUS
10
7.9742461023622049
20
-2.2125970866141733
11
7.9773284251968501
21
-2.2120480708661416
0
LINE
8
Edge.Cuts
6
CONTINUOUS
10
7.9773284251968501
20
-2.2120480708661416
11
7.9802667322834644
21
-2.2109670078740158
0
LINE
8
Edge.Cuts
6
CONTINUOUS
10
7.9802667322834644
20
-2.2109670078740158
11
7.9816189763779528
21
-2.2101784251968501
0
LINE
8
Edge.Cuts
6
CONTINUOUS
10
7.9816189763779528
20
-2.2101784251968501
11
7.9816194094488191
21
-2.2101783070866143
0
LINE
8
Edge.Cuts
6
CONTINUOUS
10
7.9816194094488191
20
-2.2101783070866143
11
7.9866846062992121
21
-2.2080283858267715
0
LINE
8
Edge.Cuts
6
CONTINUOUS
10
7.9866846062992121
20
-2.2080283858267715
11
7.9921285826771653
21
-2.2072246456692914
0
LINE
8
Edge.Cuts
6
CONTINUOUS
10
7.9921285826771653
20
-2.2072246456692914
11
7.9975993700787402
21
-2.2078191338582678
0
LINE
8
Edge.Cuts
6
CONTINUOUS
10
7.9975993700787402
20
-2.2078191338582678
11
8.0027436220472445
21
-2.2097735433070866
0
LINE
8
Edge.Cuts
6
CONTINUOUS
10
8.0027436220472445
20
-2.2097735433070866
11
8.0072290551181098
21
-2.2129615748031495
0
LINE
8
Edge.Cuts
6
CONTINUOUS
10
8.0072290551181098
20
-2.2129615748031495
11
8.0107660629921256
21
-2.2171773228346456
0
LINE
8
Edge.Cuts
6
CONTINUOUS
10
8.0107660629921256
20
-2.2171773228346456
11
8.0131261417322825
21
-2.2221485433070867
0
LINE
8
Edge.Cuts
6
CONTINUOUS
10
8.0131261417322825
20
-2.2221485433070867
11
8.0141568503937002
21
-2.2275541338582676
0
LINE
8
Edge.Cuts
6
CONTINUOUS
10
8.0141568503937002
20
-2.2275541338582676
11
8.013791614173229
21
-2.2330450000000002
0
LINE
8
Edge.Cuts
6
CONTINUOUS
10
8.013791614173229
20
-2.2330450000000002
11
8.0120540944881888
21
-2.2382664960629919
0
LINE
8
Edge.Cuts
6
CONTINUOUS
10
8.0120540944881888
20
-2.2382664960629919
11
8.0120540157480313
21
-2.2382665354330706
0
LINE
8
Edge.Cuts
6
CONTINUOUS
10
8.0120540157480313
20
-2.2382665354330706
11
8.0114785826771655
21
-2.2394622047244095
0
LINE
8
Edge.Cuts
6
CONTINUOUS
10
8.0114785826771655
20
-2.2394622047244095
11
8.010696456692914
21
-2.2419990551181104
0
LINE
8
Edge.Cuts
6
CONTINUOUS
10
8.010696456692914
20
-2.2419990551181104
11
8.0103007874015741
21
-2.2446240944881888
0
LINE
8
Edge.Cuts
6
CONTINUOUS
10
8.0103007874015741
20
-2.2446240944881888
11
8.0103006692913379
21
-2.2459511417322835
0
LINE
8
Edge.Cuts
6
CONTINUOUS
10
8.0103006692913379
20
-2.2459511417322835
11
8.0103006692913379
21
-2.3012930314960629
0
LINE
8
Edge.Cuts
6
CONTINUOUS
10
8.0103006692913379
20
-2.3012930314960629
11
8.0103006692913379
21
-2.3012930708661417
0
LINE
8
Edge.Cuts
6
CONTINUOUS
10
8.0103006692913379
20
-2.3012930708661417
11
8.0103005905511804
21
-2.3026203149606297
0
LINE
8
Edge.Cuts
6
CONTINUOUS
10
8.0103005905511804
20
-2.3026203149606297
11
8.0106961023622052
21
-2.3052451574803148
0
LINE
8
Edge.Cuts
6
CONTINUOUS
10
8.0106961023622052
20
-2.3052451574803148
11
8.0114783070866142
21
-2.3077817716535431
0
LINE
8
Edge.Cuts
6
CONTINUOUS
10
8.0114783070866142
20
-2.3077817716535431
11
8.0120540551181101
21
-2.3089776377952753
0
LINE
8
Edge.Cuts
6
CONTINUOUS
10
8.0120540551181101
20
-2.3089776377952753
11
8.0120540551181101
21
-2.3089776771653541
0
LINE
8
Edge.Cuts
6
CONTINUOUS
10
8.0120540551181101
20
-2.3089776771653541
11
8.013791653543306
21
-2.3141991732283462
0
LINE
8
Edge.Cuts
6
CONTINUOUS
10
8.013791653543306
20
-2.3141991732283462
11
8.0141568897637789
21
-2.3196900393700788
0
LINE
8
Edge.Cuts
6
CONTINUOUS
10
8.0141568897637789
20
-2.3196900393700788
11
8.0131261811023613
21
-2.3250956692913385
0
LINE
8
Edge.Cuts
6
CONTINUOUS
10
8.0131261811023613
20
-2.3250956692913385
11
8.0107661023622043
21
-2.3300668897637795
0
LINE
8
Edge.Cuts
6
CONTINUOUS
10
8.0107661023622043
20
-2.3300668897637795
11
8.0072291338582673
21
-2.3342826771653544
0
LINE
8
Edge.Cuts
6
CONTINUOUS
10
8.0072291338582673
20
-2.3342826771653544
11
8.0027436614173233
21
-2.3374707086614173
0
LINE
8
Edge.Cuts
6
CONTINUOUS
10
8.0027436614173233
20
-2.3374707086614173
11
7.9975993700787402
21
-2.3394251181102361
0
LINE
8
Edge.Cuts
6
CONTINUOUS
10
7.9975993700787402
20
-2.3394251181102361
11
7.9921285826771653
21
-2.3400196062992125
0
LINE
8
Edge.Cuts
6
CONTINUOUS
10
7.9921285826771653
20
-2.3400196062992125
11
7.9866846062992121
21
-2.3392158661417324
0
LINE
8
Edge.Cuts
6
CONTINUOUS
10
7.9866846062992121
20
-2.3392158661417324
11
7.9816190157480316
21
-2.3370657480314958
0
LINE
8
Edge.Cuts
6
CONTINUOUS
10
7.9816190157480316
20
-2.3370657480314958
11
7.9802667716535431
21
-2.3362771653543306
0
LINE
8
Edge.Cuts
6
CONTINUOUS
10
7.9802667716535431
20
-2.3362771653543306
11
7.9773284645669289
21
-2.3351961023622048
0
LINE
8
Edge.Cuts
6
CONTINUOUS
10
7.9773284645669289
20
-2.3351961023622048
11
7.9742461417322836
21
-2.3346470866141731
0
LINE
8
Edge.Cuts
6
CONTINUOUS
10
7.9742461417322836
20
-2.3346470866141731
11
7.9726807480314958
21
-2.3346457086614172
0
LINE
8
Edge.Cuts
6
CONTINUOUS
10
7.9726807480314958
20
-2.3346457086614172
11
7.9726806299212596
21
-2.3346456692913384
0
LINE
8
Edge.Cuts
6
CONTINUOUS
10
7.9726806299212596
20
-2.3346456692913384
11
7.9101253937007874
21
-2.3346456692913384
0
LINE
8
Edge.Cuts
6
CONTINUOUS
10
7.9101253937007874
20
-2.3346456692913384
11
7.9085599999999996
21
-2.3346470472440943
0
LINE
8
Edge.Cuts
6
CONTINUOUS
10
7.9085599999999996
20
-2.3346470472440943
11
7.9054776771653543
21
-2.335196062992126
0
LINE
8
Edge.Cuts
6
CONTINUOUS
10
7.9054776771653543
20
-2.335196062992126
11
7.9025393700787401
21
-2.3362771259842519
0
LINE
8
Edge.Cuts
6
CONTINUOUS
10
7.9025393700787401
20
-2.3362771259842519
11
7.9011871259842517
21
-2.3370657086614171
0
LINE
8
Edge.Cuts
6
CONTINUOUS
10
7.9011871259842517
20
-2.3370657086614171
11
7.8961215354330703
21
-2.3392158267716536
0
LINE
8
Edge.Cuts
6
CONTINUOUS
10
7.8961215354330703
20
-2.3392158267716536
11
7.8906775590551179
21
-2.3400196062992125
0
LINE
8
Edge.Cuts
6
CONTINUOUS
10
7.8906775590551179
20
-2.3400196062992125
11
7.885206771653543
21
-2.3394250787401574
0
LINE
8
Edge.Cuts
6
CONTINUOUS
10
7.885206771653543
20
-2.3394250787401574
11
7.8800625196850396
21
-2.3374707086614173
0
LINE
8
Edge.Cuts
6
CONTINUOUS
10
7.8800625196850396
20
-2.3374707086614173
11
7.8755770472440947
21
-2.3342826771653544
0
LINE
8
Edge.Cuts
6
CONTINUOUS
10
7.8755770472440947
20
-2.3342826771653544
11
7.8720400393700789
21
-2.3300668897637795
0
LINE
8
Edge.Cuts
6
CONTINUOUS
10
7.8720400393700789
20
-2.3300668897637795
11
7.8696799999999998
21
-2.3250956692913385
0
LINE
8
Edge.Cuts
6
CONTINUOUS
10
7.8696799999999998
20
-2.3250956692913385
11
7.8686492913385822
21
-2.3196900393700788
0
LINE
8
Edge.Cuts
6
CONTINUOUS
10
7.8686492913385822
20
-2.3196900393700788
11
7.8690144881889763
21
-2.3141991732283462
0
LINE
8
Edge.Cuts
6
CONTINUOUS
10
7.8690144881889763
20
-2.3141991732283462
11
7.8707520866141731
21
-2.3089776771653541
0
LINE
8
Edge.Cuts
6
CONTINUOUS
10
7.8707520866141731
20
-2.3089776771653541
11
7.8713277952755902
21
-2.3077818110236219
0
LINE
8
Edge.Cuts
6
CONTINUOUS
10
7.8713277952755902
20
-2.3077818110236219
11
7.8721100000000002
21
-2.3052451968503935
0
LINE
8
Edge.Cuts
6
CONTINUOUS
10
7.8721100000000002
20
-2.3052451968503935
11
7.8725055118110232
21
-2.3026203149606297
0
LINE
8
Edge.Cuts
6
CONTINUOUS
10
7.8725055118110232
20
-2.3026203149606297
11
7.8725054724409445
21
-2.3012930708661417
0
LINE
8
Edge.Cuts
6
CONTINUOUS
10
7.8725054724409445
20
-2.3012930708661417
11
7.8725054724409445
21
-2.3012930314960629
0
LINE
8
Edge.Cuts
6
CONTINUOUS
10
7.8725054724409445
20
-2.3012930314960629
11
7.8725054724409445
21
-2.2459511417322835
0
LINE
8
Edge.Cuts
6
CONTINUOUS
10
7.8725054724409445
20
-2.2459511417322835
11
7.8725055118110232
21
-2.244623897637795
0
LINE
8
Edge.Cuts
6
CONTINUOUS
10
7.8725055118110232
20
-2.244623897637795
11
7.8721100000000002
21
-2.2419990157480316
0
LINE
8
Edge.Cuts
6
CONTINUOUS
10
7.8721100000000002
20
-2.2419990157480316
11
7.8713277952755902
21
-2.2394623622047245
0
LINE
8
Edge.Cuts
6
CONTINUOUS
10
7.8713277952755902
20
-2.2394623622047245
11
7.8707520866141731
21
-2.2382664960629919
0
LINE
8
Edge.Cuts
6
CONTINUOUS
10
7.8707520866141731
20
-2.2382664960629919
11
7.8690144881889763
21
-2.2330450393700785
0
LINE
8
Edge.Cuts
6
CONTINUOUS
10
7.8690144881889763
20
-2.2330450393700785
11
7.8686492519685034
21
-2.2275541732283464
0
LINE
8
Edge.Cuts
6
CONTINUOUS
10
7.8686492519685034
20
-2.2275541732283464
11
7.869679960629921
21
-2.2221485433070867
0
LINE
8
Edge.Cuts
6
CONTINUOUS
10
7.869679960629921
20
-2.2221485433070867
11
7.8720400000000001
21
-2.2171772834645669
0
LINE
8
Edge.Cuts
6
CONTINUOUS
10
7.8720400000000001
20
-2.2171772834645669
11
7.8755770078740159
21
-2.212961496062992
0
LINE
8
Edge.Cuts
6
CONTINUOUS
10
7.8755770078740159
20
-2.212961496062992
11
7.8800624803149608
21
-2.2097734645669291
0
LINE
8
Edge.Cuts
6
CONTINUOUS
10
7.8800624803149608
20
-2.2097734645669291
11
7.8852067322834642
21
-2.2078190551181103
0
LINE
8
Edge.Cuts
6
CONTINUOUS
10
7.8852067322834642
20
-2.2078190551181103
11
7.8906775590551179
21
-2.2072245669291339
0
LINE
8
Edge.Cuts
6
CONTINUOUS
10
7.8906775590551179
20
-2.2072245669291339
11
7.8961215354330703
21
-2.208028307086614
0
LINE
8
Edge.Cuts
6
CONTINUOUS
10
7.8839204724409448
20
-2.2121809055118109
11
7.8799172834645663
21
-2.2143186614173227
0
LINE
8
Edge.Cuts
6
CONTINUOUS
10
7.8799172834645663
20
-2.2143186614173227
11
7.8765822440944877
21
-2.2173965354330707
0
LINE
8
Edge.Cuts
6
CONTINUOUS
10
7.8765822440944877
20
-2.2173965354330707
11
7.8741307480314955
21
-2.2212157086614175
0
LINE
8
Edge.Cuts
6
CONTINUOUS
10
7.8741307480314955
20
-2.2212157086614175
11
7.8727211811023619
21
-2.2255294881889762
0
LINE
8
Edge.Cuts
6
CONTINUOUS
10
7.8727211811023619
20
-2.2255294881889762
11
7.8724445275590549
21
-2.2300592913385828
0
LINE
8
Edge.Cuts
6
CONTINUOUS
10
7.8724445275590549
20
-2.2300592913385828
11
7.8733187007874017
21
-2.2345125590551183
0
LINE
8
Edge.Cuts
6
CONTINUOUS
10
7.8733187007874017
20
-2.2345125590551183
11
7.8742993700787398
21
-2.2365587007874015
0
LINE
8
Edge.Cuts
6
CONTINUOUS
10
7.8742993700787398
20
-2.2365587007874015
11
7.8742994094488186
21
-2.236558779527559
0
LINE
8
Edge.Cuts
6
CONTINUOUS
10
7.8742994094488186
20
-2.236558779527559
11
7.8754810629921259
21
-2.2395705905511809
0
LINE
8
Edge.Cuts
6
CONTINUOUS
10
7.8754810629921259
20
-2.2395705905511809
11
7.8762007874015749
21
-2.2427248425196851
0
LINE
8
Edge.Cuts
6
CONTINUOUS
10
7.8762007874015749
20
-2.2427248425196851
11
7.8764424803149602
21
-2.2459511417322835
0
LINE
8
Edge.Cuts
6
CONTINUOUS
10
7.8764424803149602
20
-2.2459511417322835
11
7.8764424803149602
21
-2.3012930314960629
0
LINE
8
Edge.Cuts
6
CONTINUOUS
10
7.8764424803149602
20
-2.3012930314960629
11
7.8764424803149602
21
-2.3012930708661417
0
LINE
8
Edge.Cuts
6
CONTINUOUS
10
7.8764424803149602
20
-2.3012930708661417
11
7.8762007874015749
21
-2.3045193307086613
0
LINE
8
Edge.Cuts
6
CONTINUOUS
10
7.8762007874015749
20
-2.3045193307086613
11
7.8754810629921259
21
-2.3076735826771655
0
LINE
8
Edge.Cuts
6
CONTINUOUS
10
7.8754810629921259
20
-2.3076735826771655
11
7.8742994094488186
21
-2.3106853937007874
0
LINE
8
Edge.Cuts
6
CONTINUOUS
10
7.8742994094488186
20
-2.3106853937007874
11
7.8733187007874017
21
-2.3127316535433069
0
LINE
8
Edge.Cuts
6
CONTINUOUS
10
7.8733187007874017
20
-2.3127316535433069
11
7.8724445669291336
21
-2.3171848818897636
0
LINE
8
Edge.Cuts
6
CONTINUOUS
10
7.8724445669291336
20
-2.3171848818897636
11
7.8727212204724406
21
-2.3217146850393702
0
LINE
8
Edge.Cuts
6
CONTINUOUS
10
7.8727212204724406
20
-2.3217146850393702
11
7.8741307874015742
21
-2.3260285039370077
0
LINE
8
Edge.Cuts
6
CONTINUOUS
10
7.8741307874015742
20
-2.3260285039370077
11
7.8765822834645665
21
-2.3298476377952757
0
LINE
8
Edge.Cuts
6
CONTINUOUS
10
7.8765822834645665
20
-2.3298476377952757
11
7.8799173228346451
21
-2.3329255118110237
0
LINE
8
Edge.Cuts
6
CONTINUOUS
10
7.8799173228346451
20
-2.3329255118110237
11
7.8839205118110236
21
-2.3350632677165355
0
LINE
8
Edge.Cuts
6
CONTINUOUS
10
7.8839205118110236
20
-2.3350632677165355
11
7.8883333070866142
21
-2.3361228740157478
0
LINE
8
Edge.Cuts
6
CONTINUOUS
10
7.8883333070866142
20
-2.3361228740157478
11
7.8928707480314957
21
-2.3360358661417324
0
LINE
8
Edge.Cuts
6
CONTINUOUS
10
7.8928707480314957
20
-2.3360358661417324
11
7.89723968503937
21
-2.3348079133858266
0
LINE
8
Edge.Cuts
6
CONTINUOUS
10
7.89723968503937
20
-2.3348079133858266
11
7.8992008267716534
21
-2.333666496062992
0
LINE
8
Edge.Cuts
6
CONTINUOUS
10
7.8992008267716534
20
-2.333666496062992
11
7.9026486614173228
21
-2.3320404330708659
0
LINE
8
Edge.Cuts
6
CONTINUOUS
10
7.9026486614173228
20
-2.3320404330708659
11
7.9063281889763779
21
-2.331044212598425
0
LINE
8
Edge.Cuts
6
CONTINUOUS
10
7.9063281889763779
20
-2.331044212598425
11
7.9101253937007874
21
-2.3307086614173227
0
LINE
8
Edge.Cuts
6
CONTINUOUS
10
7.9101253937007874
20
-2.3307086614173227
11
7.9726807086614171
21
-2.3307086614173227
0
LINE
8
Edge.Cuts
6
CONTINUOUS
10
7.9726807086614171
20
-2.3307086614173227
11
7.9726810236220471
21
-2.3307087007874014
0
LINE
8
Edge.Cuts
6
CONTINUOUS
10
7.9726810236220471
20
-2.3307087007874014
11
7.9764779527559053
21
-2.3310442519685037
0
LINE
8
Edge.Cuts
6
CONTINUOUS
10
7.9764779527559053
20
-2.3310442519685037
11
7.9801574803149604
21
-2.3320404724409447
0
LINE
8
Edge.Cuts
6
CONTINUOUS
10
7.9801574803149604
20
-2.3320404724409447
11
7.9836053149606299
21
-2.3336665354330708
0
LINE
8
Edge.Cuts
6
CONTINUOUS
10
7.9836053149606299
20
-2.3336665354330708
11
7.9855664566929132
21
-2.3348079527559054
0
LINE
8
Edge.Cuts
6
CONTINUOUS
10
7.9855664566929132
20
-2.3348079527559054
11
7.9899354330708663
21
-2.3360359055118112
0
LINE
8
Edge.Cuts
6
CONTINUOUS
10
7.9899354330708663
20
-2.3360359055118112
11
7.994472834645669
21
-2.3361229133858266
0
LINE
8
Edge.Cuts
6
CONTINUOUS
10
7.994472834645669
20
-2.3361229133858266
11
7.9988856299212596
21
-2.3350633070866142
0
LINE
8
Edge.Cuts
6
CONTINUOUS
10
7.9988856299212596
20
-2.3350633070866142
11
8.0028888582677169
21
-2.3329255118110237
0
LINE
8
Edge.Cuts
6
CONTINUOUS
10
8.0028888582677169
20
-2.3329255118110237
11
8.0062238976377955
21
-2.3298476771653545
0
LINE
8
Edge.Cuts
6
CONTINUOUS
10
8.0062238976377955
20
-2.3298476771653545
11
8.008675354330709
21
-2.3260285039370077
0
LINE
8
Edge.Cuts
6
CONTINUOUS
10
8.008675354330709
20
-2.3260285039370077
11
8.0100849606299214
21
-2.3217147244094489
0
LINE
8
Edge.Cuts
6
CONTINUOUS
10
8.0100849606299214
20
-2.3217147244094489
11
8.0103615748031487
21
-2.3171849212598423
0
LINE
8
Edge.Cuts
6
CONTINUOUS
10
8.0103615748031487
20
-2.3171849212598423
11
8.0094874409448824
21
-2.3127316535433069
0
LINE
8
Edge.Cuts
6
CONTINUOUS
10
8.0094874409448824
20
-2.3127316535433069
11
8.0085067322834647
21
-2.3106853937007874
0
LINE
8
Edge.Cuts
6
CONTINUOUS
10
8.0085067322834647
20
-2.3106853937007874
11
8.0073250393700786
21
-2.3076735826771655
0
LINE
8
Edge.Cuts
6
CONTINUOUS
10
8.0073250393700786
20
-2.3076735826771655
11
8.0066053149606304
21
-2.3045192913385826
0
LINE
8
Edge.Cuts
6
CONTINUOUS
10
8.0066053149606304
20
-2.3045192913385826
11
8.006363661417323
21
-2.3012929921259841
0
LINE
8
Edge.Cuts
6
CONTINUOUS
10
8.006363661417323
20
-2.3012929921259841
11
8.006363661417323
21
-2.2459511417322835
0
LINE
8
Edge.Cuts
6
CONTINUOUS
10
8.006363661417323
20
-2.2459511417322835
11
8.0063637007874018
21
-2.245950905511811
0
LINE
8
Edge.Cuts
6
CONTINUOUS
10
8.0063637007874018
20
-2.245950905511811
11
8.006363661417323
21
-2.2459507874015747
0
LINE
8
Edge.Cuts
6
CONTINUOUS
10
8.006363661417323
20
-2.2459507874015747
11
8.006605708661418
21
-2.2427247637795276
0
LINE
8
Edge.Cuts
6
CONTINUOUS
10
8.006605708661418
20
-2.2427247637795276
11
8.0073253543307086
21
-2.2395707874015747
0
LINE
8
Edge.Cuts
6
CONTINUOUS
10
8.0073253543307086
20
-2.2395707874015747
11
8.0085065748031496
21
-2.236559094488189
0
LINE
8
Edge.Cuts
6
CONTINUOUS
10
8.0085065748031496
20
-2.236559094488189
11
8.0085066535433072
21
-2.2365589763779528
0
LINE
8
Edge.Cuts
6
CONTINUOUS
10
8.0085066535433072
20
-2.2365589763779528
11
8.0085066929133859
21
-2.236558779527559
0
LINE
8
Edge.Cuts
6
CONTINUOUS
10
8.0085066929133859
20
-2.236558779527559
11
8.0094874015748037
21
-2.2345125590551183
0
LINE
8
Edge.Cuts
6
CONTINUOUS
10
8.0094874015748037
20
-2.2345125590551183
11
8.0103615748031487
21
-2.2300592913385828
0
LINE
8
Edge.Cuts
6
CONTINUOUS
10
8.0103615748031487
20
-2.2300592913385828
11
8.0100848818897639
21
-2.2255294881889762
0
LINE
8
Edge.Cuts
6
CONTINUOUS
10
8.0100848818897639
20
-2.2255294881889762
11
8.0086753149606302
21
-2.2212157086614175
0
LINE
8
Edge.Cuts
6
CONTINUOUS
10
8.0086753149606302
20
-2.2212157086614175
11
8.006223818897638
21
-2.2173965748031494
0
LINE
8
Edge.Cuts
6
CONTINUOUS
10
8.006223818897638
20
-2.2173965748031494
11
8.0028888188976381
21
-2.2143187401574802
0
LINE
8
Edge.Cuts
6
CONTINUOUS
10
8.0028888188976381
20
-2.2143187401574802
11
7.9988855905511809
21
-2.2121809842519684
0
LINE
8
Edge.Cuts
6
CONTINUOUS
10
7.9988855905511809
20
-2.2121809842519684
11
7.9944727952755903
21
-2.2111213779527557
0
LINE
8
Edge.Cuts
6
CONTINUOUS
10
7.9944727952755903
20
-2.2111213779527557
11
7.9899353937007875
21
-2.2112083464566927
0
LINE
8
Edge.Cuts
6
CONTINUOUS
10
7.9899353937007875
20
-2.2112083464566927
11
7.9855664566929132
21
-2.2124362992125985
0
LINE
8
Edge.Cuts
6
CONTINUOUS
10
7.9855664566929132
20
-2.2124362992125985
11
7.9836053149606299
21
-2.2135777165354331
0
LINE
8
Edge.Cuts
6
CONTINUOUS
10
7.9836053149606299
20
-2.2135777165354331
11
7.9836049212598423
21
-2.2135777952755906
0
LINE
8
Edge.Cuts
6
CONTINUOUS
10
7.9836049212598423
20
-2.2135777952755906
11
7.9801574409448817
21
-2.2152037007874017
0
LINE
8
Edge.Cuts
6
CONTINUOUS
10
7.9801574409448817
20
-2.2152037007874017
11
7.9764779133858266
21
-2.2161999212598427
0
LINE
8
Edge.Cuts
6
CONTINUOUS
10
7.9764779133858266
20
-2.2161999212598427
11
7.9726807086614171
21
-2.216535472440945
0
LINE
8
Edge.Cuts
6
CONTINUOUS
10
7.9726807086614171
20
-2.216535472440945
11
7.9101254330708661
21
-2.216535472440945
0
LINE
8
Edge.Cuts
6
CONTINUOUS
10
7.9101254330708661
20
-2.216535472440945
11
7.9063281889763779
21
-2.2161999212598427
0
LINE
8
Edge.Cuts
6
CONTINUOUS
10
7.9063281889763779
20
-2.2161999212598427
11
7.9026486614173228
21
-2.2152037007874017
0
LINE
8
Edge.Cuts
6
CONTINUOUS
10
7.9026486614173228
20
-2.2152037007874017
11
7.8992008267716534
21
-2.2135776377952756
0
LINE
8
Edge.Cuts
6
CONTINUOUS
10
7.8992008267716534
20
-2.2135776377952756
11
7.89723968503937
21
-2.212436220472441
0
LINE
8
Edge.Cuts
6
CONTINUOUS
10
7.89723968503937
20
-2.212436220472441
11
7.8928707086614169
21
-2.2112082677165352
0
LINE
8
Edge.Cuts
6
CONTINUOUS
10
7.8928707086614169
20
-2.2112082677165352
11
7.8883333070866142
21
-2.2111212598425198
0
LINE
8
Edge.Cuts
6
CONTINUOUS
10
7.8883333070866142
20
-2.2111212598425198
11
7.8839204724409448
21
-2.2121809055118109
0
LINE
8
Edge.Cuts
6
CONTINUOUS
10
2.0897253543307088
20
-2.1184489370078738
11
2.0948696062992127
21
-2.120403307086614
0
LINE
8
Edge.Cuts
6
CONTINUOUS
10
2.0948696062992127
20
-2.120403307086614
11
2.0993550787401576
21
-2.1235913385826772
0
LINE
8
Edge.Cuts
6
CONTINUOUS
10
2.0993550787401576
20
-2.1235913385826772
11
2.1028920866141734
21
-2.1278071259842517
0
LINE
8
Edge.Cuts
6
CONTINUOUS
10
2.1028920866141734
20
-2.1278071259842517
11
2.105252125984252
21
-2.1327783464566927
0
LINE
8
Edge.Cuts
6
CONTINUOUS
10
2.105252125984252
20
-2.1327783464566927
11
2.1062828346456692
21
-2.1381839763779529
0
LINE
8
Edge.Cuts
6
CONTINUOUS
10
2.1062828346456692
20
-2.1381839763779529
11
2.1059176377952755
21
-2.143674842519685
0
LINE
8
Edge.Cuts
6
CONTINUOUS
10
2.1059176377952755
20
-2.143674842519685
11
2.1041800393700787
21
-2.1488963385826771
0
LINE
8
Edge.Cuts
6
CONTINUOUS
10
2.1041800393700787
20
-2.1488963385826771
11
2.1036043307086612
21
-2.1500922047244093
0
LINE
8
Edge.Cuts
6
CONTINUOUS
10
2.1036043307086612
20
-2.1500922047244093
11
2.1028221259842521
21
-2.1526288188976377
0
LINE
8
Edge.Cuts
6
CONTINUOUS
10
2.1028221259842521
20
-2.1526288188976377
11
2.1024266141732282
21
-2.1552537007874015
0
LINE
8
Edge.Cuts
6
CONTINUOUS
10
2.1024266141732282
20
-2.1552537007874015
11
2.1024266535433069
21
-2.1565809448818896
0
LINE
8
Edge.Cuts
6
CONTINUOUS
10
2.1024266535433069
20
-2.1565809448818896
11
2.1024266535433069
21
-2.1565809842519683
0
LINE
8
Edge.Cuts
6
CONTINUOUS
10
2.1024266535433069
20
-2.1565809842519683
11
2.1024266535433069
21
-2.2119228740157482
0
LINE
8
Edge.Cuts
6
CONTINUOUS
10
2.1024266535433069
20
-2.2119228740157482
11
2.1024266141732282
21
-2.2132501181102362
0
LINE
8
Edge.Cuts
6
CONTINUOUS
10
2.1024266141732282
20
-2.2132501181102362
11
2.1028221259842521
21
-2.215875
0
LINE
8
Edge.Cuts
6
CONTINUOUS
10
2.1028221259842521
20
-2.215875
11
2.1036043307086612
21
-2.2184116535433072
0
LINE
8
Edge.Cuts
6
CONTINUOUS
10
2.1036043307086612
20
-2.2184116535433072
11
2.1041799999999999
21
-2.2196074015748031
0
LINE
8
Edge.Cuts
6
CONTINUOUS
10
2.1041799999999999
20
-2.2196074015748031
11
2.1041800393700787
21
-2.2196074803149606
0
LINE
8
Edge.Cuts
6
CONTINUOUS
10
2.1041800393700787
20
-2.2196074803149606
11
2.1059176377952755
21
-2.2248289763779527
0
LINE
8
Edge.Cuts
6
CONTINUOUS
10
2.1059176377952755
20
-2.2248289763779527
11
2.106282874015748
21
-2.2303198425196848
0
LINE
8
Edge.Cuts
6
CONTINUOUS
10
2.106282874015748
20
-2.2303198425196848
11
2.1052521653543308
21
-2.235725472440945
0
LINE
8
Edge.Cuts
6
CONTINUOUS
10
2.1052521653543308
20
-2.235725472440945
11
2.1028921259842521
21
-2.2406967322834643
0
LINE
8
Edge.Cuts
6
CONTINUOUS
10
2.1028921259842521
20
-2.2406967322834643
11
2.0993551181102363
21
-2.2449125196850392
0
LINE
8
Edge.Cuts
6
CONTINUOUS
10
2.0993551181102363
20
-2.2449125196850392
11
2.0948696456692915
21
-2.2481005511811025
0
LINE
8
Edge.Cuts
6
CONTINUOUS
10
2.0948696456692915
20
-2.2481005511811025
11
2.0897253937007871
21
-2.2500549606299214
0
LINE
8
Edge.Cuts
6
CONTINUOUS
10
2.0897253937007871
20
-2.2500549606299214
11
2.0842545669291339
21
-2.2506494488188977
0
LINE
8
Edge.Cuts
6
CONTINUOUS
10
2.0842545669291339
20
-2.2506494488188977
11
2.0788105905511811
21
-2.2498457086614172
0
LINE
8
Edge.Cuts
6
CONTINUOUS
10
2.0788105905511811
20
-2.2498457086614172
11
2.0737450000000002
21
-2.2476955905511811
0
LINE
8
Edge.Cuts
6
CONTINUOUS
10
2.0737450000000002
20
-2.2476955905511811
11
2.0723927559055118
21
-2.2469070078740159
0
LINE
8
Edge.Cuts
6
CONTINUOUS
10
2.0723927559055118
20
-2.2469070078740159
11
2.0694544488188975
21
-2.2458259448818896
0
LINE
8
Edge.Cuts
6
CONTINUOUS
10
2.0694544488188975
20
-2.2458259448818896
11
2.0663721259842518
21
-2.2452768897637796
0
LINE
8
Edge.Cuts
6
CONTINUOUS
10
2.0663721259842518
20
-2.2452768897637796
11
2.0648066929133857
21
-2.2452755511811024
0
LINE
8
Edge.Cuts
6
CONTINUOUS
10
2.0648066929133857
20
-2.2452755511811024
11
2.0022514173228347
21
-2.2452755511811024
0
LINE
8
Edge.Cuts
6
CONTINUOUS
10
2.0022514173228347
20
-2.2452755511811024
11
2.0006860236220474
21
-2.2452769291338583
0
LINE
8
Edge.Cuts
6
CONTINUOUS
10
2.0006860236220474
20
-2.2452769291338583
11
1.9976037007874015
21
-2.2458259448818896
0
LINE
8
Edge.Cuts
6
CONTINUOUS
10
1.9976037007874015
20
-2.2458259448818896
11
1.9946653937007874
21
-2.2469070078740159
0
LINE
8
Edge.Cuts
6
CONTINUOUS
10
1.9946653937007874
20
-2.2469070078740159
11
1.9933131496062992
21
-2.2476955905511811
0
LINE
8
Edge.Cuts
6
CONTINUOUS
10
1.9933131496062992
20
-2.2476955905511811
11
1.9933126771653542
21
-2.2476956692913386
0
LINE
8
Edge.Cuts
6
CONTINUOUS
10
1.9933126771653542
20
-2.2476956692913386
11
1.9882475196850393
21
-2.2498456299212597
0
LINE
8
Edge.Cuts
6
CONTINUOUS
10
1.9882475196850393
20
-2.2498456299212597
11
1.9828035433070865
21
-2.2506493700787402
0
LINE
8
Edge.Cuts
6
CONTINUOUS
10
1.9828035433070865
20
-2.2506493700787402
11
1.9773327559055118
21
-2.2500548818897639
0
LINE
8
Edge.Cuts
6
CONTINUOUS
10
1.9773327559055118
20
-2.2500548818897639
11
1.9721885039370077
21
-2.248100472440945
0
LINE
8
Edge.Cuts
6
CONTINUOUS
10
1.9721885039370077
20
-2.248100472440945
11
1.9677030708661416
21
-2.2449124409448817
0
LINE
8
Edge.Cuts
6
CONTINUOUS
10
1.9677030708661416
20
-2.2449124409448817
11
1.964166062992126
21
-2.2406966929133856
0
LINE
8
Edge.Cuts
6
CONTINUOUS
10
1.964166062992126
20
-2.2406966929133856
11
1.9618059842519684
21
-2.235725472440945
0
LINE
8
Edge.Cuts
6
CONTINUOUS
10
1.9618059842519684
20
-2.235725472440945
11
1.9607752755905512
21
-2.2303198818897636
0
LINE
8
Edge.Cuts
6
CONTINUOUS
10
1.9607752755905512
20
-2.2303198818897636
11
1.9611405118110237
21
-2.2248290157480315
0
LINE
8
Edge.Cuts
6
CONTINUOUS
10
1.9611405118110237
20
-2.2248290157480315
11
1.962878031496063
21
-2.2196075196850393
0
LINE
8
Edge.Cuts
6
CONTINUOUS
10
1.962878031496063
20
-2.2196075196850393
11
1.9628780708661417
21
-2.2196074409448818
0
LINE
8
Edge.Cuts
6
CONTINUOUS
10
1.9628780708661417
20
-2.2196074409448818
11
1.9634535433070865
21
-2.2184118110236222
0
LINE
8
Edge.Cuts
6
CONTINUOUS
10
1.9634535433070865
20
-2.2184118110236222
11
1.9642356692913385
21
-2.2158749606299213
0
LINE
8
Edge.Cuts
6
CONTINUOUS
10
1.9642356692913385
20
-2.2158749606299213
11
1.964631338582677
21
-2.2132499212598424
0
LINE
8
Edge.Cuts
6
CONTINUOUS
10
1.964631338582677
20
-2.2132499212598424
11
1.9646314566929133
21
-2.2119225984251969
0
LINE
8
Edge.Cuts
6
CONTINUOUS
10
1.9646314566929133
20
-2.2119225984251969
11
1.9646314566929133
21
-2.1565809842519683
0
LINE
8
Edge.Cuts
6
CONTINUOUS
10
1.9646314566929133
20
-2.1565809842519683
11
1.9646314566929133
21
-2.1565809448818896
0
LINE
8
Edge.Cuts
6
CONTINUOUS
10
1.9646314566929133
20
-2.1565809448818896
11
1.9646315354330708
21
-2.1552537007874015
0
LINE
8
Edge.Cuts
6
CONTINUOUS
10
1.9646315354330708
20
-2.1552537007874015
11
1.9642360236220473
21
-2.1526288582677164
0
LINE
8
Edge.Cuts
6
CONTINUOUS
10
1.9642360236220473
20
-2.1526288582677164
11
1.9634538188976378
21
-2.1500922440944881
0
LINE
8
Edge.Cuts
6
CONTINUOUS
10
1.9634538188976378
20
-2.1500922440944881
11
1.9628780708661417
21
-2.1488963779527559
0
LINE
8
Edge.Cuts
6
CONTINUOUS
10
1.9628780708661417
20
-2.1488963779527559
11
1.962878031496063
21
-2.1488962992125984
0
LINE
8
Edge.Cuts
6
CONTINUOUS
10
1.962878031496063
20
-2.1488962992125984
11
1.9611404724409449
21
-2.143674842519685
0
LINE
8
Edge.Cuts
6
CONTINUOUS
10
1.9611404724409449
20
-2.143674842519685
11
1.9607752362204725
21
-2.1381839763779529
0
LINE
8
Edge.Cuts
6
CONTINUOUS
10
1.9607752362204725
20
-2.1381839763779529
11
1.9618059448818896
21
-2.1327783464566927
0
LINE
8
Edge.Cuts
6
CONTINUOUS
10
1.9618059448818896
20
-2.1327783464566927
11
1.9641660236220473
21
-2.1278071259842517
0
LINE
8
Edge.Cuts
6
CONTINUOUS
10
1.9641660236220473
20
-2.1278071259842517
11
1.9677029921259843
21
-2.1235913385826772
0
LINE
8
Edge.Cuts
6
CONTINUOUS
10
1.9677029921259843
20
-2.1235913385826772
11
1.972188464566929
21
-2.120403307086614
0
LINE
8
Edge.Cuts
6
CONTINUOUS
10
1.972188464566929
20
-2.120403307086614
11
1.9773327559055118
21
-2.1184488976377951
0
LINE
8
Edge.Cuts
6
CONTINUOUS
10
1.9773327559055118
20
-2.1184488976377951
11
1.9828035433070865
21
-2.1178544094488188
0
LINE
8
Edge.Cuts
6
CONTINUOUS
10
1.9828035433070865
20
-2.1178544094488188
11
1.9882475196850393
21
-2.1186581496062993
0
LINE
8
Edge.Cuts
6
CONTINUOUS
10
1.9882475196850393
20
-2.1186581496062993
11
1.9933131102362205
21
-2.1208082677165354
0
LINE
8
Edge.Cuts
6
CONTINUOUS
10
1.9933131102362205
20
-2.1208082677165354
11
1.9946653543307087
21
-2.1215968503937006
0
LINE
8
Edge.Cuts
6
CONTINUOUS
10
1.9946653543307087
20
-2.1215968503937006
11
1.9976036614173227
21
-2.1226779133858269
0
LINE
8
Edge.Cuts
6
CONTINUOUS
10
1.9976036614173227
20
-2.1226779133858269
11
2.0006859842519686
21
-2.1232269291338581
0
LINE
8
Edge.Cuts
6
CONTINUOUS
10
2.0006859842519686
20
-2.1232269291338581
11
2.002251377952756
21
-2.123228307086614
0
LINE
8
Edge.Cuts
6
CONTINUOUS
10
2.002251377952756
20
-2.123228307086614
11
2.0022514960629922
21
-2.1232283464566928
0
LINE
8
Edge.Cuts
6
CONTINUOUS
10
2.0022514960629922
20
-2.1232283464566928
11
2.0648067322834645
21
-2.1232283464566928
0
LINE
8
Edge.Cuts
6
CONTINUOUS
10
2.0648067322834645
20
-2.1232283464566928
11
2.0663721259842518
21
-2.1232269685039369
0
LINE
8
Edge.Cuts
6
CONTINUOUS
10
2.0663721259842518
20
-2.1232269685039369
11
2.0694544488188975
21
-2.1226779527559057
0
LINE
8
Edge.Cuts
6
CONTINUOUS
10
2.0694544488188975
20
-2.1226779527559057
11
2.0723927559055118
21
-2.1215968897637794
0
LINE
8
Edge.Cuts
6
CONTINUOUS
10
2.0723927559055118
20
-2.1215968897637794
11
2.0737450000000002
21
-2.1208083070866142
0
LINE
8
Edge.Cuts
6
CONTINUOUS
10
2.0737450000000002
20
-2.1208083070866142
11
2.0788105905511811
21
-2.118658188976378
0
LINE
8
Edge.Cuts
6
CONTINUOUS
10
2.0788105905511811
20
-2.118658188976378
11
2.0842545669291339
21
-2.1178544094488188
0
LINE
8
Edge.Cuts
6
CONTINUOUS
10
2.0842545669291339
20
-2.1178544094488188
11
2.0897253543307088
21
-2.1184489370078738
0
LINE
8
Edge.Cuts
6
CONTINUOUS
10
1.976046496062992
20
-2.1228107086614174
11
1.9720432677165354
21
-2.124948503937008
0
LINE
8
Edge.Cuts
6
CONTINUOUS
10
1.9720432677165354
20
-2.124948503937008
11
1.9687082283464568
21
-2.1280263385826772
0
LINE
8
Edge.Cuts
6
CONTINUOUS
10
1.9687082283464568
20
-2.1280263385826772
11
1.9662567716535433
21
-2.1318455118110236
0
LINE
8
Edge.Cuts
6
CONTINUOUS
10
1.9662567716535433
20
-2.1318455118110236
11
1.9648471653543307
21
-2.1361592913385827
0
LINE
8
Edge.Cuts
6
CONTINUOUS
10
1.9648471653543307
20
-2.1361592913385827
11
1.9645705511811022
21
-2.1406890944881889
0
LINE
8
Edge.Cuts
6
CONTINUOUS
10
1.9645705511811022
20
-2.1406890944881889
11
1.9654446850393701
21
-2.1451423622047243
0
LINE
8
Edge.Cuts
6
CONTINUOUS
10
1.9654446850393701
20
-2.1451423622047243
11
1.9664253543307086
21
-2.147188503937008
0
LINE
8
Edge.Cuts
6
CONTINUOUS
10
1.9664253543307086
20
-2.147188503937008
11
1.9664253937007874
21
-2.1471885826771655
0
LINE
8
Edge.Cuts
6
CONTINUOUS
10
1.9664253937007874
20
-2.1471885826771655
11
1.9676070866141733
21
-2.1502004330708662
0
LINE
8
Edge.Cuts
6
CONTINUOUS
10
1.9676070866141733
20
-2.1502004330708662
11
1.9683268110236221
21
-2.1533547244094486
0
LINE
8
Edge.Cuts
6
CONTINUOUS
10
1.9683268110236221
20
-2.1533547244094486
11
1.9685684251968503
21
-2.1565809448818896
0
LINE
8
Edge.Cuts
6
CONTINUOUS
10
1.9685684251968503
20
-2.1565809448818896
11
1.968568464566929
21
-2.1565809842519683
0
LINE
8
Edge.Cuts
6
CONTINUOUS
10
1.968568464566929
20
-2.1565809842519683
11
1.968568464566929
21
-2.2119228740157482
0
LINE
8
Edge.Cuts
6
CONTINUOUS
10
1.968568464566929
20
-2.2119228740157482
11
1.9685683858267715
21
-2.2119230708661415
0
LINE
8
Edge.Cuts
6
CONTINUOUS
10
1.9685683858267715
20
-2.2119230708661415
11
1.968568464566929
21
-2.2119232283464565
0
LINE
8
Edge.Cuts
6
CONTINUOUS
10
1.968568464566929
20
-2.2119232283464565
11
1.9683264173228345
21
-2.2151492519685041
0
LINE
8
Edge.Cuts
6
CONTINUOUS
10
1.9683264173228345
20
-2.2151492519685041
11
1.9676067716535433
21
-2.2183032283464565
0
LINE
8
Edge.Cuts
6
CONTINUOUS
10
1.9676067716535433
20
-2.2183032283464565
11
1.9664255511811024
21
-2.2213149212598426
0
LINE
8
Edge.Cuts
6
CONTINUOUS
10
1.9664255511811024
20
-2.2213149212598426
11
1.9664254330708661
21
-2.2213150000000002
0
LINE
8
Edge.Cuts
6
CONTINUOUS
10
1.9664254330708661
20
-2.2213150000000002
11
1.9664254330708661
21
-2.2213152362204722
0
LINE
8
Edge.Cuts
6
CONTINUOUS
10
1.9664254330708661
20
-2.2213152362204722
11
1.9654447244094488
21
-2.2233614566929134
0
LINE
8
Edge.Cuts
6
CONTINUOUS
10
1.9654447244094488
20
-2.2233614566929134
11
1.9645705511811022
21
-2.2278147244094488
0
LINE
8
Edge.Cuts
6
CONTINUOUS
10
1.9645705511811022
20
-2.2278147244094488
11
1.9648472440944882
21
-2.232344527559055
0
LINE
8
Edge.Cuts
6
CONTINUOUS
10
1.9648472440944882
20
-2.232344527559055
11
1.966256811023622
21
-2.2366583070866142
0
LINE
8
Edge.Cuts
6
CONTINUOUS
10
1.966256811023622
20
-2.2366583070866142
11
1.968708307086614
21
-2.2404774409448818
0
LINE
8
Edge.Cuts
6
CONTINUOUS
10
1.968708307086614
20
-2.2404774409448818
11
1.9720433070866141
21
-2.243555275590551
0
LINE
8
Edge.Cuts
6
CONTINUOUS
10
1.9720433070866141
20
-2.243555275590551
11
1.9760465354330707
21
-2.2456930314960628
0
LINE
8
Edge.Cuts
6
CONTINUOUS
10
1.9760465354330707
20
-2.2456930314960628
11
1.9804593307086613
21
-2.2467526377952756
0
LINE
8
Edge.Cuts
6
CONTINUOUS
10
1.9804593307086613
20
-2.2467526377952756
11
1.9849967322834645
21
-2.2466656692913385
0
LINE
8
Edge.Cuts
6
CONTINUOUS
10
1.9849967322834645
20
-2.2466656692913385
11
1.9893656692913386
21
-2.2454377165354331
0
LINE
8
Edge.Cuts
6
CONTINUOUS
10
1.9893656692913386
20
-2.2454377165354331
11
1.991326811023622
21
-2.2442962992125985
0
LINE
8
Edge.Cuts
6
CONTINUOUS
10
1.991326811023622
20
-2.2442962992125985
11
1.9913271653543307
21
-2.2442961811023623
0
LINE
8
Edge.Cuts
6
CONTINUOUS
10
1.9913271653543307
20
-2.2442961811023623
11
1.9947746850393699
21
-2.24267031496063
0
LINE
8
Edge.Cuts
6
CONTINUOUS
10
1.9947746850393699
20
-2.24267031496063
11
1.9984542125984253
21
-2.241674094488189
0
LINE
8
Edge.Cuts
6
CONTINUOUS
10
1.9984542125984253
20
-2.241674094488189
11
2.0022514173228347
21
-2.2413385433070867
0
LINE
8
Edge.Cuts
6
CONTINUOUS
10
2.0022514173228347
20
-2.2413385433070867
11
2.0648066929133857
21
-2.2413385433070867
0
LINE
8
Edge.Cuts
6
CONTINUOUS
10
2.0648066929133857
20
-2.2413385433070867
11
2.0686039370078739
21
-2.241674094488189
0
LINE
8
Edge.Cuts
6
CONTINUOUS
10
2.0686039370078739
20
-2.241674094488189
11
2.072283464566929
21
-2.24267031496063
0
LINE
8
Edge.Cuts
6
CONTINUOUS
10
2.072283464566929
20
-2.24267031496063
11
2.0757312992125985
21
-2.244296377952756
0
LINE
8
Edge.Cuts
6
CONTINUOUS
10
2.0757312992125985
20
-2.244296377952756
11
2.0776924409448818
21
-2.2454377952755906
0
LINE
8
Edge.Cuts
6
CONTINUOUS
10
2.0776924409448818
20
-2.2454377952755906
11
2.0820614173228345
21
-2.246665748031496
0
LINE
8
Edge.Cuts
6
CONTINUOUS
10
2.0820614173228345
20
-2.246665748031496
11
2.0865988188976377
21
-2.2467527559055118
0
LINE
8
Edge.Cuts
6
CONTINUOUS
10
2.0865988188976377
20
-2.2467527559055118
11
2.091011653543307
21
-2.2456931102362203
0
LINE
8
Edge.Cuts
6
CONTINUOUS
10
2.091011653543307
20
-2.2456931102362203
11
2.0950148425196851
21
-2.2435553543307085
0
LINE
8
Edge.Cuts
6
CONTINUOUS
10
2.0950148425196851
20
-2.2435553543307085
11
2.0983498818897637
21
-2.2404774803149605
0
LINE
8
Edge.Cuts
6
CONTINUOUS
10
2.0983498818897637
20
-2.2404774803149605
11
2.1008013779527559
21
-2.2366583070866142
0
LINE
8
Edge.Cuts
6
CONTINUOUS
10
2.1008013779527559
20
-2.2366583070866142
11
2.1022109448818895
21
-2.232344527559055
0
LINE
8
Edge.Cuts
6
CONTINUOUS
10
2.1022109448818895
20
-2.232344527559055
11
2.1024875984251969
21
-2.2278147244094488
0
LINE
8
Edge.Cuts
6
CONTINUOUS
10
2.1024875984251969
20
-2.2278147244094488
11
2.1016134251968501
21
-2.2233614566929134
0
LINE
8
Edge.Cuts
6
CONTINUOUS
10
2.1016134251968501
20
-2.2233614566929134
11
2.1006327165354328
21
-2.2213151968503935
0
LINE
8
Edge.Cuts
6
CONTINUOUS
10
2.1006327165354328
20
-2.2213151968503935
11
2.0994510629921259
21
-2.2183034251968503
0
LINE
8
Edge.Cuts
6
CONTINUOUS
10
2.0994510629921259
20
-2.2183034251968503
11
2.0987313385826769
21
-2.2151491732283466
0
LINE
8
Edge.Cuts
6
CONTINUOUS
10
2.0987313385826769
20
-2.2151491732283466
11
2.0984896456692912
21
-2.2119228740157482
0
LINE
8
Edge.Cuts
6
CONTINUOUS
10
2.0984896456692912
20
-2.2119228740157482
11
2.0984896456692912
21
-2.1565809842519683
0
LINE
8
Edge.Cuts
6
CONTINUOUS
10
2.0984896456692912
20
-2.1565809842519683
11
2.0984896456692912
21
-2.1565809448818896
0
LINE
8
Edge.Cuts
6
CONTINUOUS
10
2.0984896456692912
20
-2.1565809448818896
11
2.0987313385826769
21
-2.1533546850393699
0
LINE
8
Edge.Cuts
6
CONTINUOUS
10
2.0987313385826769
20
-2.1533546850393699
11
2.0994510629921259
21
-2.1502004330708662
0
LINE
8
Edge.Cuts
6
CONTINUOUS
10
2.0994510629921259
20
-2.1502004330708662
11
2.1006327165354328
21
-2.1471886220472443
0
LINE
8
Edge.Cuts
6
CONTINUOUS
10
2.1006327165354328
20
-2.1471886220472443
11
2.1016134251968501
21
-2.1451423622047243
0
LINE
8
Edge.Cuts
6
CONTINUOUS
10
2.1016134251968501
20
-2.1451423622047243
11
2.1024875590551182
21
-2.1406891338582676
0
LINE
8
Edge.Cuts
6
CONTINUOUS
10
2.1024875590551182
20
-2.1406891338582676
11
2.1022109055118108
21
-2.1361593307086615
0
LINE
8
Edge.Cuts
6
CONTINUOUS
10
2.1022109055118108
20
-2.1361593307086615
11
2.1008013385826771
21
-2.1318455118110236
0
LINE
8
Edge.Cuts
6
CONTINUOUS
10
2.1008013385826771
20
-2.1318455118110236
11
2.0983498425196849
21
-2.128026377952756
0
LINE
8
Edge.Cuts
6
CONTINUOUS
10
2.0983498425196849
20
-2.128026377952756
11
2.0950148031496063
21
-2.124948503937008
0
LINE
8
Edge.Cuts
6
CONTINUOUS
10
2.0950148031496063
20
-2.124948503937008
11
2.0910116141732282
21
-2.1228107480314962
0
LINE
8
Edge.Cuts
6
CONTINUOUS
10
2.0910116141732282
20
-2.1228107480314962
11
2.0865988188976377
21
-2.1217511417322834
0
LINE
8
Edge.Cuts
6
CONTINUOUS
10
2.0865988188976377
20
-2.1217511417322834
11
2.0820613779527557
21
-2.1218381496062992
0
LINE
8
Edge.Cuts
6
CONTINUOUS
10
2.0820613779527557
20
-2.1218381496062992
11
2.0776924409448818
21
-2.1230661023622046
0
LINE
8
Edge.Cuts
6
CONTINUOUS
10
2.0776924409448818
20
-2.1230661023622046
11
2.0757312992125985
21
-2.1242075196850392
0
LINE
8
Edge.Cuts
6
CONTINUOUS
10
2.0757312992125985
20
-2.1242075196850392
11
2.072283464566929
21
-2.1258335826771653
0
LINE
8
Edge.Cuts
6
CONTINUOUS
10
2.072283464566929
20
-2.1258335826771653
11
2.0686039370078739
21
-2.1268298031496062
0
LINE
8
Edge.Cuts
6
CONTINUOUS
10
2.0686039370078739
20
-2.1268298031496062
11
2.0648067322834645
21
-2.1271653543307085
0
LINE
8
Edge.Cuts
6
CONTINUOUS
10
2.0648067322834645
20
-2.1271653543307085
11
2.0022514173228347
21
-2.1271653543307085
0
LINE
8
Edge.Cuts
6
CONTINUOUS
10
2.0022514173228347
20
-2.1271653543307085
11
2.002251062992126
21
-2.127165275590551
0
LINE
8
Edge.Cuts
6
CONTINUOUS
10
2.002251062992126
20
-2.127165275590551
11
1.9984541732283465
21
-2.1268297637795275
0
LINE
8
Edge.Cuts
6
CONTINUOUS
10
1.9984541732283465
20
-2.1268297637795275
11
1.9947746456692912
21
-2.1258335433070865
0
LINE
8
Edge.Cuts
6
CONTINUOUS
10
1.9947746456692912
20
-2.1258335433070865
11
1.991326811023622
21
-2.1242074803149604
0
LINE
8
Edge.Cuts
6
CONTINUOUS
10
1.991326811023622
20
-2.1242074803149604
11
1.9893656692913386
21
-2.1230660629921259
0
LINE
8
Edge.Cuts
6
CONTINUOUS
10
1.9893656692913386
20
-2.1230660629921259
11
1.9849966929133858
21
-2.1218381102362205
0
LINE
8
Edge.Cuts
6
CONTINUOUS
10
1.9849966929133858
20
-2.1218381102362205
11
1.9804592913385826
21
-2.1217511023622047
0
LINE
8
Edge.Cuts
6
CONTINUOUS
10
1.9804592913385826
20
-2.1217511023622047
11
1.976046496062992
21
-2.1228107086614174
0
LINE
8
Edge.Cuts
6
CONTINUOUS
10
3.5936623622047241
20
-2.1184489370078738
11
3.5988066141732284
21
-2.120403307086614
0
LINE
8
Edge.Cuts
6
CONTINUOUS
10
3.5988066141732284
20
-2.120403307086614
11
3.6032920866141733
21
-2.1235913385826772
0
LINE
8
Edge.Cuts
6
CONTINUOUS
10
3.6032920866141733
20
-2.1235913385826772
11
3.6068290944881891
21
-2.1278071259842517
0
LINE
8
Edge.Cuts
6
CONTINUOUS
10
3.6068290944881891
20
-2.1278071259842517
11
3.6091891338582678
21
-2.1327783464566927
0
LINE
8
Edge.Cuts
6
CONTINUOUS
10
3.6091891338582678
20
-2.1327783464566927
11
3.610219842519685
21
-2.1381839763779529
0
LINE
8
Edge.Cuts
6
CONTINUOUS
10
3.610219842519685
20
-2.1381839763779529
11
3.6098546456692913
21
-2.143674842519685
0
LINE
8
Edge.Cuts
6
CONTINUOUS
10
3.6098546456692913
20
-2.143674842519685
11
3.6081170472440944
21
-2.1488963385826771
0
LINE
8
Edge.Cuts
6
CONTINUOUS
10
3.6081170472440944
20
-2.1488963385826771
11
3.6075413385826769
21
-2.1500922047244093
0
LINE
8
Edge.Cuts
6
CONTINUOUS
10
3.6075413385826769
20
-2.1500922047244093
11
3.6067591338582679
21
-2.1526288188976377
0
LINE
8
Edge.Cuts
6
CONTINUOUS
10
3.6067591338582679
20
-2.1526288188976377
11
3.6063636220472439
21
-2.1552537007874015
0
LINE
8
Edge.Cuts
6
CONTINUOUS
10
3.6063636220472439
20
-2.1552537007874015
11
3.6063636614173227
21
-2.1565809448818896
0
LINE
8
Edge.Cuts
6
CONTINUOUS
10
3.6063636614173227
20
-2.1565809448818896
11
3.6063636614173227
21
-2.1565809842519683
0
LINE
8
Edge.Cuts
6
CONTINUOUS
10
3.6063636614173227
20
-2.1565809842519683
11
3.6063636614173227
21
-2.2119228740157482
0
LINE
8
Edge.Cuts
6
CONTINUOUS
10
3.6063636614173227
20
-2.2119228740157482
11
3.6063636220472439
21
-2.2132501181102362
0
LINE
8
Edge.Cuts
6
CONTINUOUS
10
3.6063636220472439
20
-2.2132501181102362
11
3.6067591338582679
21
-2.215875
0
LINE
8
Edge.Cuts
6
CONTINUOUS
10
3.6067591338582679
20
-2.215875
11
3.6075413385826769
21
-2.2184116535433072
0
LINE
8
Edge.Cuts
6
CONTINUOUS
10
3.6075413385826769
20
-2.2184116535433072
11
3.6081170078740157
21
-2.2196074015748031
0
LINE
8
Edge.Cuts
6
CONTINUOUS
10
3.6081170078740157
20
-2.2196074015748031
11
3.6081170472440944
21
-2.2196074803149606
0
LINE
8
Edge.Cuts
6
CONTINUOUS
10
3.6081170472440944
20
-2.2196074803149606
11
3.6098546456692913
21
-2.2248289763779527
0
LINE
8
Edge.Cuts
6
CONTINUOUS
10
3.6098546456692913
20
-2.2248289763779527
11
3.6102198818897637
21
-2.2303198425196848
0
LINE
8
Edge.Cuts
6
CONTINUOUS
10
3.6102198818897637
20
-2.2303198425196848
11
3.6091891732283465
21
-2.235725472440945
0
LINE
8
Edge.Cuts
6
CONTINUOUS
10
3.6091891732283465
20
-2.235725472440945
11
3.6068291338582674
21
-2.2406967322834643
0
LINE
8
Edge.Cuts
6
CONTINUOUS
10
3.6068291338582674
20
-2.2406967322834643
11
3.6032921259842521
21
-2.2449125196850392
0
LINE
8
Edge.Cuts
6
CONTINUOUS
10
3.6032921259842521
20
-2.2449125196850392
11
3.5988066535433072
21
-2.2481005511811025
0
LINE
8
Edge.Cuts
6
CONTINUOUS
10
3.5988066535433072
20
-2.2481005511811025
11
3.5936624015748029
21
-2.2500549606299214
0
LINE
8
Edge.Cuts
6
CONTINUOUS
10
3.5936624015748029
20
-2.2500549606299214
11
3.5881915748031497
21
-2.2506494488188977
0
LINE
8
Edge.Cuts
6
CONTINUOUS
10
3.5881915748031497
20
-2.2506494488188977
11
3.5827475984251969
21
-2.2498457086614172
0
LINE
8
Edge.Cuts
6
CONTINUOUS
10
3.5827475984251969
20
-2.2498457086614172
11
3.5776820078740155
21
-2.2476955905511811
0
LINE
8
Edge.Cuts
6
CONTINUOUS
10
3.5776820078740155
20
-2.2476955905511811
11
3.5763297637795275
21
-2.2469070078740159
0
LINE
8
Edge.Cuts
6
CONTINUOUS
10
3.5763297637795275
20
-2.2469070078740159
11
3.5733914566929132
21
-2.2458259448818896
0
LINE
8
Edge.Cuts
6
CONTINUOUS
10
3.5733914566929132
20
-2.2458259448818896
11
3.5703091338582675
21
-2.2452768897637796
0
LINE
8
Edge.Cuts
6
CONTINUOUS
10
3.5703091338582675
20
-2.2452768897637796
11
3.5687437007874014
21
-2.2452755511811024
0
LINE
8
Edge.Cuts
6
CONTINUOUS
10
3.5687437007874014
20
-2.2452755511811024
11
3.5061884251968505
21
-2.2452755511811024
0
LINE
8
Edge.Cuts
6
CONTINUOUS
10
3.5061884251968505
20
-2.2452755511811024
11
3.5046230314960627
21
-2.2452769291338583
0
LINE
8
Edge.Cuts
6
CONTINUOUS
10
3.5046230314960627
20
-2.2452769291338583
11
3.5015407086614174
21
-2.2458259448818896
0
LINE
8
Edge.Cuts
6
CONTINUOUS
10
3.5015407086614174
20
-2.2458259448818896
11
3.4986024015748032
21
-2.2469070078740159
0
LINE
8
Edge.Cuts
6
CONTINUOUS
10
3.4986024015748032
20
-2.2469070078740159
11
3.4972501574803148
21
-2.2476955905511811
0
LINE
8
Edge.Cuts
6
CONTINUOUS
10
3.4972501574803148
20
-2.2476955905511811
11
3.4972496850393702
21
-2.2476956692913386
0
LINE
8
Edge.Cuts
6
CONTINUOUS
10
3.4972496850393702
20
-2.2476956692913386
11
3.4921845275590551
21
-2.2498456299212597
0
LINE
8
Edge.Cuts
6
CONTINUOUS
10
3.4921845275590551
20
-2.2498456299212597
11
3.4867405511811023
21
-2.2506493700787402
0
LINE
8
Edge.Cuts
6
CONTINUOUS
10
3.4867405511811023
20
-2.2506493700787402
11
3.4812697637795273
21
-2.2500548818897639
0
LINE
8
Edge.Cuts
6
CONTINUOUS
10
3.4812697637795273
20
-2.2500548818897639
11
3.4761255118110235
21
-2.248100472440945
0
LINE
8
Edge.Cuts
6
CONTINUOUS
10
3.4761255118110235
20
-2.248100472440945
11
3.4716400787401573
21
-2.2449124409448817
0
LINE
8
Edge.Cuts
6
CONTINUOUS
10
3.4716400787401573
20
-2.2449124409448817
11
3.4681030708661416
21
-2.2406966929133856
0
LINE
8
Edge.Cuts
6
CONTINUOUS
10
3.4681030708661416
20
-2.2406966929133856
11
3.4657429921259841
21
-2.235725472440945
0
LINE
8
Edge.Cuts
6
CONTINUOUS
10
3.4657429921259841
20
-2.235725472440945
11
3.4647122834645669
21
-2.2303198818897636
0
LINE
8
Edge.Cuts
6
CONTINUOUS
10
3.4647122834645669
20
-2.2303198818897636
11
3.4650775196850394
21
-2.2248290157480315
0
LINE
8
Edge.Cuts
6
CONTINUOUS
10
3.4650775196850394
20
-2.2248290157480315
11
3.4668150393700787
21
-2.2196075196850393
0
LINE
8
Edge.Cuts
6
CONTINUOUS
10
3.4668150393700787
20
-2.2196075196850393
11
3.4668150787401575
21
-2.2196074409448818
0
LINE
8
Edge.Cuts
6
CONTINUOUS
10
3.4668150787401575
20
-2.2196074409448818
11
3.4673905511811021
21
-2.2184118110236222
0
LINE
8
Edge.Cuts
6
CONTINUOUS
10
3.4673905511811021
20
-2.2184118110236222
11
3.468172677165354
21
-2.2158749606299213
0
LINE
8
Edge.Cuts
6
CONTINUOUS
10
3.468172677165354
20
-2.2158749606299213
11
3.468568346456693
21
-2.2132499212598424
0
LINE
8
Edge.Cuts
6
CONTINUOUS
10
3.468568346456693
20
-2.2132499212598424
11
3.4685684645669292
21
-2.2119225984251969
0
LINE
8
Edge.Cuts
6
CONTINUOUS
10
3.4685684645669292
20
-2.2119225984251969
11
3.4685684645669292
21
-2.1565809842519683
0
LINE
8
Edge.Cuts
6
CONTINUOUS
10
3.4685684645669292
20
-2.1565809842519683
11
3.4685684645669292
21
-2.1565809448818896
0
LINE
8
Edge.Cuts
6
CONTINUOUS
10
3.4685684645669292
20
-2.1565809448818896
11
3.4685685433070867
21
-2.1552537007874015
0
LINE
8
Edge.Cuts
6
CONTINUOUS
10
3.4685685433070867
20
-2.1552537007874015
11
3.4681730314960628
21
-2.1526288582677164
0
LINE
8
Edge.Cuts
6
CONTINUOUS
10
3.4681730314960628
20
-2.1526288582677164
11
3.4673908267716533
21
-2.1500922440944881
0
LINE
8
Edge.Cuts
6
CONTINUOUS
10
3.4673908267716533
20
-2.1500922440944881
11
3.4668150787401575
21
-2.1488963779527559
0
LINE
8
Edge.Cuts
6
CONTINUOUS
10
3.4668150787401575
20
-2.1488963779527559
11
3.4668150393700787
21
-2.1488962992125984
0
LINE
8
Edge.Cuts
6
CONTINUOUS
10
3.4668150393700787
20
-2.1488962992125984
11
3.4650774803149607
21
-2.143674842519685
0
LINE
8
Edge.Cuts
6
CONTINUOUS
10
3.4650774803149607
20
-2.143674842519685
11
3.4647122440944882
21
-2.1381839763779529
0
LINE
8
Edge.Cuts
6
CONTINUOUS
10
3.4647122440944882
20
-2.1381839763779529
11
3.4657429527559054
21
-2.1327783464566927
0
LINE
8
Edge.Cuts
6
CONTINUOUS
10
3.4657429527559054
20
-2.1327783464566927
11
3.4681030314960628
21
-2.1278071259842517
0
LINE
8
Edge.Cuts
6
CONTINUOUS
10
3.4681030314960628
20
-2.1278071259842517
11
3.4716399999999998
21
-2.1235913385826772
0
LINE
8
Edge.Cuts
6
CONTINUOUS
10
3.4716399999999998
20
-2.1235913385826772
11
3.4761254724409447
21
-2.120403307086614
0
LINE
8
Edge.Cuts
6
CONTINUOUS
10
3.4761254724409447
20
-2.120403307086614
11
3.4812697637795273
21
-2.1184488976377951
0
LINE
8
Edge.Cuts
6
CONTINUOUS
10
3.4812697637795273
20
-2.1184488976377951
11
3.4867405511811023
21
-2.1178544094488188
0
LINE
8
Edge.Cuts
6
CONTINUOUS
10
3.4867405511811023
20
-2.1178544094488188
11
3.4921845275590551
21
-2.1186581496062993
0
LINE
8
Edge.Cuts
6
CONTINUOUS
10
3.4921845275590551
20
-2.1186581496062993
11
3.497250118110236
21
-2.1208082677165354
0
LINE
8
Edge.Cuts
6
CONTINUOUS
10
3.497250118110236
20
-2.1208082677165354
11
3.4986023622047244
21
-2.1215968503937006
0
LINE
8
Edge.Cuts
6
CONTINUOUS
10
3.4986023622047244
20
-2.1215968503937006
11
3.5015406692913387
21
-2.1226779133858269
0
LINE
8
Edge.Cuts
6
CONTINUOUS
10
3.5015406692913387
20
-2.1226779133858269
11
3.5046229921259844
21
-2.1232269291338581
0
LINE
8
Edge.Cuts
6
CONTINUOUS
10
3.5046229921259844
20
-2.1232269291338581
11
3.5061883858267717
21
-2.123228307086614
0
LINE
8
Edge.Cuts
6
CONTINUOUS
10
3.5061883858267717
20
-2.123228307086614
11
3.506188503937008
21
-2.1232283464566928
0
LINE
8
Edge.Cuts
6
CONTINUOUS
10
3.506188503937008
20
-2.1232283464566928
11
3.5687437401574802
21
-2.1232283464566928
0
LINE
8
Edge.Cuts
6
CONTINUOUS
10
3.5687437401574802
20
-2.1232283464566928
11
3.5703091338582675
21
-2.1232269685039369
0
LINE
8
Edge.Cuts
6
CONTINUOUS
10
3.5703091338582675
20
-2.1232269685039369
11
3.5733914566929132
21
-2.1226779527559057
0
LINE
8
Edge.Cuts
6
CONTINUOUS
10
3.5733914566929132
20
-2.1226779527559057
11
3.5763297637795275
21
-2.1215968897637794
0
LINE
8
Edge.Cuts
6
CONTINUOUS
10
3.5763297637795275
20
-2.1215968897637794
11
3.5776820078740155
21
-2.1208083070866142
0
LINE
8
Edge.Cuts
6
CONTINUOUS
10
3.5776820078740155
20
-2.1208083070866142
11
3.5827475984251969
21
-2.118658188976378
0
LINE
8
Edge.Cuts
6
CONTINUOUS
10
3.5827475984251969
20
-2.118658188976378
11
3.5881915748031497
21
-2.1178544094488188
0
LINE
8
Edge.Cuts
6
CONTINUOUS
10
3.5881915748031497
20
-2.1178544094488188
11
3.5936623622047241
21
-2.1184489370078738
0
LINE
8
Edge.Cuts
6
CONTINUOUS
10
3.4799835039370079
20
-2.1228107086614174
11
3.4759802755905511
21
-2.124948503937008
0
LINE
8
Edge.Cuts
6
CONTINUOUS
10
3.4759802755905511
20
-2.124948503937008
11
3.4726452362204725
21
-2.1280263385826772
0
LINE
8
Edge.Cuts
6
CONTINUOUS
10
3.4726452362204725
20
-2.1280263385826772
11
3.470193779527559
21
-2.1318455118110236
0
LINE
8
Edge.Cuts
6
CONTINUOUS
10
3.470193779527559
20
-2.1318455118110236
11
3.4687841732283462
21
-2.1361592913385827
0
LINE
8
Edge.Cuts
6
CONTINUOUS
10
3.4687841732283462
20
-2.1361592913385827
11
3.468507559055118
21
-2.1406890944881889
0
LINE
8
Edge.Cuts
6
CONTINUOUS
10
3.468507559055118
20
-2.1406890944881889
11
3.4693816929133856
21
-2.1451423622047243
0
LINE
8
Edge.Cuts
6
CONTINUOUS
10
3.4693816929133856
20
-2.1451423622047243
11
3.4703623622047242
21
-2.147188503937008
0
LINE
8
Edge.Cuts
6
CONTINUOUS
10
3.4703623622047242
20
-2.147188503937008
11
3.4703624015748029
21
-2.1471885826771655
0
LINE
8
Edge.Cuts
6
CONTINUOUS
10
3.4703624015748029
20
-2.1471885826771655
11
3.471544094488189
21
-2.1502004330708662
0
LINE
8
Edge.Cuts
6
CONTINUOUS
10
3.471544094488189
20
-2.1502004330708662
11
3.4722638188976376
21
-2.1533547244094486
0
LINE
8
Edge.Cuts
6
CONTINUOUS
10
3.4722638188976376
20
-2.1533547244094486
11
3.4725054330708662
21
-2.1565809448818896
0
LINE
8
Edge.Cuts
6
CONTINUOUS
10
3.4725054330708662
20
-2.1565809448818896
11
3.472505472440945
21
-2.1565809842519683
0
LINE
8
Edge.Cuts
6
CONTINUOUS
10
3.472505472440945
20
-2.1565809842519683
11
3.472505472440945
21
-2.2119228740157482
0
LINE
8
Edge.Cuts
6
CONTINUOUS
10
3.472505472440945
20
-2.2119228740157482
11
3.4725053937007875
21
-2.2119230708661415
0
LINE
8
Edge.Cuts
6
CONTINUOUS
10
3.4725053937007875
20
-2.2119230708661415
11
3.472505472440945
21
-2.2119232283464565
0
LINE
8
Edge.Cuts
6
CONTINUOUS
10
3.472505472440945
20
-2.2119232283464565
11
3.4722634251968505
21
-2.2151492519685041
0
LINE
8
Edge.Cuts
6
CONTINUOUS
10
3.4722634251968505
20
-2.2151492519685041
11
3.471543779527559
21
-2.2183032283464565
0
LINE
8
Edge.Cuts
6
CONTINUOUS
10
3.471543779527559
20
-2.2183032283464565
11
3.4703625590551179
21
-2.2213149212598426
0
LINE
8
Edge.Cuts
6
CONTINUOUS
10
3.4703625590551179
20
-2.2213149212598426
11
3.4703624409448817
21
-2.2213150000000002
0
LINE
8
Edge.Cuts
6
CONTINUOUS
10
3.4703624409448817
20
-2.2213150000000002
11
3.4703624409448817
21
-2.2213152362204722
0
LINE
8
Edge.Cuts
6
CONTINUOUS
10
3.4703624409448817
20
-2.2213152362204722
11
3.4693817322834644
21
-2.2233614566929134
0
LINE
8
Edge.Cuts
6
CONTINUOUS
10
3.4693817322834644
20
-2.2233614566929134
11
3.468507559055118
21
-2.2278147244094488
0
LINE
8
Edge.Cuts
6
CONTINUOUS
10
3.468507559055118
20
-2.2278147244094488
11
3.4687842519685037
21
-2.232344527559055
0
LINE
8
Edge.Cuts
6
CONTINUOUS
10
3.4687842519685037
20
-2.232344527559055
11
3.4701938188976378
21
-2.2366583070866142
0
LINE
8
Edge.Cuts
6
CONTINUOUS
10
3.4701938188976378
20
-2.2366583070866142
11
3.47264531496063
21
-2.2404774409448818
0
LINE
8
Edge.Cuts
6
CONTINUOUS
10
3.47264531496063
20
-2.2404774409448818
11
3.4759803149606299
21
-2.243555275590551
0
LINE
8
Edge.Cuts
6
CONTINUOUS
10
3.4759803149606299
20
-2.243555275590551
11
3.4799835433070867
21
-2.2456930314960628
0
LINE
8
Edge.Cuts
6
CONTINUOUS
10
3.4799835433070867
20
-2.2456930314960628
11
3.4843963385826773
21
-2.2467526377952756
0
LINE
8
Edge.Cuts
6
CONTINUOUS
10
3.4843963385826773
20
-2.2467526377952756
11
3.48893374015748
21
-2.2466656692913385
0
LINE
8
Edge.Cuts
6
CONTINUOUS
10
3.48893374015748
20
-2.2466656692913385
11
3.4933026771653544
21
-2.2454377165354331
0
LINE
8
Edge.Cuts
6
CONTINUOUS
10
3.4933026771653544
20
-2.2454377165354331
11
3.4952638188976377
21
-2.2442962992125985
0
LINE
8
Edge.Cuts
6
CONTINUOUS
10
3.4952638188976377
20
-2.2442962992125985
11
3.4952641732283465
21
-2.2442961811023623
0
LINE
8
Edge.Cuts
6
CONTINUOUS
10
3.4952641732283465
20
-2.2442961811023623
11
3.4987116929133859
21
-2.24267031496063
0
LINE
8
Edge.Cuts
6
CONTINUOUS
10
3.4987116929133859
20
-2.24267031496063
11
3.502391220472441
21
-2.241674094488189
0
LINE
8
Edge.Cuts
6
CONTINUOUS
10
3.502391220472441
20
-2.241674094488189
11
3.5061884251968505
21
-2.2413385433070867
0
LINE
8
Edge.Cuts
6
CONTINUOUS
10
3.5061884251968505
20
-2.2413385433070867
11
3.5687437007874014
21
-2.2413385433070867
0
LINE
8
Edge.Cuts
6
CONTINUOUS
10
3.5687437007874014
20
-2.2413385433070867
11
3.5725409448818897
21
-2.241674094488189
0
LINE
8
Edge.Cuts
6
CONTINUOUS
10
3.5725409448818897
20
-2.241674094488189
11
3.5762204724409448
21
-2.24267031496063
0
LINE
8
Edge.Cuts
6
CONTINUOUS
10
3.5762204724409448
20
-2.24267031496063
11
3.5796683070866142
21
-2.244296377952756
0
LINE
8
Edge.Cuts
6
CONTINUOUS
10
3.5796683070866142
20
-2.244296377952756
11
3.5816294488188976
21
-2.2454377952755906
0
LINE
8
Edge.Cuts
6
CONTINUOUS
10
3.5816294488188976
20
-2.2454377952755906
11
3.5859984251968502
21
-2.246665748031496
0
LINE
8
Edge.Cuts
6
CONTINUOUS
10
3.5859984251968502
20
-2.246665748031496
11
3.5905358267716534
21
-2.2467527559055118
0
LINE
8
Edge.Cuts
6
CONTINUOUS
10
3.5905358267716534
20
-2.2467527559055118
11
3.5949486614173227
21
-2.2456931102362203
0
LINE
8
Edge.Cuts
6
CONTINUOUS
10
3.5949486614173227
20
-2.2456931102362203
11
3.5989518503937008
21
-2.2435553543307085
0
LINE
8
Edge.Cuts
6
CONTINUOUS
10
3.5989518503937008
20
-2.2435553543307085
11
3.6022868897637794
21
-2.2404774803149605
0
LINE
8
Edge.Cuts
6
CONTINUOUS
10
3.6022868897637794
20
-2.2404774803149605
11
3.6047383858267716
21
-2.2366583070866142
0
LINE
8
Edge.Cuts
6
CONTINUOUS
10
3.6047383858267716
20
-2.2366583070866142
11
3.6061479527559053
21
-2.232344527559055
0
LINE
8
Edge.Cuts
6
CONTINUOUS
10
3.6061479527559053
20
-2.232344527559055
11
3.6064246062992127
21
-2.2278147244094488
0
LINE
8
Edge.Cuts
6
CONTINUOUS
10
3.6064246062992127
20
-2.2278147244094488
11
3.6055504330708659
21
-2.2233614566929134
0
LINE
8
Edge.Cuts
6
CONTINUOUS
10
3.6055504330708659
20
-2.2233614566929134
11
3.6045697244094486
21
-2.2213151968503935
0
LINE
8
Edge.Cuts
6
CONTINUOUS
10
3.6045697244094486
20
-2.2213151968503935
11
3.6033880708661417
21
-2.2183034251968503
0
LINE
8
Edge.Cuts
6
CONTINUOUS
10
3.6033880708661417
20
-2.2183034251968503
11
3.6026683464566926
21
-2.2151491732283466
0
LINE
8
Edge.Cuts
6
CONTINUOUS
10
3.6026683464566926
20
-2.2151491732283466
11
3.6024266535433069
21
-2.2119228740157482
0
LINE
8
Edge.Cuts
6
CONTINUOUS
10
3.6024266535433069
20
-2.2119228740157482
11
3.6024266535433069
21
-2.1565809842519683
0
LINE
8
Edge.Cuts
6
CONTINUOUS
10
3.6024266535433069
20
-2.1565809842519683
11
3.6024266535433069
21
-2.1565809448818896
0
LINE
8
Edge.Cuts
6
CONTINUOUS
10
3.6024266535433069
20
-2.1565809448818896
11
3.6026683464566926
21
-2.1533546850393699
0
LINE
8
Edge.Cuts
6
CONTINUOUS
10
3.6026683464566926
20
-2.1533546850393699
11
3.6033880708661417
21
-2.1502004330708662
0
LINE
8
Edge.Cuts
6
CONTINUOUS
10
3.6033880708661417
20
-2.1502004330708662
11
3.6045697244094486
21
-2.1471886220472443
0
LINE
8
Edge.Cuts
6
CONTINUOUS
10
3.6045697244094486
20
-2.1471886220472443
11
3.6055504330708659
21
-2.1451423622047243
0
LINE
8
Edge.Cuts
6
CONTINUOUS
10
3.6055504330708659
20
-2.1451423622047243
11
3.6064245669291339
21
-2.1406891338582676
0
LINE
8
Edge.Cuts
6
CONTINUOUS
10
3.6064245669291339
20
-2.1406891338582676
11
3.6061479133858265
21
-2.1361593307086615
0
LINE
8
Edge.Cuts
6
CONTINUOUS
10
3.6061479133858265
20
-2.1361593307086615
11
3.6047383464566929
21
-2.1318455118110236
0
LINE
8
Edge.Cuts
6
CONTINUOUS
10
3.6047383464566929
20
-2.1318455118110236
11
3.6022868503937007
21
-2.128026377952756
0
LINE
8
Edge.Cuts
6
CONTINUOUS
10
3.6022868503937007
20
-2.128026377952756
11
3.598951811023622
21
-2.124948503937008
0
LINE
8
Edge.Cuts
6
CONTINUOUS
10
3.598951811023622
20
-2.124948503937008
11
3.594948622047244
21
-2.1228107480314962
0
LINE
8
Edge.Cuts
6
CONTINUOUS
10
3.594948622047244
20
-2.1228107480314962
11
3.5905358267716534
21
-2.1217511417322834
0
LINE
8
Edge.Cuts
6
CONTINUOUS
10
3.5905358267716534
20
-2.1217511417322834
11
3.5859983858267714
21
-2.1218381496062992
0
LINE
8
Edge.Cuts
6
CONTINUOUS
10
3.5859983858267714
20
-2.1218381496062992
11
3.5816294488188976
21
-2.1230661023622046
0
LINE
8
Edge.Cuts
6
CONTINUOUS
10
3.5816294488188976
20
-2.1230661023622046
11
3.5796683070866142
21
-2.1242075196850392
0
LINE
8
Edge.Cuts
6
CONTINUOUS
10
3.5796683070866142
20
-2.1242075196850392
11
3.5762204724409448
21
-2.1258335826771653
0
LINE
8
Edge.Cuts
6
CONTINUOUS
10
3.5762204724409448
20
-2.1258335826771653
11
3.5725409448818897
21
-2.1268298031496062
0
LINE
8
Edge.Cuts
6
CONTINUOUS
10
3.5725409448818897
20
-2.1268298031496062
11
3.5687437401574802
21
-2.1271653543307085
0
LINE
8
Edge.Cuts
6
CONTINUOUS
10
3.5687437401574802
20
-2.1271653543307085
11
3.5061884251968505
21
-2.1271653543307085
0
LINE
8
Edge.Cuts
6
CONTINUOUS
10
3.5061884251968505
20
-2.1271653543307085
11
3.5061880708661417
21
-2.127165275590551
0
LINE
8
Edge.Cuts
6
CONTINUOUS
10
3.5061880708661417
20
-2.127165275590551
11
3.5023911811023622
21
-2.1268297637795275
0
LINE
8
Edge.Cuts
6
CONTINUOUS
10
3.5023911811023622
20
-2.1268297637795275
11
3.4987116535433072
21
-2.1258335433070865
0
LINE
8
Edge.Cuts
6
CONTINUOUS
10
3.4987116535433072
20
-2.1258335433070865
11
3.4952638188976377
21
-2.1242074803149604
0
LINE
8
Edge.Cuts
6
CONTINUOUS
10
3.4952638188976377
20
-2.1242074803149604
11
3.4933026771653544
21
-2.1230660629921259
0
LINE
8
Edge.Cuts
6
CONTINUOUS
10
3.4933026771653544
20
-2.1230660629921259
11
3.4889337007874013
21
-2.1218381102362205
0
LINE
8
Edge.Cuts
6
CONTINUOUS
10
3.4889337007874013
20
-2.1218381102362205
11
3.4843962992125985
21
-2.1217511023622047
0
LINE
8
Edge.Cuts
6
CONTINUOUS
10
3.4843962992125985
20
-2.1217511023622047
11
3.4799835039370079
21
-2.1228107086614174
0
LINE
8
Edge.Cuts
6
CONTINUOUS
10
8.6362790157480305
20
-2.1135401181102362
11
8.6413446062992119
21
-2.1156902362204724
0
LINE
8
Edge.Cuts
6
CONTINUOUS
10
8.6413446062992119
20
-2.1156902362204724
11
8.6426968503937012
21
-2.1164788188976376
0
LINE
8
Edge.Cuts
6
CONTINUOUS
10
8.6426968503937012
20
-2.1164788188976376
11
8.6456351574803154
21
-2.1175598818897639
0
LINE
8
Edge.Cuts
6
CONTINUOUS
10
8.6456351574803154
20
-2.1175598818897639
11
8.6487174803149607
21
-2.1181089370078738
0
LINE
8
Edge.Cuts
6
CONTINUOUS
10
8.6487174803149607
20
-2.1181089370078738
11
8.6502829133858263
21
-2.118110275590551
0
LINE
8
Edge.Cuts
6
CONTINUOUS
10
8.6502829133858263
20
-2.118110275590551
11
8.7128381889763773
21
-2.118110275590551
0
LINE
8
Edge.Cuts
6
CONTINUOUS
10
8.7128381889763773
20
-2.118110275590551
11
8.714403582677166
21
-2.1181088976377951
0
LINE
8
Edge.Cuts
6
CONTINUOUS
10
8.714403582677166
20
-2.1181088976377951
11
8.7174859055118112
21
-2.1175598818897639
0
LINE
8
Edge.Cuts
6
CONTINUOUS
10
8.7174859055118112
20
-2.1175598818897639
11
8.7204242125984255
21
-2.1164788188976376
0
LINE
8
Edge.Cuts
6
CONTINUOUS
10
8.7204242125984255
20
-2.1164788188976376
11
8.721776456692913
21
-2.1156902362204724
0
LINE
8
Edge.Cuts
6
CONTINUOUS
10
8.721776456692913
20
-2.1156902362204724
11
8.7217768897637793
21
-2.1156901181102361
0
LINE
8
Edge.Cuts
6
CONTINUOUS
10
8.7217768897637793
20
-2.1156901181102361
11
8.7268420866141732
21
-2.1135401968503937
0
LINE
8
Edge.Cuts
6
CONTINUOUS
10
8.7268420866141732
20
-2.1135401968503937
11
8.7322860629921255
21
-2.1127364566929132
0
LINE
8
Edge.Cuts
6
CONTINUOUS
10
8.7322860629921255
20
-2.1127364566929132
11
8.7377568503937013
21
-2.1133309448818896
0
LINE
8
Edge.Cuts
6
CONTINUOUS
10
8.7377568503937013
20
-2.1133309448818896
11
8.7429011023622039
21
-2.1152853543307084
0
LINE
8
Edge.Cuts
6
CONTINUOUS
10
8.7429011023622039
20
-2.1152853543307084
11
8.7473865354330709
21
-2.1184733858267717
0
LINE
8
Edge.Cuts
6
CONTINUOUS
10
8.7473865354330709
20
-2.1184733858267717
11
8.7509235433070867
21
-2.1226891338582679
0
LINE
8
Edge.Cuts
6
CONTINUOUS
10
8.7509235433070867
20
-2.1226891338582679
11
8.7532836220472436
21
-2.1276603543307084
0
LINE
8
Edge.Cuts
6
CONTINUOUS
10
8.7532836220472436
20
-2.1276603543307084
11
8.7543143307086613
21
-2.1330659448818898
0
LINE
8
Edge.Cuts
6
CONTINUOUS
10
8.7543143307086613
20
-2.1330659448818898
11
8.7539490944881884
21
-2.1385568110236219
0
LINE
8
Edge.Cuts
6
CONTINUOUS
10
8.7539490944881884
20
-2.1385568110236219
11
8.7522115748031499
21
-2.1437783070866141
0
LINE
8
Edge.Cuts
6
CONTINUOUS
10
8.7522115748031499
20
-2.1437783070866141
11
8.7522114960629924
21
-2.1437783464566929
0
LINE
8
Edge.Cuts
6
CONTINUOUS
10
8.7522114960629924
20
-2.1437783464566929
11
8.7516360629921266
21
-2.1449740157480313
0
LINE
8
Edge.Cuts
6
CONTINUOUS
10
8.7516360629921266
20
-2.1449740157480313
11
8.7508539370078733
21
-2.1475108661417321
0
LINE
8
Edge.Cuts
6
CONTINUOUS
10
8.7508539370078733
20
-2.1475108661417321
11
8.7504582677165352
21
-2.150135905511811
0
LINE
8
Edge.Cuts
6
CONTINUOUS
10
8.7504582677165352
20
-2.150135905511811
11
8.750458149606299
21
-2.1514629527559053
0
LINE
8
Edge.Cuts
6
CONTINUOUS
10
8.750458149606299
20
-2.1514629527559053
11
8.750458149606299
21
-2.2068048425196851
0
LINE
8
Edge.Cuts
6
CONTINUOUS
10
8.750458149606299
20
-2.2068048425196851
11
8.750458149606299
21
-2.2068048818897639
0
LINE
8
Edge.Cuts
6
CONTINUOUS
10
8.750458149606299
20
-2.2068048818897639
11
8.7504580708661415
21
-2.2081321259842519
0
LINE
8
Edge.Cuts
6
CONTINUOUS
10
8.7504580708661415
20
-2.2081321259842519
11
8.7508535826771645
21
-2.210756968503937
0
LINE
8
Edge.Cuts
6
CONTINUOUS
10
8.7508535826771645
20
-2.210756968503937
11
8.7516357874015753
21
-2.2132935826771654
0
LINE
8
Edge.Cuts
6
CONTINUOUS
10
8.7516357874015753
20
-2.2132935826771654
11
8.7522115354330712
21
-2.2144894488188975
0
LINE
8
Edge.Cuts
6
CONTINUOUS
10
8.7522115354330712
20
-2.2144894488188975
11
8.7522115354330712
21
-2.2144894881889763
0
LINE
8
Edge.Cuts
6
CONTINUOUS
10
8.7522115354330712
20
-2.2144894881889763
11
8.7539491338582671
21
-2.2197109842519684
0
LINE
8
Edge.Cuts
6
CONTINUOUS
10
8.7539491338582671
20
-2.2197109842519684
11
8.75431437007874
21
-2.2252018503937006
0
LINE
8
Edge.Cuts
6
CONTINUOUS
10
8.75431437007874
20
-2.2252018503937006
11
8.7532836614173224
21
-2.2306074803149607
0
LINE
8
Edge.Cuts
6
CONTINUOUS
10
8.7532836614173224
20
-2.2306074803149607
11
8.7509235826771654
21
-2.2355787007874017
0
LINE
8
Edge.Cuts
6
CONTINUOUS
10
8.7509235826771654
20
-2.2355787007874017
11
8.7473866141732284
21
-2.2397944881889762
0
LINE
8
Edge.Cuts
6
CONTINUOUS
10
8.7473866141732284
20
-2.2397944881889762
11
8.7429011417322826
21
-2.2429825196850395
0
LINE
8
Edge.Cuts
6
CONTINUOUS
10
8.7429011417322826
20
-2.2429825196850395
11
8.7377568503937013
21
-2.2449369291338583
0
LINE
8
Edge.Cuts
6
CONTINUOUS
10
8.7377568503937013
20
-2.2449369291338583
11
8.7322860629921255
21
-2.2455314173228347
0
LINE
8
Edge.Cuts
6
CONTINUOUS
10
8.7322860629921255
20
-2.2455314173228347
11
8.7268420866141732
21
-2.2447276771653542
0
LINE
8
Edge.Cuts
6
CONTINUOUS
10
8.7268420866141732
20
-2.2447276771653542
11
8.7217764960629918
21
-2.242577559055118
0
LINE
8
Edge.Cuts
6
CONTINUOUS
10
8.7217764960629918
20
-2.242577559055118
11
8.7204242519685042
21
-2.2417889763779528
0
LINE
8
Edge.Cuts
6
CONTINUOUS
10
8.7204242519685042
20
-2.2417889763779528
11
8.71748594488189
21
-2.2407079133858265
0
LINE
8
Edge.Cuts
6
CONTINUOUS
10
8.71748594488189
20
-2.2407079133858265
11
8.7144036220472447
21
-2.2401588976377953
0
LINE
8
Edge.Cuts
6
CONTINUOUS
10
8.7144036220472447
20
-2.2401588976377953
11
8.712838228346456
21
-2.2401575196850394
0
LINE
8
Edge.Cuts
6
CONTINUOUS
10
8.712838228346456
20
-2.2401575196850394
11
8.7128381102362198
21
-2.2401574803149606
0
LINE
8
Edge.Cuts
6
CONTINUOUS
10
8.7128381102362198
20
-2.2401574803149606
11
8.6502828740157476
21
-2.2401574803149606
0
LINE
8
Edge.Cuts
6
CONTINUOUS
10
8.6502828740157476
20
-2.2401574803149606
11
8.6487174803149607
21
-2.2401588582677165
0
LINE
8
Edge.Cuts
6
CONTINUOUS
10
8.6487174803149607
20
-2.2401588582677165
11
8.6456351574803154
21
-2.2407078740157478
0
LINE
8
Edge.Cuts
6
CONTINUOUS
10
8.6456351574803154
20
-2.2407078740157478
11
8.6426968503937012
21
-2.2417889370078741
0
LINE
8
Edge.Cuts
6
CONTINUOUS
10
8.6426968503937012
20
-2.2417889370078741
11
8.6413446062992119
21
-2.2425775196850393
0
LINE
8
Edge.Cuts
6
CONTINUOUS
10
8.6413446062992119
20
-2.2425775196850393
11
8.6362790157480305
21
-2.2447276377952754
0
LINE
8
Edge.Cuts
6
CONTINUOUS
10
8.6362790157480305
20
-2.2447276377952754
11
8.6308350393700781
21
-2.2455314173228347
0
LINE
8
Edge.Cuts
6
CONTINUOUS
10
8.6308350393700781
20
-2.2455314173228347
11
8.6253642519685041
21
-2.2449368897637796
0
LINE
8
Edge.Cuts
6
CONTINUOUS
10
8.6253642519685041
20
-2.2449368897637796
11
8.6202199999999998
21
-2.2429825196850395
0
LINE
8
Edge.Cuts
6
CONTINUOUS
10
8.6202199999999998
20
-2.2429825196850395
11
8.6157345275590558
21
-2.2397944881889762
0
LINE
8
Edge.Cuts
6
CONTINUOUS
10
8.6157345275590558
20
-2.2397944881889762
11
8.61219751968504
21
-2.2355787007874017
0
LINE
8
Edge.Cuts
6
CONTINUOUS
10
8.61219751968504
20
-2.2355787007874017
11
8.60983748031496
21
-2.2306074803149607
0
LINE
8
Edge.Cuts
6
CONTINUOUS
10
8.60983748031496
20
-2.2306074803149607
11
8.6088067716535424
21
-2.2252018503937006
0
LINE
8
Edge.Cuts
6
CONTINUOUS
10
8.6088067716535424
20
-2.2252018503937006
11
8.6091719685039365
21
-2.2197109842519684
0
LINE
8
Edge.Cuts
6
CONTINUOUS
10
8.6091719685039365
20
-2.2197109842519684
11
8.6109095669291342
21
-2.2144894881889763
0
LINE
8
Edge.Cuts
6
CONTINUOUS
10
8.6109095669291342
20
-2.2144894881889763
11
8.6114852755905513
21
-2.2132936220472441
0
LINE
8
Edge.Cuts
6
CONTINUOUS
10
8.6114852755905513
20
-2.2132936220472441
11
8.6122674803149604
21
-2.2107570078740157
0
LINE
8
Edge.Cuts
6
CONTINUOUS
10
8.6122674803149604
20
-2.2107570078740157
11
8.6126629921259834
21
-2.2081321259842519
0
LINE
8
Edge.Cuts
6
CONTINUOUS
10
8.6126629921259834
20
-2.2081321259842519
11
8.6126629527559047
21
-2.2068048818897639
0
LINE
8
Edge.Cuts
6
CONTINUOUS
10
8.6126629527559047
20
-2.2068048818897639
11
8.6126629527559047
21
-2.2068048425196851
0
LINE
8
Edge.Cuts
6
CONTINUOUS
10
8.6126629527559047
20
-2.2068048425196851
11
8.6126629527559047
21
-2.1514629527559053
0
LINE
8
Edge.Cuts
6
CONTINUOUS
10
8.6126629527559047
20
-2.1514629527559053
11
8.6126629921259834
21
-2.1501357086614172
0
LINE
8
Edge.Cuts
6
CONTINUOUS
10
8.6126629921259834
20
-2.1501357086614172
11
8.6122674803149604
21
-2.1475108267716534
0
LINE
8
Edge.Cuts
6
CONTINUOUS
10
8.6122674803149604
20
-2.1475108267716534
11
8.6114852755905513
21
-2.1449741732283463
0
LINE
8
Edge.Cuts
6
CONTINUOUS
10
8.6114852755905513
20
-2.1449741732283463
11
8.6109095669291342
21
-2.1437783070866141
0
LINE
8
Edge.Cuts
6
CONTINUOUS
10
8.6109095669291342
20
-2.1437783070866141
11
8.6091719685039365
21
-2.1385568503937007
0
LINE
8
Edge.Cuts
6
CONTINUOUS
10
8.6091719685039365
20
-2.1385568503937007
11
8.6088067322834636
21
-2.1330659842519686
0
LINE
8
Edge.Cuts
6
CONTINUOUS
10
8.6088067322834636
20
-2.1330659842519686
11
8.6098374409448812
21
-2.1276603543307084
0
LINE
8
Edge.Cuts
6
CONTINUOUS
10
8.6098374409448812
20
-2.1276603543307084
11
8.6121974803149612
21
-2.1226890944881891
0
LINE
8
Edge.Cuts
6
CONTINUOUS
10
8.6121974803149612
20
-2.1226890944881891
11
8.615734488188977
21
-2.1184733070866142
0
LINE
8
Edge.Cuts
6
CONTINUOUS
10
8.615734488188977
20
-2.1184733070866142
11
8.620219960629921
21
-2.1152852755905514
0
LINE
8
Edge.Cuts
6
CONTINUOUS
10
8.620219960629921
20
-2.1152852755905514
11
8.6253642125984253
21
-2.113330866141732
0
LINE
8
Edge.Cuts
6
CONTINUOUS
10
8.6253642125984253
20
-2.113330866141732
11
8.6308350393700781
21
-2.1127363779527557
0
LINE
8
Edge.Cuts
6
CONTINUOUS
10
8.6308350393700781
20
-2.1127363779527557
11
8.6362790157480305
21
-2.1135401181102362
0
LINE
8
Edge.Cuts
6
CONTINUOUS
10
8.6240779527559059
20
-2.1176927165354331
11
8.6200747637795274
21
-2.1198304724409449
0
LINE
8
Edge.Cuts
6
CONTINUOUS
10
8.6200747637795274
20
-2.1198304724409449
11
8.6167397244094488
21
-2.1229083464566929
0
LINE
8
Edge.Cuts
6
CONTINUOUS
10
8.6167397244094488
20
-2.1229083464566929
11
8.6142882283464566
21
-2.1267275196850393
0
LINE
8
Edge.Cuts
6
CONTINUOUS
10
8.6142882283464566
20
-2.1267275196850393
11
8.6128786614173229
21
-2.1310412992125984
0
LINE
8
Edge.Cuts
6
CONTINUOUS
10
8.6128786614173229
20
-2.1310412992125984
11
8.6126020078740151
21
-2.1355711023622046
0
LINE
8
Edge.Cuts
6
CONTINUOUS
10
8.6126020078740151
20
-2.1355711023622046
11
8.6134761811023619
21
-2.14002437007874
0
LINE
8
Edge.Cuts
6
CONTINUOUS
10
8.6134761811023619
20
-2.14002437007874
11
8.6144568503937009
21
-2.1420705118110237
0
LINE
8
Edge.Cuts
6
CONTINUOUS
10
8.6144568503937009
20
-2.1420705118110237
11
8.6144568897637797
21
-2.1420705905511812
0
LINE
8
Edge.Cuts
6
CONTINUOUS
10
8.6144568897637797
20
-2.1420705905511812
11
8.615638543307087
21
-2.1450824015748031
0
LINE
8
Edge.Cuts
6
CONTINUOUS
10
8.615638543307087
20
-2.1450824015748031
11
8.6163582677165351
21
-2.1482366535433068
0
LINE
8
Edge.Cuts
6
CONTINUOUS
10
8.6163582677165351
20
-2.1482366535433068
11
8.6165999606299213
21
-2.1514629527559053
0
LINE
8
Edge.Cuts
6
CONTINUOUS
10
8.6165999606299213
20
-2.1514629527559053
11
8.6165999606299213
21
-2.2068048425196851
0
LINE
8
Edge.Cuts
6
CONTINUOUS
10
8.6165999606299213
20
-2.2068048425196851
11
8.6165999606299213
21
-2.2068048818897639
0
LINE
8
Edge.Cuts
6
CONTINUOUS
10
8.6165999606299213
20
-2.2068048818897639
11
8.6163582677165351
21
-2.2100311417322835
0
LINE
8
Edge.Cuts
6
CONTINUOUS
10
8.6163582677165351
20
-2.2100311417322835
11
8.615638543307087
21
-2.2131853937007873
0
LINE
8
Edge.Cuts
6
CONTINUOUS
10
8.615638543307087
20
-2.2131853937007873
11
8.6144568897637797
21
-2.2161972047244096
0
LINE
8
Edge.Cuts
6
CONTINUOUS
10
8.6144568897637797
20
-2.2161972047244096
11
8.6134761811023619
21
-2.2182434645669291
0
LINE
8
Edge.Cuts
6
CONTINUOUS
10
8.6134761811023619
20
-2.2182434645669291
11
8.6126020472440938
21
-2.2226966929133858
0
LINE
8
Edge.Cuts
6
CONTINUOUS
10
8.6126020472440938
20
-2.2226966929133858
11
8.6128787007874017
21
-2.2272264960629919
0
LINE
8
Edge.Cuts
6
CONTINUOUS
10
8.6128787007874017
20
-2.2272264960629919
11
8.6142882677165353
21
-2.2315403149606299
0
LINE
8
Edge.Cuts
6
CONTINUOUS
10
8.6142882677165353
20
-2.2315403149606299
11
8.6167397637795276
21
-2.2353594488188975
0
LINE
8
Edge.Cuts
6
CONTINUOUS
10
8.6167397637795276
20
-2.2353594488188975
11
8.6200748031496062
21
-2.2384373228346455
0
LINE
8
Edge.Cuts
6
CONTINUOUS
10
8.6200748031496062
20
-2.2384373228346455
11
8.6240779921259847
21
-2.2405750787401573
0
LINE
8
Edge.Cuts
6
CONTINUOUS
10
8.6240779921259847
20
-2.2405750787401573
11
8.6284907874015744
21
-2.24163468503937
0
LINE
8
Edge.Cuts
6
CONTINUOUS
10
8.6284907874015744
20
-2.24163468503937
11
8.6330282283464559
21
-2.2415476771653542
0
LINE
8
Edge.Cuts
6
CONTINUOUS
10
8.6330282283464559
20
-2.2415476771653542
11
8.6373971653543311
21
-2.2403197244094488
0
LINE
8
Edge.Cuts
6
CONTINUOUS
10
8.6373971653543311
20
-2.2403197244094488
11
8.6393583070866136
21
-2.2391783070866143
0
LINE
8
Edge.Cuts
6
CONTINUOUS
10
8.6393583070866136
20
-2.2391783070866143
11
8.642806141732283
21
-2.2375522440944882
0
LINE
8
Edge.Cuts
6
CONTINUOUS
10
8.642806141732283
20
-2.2375522440944882
11
8.646485669291339
21
-2.2365560236220472
0
LINE
8
Edge.Cuts
6
CONTINUOUS
10
8.646485669291339
20
-2.2365560236220472
11
8.6502828740157476
21
-2.2362204724409449
0
LINE
8
Edge.Cuts
6
CONTINUOUS
10
8.6502828740157476
20
-2.2362204724409449
11
8.7128381889763773
21
-2.2362204724409449
0
LINE
8
Edge.Cuts
6
CONTINUOUS
10
8.7128381889763773
20
-2.2362204724409449
11
8.7128385039370073
21
-2.2362205118110237
0
LINE
8
Edge.Cuts
6
CONTINUOUS
10
8.7128385039370073
20
-2.2362205118110237
11
8.7166354330708664
21
-2.2365560629921259
0
LINE
8
Edge.Cuts
6
CONTINUOUS
10
8.7166354330708664
20
-2.2365560629921259
11
8.7203149606299206
21
-2.2375522834645669
0
LINE
8
Edge.Cuts
6
CONTINUOUS
10
8.7203149606299206
20
-2.2375522834645669
11
8.7237627952755901
21
-2.239178346456693
0
LINE
8
Edge.Cuts
6
CONTINUOUS
10
8.7237627952755901
20
-2.239178346456693
11
8.7257239370078743
21
-2.2403197637795276
0
LINE
8
Edge.Cuts
6
CONTINUOUS
10
8.7257239370078743
20
-2.2403197637795276
11
8.7300929133858265
21
-2.2415477165354329
0
LINE
8
Edge.Cuts
6
CONTINUOUS
10
8.7300929133858265
20
-2.2415477165354329
11
8.7346303149606292
21
-2.2416347244094488
0
LINE
8
Edge.Cuts
6
CONTINUOUS
10
8.7346303149606292
20
-2.2416347244094488
11
8.7390431102362207
21
-2.240575118110236
0
LINE
8
Edge.Cuts
6
CONTINUOUS
10
8.7390431102362207
20
-2.240575118110236
11
8.7430463385826762
21
-2.2384373228346455
0
LINE
8
Edge.Cuts
6
CONTINUOUS
10
8.7430463385826762
20
-2.2384373228346455
11
8.7463813779527548
21
-2.2353594881889762
0
LINE
8
Edge.Cuts
6
CONTINUOUS
10
8.7463813779527548
20
-2.2353594881889762
11
8.7488328346456683
21
-2.2315403149606299
0
LINE
8
Edge.Cuts
6
CONTINUOUS
10
8.7488328346456683
20
-2.2315403149606299
11
8.7502424409448825
21
-2.2272265354330707
0
LINE
8
Edge.Cuts
6
CONTINUOUS
10
8.7502424409448825
20
-2.2272265354330707
11
8.7505190551181098
21
-2.2226967322834645
0
LINE
8
Edge.Cuts
6
CONTINUOUS
10
8.7505190551181098
20
-2.2226967322834645
11
8.7496449212598417
21
-2.2182434645669291
0
LINE
8
Edge.Cuts
6
CONTINUOUS
10
8.7496449212598417
20
-2.2182434645669291
11
8.7486642125984257
21
-2.2161972047244096
0
LINE
8
Edge.Cuts
6
CONTINUOUS
10
8.7486642125984257
20
-2.2161972047244096
11
8.7474825196850396
21
-2.2131853937007873
0
LINE
8
Edge.Cuts
6
CONTINUOUS
10
8.7474825196850396
20
-2.2131853937007873
11
8.7467627952755898
21
-2.2100311023622048
0
LINE
8
Edge.Cuts
6
CONTINUOUS
10
8.7467627952755898
20
-2.2100311023622048
11
8.7465211417322841
21
-2.2068048031496064
0
LINE
8
Edge.Cuts
6
CONTINUOUS
10
8.7465211417322841
20
-2.2068048031496064
11
8.7465211417322841
21
-2.1514629527559053
0
LINE
8
Edge.Cuts
6
CONTINUOUS
10
8.7465211417322841
20
-2.1514629527559053
11
8.7465211811023629
21
-2.1514627165354332
0
LINE
8
Edge.Cuts
6
CONTINUOUS
10
8.7465211811023629
20
-2.1514627165354332
11
8.7465211417322841
21
-2.1514625984251969
0
LINE
8
Edge.Cuts
6
CONTINUOUS
10
8.7465211417322841
20
-2.1514625984251969
11
8.7467631889763773
21
-2.1482365748031498
0
LINE
8
Edge.Cuts
6
CONTINUOUS
10
8.7467631889763773
20
-2.1482365748031498
11
8.7474828346456697
21
-2.1450825984251969
0
LINE
8
Edge.Cuts
6
CONTINUOUS
10
8.7474828346456697
20
-2.1450825984251969
11
8.7486640551181107
21
-2.1420709055118108
0
LINE
8
Edge.Cuts
6
CONTINUOUS
10
8.7486640551181107
20
-2.1420709055118108
11
8.7486641338582682
21
-2.142070787401575
0
LINE
8
Edge.Cuts
6
CONTINUOUS
10
8.7486641338582682
20
-2.142070787401575
11
8.748664173228347
21
-2.1420705905511812
0
LINE
8
Edge.Cuts
6
CONTINUOUS
10
8.748664173228347
20
-2.1420705905511812
11
8.749644881889763
21
-2.14002437007874
0
LINE
8
Edge.Cuts
6
CONTINUOUS
10
8.749644881889763
20
-2.14002437007874
11
8.7505190551181098
21
-2.1355711023622046
0
LINE
8
Edge.Cuts
6
CONTINUOUS
10
8.7505190551181098
20
-2.1355711023622046
11
8.750242362204725
21
-2.1310412992125984
0
LINE
8
Edge.Cuts
6
CONTINUOUS
10
8.750242362204725
20
-2.1310412992125984
11
8.7488327952755895
21
-2.1267275196850393
0
LINE
8
Edge.Cuts
6
CONTINUOUS
10
8.7488327952755895
20
-2.1267275196850393
11
8.7463812992125991
21
-2.1229083858267717
0
LINE
8
Edge.Cuts
6
CONTINUOUS
10
8.7463812992125991
20
-2.1229083858267717
11
8.7430462992125975
21
-2.1198305511811024
0
LINE
8
Edge.Cuts
6
CONTINUOUS
10
8.7430462992125975
20
-2.1198305511811024
11
8.739043070866142
21
-2.1176927952755906
0
LINE
8
Edge.Cuts
6
CONTINUOUS
10
8.739043070866142
20
-2.1176927952755906
11
8.7346302755905505
21
-2.1166331889763779
0
LINE
8
Edge.Cuts
6
CONTINUOUS
10
8.7346302755905505
20
-2.1166331889763779
11
8.7300928740157477
21
-2.1167201574803149
0
LINE
8
Edge.Cuts
6
CONTINUOUS
10
8.7300928740157477
20
-2.1167201574803149
11
8.7257239370078743
21
-2.1179481102362203
0
LINE
8
Edge.Cuts
6
CONTINUOUS
10
8.7257239370078743
20
-2.1179481102362203
11
8.7237627952755901
21
-2.1190895275590549
0
LINE
8
Edge.Cuts
6
CONTINUOUS
10
8.7237627952755901
20
-2.1190895275590549
11
8.7237624015748025
21
-2.1190896062992124
0
LINE
8
Edge.Cuts
6
CONTINUOUS
10
8.7237624015748025
20
-2.1190896062992124
11
8.7203149212598419
21
-2.1207155118110235
0
LINE
8
Edge.Cuts
6
CONTINUOUS
10
8.7203149212598419
20
-2.1207155118110235
11
8.7166353937007877
21
-2.1217117322834644
0
LINE
8
Edge.Cuts
6
CONTINUOUS
10
8.7166353937007877
20
-2.1217117322834644
11
8.7128381889763773
21
-2.1220472834645667
0
LINE
8
Edge.Cuts
6
CONTINUOUS
10
8.7128381889763773
20
-2.1220472834645667
11
8.6502829133858263
21
-2.1220472834645667
0
LINE
8
Edge.Cuts
6
CONTINUOUS
10
8.6502829133858263
20
-2.1220472834645667
11
8.646485669291339
21
-2.1217117322834644
0
LINE
8
Edge.Cuts
6
CONTINUOUS
10
8.646485669291339
20
-2.1217117322834644
11
8.642806141732283
21
-2.1207155118110235
0
LINE
8
Edge.Cuts
6
CONTINUOUS
10
8.642806141732283
20
-2.1207155118110235
11
8.6393583070866136
21
-2.1190894488188974
0
LINE
8
Edge.Cuts
6
CONTINUOUS
10
8.6393583070866136
20
-2.1190894488188974
11
8.6373971653543311
21
-2.1179480314960628
0
LINE
8
Edge.Cuts
6
CONTINUOUS
10
8.6373971653543311
20
-2.1179480314960628
11
8.6330281889763771
21
-2.1167200787401574
0
LINE
8
Edge.Cuts
6
CONTINUOUS
10
8.6330281889763771
20
-2.1167200787401574
11
8.6284907874015744
21
-2.1166330708661416
0
LINE
8
Edge.Cuts
6
CONTINUOUS
10
8.6284907874015744
20
-2.1166330708661416
11
8.6240779527559059
21
-2.1176927165354331
0
LINE
8
Edge.Cuts
6
CONTINUOUS
10
10.1402160236220471
20
-2.1135401181102362
11
10.1452816141732285
21
-2.1156902362204724
0
LINE
8
Edge.Cuts
6
CONTINUOUS
10
10.1452816141732285
20
-2.1156902362204724
11
10.146633858267716
21
-2.1164788188976376
0
LINE
8
Edge.Cuts
6
CONTINUOUS
10
10.146633858267716
20
-2.1164788188976376
11
10.1495721653543303
21
-2.1175598818897639
0
LINE
8
Edge.Cuts
6
CONTINUOUS
10
10.1495721653543303
20
-2.1175598818897639
11
10.1526544881889755
21
-2.1181089370078738
0
LINE
8
Edge.Cuts
6
CONTINUOUS
10
10.1526544881889755
20
-2.1181089370078738
11
10.154219921259843
21
-2.118110275590551
0
LINE
8
Edge.Cuts
6
CONTINUOUS
10
10.154219921259843
20
-2.118110275590551
11
10.2167751968503939
21
-2.118110275590551
0
LINE
8
Edge.Cuts
6
CONTINUOUS
10
10.2167751968503939
20
-2.118110275590551
11
10.2183405905511808
21
-2.1181088976377951
0
LINE
8
Edge.Cuts
6
CONTINUOUS
10
10.2183405905511808
20
-2.1181088976377951
11
10.2214229133858261
21
-2.1175598818897639
0
LINE
8
Edge.Cuts
6
CONTINUOUS
10
10.2214229133858261
20
-2.1175598818897639
11
10.2243612204724403
21
-2.1164788188976376
0
LINE
8
Edge.Cuts
6
CONTINUOUS
10
10.2243612204724403
20
-2.1164788188976376
11
10.2257134645669296
21
-2.1156902362204724
0
LINE
8
Edge.Cuts
6
CONTINUOUS
10
10.2257134645669296
20
-2.1156902362204724
11
10.2257138976377959
21
-2.1156901181102361
0
LINE
8
Edge.Cuts
6
CONTINUOUS
10
10.2257138976377959
20
-2.1156901181102361
11
10.230779094488188
21
-2.1135401968503937
0
LINE
8
Edge.Cuts
6
CONTINUOUS
10
10.230779094488188
20
-2.1135401968503937
11
10.2362230708661421
21
-2.1127364566929132
0
LINE
8
Edge.Cuts
6
CONTINUOUS
10
10.2362230708661421
20
-2.1127364566929132
11
10.2416938582677162
21
-2.1133309448818896
0
LINE
8
Edge.Cuts
6
CONTINUOUS
10
10.2416938582677162
20
-2.1133309448818896
11
10.2468381102362205
21
-2.1152853543307084
0
LINE
8
Edge.Cuts
6
CONTINUOUS
10
10.2468381102362205
20
-2.1152853543307084
11
10.2513235433070857
21
-2.1184733858267717
0
LINE
8
Edge.Cuts
6
CONTINUOUS
10
10.2513235433070857
20
-2.1184733858267717
11
10.2548605511811015
21
-2.1226891338582679
0
LINE
8
Edge.Cuts
6
CONTINUOUS
10
10.2548605511811015
20
-2.1226891338582679
11
10.2572206299212603
21
-2.1276603543307084
0
LINE
8
Edge.Cuts
6
CONTINUOUS
10
10.2572206299212603
20
-2.1276603543307084
11
10.2582513385826761
21
-2.1330659448818898
0
LINE
8
Edge.Cuts
6
CONTINUOUS
10
10.2582513385826761
20
-2.1330659448818898
11
10.257886102362205
21
-2.1385568110236219
0
LINE
8
Edge.Cuts
6
CONTINUOUS
10
10.257886102362205
20
-2.1385568110236219
11
10.2561485826771648
21
-2.1437783070866141
0
LINE
8
Edge.Cuts
6
CONTINUOUS
10
10.2561485826771648
20
-2.1437783070866141
11
10.2561485039370073
21
-2.1437783464566929
0
LINE
8
Edge.Cuts
6
CONTINUOUS
10
10.2561485039370073
20
-2.1437783464566929
11
10.2555730708661414
21
-2.1449740157480313
0
LINE
8
Edge.Cuts
6
CONTINUOUS
10
10.2555730708661414
20
-2.1449740157480313
11
10.2547909448818899
21
-2.1475108661417321
0
LINE
8
Edge.Cuts
6
CONTINUOUS
10
10.2547909448818899
20
-2.1475108661417321
11
10.2543952755905501
21
-2.150135905511811
0
LINE
8
Edge.Cuts
6
CONTINUOUS
10
10.2543952755905501
20
-2.150135905511811
11
10.2543951574803156
21
-2.1514629527559053
0
LINE
8
Edge.Cuts
6
CONTINUOUS
10
10.2543951574803156
20
-2.1514629527559053
11
10.2543951574803156
21
-2.2068048425196851
0
LINE
8
Edge.Cuts
6
CONTINUOUS
10
10.2543951574803156
20
-2.2068048425196851
11
10.2543951574803156
21
-2.2068048818897639
0
LINE
8
Edge.Cuts
6
CONTINUOUS
10
10.2543951574803156
20
-2.2068048818897639
11
10.2543950787401581
21
-2.2081321259842519
0
LINE
8
Edge.Cuts
6
CONTINUOUS
10
10.2543950787401581
20
-2.2081321259842519
11
10.2547905905511811
21
-2.210756968503937
0
LINE
8
Edge.Cuts
6
CONTINUOUS
10
10.2547905905511811
20
-2.210756968503937
11
10.2555727952755902
21
-2.2132935826771654
0
LINE
8
Edge.Cuts
6
CONTINUOUS
10
10.2555727952755902
20
-2.2132935826771654
11
10.256148543307086
21
-2.2144894488188975
0
LINE
8
Edge.Cuts
6
CONTINUOUS
10
10.256148543307086
20
-2.2144894488188975
11
10.256148543307086
21
-2.2144894881889763
0
LINE
8
Edge.Cuts
6
CONTINUOUS
10
10.256148543307086
20
-2.2144894881889763
11
10.2578861417322837
21
-2.2197109842519684
0
LINE
8
Edge.Cuts
6
CONTINUOUS
10
10.2578861417322837
20
-2.2197109842519684
11
10.2582513779527549
21
-2.2252018503937006
0
LINE
8
Edge.Cuts
6
CONTINUOUS
10
10.2582513779527549
20
-2.2252018503937006
11
10.257220669291339
21
-2.2306074803149607
0
LINE
8
Edge.Cuts
6
CONTINUOUS
10
10.257220669291339
20
-2.2306074803149607
11
10.2548605905511803
21
-2.2355787007874017
0
LINE
8
Edge.Cuts
6
CONTINUOUS
10
10.2548605905511803
20
-2.2355787007874017
11
10.2513236220472432
21
-2.2397944881889762
0
LINE
8
Edge.Cuts
6
CONTINUOUS
10
10.2513236220472432
20
-2.2397944881889762
11
10.2468381496062992
21
-2.2429825196850395
0
LINE
8
Edge.Cuts
6
CONTINUOUS
10
10.2468381496062992
20
-2.2429825196850395
11
10.2416938582677162
21
-2.2449369291338583
0
LINE
8
Edge.Cuts
6
CONTINUOUS
10
10.2416938582677162
20
-2.2449369291338583
11
10.2362230708661421
21
-2.2455314173228347
0
LINE
8
Edge.Cuts
6
CONTINUOUS
10
10.2362230708661421
20
-2.2455314173228347
11
10.230779094488188
21
-2.2447276771653542
0
LINE
8
Edge.Cuts
6
CONTINUOUS
10
10.230779094488188
20
-2.2447276771653542
11
10.2257135039370084
21
-2.242577559055118
0
LINE
8
Edge.Cuts
6
CONTINUOUS
10
10.2257135039370084
20
-2.242577559055118
11
10.2243612598425191
21
-2.2417889763779528
0
LINE
8
Edge.Cuts
6
CONTINUOUS
10
10.2243612598425191
20
-2.2417889763779528
11
10.2214229527559048
21
-2.2407079133858265
0
LINE
8
Edge.Cuts
6
CONTINUOUS
10
10.2214229527559048
20
-2.2407079133858265
11
10.2183406299212596
21
-2.2401588976377953
0
LINE
8
Edge.Cuts
6
CONTINUOUS
10
10.2183406299212596
20
-2.2401588976377953
11
10.2167752362204727
21
-2.2401575196850394
0
LINE
8
Edge.Cuts
6
CONTINUOUS
10
10.2167752362204727
20
-2.2401575196850394
11
10.2167751181102364
21
-2.2401574803149606
0
LINE
8
Edge.Cuts
6
CONTINUOUS
10
10.2167751181102364
20
-2.2401574803149606
11
10.1542198818897642
21
-2.2401574803149606
0
LINE
8
Edge.Cuts
6
CONTINUOUS
10
10.1542198818897642
20
-2.2401574803149606
11
10.1526544881889755
21
-2.2401588582677165
0
LINE
8
Edge.Cuts
6
CONTINUOUS
10
10.1526544881889755
20
-2.2401588582677165
11
10.1495721653543303
21
-2.2407078740157478
0
LINE
8
Edge.Cuts
6
CONTINUOUS
10
10.1495721653543303
20
-2.2407078740157478
11
10.146633858267716
21
-2.2417889370078741
0
LINE
8
Edge.Cuts
6
CONTINUOUS
10
10.146633858267716
20
-2.2417889370078741
11
10.1452816141732285
21
-2.2425775196850393
0
LINE
8
Edge.Cuts
6
CONTINUOUS
10
10.1452816141732285
20
-2.2425775196850393
11
10.1402160236220471
21
-2.2447276377952754
0
LINE
8
Edge.Cuts
6
CONTINUOUS
10
10.1402160236220471
20
-2.2447276377952754
11
10.1347720472440948
21
-2.2455314173228347
0
LINE
8
Edge.Cuts
6
CONTINUOUS
10
10.1347720472440948
20
-2.2455314173228347
11
10.1293012598425189
21
-2.2449368897637796
0
LINE
8
Edge.Cuts
6
CONTINUOUS
10
10.1293012598425189
20
-2.2449368897637796
11
10.1241570078740164
21
-2.2429825196850395
0
LINE
8
Edge.Cuts
6
CONTINUOUS
10
10.1241570078740164
20
-2.2429825196850395
11
10.1196715354330706
21
-2.2397944881889762
0
LINE
8
Edge.Cuts
6
CONTINUOUS
10
10.1196715354330706
20
-2.2397944881889762
11
10.1161345275590548
21
-2.2355787007874017
0
LINE
8
Edge.Cuts
6
CONTINUOUS
10
10.1161345275590548
20
-2.2355787007874017
11
10.1137744881889766
21
-2.2306074803149607
0
LINE
8
Edge.Cuts
6
CONTINUOUS
10
10.1137744881889766
20
-2.2306074803149607
11
10.112743779527559
21
-2.2252018503937006
0
LINE
8
Edge.Cuts
6
CONTINUOUS
10
10.112743779527559
20
-2.2252018503937006
11
10.1131089763779531
21
-2.2197109842519684
0
LINE
8
Edge.Cuts
6
CONTINUOUS
10
10.1131089763779531
20
-2.2197109842519684
11
10.1148465748031491
21
-2.2144894881889763
0
LINE
8
Edge.Cuts
6
CONTINUOUS
10
10.1148465748031491
20
-2.2144894881889763
11
10.1154222834645662
21
-2.2132936220472441
0
LINE
8
Edge.Cuts
6
CONTINUOUS
10
10.1154222834645662
20
-2.2132936220472441
11
10.116204488188977
21
-2.2107570078740157
0
LINE
8
Edge.Cuts
6
CONTINUOUS
10
10.116204488188977
20
-2.2107570078740157
11
10.1166
21
-2.2081321259842519
0
LINE
8
Edge.Cuts
6
CONTINUOUS
10
10.1166
20
-2.2081321259842519
11
10.1165999606299213
21
-2.2068048818897639
0
LINE
8
Edge.Cuts
6
CONTINUOUS
10
10.1165999606299213
20
-2.2068048818897639
11
10.1165999606299213
21
-2.2068048425196851
0
LINE
8
Edge.Cuts
6
CONTINUOUS
10
10.1165999606299213
20
-2.2068048425196851
11
10.1165999606299213
21
-2.1514629527559053
0
LINE
8
Edge.Cuts
6
CONTINUOUS
10
10.1165999606299213
20
-2.1514629527559053
11
10.1166
21
-2.1501357086614172
0
LINE
8
Edge.Cuts
6
CONTINUOUS
10
10.1166
20
-2.1501357086614172
11
10.116204488188977
21
-2.1475108267716534
0
LINE
8
Edge.Cuts
6
CONTINUOUS
10
10.116204488188977
20
-2.1475108267716534
11
10.1154222834645662
21
-2.1449741732283463
0
LINE
8
Edge.Cuts
6
CONTINUOUS
10
10.1154222834645662
20
-2.1449741732283463
11
10.1148465748031491
21
-2.1437783070866141
0
LINE
8
Edge.Cuts
6
CONTINUOUS
10
10.1148465748031491
20
-2.1437783070866141
11
10.1131089763779531
21
-2.1385568503937007
0
LINE
8
Edge.Cuts
6
CONTINUOUS
10
10.1131089763779531
20
-2.1385568503937007
11
10.1127437401574802
21
-2.1330659842519686
0
LINE
8
Edge.Cuts
6
CONTINUOUS
10
10.1127437401574802
20
-2.1330659842519686
11
10.1137744488188979
21
-2.1276603543307084
0
LINE
8
Edge.Cuts
6
CONTINUOUS
10
10.1137744488188979
20
-2.1276603543307084
11
10.1161344881889761
21
-2.1226890944881891
0
LINE
8
Edge.Cuts
6
CONTINUOUS
10
10.1161344881889761
20
-2.1226890944881891
11
10.1196714960629919
21
-2.1184733070866142
0
LINE
8
Edge.Cuts
6
CONTINUOUS
10
10.1196714960629919
20
-2.1184733070866142
11
10.1241569685039376
21
-2.1152852755905514
0
LINE
8
Edge.Cuts
6
CONTINUOUS
10
10.1241569685039376
20
-2.1152852755905514
11
10.1293012204724402
21
-2.113330866141732
0
LINE
8
Edge.Cuts
6
CONTINUOUS
10
10.1293012204724402
20
-2.113330866141732
11
10.1347720472440948
21
-2.1127363779527557
0
LINE
8
Edge.Cuts
6
CONTINUOUS
10
10.1347720472440948
20
-2.1127363779527557
11
10.1402160236220471
21
-2.1135401181102362
0
LINE
8
Edge.Cuts
6
CONTINUOUS
10
10.1280149606299208
20
-2.1176927165354331
11
10.1240117716535423
21
-2.1198304724409449
0
LINE
8
Edge.Cuts
6
CONTINUOUS
10
10.1240117716535423
20
-2.1198304724409449
11
10.1206767322834637
21
-2.1229083464566929
0
LINE
8
Edge.Cuts
6
CONTINUOUS
10
10.1206767322834637
20
-2.1229083464566929
11
10.1182252362204714
21
-2.1267275196850393
0
LINE
8
Edge.Cuts
6
CONTINUOUS
10
10.1182252362204714
20
-2.1267275196850393
11
10.1168156692913378
21
-2.1310412992125984
0
LINE
8
Edge.Cuts
6
CONTINUOUS
10
10.1168156692913378
20
-2.1310412992125984
11
10.1165390157480317
21
-2.1355711023622046
0
LINE
8
Edge.Cuts
6
CONTINUOUS
10
10.1165390157480317
20
-2.1355711023622046
11
10.1174131889763785
21
-2.14002437007874
0
LINE
8
Edge.Cuts
6
CONTINUOUS
10
10.1174131889763785
20
-2.14002437007874
11
10.1183938582677158
21
-2.1420705118110237
0
LINE
8
Edge.Cuts
6
CONTINUOUS
10
10.1183938582677158
20
-2.1420705118110237
11
10.1183938976377945
21
-2.1420705905511812
0
LINE
8
Edge.Cuts
6
CONTINUOUS
10
10.1183938976377945
20
-2.1420705905511812
11
10.1195755511811019
21
-2.1450824015748031
0
LINE
8
Edge.Cuts
6
CONTINUOUS
10
10.1195755511811019
20
-2.1450824015748031
11
10.1202952755905518
21
-2.1482366535433068
0
LINE
8
Edge.Cuts
6
CONTINUOUS
10
10.1202952755905518
20
-2.1482366535433068
11
10.1205369685039361
21
-2.1514629527559053
0
LINE
8
Edge.Cuts
6
CONTINUOUS
10
10.1205369685039361
20
-2.1514629527559053
11
10.1205369685039361
21
-2.2068048425196851
0
LINE
8
Edge.Cuts
6
CONTINUOUS
10
10.1205369685039361
20
-2.2068048425196851
11
10.1205369685039361
21
-2.2068048818897639
0
LINE
8
Edge.Cuts
6
CONTINUOUS
10
10.1205369685039361
20
-2.2068048818897639
11
10.1202952755905518
21
-2.2100311417322835
0
LINE
8
Edge.Cuts
6
CONTINUOUS
10
10.1202952755905518
20
-2.2100311417322835
11
10.1195755511811019
21
-2.2131853937007873
0
LINE
8
Edge.Cuts
6
CONTINUOUS
10
10.1195755511811019
20
-2.2131853937007873
11
10.1183938976377945
21
-2.2161972047244096
0
LINE
8
Edge.Cuts
6
CONTINUOUS
10
10.1183938976377945
20
-2.2161972047244096
11
10.1174131889763785
21
-2.2182434645669291
0
LINE
8
Edge.Cuts
6
CONTINUOUS
10
10.1174131889763785
20
-2.2182434645669291
11
10.1165390551181105
21
-2.2226966929133858
0
LINE
8
Edge.Cuts
6
CONTINUOUS
10
10.1165390551181105
20
-2.2226966929133858
11
10.1168157086614166
21
-2.2272264960629919
0
LINE
8
Edge.Cuts
6
CONTINUOUS
10
10.1168157086614166
20
-2.2272264960629919
11
10.1182252755905502
21
-2.2315403149606299
0
LINE
8
Edge.Cuts
6
CONTINUOUS
10
10.1182252755905502
20
-2.2315403149606299
11
10.1206767716535424
21
-2.2353594488188975
0
LINE
8
Edge.Cuts
6
CONTINUOUS
10
10.1206767716535424
20
-2.2353594488188975
11
10.124011811023621
21
-2.2384373228346455
0
LINE
8
Edge.Cuts
6
CONTINUOUS
10
10.124011811023621
20
-2.2384373228346455
11
10.1280149999999995
21
-2.2405750787401573
0
LINE
8
Edge.Cuts
6
CONTINUOUS
10
10.1280149999999995
20
-2.2405750787401573
11
10.132427795275591
21
-2.24163468503937
0
LINE
8
Edge.Cuts
6
CONTINUOUS
10
10.132427795275591
20
-2.24163468503937
11
10.1369652362204725
21
-2.2415476771653542
0
LINE
8
Edge.Cuts
6
CONTINUOUS
10
10.1369652362204725
20
-2.2415476771653542
11
10.141334173228346
21
-2.2403197244094488
0
LINE
8
Edge.Cuts
6
CONTINUOUS
10
10.141334173228346
20
-2.2403197244094488
11
10.1432953149606302
21
-2.2391783070866143
0
LINE
8
Edge.Cuts
6
CONTINUOUS
10
10.1432953149606302
20
-2.2391783070866143
11
10.1467431496062996
21
-2.2375522440944882
0
LINE
8
Edge.Cuts
6
CONTINUOUS
10
10.1467431496062996
20
-2.2375522440944882
11
10.1504226771653538
21
-2.2365560236220472
0
LINE
8
Edge.Cuts
6
CONTINUOUS
10
10.1504226771653538
20
-2.2365560236220472
11
10.1542198818897642
21
-2.2362204724409449
0
LINE
8
Edge.Cuts
6
CONTINUOUS
10
10.1542198818897642
20
-2.2362204724409449
11
10.2167751968503939
21
-2.2362204724409449
0
LINE
8
Edge.Cuts
6
CONTINUOUS
10
10.2167751968503939
20
-2.2362204724409449
11
10.2167755118110239
21
-2.2362205118110237
0
LINE
8
Edge.Cuts
6
CONTINUOUS
10
10.2167755118110239
20
-2.2362205118110237
11
10.2205724409448813
21
-2.2365560629921259
0
LINE
8
Edge.Cuts
6
CONTINUOUS
10
10.2205724409448813
20
-2.2365560629921259
11
10.2242519685039372
21
-2.2375522834645669
0
LINE
8
Edge.Cuts
6
CONTINUOUS
10
10.2242519685039372
20
-2.2375522834645669
11
10.2276998031496067
21
-2.239178346456693
0
LINE
8
Edge.Cuts
6
CONTINUOUS
10
10.2276998031496067
20
-2.239178346456693
11
10.2296609448818892
21
-2.2403197637795276
0
LINE
8
Edge.Cuts
6
CONTINUOUS
10
10.2296609448818892
20
-2.2403197637795276
11
10.2340299212598431
21
-2.2415477165354329
0
LINE
8
Edge.Cuts
6
CONTINUOUS
10
10.2340299212598431
20
-2.2415477165354329
11
10.2385673228346459
21
-2.2416347244094488
0
LINE
8
Edge.Cuts
6
CONTINUOUS
10
10.2385673228346459
20
-2.2416347244094488
11
10.2429801181102356
21
-2.240575118110236
0
LINE
8
Edge.Cuts
6
CONTINUOUS
10
10.2429801181102356
20
-2.240575118110236
11
10.2469833464566928
21
-2.2384373228346455
0
LINE
8
Edge.Cuts
6
CONTINUOUS
10
10.2469833464566928
20
-2.2384373228346455
11
10.2503183858267715
21
-2.2353594881889762
0
LINE
8
Edge.Cuts
6
CONTINUOUS
10
10.2503183858267715
20
-2.2353594881889762
11
10.2527698425196849
21
-2.2315403149606299
0
LINE
8
Edge.Cuts
6
CONTINUOUS
10
10.2527698425196849
20
-2.2315403149606299
11
10.2541794488188973
21
-2.2272265354330707
0
LINE
8
Edge.Cuts
6
CONTINUOUS
10
10.2541794488188973
20
-2.2272265354330707
11
10.2544560629921264
21
-2.2226967322834645
0
LINE
8
Edge.Cuts
6
CONTINUOUS
10
10.2544560629921264
20
-2.2226967322834645
11
10.2535819291338584
21
-2.2182434645669291
0
LINE
8
Edge.Cuts
6
CONTINUOUS
10
10.2535819291338584
20
-2.2182434645669291
11
10.2526012204724406
21
-2.2161972047244096
0
LINE
8
Edge.Cuts
6
CONTINUOUS
10
10.2526012204724406
20
-2.2161972047244096
11
10.2514195275590545
21
-2.2131853937007873
0
LINE
8
Edge.Cuts
6
CONTINUOUS
10
10.2514195275590545
20
-2.2131853937007873
11
10.2506998031496064
21
-2.2100311023622048
0
LINE
8
Edge.Cuts
6
CONTINUOUS
10
10.2506998031496064
20
-2.2100311023622048
11
10.250458149606299
21
-2.2068048031496064
0
LINE
8
Edge.Cuts
6
CONTINUOUS
10
10.250458149606299
20
-2.2068048031496064
11
10.250458149606299
21
-2.1514629527559053
0
LINE
8
Edge.Cuts
6
CONTINUOUS
10
10.250458149606299
20
-2.1514629527559053
11
10.2504581889763777
21
-2.1514627165354332
0
LINE
8
Edge.Cuts
6
CONTINUOUS
10
10.2504581889763777
20
-2.1514627165354332
11
10.250458149606299
21
-2.1514625984251969
0
LINE
8
Edge.Cuts
6
CONTINUOUS
10
10.250458149606299
20
-2.1514625984251969
11
10.2507001968503939
21
-2.1482365748031498
0
LINE
8
Edge.Cuts
6
CONTINUOUS
10
10.2507001968503939
20
-2.1482365748031498
11
10.2514198425196845
21
-2.1450825984251969
0
LINE
8
Edge.Cuts
6
CONTINUOUS
10
10.2514198425196845
20
-2.1450825984251969
11
10.2526010629921256
21
-2.1420709055118108
0
LINE
8
Edge.Cuts
6
CONTINUOUS
10
10.2526010629921256
20
-2.1420709055118108
11
10.2526011417322831
21
-2.142070787401575
0
LINE
8
Edge.Cuts
6
CONTINUOUS
10
10.2526011417322831
20
-2.142070787401575
11
10.2526011811023618
21
-2.1420705905511812
0
LINE
8
Edge.Cuts
6
CONTINUOUS
10
10.2526011811023618
20
-2.1420705905511812
11
10.2535818897637796
21
-2.14002437007874
0
LINE
8
Edge.Cuts
6
CONTINUOUS
10
10.2535818897637796
20
-2.14002437007874
11
10.2544560629921264
21
-2.1355711023622046
0
LINE
8
Edge.Cuts
6
CONTINUOUS
10
10.2544560629921264
20
-2.1355711023622046
11
10.2541793700787398
21
-2.1310412992125984
0
LINE
8
Edge.Cuts
6
CONTINUOUS
10
10.2541793700787398
20
-2.1310412992125984
11
10.2527698031496062
21
-2.1267275196850393
0
LINE
8
Edge.Cuts
6
CONTINUOUS
10
10.2527698031496062
20
-2.1267275196850393
11
10.250318307086614
21
-2.1229083858267717
0
LINE
8
Edge.Cuts
6
CONTINUOUS
10
10.250318307086614
20
-2.1229083858267717
11
10.2469833070866141
21
-2.1198305511811024
0
LINE
8
Edge.Cuts
6
CONTINUOUS
10
10.2469833070866141
20
-2.1198305511811024
11
10.2429800787401568
21
-2.1176927952755906
0
LINE
8
Edge.Cuts
6
CONTINUOUS
10
10.2429800787401568
20
-2.1176927952755906
11
10.2385672834645671
21
-2.1166331889763779
0
LINE
8
Edge.Cuts
6
CONTINUOUS
10
10.2385672834645671
20
-2.1166331889763779
11
10.2340298818897644
21
-2.1167201574803149
0
LINE
8
Edge.Cuts
6
CONTINUOUS
10
10.2340298818897644
20
-2.1167201574803149
11
10.2296609448818892
21
-2.1179481102362203
0
LINE
8
Edge.Cuts
6
CONTINUOUS
10
10.2296609448818892
20
-2.1179481102362203
11
10.2276998031496067
21
-2.1190895275590549
0
LINE
8
Edge.Cuts
6
CONTINUOUS
10
10.2276998031496067
20
-2.1190895275590549
11
10.2276994094488192
21
-2.1190896062992124
0
LINE
8
Edge.Cuts
6
CONTINUOUS
10
10.2276994094488192
20
-2.1190896062992124
11
10.2242519291338585
21
-2.1207155118110235
0
LINE
8
Edge.Cuts
6
CONTINUOUS
10
10.2242519291338585
20
-2.1207155118110235
11
10.2205724015748025
21
-2.1217117322834644
0
LINE
8
Edge.Cuts
6
CONTINUOUS
10
10.2205724015748025
20
-2.1217117322834644
11
10.2167751968503939
21
-2.1220472834645667
0
LINE
8
Edge.Cuts
6
CONTINUOUS
10
10.2167751968503939
20
-2.1220472834645667
11
10.154219921259843
21
-2.1220472834645667
0
LINE
8
Edge.Cuts
6
CONTINUOUS
10
10.154219921259843
20
-2.1220472834645667
11
10.1504226771653538
21
-2.1217117322834644
0
LINE
8
Edge.Cuts
6
CONTINUOUS
10
10.1504226771653538
20
-2.1217117322834644
11
10.1467431496062996
21
-2.1207155118110235
0
LINE
8
Edge.Cuts
6
CONTINUOUS
10
10.1467431496062996
20
-2.1207155118110235
11
10.1432953149606302
21
-2.1190894488188974
0
LINE
8
Edge.Cuts
6
CONTINUOUS
10
10.1432953149606302
20
-2.1190894488188974
11
10.141334173228346
21
-2.1179480314960628
0
LINE
8
Edge.Cuts
6
CONTINUOUS
10
10.141334173228346
20
-2.1179480314960628
11
10.1369651968503938
21
-2.1167200787401574
0
LINE
8
Edge.Cuts
6
CONTINUOUS
10
10.1369651968503938
20
-2.1167200787401574
11
10.132427795275591
21
-2.1166330708661416
0
LINE
8
Edge.Cuts
6
CONTINUOUS
10
10.132427795275591
20
-2.1166330708661416
11
10.1280149606299208
21
-2.1176927165354331
0
LINE
8
Edge.Cuts
6
CONTINUOUS
10
2.8416938582677163
20
-2.0239607480314961
11
2.8468381102362206
21
-2.0259151181102362
0
LINE
8
Edge.Cuts
6
CONTINUOUS
10
2.8468381102362206
20
-2.0259151181102362
11
2.8513235826771655
21
-2.029103149606299
0
LINE
8
Edge.Cuts
6
CONTINUOUS
10
2.8513235826771655
20
-2.029103149606299
11
2.8548605905511812
21
-2.0333189370078739
0
LINE
8
Edge.Cuts
6
CONTINUOUS
10
2.8548605905511812
20
-2.0333189370078739
11
2.8572206299212599
21
-2.0382901574803149
0
LINE
8
Edge.Cuts
6
CONTINUOUS
10
2.8572206299212599
20
-2.0382901574803149
11
2.8582513385826771
21
-2.0436957874015746
0
LINE
8
Edge.Cuts
6
CONTINUOUS
10
2.8582513385826771
20
-2.0436957874015746
11
2.8578861417322834
21
-2.0491866535433072
0
LINE
8
Edge.Cuts
6
CONTINUOUS
10
2.8578861417322834
20
-2.0491866535433072
11
2.8561485433070866
21
-2.0544081496062994
0
LINE
8
Edge.Cuts
6
CONTINUOUS
10
2.8561485433070866
20
-2.0544081496062994
11
2.855572834645669
21
-2.0556040157480315
0
LINE
8
Edge.Cuts
6
CONTINUOUS
10
2.855572834645669
20
-2.0556040157480315
11
2.85479062992126
21
-2.0581406299212599
0
LINE
8
Edge.Cuts
6
CONTINUOUS
10
2.85479062992126
20
-2.0581406299212599
11
2.8543951181102361
21
-2.0607655118110237
0
LINE
8
Edge.Cuts
6
CONTINUOUS
10
2.8543951181102361
20
-2.0607655118110237
11
2.8543951574803148
21
-2.0620927559055118
0
LINE
8
Edge.Cuts
6
CONTINUOUS
10
2.8543951574803148
20
-2.0620927559055118
11
2.8543951574803148
21
-2.0620927952755905
0
LINE
8
Edge.Cuts
6
CONTINUOUS
10
2.8543951574803148
20
-2.0620927952755905
11
2.8543951574803148
21
-2.1174346850393699
0
LINE
8
Edge.Cuts
6
CONTINUOUS
10
2.8543951574803148
20
-2.1174346850393699
11
2.8543951181102361
21
-2.1187619291338584
0
LINE
8
Edge.Cuts
6
CONTINUOUS
10
2.8543951181102361
20
-2.1187619291338584
11
2.85479062992126
21
-2.1213868110236218
0
LINE
8
Edge.Cuts
6
CONTINUOUS
10
2.85479062992126
20
-2.1213868110236218
11
2.855572834645669
21
-2.1239234645669289
0
LINE
8
Edge.Cuts
6
CONTINUOUS
10
2.855572834645669
20
-2.1239234645669289
11
2.8561485039370078
21
-2.1251192125984253
0
LINE
8
Edge.Cuts
6
CONTINUOUS
10
2.8561485039370078
20
-2.1251192125984253
11
2.8561485433070866
21
-2.1251192913385828
0
LINE
8
Edge.Cuts
6
CONTINUOUS
10
2.8561485433070866
20
-2.1251192913385828
11
2.8578861417322834
21
-2.130340787401575
0
LINE
8
Edge.Cuts
6
CONTINUOUS
10
2.8578861417322834
20
-2.130340787401575
11
2.8582513779527559
21
-2.1358316535433071
0
LINE
8
Edge.Cuts
6
CONTINUOUS
10
2.8582513779527559
20
-2.1358316535433071
11
2.8572206692913387
21
-2.1412372834645668
0
LINE
8
Edge.Cuts
6
CONTINUOUS
10
2.8572206692913387
20
-2.1412372834645668
11
2.85486062992126
21
-2.1462085433070865
0
LINE
8
Edge.Cuts
6
CONTINUOUS
10
2.85486062992126
20
-2.1462085433070865
11
2.8513236220472442
21
-2.1504243307086615
0
LINE
8
Edge.Cuts
6
CONTINUOUS
10
2.8513236220472442
20
-2.1504243307086615
11
2.8468381496062993
21
-2.1536123622047243
0
LINE
8
Edge.Cuts
6
CONTINUOUS
10
2.8468381496062993
20
-2.1536123622047243
11
2.841693897637795
21
-2.1555667716535432
0
LINE
8
Edge.Cuts
6
CONTINUOUS
10
2.841693897637795
20
-2.1555667716535432
11
2.8362230708661418
21
-2.1561612598425195
0
LINE
8
Edge.Cuts
6
CONTINUOUS
10
2.8362230708661418
20
-2.1561612598425195
11
2.830779094488189
21
-2.1553575196850394
0
LINE
8
Edge.Cuts
6
CONTINUOUS
10
2.830779094488189
20
-2.1553575196850394
11
2.8257135039370076
21
-2.1532074015748033
0
LINE
8
Edge.Cuts
6
CONTINUOUS
10
2.8257135039370076
20
-2.1532074015748033
11
2.8243612598425196
21
-2.1524188188976376
0
LINE
8
Edge.Cuts
6
CONTINUOUS
10
2.8243612598425196
20
-2.1524188188976376
11
2.8214229527559054
21
-2.1513377559055118
0
LINE
8
Edge.Cuts
6
CONTINUOUS
10
2.8214229527559054
20
-2.1513377559055118
11
2.8183406299212597
21
-2.1507887007874014
0
LINE
8
Edge.Cuts
6
CONTINUOUS
10
2.8183406299212597
20
-2.1507887007874014
11
2.8167751968503936
21
-2.1507873622047242
0
LINE
8
Edge.Cuts
6
CONTINUOUS
10
2.8167751968503936
20
-2.1507873622047242
11
2.7542199212598426
21
-2.1507873622047242
0
LINE
8
Edge.Cuts
6
CONTINUOUS
10
2.7542199212598426
20
-2.1507873622047242
11
2.7526545275590553
21
-2.1507887401574801
0
LINE
8
Edge.Cuts
6
CONTINUOUS
10
2.7526545275590553
20
-2.1507887401574801
11
2.7495722047244096
21
-2.1513377559055118
0
LINE
8
Edge.Cuts
6
CONTINUOUS
10
2.7495722047244096
20
-2.1513377559055118
11
2.7466338976377953
21
-2.1524188188976376
0
LINE
8
Edge.Cuts
6
CONTINUOUS
10
2.7466338976377953
20
-2.1524188188976376
11
2.7452816535433069
21
-2.1532074015748033
0
LINE
8
Edge.Cuts
6
CONTINUOUS
10
2.7452816535433069
20
-2.1532074015748033
11
2.7452811811023623
21
-2.1532074803149608
0
LINE
8
Edge.Cuts
6
CONTINUOUS
10
2.7452811811023623
20
-2.1532074803149608
11
2.7402160236220472
21
-2.1553574409448819
0
LINE
8
Edge.Cuts
6
CONTINUOUS
10
2.7402160236220472
20
-2.1553574409448819
11
2.7347720472440944
21
-2.156161181102362
0
LINE
8
Edge.Cuts
6
CONTINUOUS
10
2.7347720472440944
20
-2.156161181102362
11
2.7293012598425195
21
-2.1555666929133857
0
LINE
8
Edge.Cuts
6
CONTINUOUS
10
2.7293012598425195
20
-2.1555666929133857
11
2.7241570078740156
21
-2.1536122834645668
0
LINE
8
Edge.Cuts
6
CONTINUOUS
10
2.7241570078740156
20
-2.1536122834645668
11
2.7196715748031495
21
-2.150424251968504
0
LINE
8
Edge.Cuts
6
CONTINUOUS
10
2.7196715748031495
20
-2.150424251968504
11
2.7161345669291337
21
-2.1462085039370078
0
LINE
8
Edge.Cuts
6
CONTINUOUS
10
2.7161345669291337
20
-2.1462085039370078
11
2.7137744881889763
21
-2.1412372834645668
0
LINE
8
Edge.Cuts
6
CONTINUOUS
10
2.7137744881889763
20
-2.1412372834645668
11
2.7127437795275591
21
-2.1358316929133858
0
LINE
8
Edge.Cuts
6
CONTINUOUS
10
2.7127437795275591
20
-2.1358316929133858
11
2.7131090157480315
21
-2.1303408267716537
0
LINE
8
Edge.Cuts
6
CONTINUOUS
10
2.7131090157480315
20
-2.1303408267716537
11
2.7148465354330709
21
-2.1251193307086615
0
LINE
8
Edge.Cuts
6
CONTINUOUS
10
2.7148465354330709
20
-2.1251193307086615
11
2.7148465748031496
21
-2.125119251968504
0
LINE
8
Edge.Cuts
6
CONTINUOUS
10
2.7148465748031496
20
-2.125119251968504
11
2.7154220472440946
21
-2.1239236220472439
0
LINE
8
Edge.Cuts
6
CONTINUOUS
10
2.7154220472440946
20
-2.1239236220472439
11
2.7162041732283462
21
-2.1213867716535431
0
LINE
8
Edge.Cuts
6
CONTINUOUS
10
2.7162041732283462
20
-2.1213867716535431
11
2.7165998425196851
21
-2.1187617322834646
0
LINE
8
Edge.Cuts
6
CONTINUOUS
10
2.7165998425196851
20
-2.1187617322834646
11
2.7165999606299214
21
-2.1174344094488187
0
LINE
8
Edge.Cuts
6
CONTINUOUS
10
2.7165999606299214
20
-2.1174344094488187
11
2.7165999606299214
21
-2.0620927952755905
0
LINE
8
Edge.Cuts
6
CONTINUOUS
10
2.7165999606299214
20
-2.0620927952755905
11
2.7165999606299214
21
-2.0620927559055118
0
LINE
8
Edge.Cuts
6
CONTINUOUS
10
2.7165999606299214
20
-2.0620927559055118
11
2.7166000393700789
21
-2.0607655118110237
0
LINE
8
Edge.Cuts
6
CONTINUOUS
10
2.7166000393700789
20
-2.0607655118110237
11
2.7162045275590549
21
-2.0581406692913387
0
LINE
8
Edge.Cuts
6
CONTINUOUS
10
2.7162045275590549
20
-2.0581406692913387
11
2.7154223228346455
21
-2.0556040551181103
0
LINE
8
Edge.Cuts
6
CONTINUOUS
10
2.7154223228346455
20
-2.0556040551181103
11
2.7148465748031496
21
-2.0544081889763781
0
LINE
8
Edge.Cuts
6
CONTINUOUS
10
2.7148465748031496
20
-2.0544081889763781
11
2.7148465354330709
21
-2.0544081102362206
0
LINE
8
Edge.Cuts
6
CONTINUOUS
10
2.7148465354330709
20
-2.0544081102362206
11
2.7131089763779528
21
-2.0491866535433072
0
LINE
8
Edge.Cuts
6
CONTINUOUS
10
2.7131089763779528
20
-2.0491866535433072
11
2.7127437401574803
21
-2.0436957874015746
0
LINE
8
Edge.Cuts
6
CONTINUOUS
10
2.7127437401574803
20
-2.0436957874015746
11
2.7137744488188975
21
-2.0382901574803149
0
LINE
8
Edge.Cuts
6
CONTINUOUS
10
2.7137744488188975
20
-2.0382901574803149
11
2.7161345275590549
21
-2.0333189370078739
0
LINE
8
Edge.Cuts
6
CONTINUOUS
10
2.7161345275590549
20
-2.0333189370078739
11
2.719671496062992
21
-2.029103149606299
0
LINE
8
Edge.Cuts
6
CONTINUOUS
10
2.719671496062992
20
-2.029103149606299
11
2.7241569685039368
21
-2.0259151181102362
0
LINE
8
Edge.Cuts
6
CONTINUOUS
10
2.7241569685039368
20
-2.0259151181102362
11
2.7293012598425195
21
-2.0239607086614173
0
LINE
8
Edge.Cuts
6
CONTINUOUS
10
2.7293012598425195
20
-2.0239607086614173
11
2.7347720472440944
21
-2.023366220472441
0
LINE
8
Edge.Cuts
6
CONTINUOUS
10
2.7347720472440944
20
-2.023366220472441
11
2.7402160236220472
21
-2.0241699606299211
0
LINE
8
Edge.Cuts
6
CONTINUOUS
10
2.7402160236220472
20
-2.0241699606299211
11
2.7452816141732281
21
-2.0263200787401576
0
LINE
8
Edge.Cuts
6
CONTINUOUS
10
2.7452816141732281
20
-2.0263200787401576
11
2.7466338582677166
21
-2.0271086614173228
0
LINE
8
Edge.Cuts
6
CONTINUOUS
10
2.7466338582677166
20
-2.0271086614173228
11
2.7495721653543308
21
-2.0281897244094487
0
LINE
8
Edge.Cuts
6
CONTINUOUS
10
2.7495721653543308
20
-2.0281897244094487
11
2.7526544881889765
21
-2.0287387401574803
0
LINE
8
Edge.Cuts
6
CONTINUOUS
10
2.7526544881889765
20
-2.0287387401574803
11
2.7542198818897639
21
-2.0287401181102362
0
LINE
8
Edge.Cuts
6
CONTINUOUS
10
2.7542198818897639
20
-2.0287401181102362
11
2.7542200000000001
21
-2.028740157480315
0
LINE
8
Edge.Cuts
6
CONTINUOUS
10
2.7542200000000001
20
-2.028740157480315
11
2.8167752362204723
21
-2.028740157480315
0
LINE
8
Edge.Cuts
6
CONTINUOUS
10
2.8167752362204723
20
-2.028740157480315
11
2.8183406299212597
21
-2.0287387795275591
0
LINE
8
Edge.Cuts
6
CONTINUOUS
10
2.8183406299212597
20
-2.0287387795275591
11
2.8214229527559054
21
-2.0281897637795274
0
LINE
8
Edge.Cuts
6
CONTINUOUS
10
2.8214229527559054
20
-2.0281897637795274
11
2.8243612598425196
21
-2.0271087007874016
0
LINE
8
Edge.Cuts
6
CONTINUOUS
10
2.8243612598425196
20
-2.0271087007874016
11
2.8257135039370076
21
-2.0263201181102364
0
LINE
8
Edge.Cuts
6
CONTINUOUS
10
2.8257135039370076
20
-2.0263201181102364
11
2.830779094488189
21
-2.0241699999999998
0
LINE
8
Edge.Cuts
6
CONTINUOUS
10
2.830779094488189
20
-2.0241699999999998
11
2.8362230708661418
21
-2.023366220472441
0
LINE
8
Edge.Cuts
6
CONTINUOUS
10
2.8362230708661418
20
-2.023366220472441
11
2.8416938582677163
21
-2.0239607480314961
0
LINE
8
Edge.Cuts
6
CONTINUOUS
10
2.7280150000000001
20
-2.0283225196850392
11
2.7240117716535432
21
-2.0304603149606297
0
LINE
8
Edge.Cuts
6
CONTINUOUS
10
2.7240117716535432
20
-2.0304603149606297
11
2.7206767322834646
21
-2.033538149606299
0
LINE
8
Edge.Cuts
6
CONTINUOUS
10
2.7206767322834646
20
-2.033538149606299
11
2.7182252755905512
21
-2.0373573228346458
0
LINE
8
Edge.Cuts
6
CONTINUOUS
10
2.7182252755905512
20
-2.0373573228346458
11
2.7168156692913383
21
-2.0416711023622045
0
LINE
8
Edge.Cuts
6
CONTINUOUS
10
2.7168156692913383
20
-2.0416711023622045
11
2.7165390551181101
21
-2.0462009055118111
0
LINE
8
Edge.Cuts
6
CONTINUOUS
10
2.7165390551181101
20
-2.0462009055118111
11
2.7174131889763777
21
-2.0506541732283465
0
LINE
8
Edge.Cuts
6
CONTINUOUS
10
2.7174131889763777
20
-2.0506541732283465
11
2.7183938582677163
21
-2.0527003149606298
0
LINE
8
Edge.Cuts
6
CONTINUOUS
10
2.7183938582677163
20
-2.0527003149606298
11
2.718393897637795
21
-2.0527003937007873
0
LINE
8
Edge.Cuts
6
CONTINUOUS
10
2.718393897637795
20
-2.0527003937007873
11
2.7195755905511811
21
-2.0557122440944879
0
LINE
8
Edge.Cuts
6
CONTINUOUS
10
2.7195755905511811
20
-2.0557122440944879
11
2.7202953149606297
21
-2.0588665354330709
0
LINE
8
Edge.Cuts
6
CONTINUOUS
10
2.7202953149606297
20
-2.0588665354330709
11
2.7205369291338584
21
-2.0620927559055118
0
LINE
8
Edge.Cuts
6
CONTINUOUS
10
2.7205369291338584
20
-2.0620927559055118
11
2.7205369685039371
21
-2.0620927952755905
0
LINE
8
Edge.Cuts
6
CONTINUOUS
10
2.7205369685039371
20
-2.0620927952755905
11
2.7205369685039371
21
-2.1174346850393699
0
LINE
8
Edge.Cuts
6
CONTINUOUS
10
2.7205369685039371
20
-2.1174346850393699
11
2.7205368897637796
21
-2.1174348818897637
0
LINE
8
Edge.Cuts
6
CONTINUOUS
10
2.7205368897637796
20
-2.1174348818897637
11
2.7205369685039371
21
-2.1174350393700787
0
LINE
8
Edge.Cuts
6
CONTINUOUS
10
2.7205369685039371
20
-2.1174350393700787
11
2.7202949212598426
21
-2.1206610629921259
0
LINE
8
Edge.Cuts
6
CONTINUOUS
10
2.7202949212598426
20
-2.1206610629921259
11
2.7195752755905511
21
-2.1238150393700788
0
LINE
8
Edge.Cuts
6
CONTINUOUS
10
2.7195752755905511
20
-2.1238150393700788
11
2.7183940551181101
21
-2.1268267322834644
0
LINE
8
Edge.Cuts
6
CONTINUOUS
10
2.7183940551181101
20
-2.1268267322834644
11
2.7183939370078738
21
-2.1268268110236219
0
LINE
8
Edge.Cuts
6
CONTINUOUS
10
2.7183939370078738
20
-2.1268268110236219
11
2.7183939370078738
21
-2.1268270472440944
0
LINE
8
Edge.Cuts
6
CONTINUOUS
10
2.7183939370078738
20
-2.1268270472440944
11
2.7174132283464565
21
-2.1288732677165352
0
LINE
8
Edge.Cuts
6
CONTINUOUS
10
2.7174132283464565
20
-2.1288732677165352
11
2.7165390551181101
21
-2.1333265354330706
0
LINE
8
Edge.Cuts
6
CONTINUOUS
10
2.7165390551181101
20
-2.1333265354330706
11
2.7168157480314958
21
-2.1378563385826772
0
LINE
8
Edge.Cuts
6
CONTINUOUS
10
2.7168157480314958
20
-2.1378563385826772
11
2.7182253149606299
21
-2.1421701181102364
0
LINE
8
Edge.Cuts
6
CONTINUOUS
10
2.7182253149606299
20
-2.1421701181102364
11
2.7206768110236221
21
-2.145989251968504
0
LINE
8
Edge.Cuts
6
CONTINUOUS
10
2.7206768110236221
20
-2.145989251968504
11
2.724011811023622
21
-2.1490670866141732
0
LINE
8
Edge.Cuts
6
CONTINUOUS
10
2.724011811023622
20
-2.1490670866141732
11
2.7280150393700788
21
-2.151204842519685
0
LINE
8
Edge.Cuts
6
CONTINUOUS
10
2.7280150393700788
20
-2.151204842519685
11
2.7324278346456694
21
-2.1522644488188978
0
LINE
8
Edge.Cuts
6
CONTINUOUS
10
2.7324278346456694
20
-2.1522644488188978
11
2.7369652362204722
21
-2.1521774803149607
0
LINE
8
Edge.Cuts
6
CONTINUOUS
10
2.7369652362204722
20
-2.1521774803149607
11
2.7413341732283465
21
-2.1509495275590549
0
LINE
8
Edge.Cuts
6
CONTINUOUS
10
2.7413341732283465
20
-2.1509495275590549
11
2.7432953149606298
21
-2.1498081102362203
0
LINE
8
Edge.Cuts
6
CONTINUOUS
10
2.7432953149606298
20
-2.1498081102362203
11
2.7432956692913386
21
-2.1498079921259841
0
LINE
8
Edge.Cuts
6
CONTINUOUS
10
2.7432956692913386
20
-2.1498079921259841
11
2.746743188976378
21
-2.1481821259842517
0
LINE
8
Edge.Cuts
6
CONTINUOUS
10
2.746743188976378
20
-2.1481821259842517
11
2.7504227165354331
21
-2.1471859055118108
0
LINE
8
Edge.Cuts
6
CONTINUOUS
10
2.7504227165354331
20
-2.1471859055118108
11
2.7542199212598426
21
-2.1468503543307085
0
LINE
8
Edge.Cuts
6
CONTINUOUS
10
2.7542199212598426
20
-2.1468503543307085
11
2.8167751968503936
21
-2.1468503543307085
0
LINE
8
Edge.Cuts
6
CONTINUOUS
10
2.8167751968503936
20
-2.1468503543307085
11
2.8205724409448818
21
-2.1471859055118108
0
LINE
8
Edge.Cuts
6
CONTINUOUS
10
2.8205724409448818
20
-2.1471859055118108
11
2.8242519685039369
21
-2.1481821259842517
0
LINE
8
Edge.Cuts
6
CONTINUOUS
10
2.8242519685039369
20
-2.1481821259842517
11
2.8276998031496063
21
-2.1498081889763778
0
LINE
8
Edge.Cuts
6
CONTINUOUS
10
2.8276998031496063
20
-2.1498081889763778
11
2.8296609448818897
21
-2.1509496062992124
0
LINE
8
Edge.Cuts
6
CONTINUOUS
10
2.8296609448818897
20
-2.1509496062992124
11
2.8340299212598423
21
-2.1521775590551182
0
LINE
8
Edge.Cuts
6
CONTINUOUS
10
2.8340299212598423
20
-2.1521775590551182
11
2.8385673228346455
21
-2.1522645669291336
0
LINE
8
Edge.Cuts
6
CONTINUOUS
10
2.8385673228346455
20
-2.1522645669291336
11
2.8429801574803149
21
-2.1512049212598425
0
LINE
8
Edge.Cuts
6
CONTINUOUS
10
2.8429801574803149
20
-2.1512049212598425
11
2.8469833464566929
21
-2.1490671653543307
0
LINE
8
Edge.Cuts
6
CONTINUOUS
10
2.8469833464566929
20
-2.1490671653543307
11
2.8503183858267716
21
-2.1459892913385827
0
LINE
8
Edge.Cuts
6
CONTINUOUS
10
2.8503183858267716
20
-2.1459892913385827
11
2.8527698818897638
21
-2.1421701181102364
0
LINE
8
Edge.Cuts
6
CONTINUOUS
10
2.8527698818897638
20
-2.1421701181102364
11
2.8541794488188974
21
-2.1378563385826772
0
LINE
8
Edge.Cuts
6
CONTINUOUS
10
2.8541794488188974
20
-2.1378563385826772
11
2.8544561023622048
21
-2.1333265354330706
0
LINE
8
Edge.Cuts
6
CONTINUOUS
10
2.8544561023622048
20
-2.1333265354330706
11
2.853581929133858
21
-2.1288732677165352
0
LINE
8
Edge.Cuts
6
CONTINUOUS
10
2.853581929133858
20
-2.1288732677165352
11
2.8526012204724407
21
-2.1268270078740157
0
LINE
8
Edge.Cuts
6
CONTINUOUS
10
2.8526012204724407
20
-2.1268270078740157
11
2.8514195669291338
21
-2.1238152362204725
0
LINE
8
Edge.Cuts
6
CONTINUOUS
10
2.8514195669291338
20
-2.1238152362204725
11
2.8506998425196848
21
-2.1206609842519684
0
LINE
8
Edge.Cuts
6
CONTINUOUS
10
2.8506998425196848
20
-2.1206609842519684
11
2.8504581496062991
21
-2.1174346850393699
0
LINE
8
Edge.Cuts
6
CONTINUOUS
10
2.8504581496062991
20
-2.1174346850393699
11
2.8504581496062991
21
-2.0620927952755905
0
LINE
8
Edge.Cuts
6
CONTINUOUS
10
2.8504581496062991
20
-2.0620927952755905
11
2.8504581496062991
21
-2.0620927559055118
0
LINE
8
Edge.Cuts
6
CONTINUOUS
10
2.8504581496062991
20
-2.0620927559055118
11
2.8506998425196848
21
-2.0588664960629921
0
LINE
8
Edge.Cuts
6
CONTINUOUS
10
2.8506998425196848
20
-2.0588664960629921
11
2.8514195669291338
21
-2.0557122440944879
0
LINE
8
Edge.Cuts
6
CONTINUOUS
10
2.8514195669291338
20
-2.0557122440944879
11
2.8526012204724407
21
-2.052700433070866
0
LINE
8
Edge.Cuts
6
CONTINUOUS
10
2.8526012204724407
20
-2.052700433070866
11
2.853581929133858
21
-2.0506541732283465
0
LINE
8
Edge.Cuts
6
CONTINUOUS
10
2.853581929133858
20
-2.0506541732283465
11
2.8544560629921261
21
-2.0462009448818899
0
LINE
8
Edge.Cuts
6
CONTINUOUS
10
2.8544560629921261
20
-2.0462009448818899
11
2.8541794094488186
21
-2.0416711417322833
0
LINE
8
Edge.Cuts
6
CONTINUOUS
10
2.8541794094488186
20
-2.0416711417322833
11
2.852769842519685
21
-2.0373573228346458
0
LINE
8
Edge.Cuts
6
CONTINUOUS
10
2.852769842519685
20
-2.0373573228346458
11
2.8503183464566928
21
-2.0335381889763777
0
LINE
8
Edge.Cuts
6
CONTINUOUS
10
2.8503183464566928
20
-2.0335381889763777
11
2.8469833070866142
21
-2.0304603149606297
0
LINE
8
Edge.Cuts
6
CONTINUOUS
10
2.8469833070866142
20
-2.0304603149606297
11
2.8429801181102361
21
-2.0283225590551179
0
LINE
8
Edge.Cuts
6
CONTINUOUS
10
2.8429801181102361
20
-2.0283225590551179
11
2.8385673228346455
21
-2.0272629527559056
0
LINE
8
Edge.Cuts
6
CONTINUOUS
10
2.8385673228346455
20
-2.0272629527559056
11
2.8340298818897636
21
-2.027349960629921
0
LINE
8
Edge.Cuts
6
CONTINUOUS
10
2.8340298818897636
20
-2.027349960629921
11
2.8296609448818897
21
-2.0285779133858268
0
LINE
8
Edge.Cuts
6
CONTINUOUS
10
2.8296609448818897
20
-2.0285779133858268
11
2.8276998031496063
21
-2.0297193307086614
0
LINE
8
Edge.Cuts
6
CONTINUOUS
10
2.8276998031496063
20
-2.0297193307086614
11
2.8242519685039369
21
-2.0313453937007875
0
LINE
8
Edge.Cuts
6
CONTINUOUS
10
2.8242519685039369
20
-2.0313453937007875
11
2.8205724409448818
21
-2.0323416141732285
0
LINE
8
Edge.Cuts
6
CONTINUOUS
10
2.8205724409448818
20
-2.0323416141732285
11
2.8167752362204723
21
-2.0326771653543307
0
LINE
8
Edge.Cuts
6
CONTINUOUS
10
2.8167752362204723
20
-2.0326771653543307
11
2.7542199212598426
21
-2.0326771653543307
0
LINE
8
Edge.Cuts
6
CONTINUOUS
10
2.7542199212598426
20
-2.0326771653543307
11
2.7542195669291338
21
-2.0326770866141732
0
LINE
8
Edge.Cuts
6
CONTINUOUS
10
2.7542195669291338
20
-2.0326770866141732
11
2.7504226771653544
21
-2.0323415748031497
0
LINE
8
Edge.Cuts
6
CONTINUOUS
10
2.7504226771653544
20
-2.0323415748031497
11
2.7467431496062993
21
-2.0313453543307087
0
LINE
8
Edge.Cuts
6
CONTINUOUS
10
2.7467431496062993
20
-2.0313453543307087
11
2.7432953149606298
21
-2.0297192913385826
0
LINE
8
Edge.Cuts
6
CONTINUOUS
10
2.7432953149606298
20
-2.0297192913385826
11
2.7413341732283465
21
-2.0285778740157481
0
LINE
8
Edge.Cuts
6
CONTINUOUS
10
2.7413341732283465
20
-2.0285778740157481
11
2.7369651968503939
21
-2.0273499212598423
0
LINE
8
Edge.Cuts
6
CONTINUOUS
10
2.7369651968503939
20
-2.0273499212598423
11
2.7324277952755907
21
-2.0272629133858269
0
LINE
8
Edge.Cuts
6
CONTINUOUS
10
2.7324277952755907
20
-2.0272629133858269
11
2.7280150000000001
21
-2.0283225196850392
0
LINE
8
Edge.Cuts
6
CONTINUOUS
10
9.3882475196850397
20
-2.019051929133858
11
9.3933131102362211
21
-2.0212020472440946
0
LINE
8
Edge.Cuts
6
CONTINUOUS
10
9.3933131102362211
20
-2.0212020472440946
11
9.3946653543307086
21
-2.0219906299212598
0
LINE
8
Edge.Cuts
6
CONTINUOUS
10
9.3946653543307086
20
-2.0219906299212598
11
9.3976036614173228
21
-2.0230716929133856
0
LINE
8
Edge.Cuts
6
CONTINUOUS
10
9.3976036614173228
20
-2.0230716929133856
11
9.4006859842519681
21
-2.0236207480314961
0
LINE
8
Edge.Cuts
6
CONTINUOUS
10
9.4006859842519681
20
-2.0236207480314961
11
9.4022514173228338
21
-2.0236220866141732
0
LINE
8
Edge.Cuts
6
CONTINUOUS
10
9.4022514173228338
20
-2.0236220866141732
11
9.4648066929133865
21
-2.0236220866141732
0
LINE
8
Edge.Cuts
6
CONTINUOUS
10
9.4648066929133865
20
-2.0236220866141732
11
9.4663720866141734
21
-2.0236207086614173
0
LINE
8
Edge.Cuts
6
CONTINUOUS
10
9.4663720866141734
20
-2.0236207086614173
11
9.4694544094488187
21
-2.0230716929133856
0
LINE
8
Edge.Cuts
6
CONTINUOUS
10
9.4694544094488187
20
-2.0230716929133856
11
9.4723927165354329
21
-2.0219906299212598
0
LINE
8
Edge.Cuts
6
CONTINUOUS
10
9.4723927165354329
20
-2.0219906299212598
11
9.4737449606299204
21
-2.0212020472440946
0
LINE
8
Edge.Cuts
6
CONTINUOUS
10
9.4737449606299204
20
-2.0212020472440946
11
9.4737453937007867
21
-2.0212019291338583
0
LINE
8
Edge.Cuts
6
CONTINUOUS
10
9.4737453937007867
20
-2.0212019291338583
11
9.4788105905511806
21
-2.0190520078740155
0
LINE
8
Edge.Cuts
6
CONTINUOUS
10
9.4788105905511806
20
-2.0190520078740155
11
9.4842545669291329
21
-2.0182482677165354
0
LINE
8
Edge.Cuts
6
CONTINUOUS
10
9.4842545669291329
20
-2.0182482677165354
11
9.4897253543307087
21
-2.0188427559055118
0
LINE
8
Edge.Cuts
6
CONTINUOUS
10
9.4897253543307087
20
-2.0188427559055118
11
9.4948696062992131
21
-2.0207971653543306
0
LINE
8
Edge.Cuts
6
CONTINUOUS
10
9.4948696062992131
20
-2.0207971653543306
11
9.4993550393700783
21
-2.0239851968503935
0
LINE
8
Edge.Cuts
6
CONTINUOUS
10
9.4993550393700783
20
-2.0239851968503935
11
9.5028920472440941
21
-2.0282009448818896
0
LINE
8
Edge.Cuts
6
CONTINUOUS
10
9.5028920472440941
20
-2.0282009448818896
11
9.5052521259842511
21
-2.0331721653543307
0
LINE
8
Edge.Cuts
6
CONTINUOUS
10
9.5052521259842511
20
-2.0331721653543307
11
9.5062828346456687
21
-2.0385777559055116
0
LINE
8
Edge.Cuts
6
CONTINUOUS
10
9.5062828346456687
20
-2.0385777559055116
11
9.5059175984251958
21
-2.0440686220472442
0
LINE
8
Edge.Cuts
6
CONTINUOUS
10
9.5059175984251958
20
-2.0440686220472442
11
9.5041800787401574
21
-2.0492901181102363
0
LINE
8
Edge.Cuts
6
CONTINUOUS
10
9.5041800787401574
20
-2.0492901181102363
11
9.5041799999999999
21
-2.0492901574803151
0
LINE
8
Edge.Cuts
6
CONTINUOUS
10
9.5041799999999999
20
-2.0492901574803151
11
9.503604566929134
21
-2.0504858267716535
0
LINE
8
Edge.Cuts
6
CONTINUOUS
10
9.503604566929134
20
-2.0504858267716535
11
9.5028224409448825
21
-2.0530226771653544
0
LINE
8
Edge.Cuts
6
CONTINUOUS
10
9.5028224409448825
20
-2.0530226771653544
11
9.5024267716535427
21
-2.0556477165354332
0
LINE
8
Edge.Cuts
6
CONTINUOUS
10
9.5024267716535427
20
-2.0556477165354332
11
9.5024266535433064
21
-2.0569747637795275
0
LINE
8
Edge.Cuts
6
CONTINUOUS
10
9.5024266535433064
20
-2.0569747637795275
11
9.5024266535433064
21
-2.1123166535433069
0
LINE
8
Edge.Cuts
6
CONTINUOUS
10
9.5024266535433064
20
-2.1123166535433069
11
9.5024266535433064
21
-2.1123166929133856
0
LINE
8
Edge.Cuts
6
CONTINUOUS
10
9.5024266535433064
20
-2.1123166929133856
11
9.5024265748031489
21
-2.1136439370078741
0
LINE
8
Edge.Cuts
6
CONTINUOUS
10
9.5024265748031489
20
-2.1136439370078741
11
9.5028220866141737
21
-2.1162687795275592
0
LINE
8
Edge.Cuts
6
CONTINUOUS
10
9.5028220866141737
20
-2.1162687795275592
11
9.5036042913385828
21
-2.1188053937007871
0
LINE
8
Edge.Cuts
6
CONTINUOUS
10
9.5036042913385828
20
-2.1188053937007871
11
9.5041800393700786
21
-2.1200012598425197
0
LINE
8
Edge.Cuts
6
CONTINUOUS
10
9.5041800393700786
20
-2.1200012598425197
11
9.5041800393700786
21
-2.1200012992125985
0
LINE
8
Edge.Cuts
6
CONTINUOUS
10
9.5041800393700786
20
-2.1200012992125985
11
9.5059176377952745
21
-2.1252227952755907
0
LINE
8
Edge.Cuts
6
CONTINUOUS
10
9.5059176377952745
20
-2.1252227952755907
11
9.5062828740157475
21
-2.1307136614173228
0
LINE
8
Edge.Cuts
6
CONTINUOUS
10
9.5062828740157475
20
-2.1307136614173228
11
9.5052521653543298
21
-2.1361192913385825
0
LINE
8
Edge.Cuts
6
CONTINUOUS
10
9.5052521653543298
20
-2.1361192913385825
11
9.5028920866141728
21
-2.1410905118110235
0
LINE
8
Edge.Cuts
6
CONTINUOUS
10
9.5028920866141728
20
-2.1410905118110235
11
9.4993551181102358
21
-2.1453062992125984
0
LINE
8
Edge.Cuts
6
CONTINUOUS
10
9.4993551181102358
20
-2.1453062992125984
11
9.4948696456692918
21
-2.1484943307086612
0
LINE
8
Edge.Cuts
6
CONTINUOUS
10
9.4948696456692918
20
-2.1484943307086612
11
9.4897253543307087
21
-2.1504487401574801
0
LINE
8
Edge.Cuts
6
CONTINUOUS
10
9.4897253543307087
20
-2.1504487401574801
11
9.4842545669291329
21
-2.1510432283464564
0
LINE
8
Edge.Cuts
6
CONTINUOUS
10
9.4842545669291329
20
-2.1510432283464564
11
9.4788105905511806
21
-2.1502394881889764
0
LINE
8
Edge.Cuts
6
CONTINUOUS
10
9.4788105905511806
20
-2.1502394881889764
11
9.4737449999999992
21
-2.1480893700787402
0
LINE
8
Edge.Cuts
6
CONTINUOUS
10
9.4737449999999992
20
-2.1480893700787402
11
9.4723927559055117
21
-2.1473007874015746
0
LINE
8
Edge.Cuts
6
CONTINUOUS
10
9.4723927559055117
20
-2.1473007874015746
11
9.4694544488188974
21
-2.1462197244094487
0
LINE
8
Edge.Cuts
6
CONTINUOUS
10
9.4694544488188974
20
-2.1462197244094487
11
9.4663721259842522
21
-2.1456707086614171
0
LINE
8
Edge.Cuts
6
CONTINUOUS
10
9.4663721259842522
20
-2.1456707086614171
11
9.4648067322834635
21
-2.1456693307086612
0
LINE
8
Edge.Cuts
6
CONTINUOUS
10
9.4648067322834635
20
-2.1456693307086612
11
9.464806614173229
21
-2.1456692913385824
0
LINE
8
Edge.Cuts
6
CONTINUOUS
10
9.464806614173229
20
-2.1456692913385824
11
9.402251377952755
21
-2.1456692913385824
0
LINE
8
Edge.Cuts
6
CONTINUOUS
10
9.402251377952755
20
-2.1456692913385824
11
9.4006859842519681
21
-2.1456706692913383
0
LINE
8
Edge.Cuts
6
CONTINUOUS
10
9.4006859842519681
20
-2.1456706692913383
11
9.3976036614173228
21
-2.14621968503937
0
LINE
8
Edge.Cuts
6
CONTINUOUS
10
9.3976036614173228
20
-2.14621968503937
11
9.3946653543307086
21
-2.1473007480314958
0
LINE
8
Edge.Cuts
6
CONTINUOUS
10
9.3946653543307086
20
-2.1473007480314958
11
9.3933131102362211
21
-2.1480893307086615
0
LINE
8
Edge.Cuts
6
CONTINUOUS
10
9.3933131102362211
20
-2.1480893307086615
11
9.3882475196850397
21
-2.1502394488188976
0
LINE
8
Edge.Cuts
6
CONTINUOUS
10
9.3882475196850397
20
-2.1502394488188976
11
9.3828035433070855
21
-2.1510432283464564
0
LINE
8
Edge.Cuts
6
CONTINUOUS
10
9.3828035433070855
20
-2.1510432283464564
11
9.3773327559055115
21
-2.1504487007874014
0
LINE
8
Edge.Cuts
6
CONTINUOUS
10
9.3773327559055115
20
-2.1504487007874014
11
9.3721885039370072
21
-2.1484943307086612
0
LINE
8
Edge.Cuts
6
CONTINUOUS
10
9.3721885039370072
20
-2.1484943307086612
11
9.3677030314960632
21
-2.1453062992125984
0
LINE
8
Edge.Cuts
6
CONTINUOUS
10
9.3677030314960632
20
-2.1453062992125984
11
9.3641660236220474
21
-2.1410905118110235
0
LINE
8
Edge.Cuts
6
CONTINUOUS
10
9.3641660236220474
20
-2.1410905118110235
11
9.3618059842519674
21
-2.1361192913385825
0
LINE
8
Edge.Cuts
6
CONTINUOUS
10
9.3618059842519674
20
-2.1361192913385825
11
9.3607752755905516
21
-2.1307136614173228
0
LINE
8
Edge.Cuts
6
CONTINUOUS
10
9.3607752755905516
20
-2.1307136614173228
11
9.3611404724409439
21
-2.1252227952755907
0
LINE
8
Edge.Cuts
6
CONTINUOUS
10
9.3611404724409439
20
-2.1252227952755907
11
9.3628780708661417
21
-2.1200012992125985
0
LINE
8
Edge.Cuts
6
CONTINUOUS
10
9.3628780708661417
20
-2.1200012992125985
11
9.3634537795275588
21
-2.1188054330708659
0
LINE
8
Edge.Cuts
6
CONTINUOUS
10
9.3634537795275588
20
-2.1188054330708659
11
9.3642359842519678
21
-2.116268818897638
0
LINE
8
Edge.Cuts
6
CONTINUOUS
10
9.3642359842519678
20
-2.116268818897638
11
9.3646314960629926
21
-2.1136439370078741
0
LINE
8
Edge.Cuts
6
CONTINUOUS
10
9.3646314960629926
20
-2.1136439370078741
11
9.3646314566929139
21
-2.1123166929133856
0
LINE
8
Edge.Cuts
6
CONTINUOUS
10
9.3646314566929139
20
-2.1123166929133856
11
9.3646314566929139
21
-2.1123166535433069
0
LINE
8
Edge.Cuts
6
CONTINUOUS
10
9.3646314566929139
20
-2.1123166535433069
11
9.3646314566929139
21
-2.0569747637795275
0
LINE
8
Edge.Cuts
6
CONTINUOUS
10
9.3646314566929139
20
-2.0569747637795275
11
9.3646314960629926
21
-2.0556475196850394
0
LINE
8
Edge.Cuts
6
CONTINUOUS
10
9.3646314960629926
20
-2.0556475196850394
11
9.3642359842519678
21
-2.0530226377952756
0
LINE
8
Edge.Cuts
6
CONTINUOUS
10
9.3642359842519678
20
-2.0530226377952756
11
9.3634537795275588
21
-2.0504859842519685
0
LINE
8
Edge.Cuts
6
CONTINUOUS
10
9.3634537795275588
20
-2.0504859842519685
11
9.3628780708661417
21
-2.0492901181102363
0
LINE
8
Edge.Cuts
6
CONTINUOUS
10
9.3628780708661417
20
-2.0492901181102363
11
9.3611404724409439
21
-2.0440686614173229
0
LINE
8
Edge.Cuts
6
CONTINUOUS
10
9.3611404724409439
20
-2.0440686614173229
11
9.3607752362204728
21
-2.0385777952755904
0
LINE
8
Edge.Cuts
6
CONTINUOUS
10
9.3607752362204728
20
-2.0385777952755904
11
9.3618059448818887
21
-2.0331721653543307
0
LINE
8
Edge.Cuts
6
CONTINUOUS
10
9.3618059448818887
20
-2.0331721653543307
11
9.3641659842519687
21
-2.0282009055118109
0
LINE
8
Edge.Cuts
6
CONTINUOUS
10
9.3641659842519687
20
-2.0282009055118109
11
9.3677029921259845
21
-2.023985118110236
0
LINE
8
Edge.Cuts
6
CONTINUOUS
10
9.3677029921259845
20
-2.023985118110236
11
9.3721884645669284
21
-2.0207970866141731
0
LINE
8
Edge.Cuts
6
CONTINUOUS
10
9.3721884645669284
20
-2.0207970866141731
11
9.3773327165354328
21
-2.0188426771653543
0
LINE
8
Edge.Cuts
6
CONTINUOUS
10
9.3773327165354328
20
-2.0188426771653543
11
9.3828035433070855
21
-2.0182481889763779
0
LINE
8
Edge.Cuts
6
CONTINUOUS
10
9.3828035433070855
20
-2.0182481889763779
11
9.3882475196850397
21
-2.019051929133858
0
LINE
8
Edge.Cuts
6
CONTINUOUS
10
9.3760464566929134
20
-2.0232045275590549
11
9.3720432677165348
21
-2.0253422834645667
0
LINE
8
Edge.Cuts
6
CONTINUOUS
10
9.3720432677165348
20
-2.0253422834645667
11
9.3687082283464562
21
-2.0284201574803151
0
LINE
8
Edge.Cuts
6
CONTINUOUS
10
9.3687082283464562
20
-2.0284201574803151
11
9.366256732283464
21
-2.0322393307086615
0
LINE
8
Edge.Cuts
6
CONTINUOUS
10
9.366256732283464
20
-2.0322393307086615
11
9.3648471653543304
21
-2.0365531102362202
0
LINE
8
Edge.Cuts
6
CONTINUOUS
10
9.3648471653543304
20
-2.0365531102362202
11
9.3645705118110243
21
-2.0410829133858268
0
LINE
8
Edge.Cuts
6
CONTINUOUS
10
9.3645705118110243
20
-2.0410829133858268
11
9.3654446850393693
21
-2.0455361811023622
0
LINE
8
Edge.Cuts
6
CONTINUOUS
10
9.3654446850393693
20
-2.0455361811023622
11
9.3664253543307083
21
-2.0475823228346455
0
LINE
8
Edge.Cuts
6
CONTINUOUS
10
9.3664253543307083
20
-2.0475823228346455
11
9.3664253937007871
21
-2.047582401574803
0
LINE
8
Edge.Cuts
6
CONTINUOUS
10
9.3664253937007871
20
-2.047582401574803
11
9.3676070472440944
21
-2.0505942125984253
0
LINE
8
Edge.Cuts
6
CONTINUOUS
10
9.3676070472440944
20
-2.0505942125984253
11
9.3683267716535426
21
-2.0537484645669291
0
LINE
8
Edge.Cuts
6
CONTINUOUS
10
9.3683267716535426
20
-2.0537484645669291
11
9.3685684645669287
21
-2.0569747637795275
0
LINE
8
Edge.Cuts
6
CONTINUOUS
10
9.3685684645669287
20
-2.0569747637795275
11
9.3685684645669287
21
-2.1123166535433069
0
LINE
8
Edge.Cuts
6
CONTINUOUS
10
9.3685684645669287
20
-2.1123166535433069
11
9.3685684645669287
21
-2.1123166929133856
0
LINE
8
Edge.Cuts
6
CONTINUOUS
10
9.3685684645669287
20
-2.1123166929133856
11
9.3683267716535426
21
-2.1155429527559053
0
LINE
8
Edge.Cuts
6
CONTINUOUS
10
9.3683267716535426
20
-2.1155429527559053
11
9.3676070472440944
21
-2.1186972047244095
0
LINE
8
Edge.Cuts
6
CONTINUOUS
10
9.3676070472440944
20
-2.1186972047244095
11
9.3664253937007871
21
-2.1217090157480314
0
LINE
8
Edge.Cuts
6
CONTINUOUS
10
9.3664253937007871
20
-2.1217090157480314
11
9.3654446850393693
21
-2.1237552755905513
0
LINE
8
Edge.Cuts
6
CONTINUOUS
10
9.3654446850393693
20
-2.1237552755905513
11
9.3645705511811013
21
-2.128208503937008
0
LINE
8
Edge.Cuts
6
CONTINUOUS
10
9.3645705511811013
20
-2.128208503937008
11
9.3648472047244091
21
-2.1327383070866142
0
LINE
8
Edge.Cuts
6
CONTINUOUS
10
9.3648472047244091
20
-2.1327383070866142
11
9.3662567716535428
21
-2.1370521259842521
0
LINE
8
Edge.Cuts
6
CONTINUOUS
10
9.3662567716535428
20
-2.1370521259842521
11
9.368708267716535
21
-2.1408712598425197
0
LINE
8
Edge.Cuts
6
CONTINUOUS
10
9.368708267716535
20
-2.1408712598425197
11
9.3720433070866136
21
-2.1439491338582677
0
LINE
8
Edge.Cuts
6
CONTINUOUS
10
9.3720433070866136
20
-2.1439491338582677
11
9.3760464960629921
21
-2.1460868897637795
0
LINE
8
Edge.Cuts
6
CONTINUOUS
10
9.3760464960629921
20
-2.1460868897637795
11
9.3804592913385818
21
-2.1471464960629922
0
LINE
8
Edge.Cuts
6
CONTINUOUS
10
9.3804592913385818
20
-2.1471464960629922
11
9.3849967322834651
21
-2.1470594881889764
0
LINE
8
Edge.Cuts
6
CONTINUOUS
10
9.3849967322834651
20
-2.1470594881889764
11
9.3893656692913385
21
-2.145831535433071
0
LINE
8
Edge.Cuts
6
CONTINUOUS
10
9.3893656692913385
20
-2.145831535433071
11
9.391326811023621
21
-2.144690118110236
0
LINE
8
Edge.Cuts
6
CONTINUOUS
10
9.391326811023621
20
-2.144690118110236
11
9.3947746456692904
21
-2.1430640551181104
0
LINE
8
Edge.Cuts
6
CONTINUOUS
10
9.3947746456692904
20
-2.1430640551181104
11
9.3984541732283464
21
-2.1420678346456694
0
LINE
8
Edge.Cuts
6
CONTINUOUS
10
9.3984541732283464
20
-2.1420678346456694
11
9.402251377952755
21
-2.1417322834645667
0
LINE
8
Edge.Cuts
6
CONTINUOUS
10
9.402251377952755
20
-2.1417322834645667
11
9.4648066929133865
21
-2.1417322834645667
0
LINE
8
Edge.Cuts
6
CONTINUOUS
10
9.4648066929133865
20
-2.1417322834645667
11
9.4648070078740147
21
-2.1417323228346454
0
LINE
8
Edge.Cuts
6
CONTINUOUS
10
9.4648070078740147
20
-2.1417323228346454
11
9.4686039370078738
21
-2.1420678740157482
0
LINE
8
Edge.Cuts
6
CONTINUOUS
10
9.4686039370078738
20
-2.1420678740157482
11
9.472283464566928
21
-2.1430640944881891
0
LINE
8
Edge.Cuts
6
CONTINUOUS
10
9.472283464566928
20
-2.1430640944881891
11
9.4757312992125975
21
-2.1446901574803148
0
LINE
8
Edge.Cuts
6
CONTINUOUS
10
9.4757312992125975
20
-2.1446901574803148
11
9.4776924409448817
21
-2.1458315748031493
0
LINE
8
Edge.Cuts
6
CONTINUOUS
10
9.4776924409448817
20
-2.1458315748031493
11
9.4820614173228339
21
-2.1470595275590552
0
LINE
8
Edge.Cuts
6
CONTINUOUS
10
9.4820614173228339
20
-2.1470595275590552
11
9.4865988188976385
21
-2.147146535433071
0
LINE
8
Edge.Cuts
6
CONTINUOUS
10
9.4865988188976385
20
-2.147146535433071
11
9.4910116141732281
21
-2.1460869291338582
0
LINE
8
Edge.Cuts
6
CONTINUOUS
10
9.4910116141732281
20
-2.1460869291338582
11
9.4950148425196854
21
-2.1439491338582677
0
LINE
8
Edge.Cuts
6
CONTINUOUS
10
9.4950148425196854
20
-2.1439491338582677
11
9.498349881889764
21
-2.1408712992125984
0
LINE
8
Edge.Cuts
6
CONTINUOUS
10
9.498349881889764
20
-2.1408712992125984
11
9.5008013385826775
21
-2.1370521259842521
0
LINE
8
Edge.Cuts
6
CONTINUOUS
10
9.5008013385826775
20
-2.1370521259842521
11
9.5022109448818899
21
-2.1327383464566929
0
LINE
8
Edge.Cuts
6
CONTINUOUS
10
9.5022109448818899
20
-2.1327383464566929
11
9.5024875590551172
21
-2.1282085433070868
0
LINE
8
Edge.Cuts
6
CONTINUOUS
10
9.5024875590551172
20
-2.1282085433070868
11
9.5016134251968509
21
-2.1237552755905513
0
LINE
8
Edge.Cuts
6
CONTINUOUS
10
9.5016134251968509
20
-2.1237552755905513
11
9.5006327165354332
21
-2.1217090157480314
0
LINE
8
Edge.Cuts
6
CONTINUOUS
10
9.5006327165354332
20
-2.1217090157480314
11
9.4994510236220471
21
-2.1186972047244095
0
LINE
8
Edge.Cuts
6
CONTINUOUS
10
9.4994510236220471
20
-2.1186972047244095
11
9.498731299212599
21
-2.1155429133858266
0
LINE
8
Edge.Cuts
6
CONTINUOUS
10
9.498731299212599
20
-2.1155429133858266
11
9.4984896456692915
21
-2.1123166141732281
0
LINE
8
Edge.Cuts
6
CONTINUOUS
10
9.4984896456692915
20
-2.1123166141732281
11
9.4984896456692915
21
-2.0569747637795275
0
LINE
8
Edge.Cuts
6
CONTINUOUS
10
9.4984896456692915
20
-2.0569747637795275
11
9.4984896850393703
21
-2.056974527559055
0
LINE
8
Edge.Cuts
6
CONTINUOUS
10
9.4984896850393703
20
-2.056974527559055
11
9.4984896456692915
21
-2.0569744094488187
0
LINE
8
Edge.Cuts
6
CONTINUOUS
10
9.4984896456692915
20
-2.0569744094488187
11
9.4987316929133865
21
-2.0537483858267715
0
LINE
8
Edge.Cuts
6
CONTINUOUS
10
9.4987316929133865
20
-2.0537483858267715
11
9.4994513385826771
21
-2.0505944094488187
0
LINE
8
Edge.Cuts
6
CONTINUOUS
10
9.4994513385826771
20
-2.0505944094488187
11
9.5006325590551182
21
-2.047582716535433
0
LINE
8
Edge.Cuts
6
CONTINUOUS
10
9.5006325590551182
20
-2.047582716535433
11
9.5006326377952757
21
-2.0475825984251967
0
LINE
8
Edge.Cuts
6
CONTINUOUS
10
9.5006326377952757
20
-2.0475825984251967
11
9.5006326771653544
21
-2.047582401574803
0
LINE
8
Edge.Cuts
6
CONTINUOUS
10
9.5006326771653544
20
-2.047582401574803
11
9.5016133858267722
21
-2.0455361811023622
0
LINE
8
Edge.Cuts
6
CONTINUOUS
10
9.5016133858267722
20
-2.0455361811023622
11
9.5024875590551172
21
-2.0410829133858268
0
LINE
8
Edge.Cuts
6
CONTINUOUS
10
9.5024875590551172
20
-2.0410829133858268
11
9.5022108661417324
21
-2.0365531102362202
0
LINE
8
Edge.Cuts
6
CONTINUOUS
10
9.5022108661417324
20
-2.0365531102362202
11
9.5008012992125987
21
-2.0322393307086615
0
LINE
8
Edge.Cuts
6
CONTINUOUS
10
9.5008012992125987
20
-2.0322393307086615
11
9.4983498031496065
21
-2.0284201968503939
0
LINE
8
Edge.Cuts
6
CONTINUOUS
10
9.4983498031496065
20
-2.0284201968503939
11
9.4950148031496067
21
-2.0253423622047242
0
LINE
8
Edge.Cuts
6
CONTINUOUS
10
9.4950148031496067
20
-2.0253423622047242
11
9.4910115748031494
21
-2.0232046062992124
0
LINE
8
Edge.Cuts
6
CONTINUOUS
10
9.4910115748031494
20
-2.0232046062992124
11
9.4865987795275597
21
-2.0221450000000001
0
LINE
8
Edge.Cuts
6
CONTINUOUS
10
9.4865987795275597
20
-2.0221450000000001
11
9.4820613779527552
21
-2.0222319685039372
0
LINE
8
Edge.Cuts
6
CONTINUOUS
10
9.4820613779527552
20
-2.0222319685039372
11
9.4776924409448817
21
-2.0234599212598425
0
LINE
8
Edge.Cuts
6
CONTINUOUS
10
9.4776924409448817
20
-2.0234599212598425
11
9.4757312992125975
21
-2.0246013385826771
0
LINE
8
Edge.Cuts
6
CONTINUOUS
10
9.4757312992125975
20
-2.0246013385826771
11
9.47573090551181
21
-2.0246014173228346
0
LINE
8
Edge.Cuts
6
CONTINUOUS
10
9.47573090551181
20
-2.0246014173228346
11
9.4722834251968493
21
-2.0262273228346457
0
LINE
8
Edge.Cuts
6
CONTINUOUS
10
9.4722834251968493
20
-2.0262273228346457
11
9.4686038976377951
21
-2.0272235433070867
0
LINE
8
Edge.Cuts
6
CONTINUOUS
10
9.4686038976377951
20
-2.0272235433070867
11
9.4648066929133865
21
-2.0275590944881889
0
LINE
8
Edge.Cuts
6
CONTINUOUS
10
9.4648066929133865
20
-2.0275590944881889
11
9.4022514173228338
21
-2.0275590944881889
0
LINE
8
Edge.Cuts
6
CONTINUOUS
10
9.4022514173228338
20
-2.0275590944881889
11
9.3984541732283464
21
-2.0272235433070867
0
LINE
8
Edge.Cuts
6
CONTINUOUS
10
9.3984541732283464
20
-2.0272235433070867
11
9.3947746456692904
21
-2.0262273228346457
0
LINE
8
Edge.Cuts
6
CONTINUOUS
10
9.3947746456692904
20
-2.0262273228346457
11
9.391326811023621
21
-2.0246012598425196
0
LINE
8
Edge.Cuts
6
CONTINUOUS
10
9.391326811023621
20
-2.0246012598425196
11
9.3893656692913385
21
-2.023459842519685
0
LINE
8
Edge.Cuts
6
CONTINUOUS
10
9.3893656692913385
20
-2.023459842519685
11
9.3849966929133863
21
-2.0222318897637797
0
LINE
8
Edge.Cuts
6
CONTINUOUS
10
9.3849966929133863
20
-2.0222318897637797
11
9.3804592913385818
21
-2.0221448818897638
0
LINE
8
Edge.Cuts
6
CONTINUOUS
10
9.3804592913385818
20
-2.0221448818897638
11
9.3760464566929134
21
-2.0232045275590549
0
LINE
8
Edge.Cuts
6
CONTINUOUS
10
1.6770413779527558
20
-2.0544458267716537
11
1.6772293700787402
21
-2.0550243700787401
0
LINE
8
Edge.Cuts
6
CONTINUOUS
10
1.6772293700787402
20
-2.0550243700787401
11
1.6772291732283464
21
-2.0551559448818897
0
LINE
8
Edge.Cuts
6
CONTINUOUS
10
1.6772291732283464
20
-2.0551559448818897
11
1.6772285039370078
21
-2.0552875196850393
0
LINE
8
Edge.Cuts
6
CONTINUOUS
10
1.6772285039370078
20
-2.0552875196850393
11
1.6772274409448817
21
-2.0554190551181102
0
LINE
8
Edge.Cuts
6
CONTINUOUS
10
1.6772274409448817
20
-2.0554190551181102
11
1.6770337795275589
21
-2.0559957086614173
0
LINE
8
Edge.Cuts
6
CONTINUOUS
10
1.6770337795275589
20
-2.0559957086614173
11
1.676538188976378
21
-2.0563484251968505
0
LINE
8
Edge.Cuts
6
CONTINUOUS
10
1.676538188976378
20
-2.0563484251968505
11
1.6759299212598424
21
-2.0563424409448818
0
LINE
8
Edge.Cuts
6
CONTINUOUS
10
1.6759299212598424
20
-2.0563424409448818
11
1.6754412992125984
21
-2.0559800787401574
0
LINE
8
Edge.Cuts
6
CONTINUOUS
10
1.6754412992125984
20
-2.0559800787401574
11
1.6752590157480314
21
-2.0553997637795276
0
LINE
8
Edge.Cuts
6
CONTINUOUS
10
1.6752590157480314
20
-2.0553997637795276
11
1.6752596456692912
21
-2.0553372047244096
0
LINE
8
Edge.Cuts
6
CONTINUOUS
10
1.6752596456692912
20
-2.0553372047244096
11
1.675260433070866
21
-2.0552120472440945
0
LINE
8
Edge.Cuts
6
CONTINUOUS
10
1.675260433070866
20
-2.0552120472440945
11
1.6752608661417323
21
-2.055086929133858
0
LINE
8
Edge.Cuts
6
CONTINUOUS
10
1.6752608661417323
20
-2.055086929133858
11
1.6752608661417323
21
-2.0550243700787401
0
LINE
8
Edge.Cuts
6
CONTINUOUS
10
1.6752608661417323
20
-2.0550243700787401
11
1.6754488582677165
21
-2.0544458267716537
0
LINE
8
Edge.Cuts
6
CONTINUOUS
10
1.6754488582677165
20
-2.0544458267716537
11
1.6759409842519684
21
-2.0540883070866141
0
LINE
8
Edge.Cuts
6
CONTINUOUS
10
1.6759409842519684
20
-2.0540883070866141
11
1.6765492519685039
21
-2.0540883070866141
0
LINE
8
Edge.Cuts
6
CONTINUOUS
10
1.6765492519685039
20
-2.0540883070866141
11
1.6770413779527558
21
-2.0544458267716537
0
LINE
8
Edge.Cuts
6
CONTINUOUS
10
9.7952500393700781
20
-1.8867779921259842
11
9.799849566929133
21
-1.8872950787401575
0
LINE
8
Edge.Cuts
6
CONTINUOUS
10
9.799849566929133
20
-1.8872950787401575
11
9.8042189370078745
21
-1.888823188976378
0
LINE
8
Edge.Cuts
6
CONTINUOUS
10
9.8042189370078745
20
-1.888823188976378
11
9.8081385039370073
21
-1.891285590551181
0
LINE
8
Edge.Cuts
6
CONTINUOUS
10
9.8081385039370073
20
-1.891285590551181
11
9.8114116141732275
21
-1.8945587007874016
0
LINE
8
Edge.Cuts
6
CONTINUOUS
10
9.8114116141732275
20
-1.8945587007874016
11
9.8138740157480306
21
-1.8984782677165355
0
LINE
8
Edge.Cuts
6
CONTINUOUS
10
9.8138740157480306
20
-1.8984782677165355
11
9.8154021259842512
21
-1.9028476377952754
0
LINE
8
Edge.Cuts
6
CONTINUOUS
10
9.8154021259842512
20
-1.9028476377952754
11
9.8159191732283464
21
-1.9074468503937008
0
LINE
8
Edge.Cuts
6
CONTINUOUS
10
9.8159191732283464
20
-1.9074468503937008
11
9.8159192519685039
21
-1.9074472440944881
0
LINE
8
Edge.Cuts
6
CONTINUOUS
10
9.8159192519685039
20
-1.9074472440944881
11
9.8159192519685039
21
-1.9567383070866142
0
LINE
8
Edge.Cuts
6
CONTINUOUS
10
9.8159192519685039
20
-1.9567383070866142
11
9.8159198425196852
21
-1.9592001574803148
0
LINE
8
Edge.Cuts
6
CONTINUOUS
10
9.8159198425196852
20
-1.9592001574803148
11
9.8171951181102362
21
-1.9639558267716535
0
LINE
8
Edge.Cuts
6
CONTINUOUS
10
9.8171951181102362
20
-1.9639558267716535
11
9.8196573622047243
21
-1.9682196456692913
0
LINE
8
Edge.Cuts
6
CONTINUOUS
10
9.8196573622047243
20
-1.9682196456692913
11
9.8231389763779529
21
-1.9717012598425196
0
LINE
8
Edge.Cuts
6
CONTINUOUS
10
9.8231389763779529
20
-1.9717012598425196
11
9.8274027952755905
21
-1.9741635039370078
0
LINE
8
Edge.Cuts
6
CONTINUOUS
10
9.8274027952755905
20
-1.9741635039370078
11
9.8321584645669287
21
-1.975438779527559
0
LINE
8
Edge.Cuts
6
CONTINUOUS
10
9.8321584645669287
20
-1.975438779527559
11
9.8346203149606293
21
-1.97543937007874
0
LINE
8
Edge.Cuts
6
CONTINUOUS
10
9.8346203149606293
20
-1.97543937007874
11
10.5432814566929132
21
-1.97543937007874
0
LINE
8
Edge.Cuts
6
CONTINUOUS
10
10.5432814566929132
20
-1.97543937007874
11
10.5432818110236219
21
-1.9754394094488188
0
LINE
8
Edge.Cuts
6
CONTINUOUS
10
10.5432818110236219
20
-1.9754394094488188
11
10.5478810629921256
21
-1.9759564960629921
0
LINE
8
Edge.Cuts
6
CONTINUOUS
10
10.5478810629921256
20
-1.9759564960629921
11
10.5522504330708653
21
-1.9774846062992126
0
LINE
8
Edge.Cuts
6
CONTINUOUS
10
10.5522504330708653
20
-1.9774846062992126
11
10.5561699999999998
21
-1.9799470078740158
0
LINE
8
Edge.Cuts
6
CONTINUOUS
10
10.5561699999999998
20
-1.9799470078740158
11
10.5594431102362201
21
-1.9832201181102362
0
LINE
8
Edge.Cuts
6
CONTINUOUS
10
10.5594431102362201
20
-1.9832201181102362
11
10.5619055118110232
21
-1.9871396850393701
0
LINE
8
Edge.Cuts
6
CONTINUOUS
10
10.5619055118110232
20
-1.9871396850393701
11
10.5634336220472438
21
-1.9915090551181103
0
LINE
8
Edge.Cuts
6
CONTINUOUS
10
10.5634336220472438
20
-1.9915090551181103
11
10.563950669291339
21
-1.9961082677165354
0
LINE
8
Edge.Cuts
6
CONTINUOUS
10
10.563950669291339
20
-1.9961082677165354
11
10.5639507480314965
21
-1.9961086614173227
0
LINE
8
Edge.Cuts
6
CONTINUOUS
10
10.5639507480314965
20
-1.9961086614173227
11
10.5639507480314965
21
-2.143707598425197
0
LINE
8
Edge.Cuts
6
CONTINUOUS
10
10.5639507480314965
20
-2.143707598425197
11
10.5639507086614177
21
-2.1437076377952757
0
LINE
8
Edge.Cuts
6
CONTINUOUS
10
10.5639507086614177
20
-2.1437076377952757
11
10.5639507480314965
21
-2.1437077165354332
0
LINE
8
Edge.Cuts
6
CONTINUOUS
10
10.5639507480314965
20
-2.1437077165354332
11
10.5639504724409452
21
-2.1461697637795276
0
LINE
8
Edge.Cuts
6
CONTINUOUS
10
10.5639504724409452
20
-2.1461697637795276
11
10.5652244881889761
21
-2.1509261417322834
0
LINE
8
Edge.Cuts
6
CONTINUOUS
10
10.5652244881889761
20
-2.1509261417322834
11
10.5676863385826767
21
-2.1551906299212598
0
LINE
8
Edge.Cuts
6
CONTINUOUS
10
10.5676863385826767
20
-2.1551906299212598
11
10.5711681102362203
21
-2.1586725196850391
0
LINE
8
Edge.Cuts
6
CONTINUOUS
10
10.5711681102362203
20
-2.1586725196850391
11
10.5754325196850392
21
-2.1611344488188977
0
LINE
8
Edge.Cuts
6
CONTINUOUS
10
10.5754325196850392
20
-2.1611344488188977
11
10.5801888976377949
21
-2.1624085826771653
0
LINE
8
Edge.Cuts
6
CONTINUOUS
10
10.5801888976377949
20
-2.1624085826771653
11
10.5826509055118105
21
-2.1624083858267715
0
LINE
8
Edge.Cuts
6
CONTINUOUS
10
10.5826509055118105
20
-2.1624083858267715
11
10.5826509448818893
21
-2.1624083858267715
0
LINE
8
Edge.Cuts
6
CONTINUOUS
10
10.5826509448818893
20
-2.1624083858267715
11
10.5826510629921255
21
-2.1624083858267715
0
LINE
8
Edge.Cuts
6
CONTINUOUS
10
10.5826510629921255
20
-2.1624083858267715
11
12.0047225984251966
21
-2.1624447244094487
0
LINE
8
Edge.Cuts
6
CONTINUOUS
10
12.0047225984251966
20
-2.1624447244094487
11
12.0433062598425202
21
-2.1624447244094487
0
LINE
8
Edge.Cuts
6
CONTINUOUS
10
12.0433062598425202
20
-2.1624447244094487
11
12.043306299212599
21
-2.1624447244094487
0
LINE
8
Edge.Cuts
6
CONTINUOUS
10
12.043306299212599
20
-2.1624447244094487
11
12.0433063385826777
21
-2.1624447244094487
0
LINE
8
Edge.Cuts
6
CONTINUOUS
10
12.0433063385826777
20
-2.1624447244094487
11
12.0503108267716534
21
-2.1630576771653542
0
LINE
8
Edge.Cuts
6
CONTINUOUS
10
12.0503108267716534
20
-2.1630576771653542
11
12.057102598425196
21
-2.1648770472440946
0
LINE
8
Edge.Cuts
6
CONTINUOUS
10
12.057102598425196
20
-2.1648770472440946
11
12.0634755511811029
21
-2.1678476377952753
0
LINE
8
Edge.Cuts
6
CONTINUOUS
10
12.0634755511811029
20
-2.1678476377952753
11
12.0692361417322829
21
-2.171879251968504
0
LINE
8
Edge.Cuts
6
CONTINUOUS
10
12.0692361417322829
20
-2.171879251968504
11
12.0742095669291327
21
-2.1768495275590549
0
LINE
8
Edge.Cuts
6
CONTINUOUS
10
12.0742095669291327
20
-2.1768495275590549
11
12.078244842519684
21
-2.1826075984251969
0
LINE
8
Edge.Cuts
6
CONTINUOUS
10
12.078244842519684
20
-2.1826075984251969
11
12.0812194881889763
21
-2.188978622047244
0
LINE
8
Edge.Cuts
6
CONTINUOUS
10
12.0812194881889763
20
-2.188978622047244
11
12.0830431496062989
21
-2.1957692519685037
0
LINE
8
Edge.Cuts
6
CONTINUOUS
10
12.0830431496062989
20
-2.1957692519685037
11
12.0836605511811026
21
-2.2027733858267715
0
LINE
8
Edge.Cuts
6
CONTINUOUS
10
12.0836605511811026
20
-2.2027733858267715
11
12.0836605511811026
21
-2.2027734251968503
0
LINE
8
Edge.Cuts
6
CONTINUOUS
10
12.0836605511811026
20
-2.2027734251968503
11
12.0850397244094481
21
-4.3750527559055117
0
LINE
8
Edge.Cuts
6
CONTINUOUS
10
12.0850397244094481
20
-4.3750527559055117
11
12.0850396850393693
21
-4.3750528740157479
0
LINE
8
Edge.Cuts
6
CONTINUOUS
10
12.0850396850393693
20
-4.3750528740157479
11
12.0850397244094481
21
-4.3750529921259842
0
LINE
8
Edge.Cuts
6
CONTINUOUS
10
12.0850397244094481
20
-4.3750529921259842
11
12.0843612204724415
21
-4.3854629921259844
0
LINE
8
Edge.Cuts
6
CONTINUOUS
10
12.0843612204724415
20
-4.3854629921259844
11
12.0823292519685044
21
-4.3956952362204724
0
LINE
8
Edge.Cuts
6
CONTINUOUS
10
12.0823292519685044
20
-4.3956952362204724
11
12.0789785826771645
21
-4.4055745669291335
0
LINE
8
Edge.Cuts
6
CONTINUOUS
10
12.0789785826771645
20
-4.4055745669291335
11
12.0743666141732273
21
-4.414931771653543
0
LINE
8
Edge.Cuts
6
CONTINUOUS
10
12.0743666141732273
20
-4.414931771653543
11
12.068572283464567
21
-4.423606653543307
0
LINE
8
Edge.Cuts
6
CONTINUOUS
10
12.068572283464567
20
-4.423606653543307
11
12.0616948031496065
21
-4.4314506692913387
0
LINE
8
Edge.Cuts
6
CONTINUOUS
10
12.0616948031496065
20
-4.4314506692913387
11
12.0538520078740152
21
-4.4383294881889759
0
LINE
8
Edge.Cuts
6
CONTINUOUS
10
12.0538520078740152
20
-4.4383294881889759
11
12.0451781102362201
21
-4.4441253149606297
0
LINE
8
Edge.Cuts
6
CONTINUOUS
10
12.0451781102362201
20
-4.4441253149606297
11
12.0358216929133857
21
-4.4487389370078736
0
LINE
8
Edge.Cuts
6
CONTINUOUS
10
12.0358216929133857
20
-4.4487389370078736
11
12.025942952755905
21
-4.4520912992125981
0
LINE
8
Edge.Cuts
6
CONTINUOUS
10
12.025942952755905
20
-4.4520912992125981
11
12.0157110629921249
21
-4.454125078740157
0
LINE
8
Edge.Cuts
6
CONTINUOUS
10
12.0157110629921249
20
-4.454125078740157
11
12.0053012598425202
21
-4.4548053149606295
0
LINE
8
Edge.Cuts
6
CONTINUOUS
10
12.0053012598425202
20
-4.4548053149606295
11
12.0053012598425202
21
-4.4548053543307082
0
LINE
8
Edge.Cuts
6
CONTINUOUS
10
12.0053012598425202
20
-4.4548053543307082
11
12.0053012204724414
21
-4.4548053149606295
0
LINE
8
Edge.Cuts
6
CONTINUOUS
10
12.0053012204724414
20
-4.4548053149606295
11
12.0053012204724414
21
-4.4548053543307082
0
LINE
8
Edge.Cuts
6
CONTINUOUS
10
12.0053012204724414
20
-4.4548053543307082
11
12.0053011811023627
21
-4.4548053149606295
0
LINE
8
Edge.Cuts
6
CONTINUOUS
10
12.0053011811023627
20
-4.4548053149606295
11
9.86612842519685
21
-4.4544264566929135
0
LINE
8
Edge.Cuts
6
CONTINUOUS
10
9.86612842519685
20
-4.4544264566929135
11
9.8661283858267712
21
-4.4544264173228347
0
LINE
8
Edge.Cuts
6
CONTINUOUS
10
9.8661283858267712
20
-4.4544264173228347
11
9.8661283858267712
21
-4.4544264566929135
0
LINE
8
Edge.Cuts
6
CONTINUOUS
10
9.8661283858267712
20
-4.4544264566929135
11
9.8613123622047247
21
-4.4544268110236223
0
LINE
8
Edge.Cuts
6
CONTINUOUS
10
9.8613123622047247
20
-4.4544268110236223
11
9.8517536614173231
21
-4.4556136614173223
0
LINE
8
Edge.Cuts
6
CONTINUOUS
10
9.8517536614173231
20
-4.4556136614173223
11
9.842414488188977
21
-4.4579711023622046
0
LINE
8
Edge.Cuts
6
CONTINUOUS
10
9.842414488188977
20
-4.4579711023622046
11
9.8334376377952761
21
-4.4614630314960628
0
LINE
8
Edge.Cuts
6
CONTINUOUS
10
9.8334376377952761
20
-4.4614630314960628
11
9.824960314960629
21
-4.4660360629921261
0
LINE
8
Edge.Cuts
6
CONTINUOUS
10
9.824960314960629
20
-4.4660360629921261
11
9.817112165354331
21
-4.471620275590551
0
LINE
8
Edge.Cuts
6
CONTINUOUS
10
9.817112165354331
20
-4.471620275590551
11
9.8100131102362198
21
-4.4781303543307089
0
LINE
8
Edge.Cuts
6
CONTINUOUS
10
9.8100131102362198
20
-4.4781303543307089
11
9.8037717322834652
21
-4.4854667322834647
0
LINE
8
Edge.Cuts
6
CONTINUOUS
10
9.8037717322834652
20
-4.4854667322834647
11
9.8011265354330703
21
-4.4894913385826767
0
LINE
8
Edge.Cuts
6
CONTINUOUS
10
9.8011265354330703
20
-4.4894913385826767
11
9.8011239763779532
21
-4.4894933464566931
0
LINE
8
Edge.Cuts
6
CONTINUOUS
10
9.8011239763779532
20
-4.4894933464566931
11
9.8011220078740156
21
-4.4894981889763779
0
LINE
8
Edge.Cuts
6
CONTINUOUS
10
9.8011220078740156
20
-4.4894981889763779
11
9.4671216535433071
21
-4.9888148425196848
0
LINE
8
Edge.Cuts
6
CONTINUOUS
10
9.4671216535433071
20
-4.9888148425196848
11
9.4611937401574799
21
-4.9965974015748031
0
LINE
8
Edge.Cuts
6
CONTINUOUS
10
9.4611937401574799
20
-4.9965974015748031
11
9.4543572440944885
21
-5.0035953149606298
0
LINE
8
Edge.Cuts
6
CONTINUOUS
10
9.4543572440944885
20
-5.0035953149606298
11
9.4467151181102356
21
-5.0097031889763777
0
LINE
8
Edge.Cuts
6
CONTINUOUS
10
9.4467151181102356
20
-5.0097031889763777
11
9.4383824015748026
21
-5.0148290157480311
0
LINE
8
Edge.Cuts
6
CONTINUOUS
10
9.4383824015748026
20
-5.0148290157480311
11
9.4294846062992121
21
-5.0188956692913385
0
LINE
8
Edge.Cuts
6
CONTINUOUS
10
9.4294846062992121
20
-5.0188956692913385
11
9.4201557086614169
21
-5.0218418503937006
0
LINE
8
Edge.Cuts
6
CONTINUOUS
10
9.4201557086614169
20
-5.0218418503937006
11
9.410536181102362
21
-5.0236232283464561
0
LINE
8
Edge.Cuts
6
CONTINUOUS
10
9.410536181102362
20
-5.0236232283464561
11
9.4007709055118109
21
-5.0242129527559056
0
LINE
8
Edge.Cuts
6
CONTINUOUS
10
9.4007709055118109
20
-5.0242129527559056
11
8.7027816141732277
21
-5.0234703543307084
0
LINE
8
Edge.Cuts
6
CONTINUOUS
10
8.7027816141732277
20
-5.0234703543307084
11
8.6994128346456687
21
-5.0234711811023622
0
LINE
8
Edge.Cuts
6
CONTINUOUS
10
8.6994128346456687
20
-5.0234711811023622
11
8.692698779527559
21
-5.0240541732283459
0
LINE
8
Edge.Cuts
6
CONTINUOUS
10
8.692698779527559
20
-5.0240541732283459
11
8.6860603543307082
21
-5.0252159055118106
0
LINE
8
Edge.Cuts
6
CONTINUOUS
10
8.6860603543307082
20
-5.0252159055118106
11
8.6828036614173225
21
-5.026080866141732
0
LINE
8
Edge.Cuts
6
CONTINUOUS
10
8.6828036614173225
20
-5.026080866141732
11
8.6828035433070863
21
-5.0260809448818895
0
LINE
8
Edge.Cuts
6
CONTINUOUS
10
8.6828035433070863
20
-5.0260809448818895
11
7.9881859448818897
21
-5.2107594881889758
0
LINE
8
Edge.Cuts
6
CONTINUOUS
10
7.9881859448818897
20
-5.2107594881889758
11
7.9846706692913383
21
-5.2116935433070868
0
LINE
8
Edge.Cuts
6
CONTINUOUS
10
7.9846706692913383
20
-5.2116935433070868
11
7.9778456299212595
21
-5.2142107874015746
0
LINE
8
Edge.Cuts
6
CONTINUOUS
10
7.9778456299212595
20
-5.2142107874015746
11
7.97128531496063
21
-5.2173541732283466
0
LINE
8
Edge.Cuts
6
CONTINUOUS
10
7.97128531496063
20
-5.2173541732283466
11
7.9681664960629917
21
-5.2192256692913386
0
LINE
8
Edge.Cuts
6
CONTINUOUS
10
7.9681664960629917
20
-5.2192256692913386
11
7.3736956692913385
21
-5.5758266929133855
0
LINE
8
Edge.Cuts
6
CONTINUOUS
10
7.3736956692913385
20
-5.5758266929133855
11
7.3736887795275585
21
-5.5758291338582673
0
LINE
8
Edge.Cuts
6
CONTINUOUS
10
7.3736887795275585
20
-5.5758291338582673
11
7.3736857874015742
21
-5.5758325196850391
0
LINE
8
Edge.Cuts
6
CONTINUOUS
10
7.3736857874015742
20
-5.5758325196850391
11
7.3643368110236223
21
-5.5805000393700785
0
LINE
8
Edge.Cuts
6
CONTINUOUS
10
7.3643368110236223
20
-5.5805000393700785
11
7.354457677165354
21
-5.5839047244094484
0
LINE
8
Edge.Cuts
6
CONTINUOUS
10
7.354457677165354
20
-5.5839047244094484
11
7.3442181496062995
21
-5.5859881102362205
0
LINE
8
Edge.Cuts
6
CONTINUOUS
10
7.3442181496062995
20
-5.5859881102362205
11
7.3337940551181102
21
-5.5867144094488186
0
LINE
8
Edge.Cuts
6
CONTINUOUS
10
7.3337940551181102
20
-5.5867144094488186
11
7.3233645275590549
21
-5.5860711023622045
0
LINE
8
Edge.Cuts
6
CONTINUOUS
10
7.3233645275590549
20
-5.5860711023622045
11
7.3131087401574799
21
-5.584069291338583
0
LINE
8
Edge.Cuts
6
CONTINUOUS
10
7.3131087401574799
20
-5.584069291338583
11
7.3032028346456688
21
-5.5807433858267714
0
LINE
8
Edge.Cuts
6
CONTINUOUS
10
7.3032028346456688
20
-5.5807433858267714
11
7.2938170078740159
21
-5.5761504330708664
0
LINE
8
Edge.Cuts
6
CONTINUOUS
10
7.2938170078740159
20
-5.5761504330708664
11
7.2851124803149601
21
-5.5703694094488192
0
LINE
8
Edge.Cuts
6
CONTINUOUS
10
7.2851124803149601
20
-5.5703694094488192
11
7.2772388188976374
21
-5.5634996456692916
0
LINE
8
Edge.Cuts
6
CONTINUOUS
10
7.2772388188976374
20
-5.5634996456692916
11
7.2703312598425196
21
-5.5556590551181104
0
LINE
8
Edge.Cuts
6
CONTINUOUS
10
7.2703312598425196
20
-5.5556590551181104
11
7.2645258267716537
21
-5.5470083464566926
0
LINE
8
Edge.Cuts
6
CONTINUOUS
10
7.2645258267716537
20
-5.5470083464566926
11
7.2645203937007876
21
-5.5470024409448815
0
LINE
8
Edge.Cuts
6
CONTINUOUS
10
7.2645203937007876
20
-5.5470024409448815
11
6.6599289763779526
21
-4.5590583464566929
0
LINE
8
Edge.Cuts
6
CONTINUOUS
10
6.6599289763779526
20
-4.5590583464566929
11
6.6599289370078738
21
-4.5590582677165354
0
LINE
8
Edge.Cuts
6
CONTINUOUS
10
6.6599289370078738
20
-4.5590582677165354
11
6.6557764960629919
21
-4.5513512204724407
0
LINE
8
Edge.Cuts
6
CONTINUOUS
10
6.6557764960629919
20
-4.5513512204724407
11
6.652493897637795
21
-4.5432353937007877
0
LINE
8
Edge.Cuts
6
CONTINUOUS
10
6.652493897637795
20
-4.5432353937007877
11
6.6501207480314957
21
-4.5348086614173226
0
LINE
8
Edge.Cuts
6
CONTINUOUS
10
6.6501207480314957
20
-4.5348086614173226
11
6.6486857086614171
21
-4.5261725590551176
0
LINE
8
Edge.Cuts
6
CONTINUOUS
10
6.6486857086614171
20
-4.5261725590551176
11
6.6482059842519687
21
-4.5174311811023617
0
LINE
8
Edge.Cuts
6
CONTINUOUS
10
6.6482059842519687
20
-4.5174311811023617
11
6.6482059842519687
21
-4.517431141732283
0
LINE
8
Edge.Cuts
6
CONTINUOUS
10
6.6482059842519687
20
-4.517431141732283
11
6.6482059842519687
21
-4.5174311023622042
0
LINE
8
Edge.Cuts
6
CONTINUOUS
10
6.6482059842519687
20
-4.5174311023622042
11
6.6483277952755904
21
-3.7376435826771655
0
LINE
8
Edge.Cuts
6
CONTINUOUS
10
6.6483277952755904
20
-3.7376435826771655
11
6.6483270078740153
21
-3.7332724409448819
0
LINE
8
Edge.Cuts
6
CONTINUOUS
10
6.6483270078740153
20
-3.7332724409448819
11
6.6473460629921259
21
-3.724584803149606
0
LINE
8
Edge.Cuts
6
CONTINUOUS
10
6.6473460629921259
20
-3.724584803149606
11
6.6453977165354328
21
-3.7160618503937006
0
LINE
8
Edge.Cuts
6
CONTINUOUS
10
6.6453977165354328
20
-3.7160618503937006
11
6.6425064566929128
21
-3.7078109055118111
0
LINE
8
Edge.Cuts
6
CONTINUOUS
10
6.6425064566929128
20
-3.7078109055118111
11
6.6387087401574805
21
-3.6999359448818896
0
LINE
8
Edge.Cuts
6
CONTINUOUS
10
6.6387087401574805
20
-3.6999359448818896
11
6.634052440944882
21
-3.6925362598425195
0
LINE
8
Edge.Cuts
6
CONTINUOUS
10
6.634052440944882
20
-3.6925362598425195
11
6.6285961417322836
21
-3.6857049606299213
0
LINE
8
Edge.Cuts
6
CONTINUOUS
10
6.6285961417322836
20
-3.6857049606299213
11
6.6255027165354328
21
-3.6826165354330707
0
LINE
8
Edge.Cuts
6
CONTINUOUS
10
6.6255027165354328
20
-3.6826165354330707
11
6.6255025984251965
21
-3.6826164566929132
0
LINE
8
Edge.Cuts
6
CONTINUOUS
10
6.6255025984251965
20
-3.6826164566929132
11
6.1860537795275592
21
-3.2439814173228347
0
LINE
8
Edge.Cuts
6
CONTINUOUS
10
6.1860537795275592
20
-3.2439814173228347
11
6.1860398818897639
21
-3.2439606692913383
0
LINE
8
Edge.Cuts
6
CONTINUOUS
10
6.1860398818897639
20
-3.2439606692913383
11
6.1860266535433066
21
-3.2439532677165355
0
LINE
8
Edge.Cuts
6
CONTINUOUS
10
6.1860266535433066
20
-3.2439532677165355
11
6.1797637795275593
21
-3.2362789763779527
0
LINE
8
Edge.Cuts
6
CONTINUOUS
10
6.1797637795275593
20
-3.2362789763779527
11
6.1745007480314955
21
-3.2278874015748031
0
LINE
8
Edge.Cuts
6
CONTINUOUS
10
6.1745007480314955
20
-3.2278874015748031
11
6.1703187007874014
21
-3.218908031496063
0
LINE
8
Edge.Cuts
6
CONTINUOUS
10
6.1703187007874014
20
-3.218908031496063
11
6.1672822440944879
21
-3.2094794488188976
0
LINE
8
Edge.Cuts
6
CONTINUOUS
10
6.1672822440944879
20
-3.2094794488188976
11
6.1654381889763776
21
-3.1997471259842518
0
LINE
8
Edge.Cuts
6
CONTINUOUS
10
6.1654381889763776
20
-3.1997471259842518
11
6.1648173622047242
21
-3.1898987401574801
0
LINE
8
Edge.Cuts
6
CONTINUOUS
10
6.1648173622047242
20
-3.1898987401574801
11
6.164815472440945
21
-3.1898905511811022
0
LINE
8
Edge.Cuts
6
CONTINUOUS
10
6.164815472440945
20
-3.1898905511811022
11
6.164137716535433
21
-3.1677466535433072
0
LINE
8
Edge.Cuts
6
CONTINUOUS
10
6.164137716535433
20
-3.1677466535433072
11
6.1641408661417323
21
-3.1677277165354329
0
LINE
8
Edge.Cuts
6
CONTINUOUS
10
6.1641408661417323
20
-3.1677277165354329
11
6.1641372440944879
21
-3.1677165354330707
0
LINE
8
Edge.Cuts
6
CONTINUOUS
10
6.1641372440944879
20
-3.1677165354330707
11
6.1641372440944879
21
-3.1630507874015747
0
LINE
8
Edge.Cuts
6
CONTINUOUS
10
6.1641372440944879
20
-3.1630507874015747
11
6.1626774803149607
21
-3.1538341338582678
0
LINE
8
Edge.Cuts
6
CONTINUOUS
10
6.1626774803149607
20
-3.1538341338582678
11
6.1597938582677161
21
-3.1449593307086614
0
LINE
8
Edge.Cuts
6
CONTINUOUS
10
6.1597938582677161
20
-3.1449593307086614
11
6.1555574409448814
21
-3.1366449212598426
0
LINE
8
Edge.Cuts
6
CONTINUOUS
10
6.1555574409448814
20
-3.1366449212598426
11
6.1500725196850397
21
-3.1290955511811025
0
LINE
8
Edge.Cuts
6
CONTINUOUS
10
6.1500725196850397
20
-3.1290955511811025
11
6.1434741338582679
21
-3.1224971653543308
0
LINE
8
Edge.Cuts
6
CONTINUOUS
10
6.1434741338582679
20
-3.1224971653543308
11
6.1359247637795278
21
-3.1170122440944881
0
LINE
8
Edge.Cuts
6
CONTINUOUS
10
6.1359247637795278
20
-3.1170122440944881
11
6.1276103543307086
21
-3.1127758267716534
0
LINE
8
Edge.Cuts
6
CONTINUOUS
10
6.1276103543307086
20
-3.1127758267716534
11
6.1187355511811026
21
-3.1098922047244093
0
LINE
8
Edge.Cuts
6
CONTINUOUS
10
6.1187355511811026
20
-3.1098922047244093
11
6.1095188976377948
21
-3.108432440944882
0
LINE
8
Edge.Cuts
6
CONTINUOUS
10
6.1095188976377948
20
-3.108432440944882
11
6.1001874015748028
21
-3.108432440944882
0
LINE
8
Edge.Cuts
6
CONTINUOUS
10
6.1001874015748028
20
-3.108432440944882
11
6.0909707480314959
21
-3.1098922047244093
0
LINE
8
Edge.Cuts
6
CONTINUOUS
10
6.0909707480314959
20
-3.1098922047244093
11
6.0820959448818899
21
-3.1127758267716534
0
LINE
8
Edge.Cuts
6
CONTINUOUS
10
6.0820959448818899
20
-3.1127758267716534
11
6.0737815354330706
21
-3.1170122440944881
0
LINE
8
Edge.Cuts
6
CONTINUOUS
10
6.0737815354330706
20
-3.1170122440944881
11
6.0662321653543305
21
-3.1224971653543308
0
LINE
8
Edge.Cuts
6
CONTINUOUS
10
6.0662321653543305
20
-3.1224971653543308
11
6.0596337795275588
21
-3.1290955511811025
0
LINE
8
Edge.Cuts
6
CONTINUOUS
10
6.0596337795275588
20
-3.1290955511811025
11
6.0541488582677161
21
-3.1366449212598426
0
LINE
8
Edge.Cuts
6
CONTINUOUS
10
6.0541488582677161
20
-3.1366449212598426
11
6.0499124409448815
21
-3.1449593307086614
0
LINE
8
Edge.Cuts
6
CONTINUOUS
10
6.0499124409448815
20
-3.1449593307086614
11
6.0470288188976378
21
-3.1538341338582678
0
LINE
8
Edge.Cuts
6
CONTINUOUS
10
6.0470288188976378
20
-3.1538341338582678
11
6.0455690551181105
21
-3.1630507874015747
0
LINE
8
Edge.Cuts
6
CONTINUOUS
10
6.0455690551181105
20
-3.1630507874015747
11
6.0455690551181105
21
-3.1677165354330707
0
LINE
8
Edge.Cuts
6
CONTINUOUS
10
6.0455690551181105
20
-3.1677165354330707
11
6.0454722834645667
21
-3.1680142913385825
0
LINE
8
Edge.Cuts
6
CONTINUOUS
10
6.0454722834645667
20
-3.1680142913385825
11
6.045459881889764
21
-3.1936973228346455
0
LINE
8
Edge.Cuts
6
CONTINUOUS
10
6.045459881889764
20
-3.1936973228346455
11
6.0454529921259841
21
-3.1937317716535434
0
LINE
8
Edge.Cuts
6
CONTINUOUS
10
6.0454529921259841
20
-3.1937317716535434
11
6.045459881889764
21
-3.193752992125984
0
LINE
8
Edge.Cuts
6
CONTINUOUS
10
6.045459881889764
20
-3.193752992125984
11
6.0448375984251967
21
-3.2036390944881887
0
LINE
8
Edge.Cuts
6
CONTINUOUS
10
6.0448375984251967
20
-3.2036390944881887
11
6.0429940551181103
21
-3.213371653543307
0
LINE
8
Edge.Cuts
6
CONTINUOUS
10
6.0429940551181103
20
-3.213371653543307
11
6.039957716535433
21
-3.2228004724409449
0
LINE
8
Edge.Cuts
6
CONTINUOUS
10
6.039957716535433
20
-3.2228004724409449
11
6.0357754330708664
21
-3.2317799212598426
0
LINE
8
Edge.Cuts
6
CONTINUOUS
10
6.0357754330708664
20
-3.2317799212598426
11
6.030511850393701
21
-3.2401713385826771
0
LINE
8
Edge.Cuts
6
CONTINUOUS
10
6.030511850393701
20
-3.2401713385826771
11
6.024248149606299
21
-3.2478451968503936
0
LINE
8
Edge.Cuts
6
CONTINUOUS
10
6.024248149606299
20
-3.2478451968503936
11
6.0242349212598425
21
-3.2478525590551182
0
LINE
8
Edge.Cuts
6
CONTINUOUS
10
6.0242349212598425
20
-3.2478525590551182
11
6.0242211023622048
21
-3.2478732677165354
0
LINE
8
Edge.Cuts
6
CONTINUOUS
10
6.0242211023622048
20
-3.2478732677165354
11
5.5847723228346453
21
-3.686508188976378
0
LINE
8
Edge.Cuts
6
CONTINUOUS
10
5.5847723228346453
20
-3.686508188976378
11
5.5847722834645666
21
-3.6865083070866143
0
LINE
8
Edge.Cuts
6
CONTINUOUS
10
5.5847722834645666
20
-3.6865083070866143
11
5.5816785826771653
21
-3.6895967716535432
0
LINE
8
Edge.Cuts
6
CONTINUOUS
10
5.5816785826771653
20
-3.6895967716535432
11
5.5762221259842519
21
-3.6964279133858269
0
LINE
8
Edge.Cuts
6
CONTINUOUS
10
5.5762221259842519
20
-3.6964279133858269
11
5.5715656692913385
21
-3.7038275984251969
0
LINE
8
Edge.Cuts
6
CONTINUOUS
10
5.5715656692913385
20
-3.7038275984251969
11
5.5677678740157477
21
-3.7117025196850393
0
LINE
8
Edge.Cuts
6
CONTINUOUS
10
5.5677678740157477
20
-3.7117025196850393
11
5.5648766535433065
21
-3.719953503937008
0
LINE
8
Edge.Cuts
6
CONTINUOUS
10
5.5648766535433065
20
-3.719953503937008
11
5.5629284251968505
21
-3.7284765354330709
0
LINE
8
Edge.Cuts
6
CONTINUOUS
10
5.5629284251968505
20
-3.7284765354330709
11
5.5619477559055115
21
-3.7371642519685038
0
LINE
8
Edge.Cuts
6
CONTINUOUS
10
5.5619477559055115
20
-3.7371642519685038
11
5.5619470866141727
21
-3.7415354330708661
0
LINE
8
Edge.Cuts
6
CONTINUOUS
10
5.5619470866141727
20
-3.7415354330708661
11
5.5620688976377952
21
-4.5213229527559058
0
LINE
8
Edge.Cuts
6
CONTINUOUS
10
5.5620688976377952
20
-4.5213229527559058
11
5.5615895669291335
21
-4.5300644094488192
0
LINE
8
Edge.Cuts
6
CONTINUOUS
10
5.5615895669291335
20
-4.5300644094488192
11
5.5601546850393699
21
-4.5387006299212596
0
LINE
8
Edge.Cuts
6
CONTINUOUS
10
5.5601546850393699
20
-4.5387006299212596
11
5.5577815354330706
21
-4.5471274409448821
0
LINE
8
Edge.Cuts
6
CONTINUOUS
10
5.5577815354330706
20
-4.5471274409448821
11
5.5544987401574799
21
-4.5552432283464563
0
LINE
8
Edge.Cuts
6
CONTINUOUS
10
5.5544987401574799
20
-4.5552432283464563
11
5.5503459055118105
21
-4.5629501968503936
0
LINE
8
Edge.Cuts
6
CONTINUOUS
10
5.5503459055118105
20
-4.5629501968503936
11
4.9457544881889763
21
-5.5508942913385821
0
LINE
8
Edge.Cuts
6
CONTINUOUS
10
4.9457544881889763
20
-5.5508942913385821
11
4.945749094488189
21
-5.550900078740157
0
LINE
8
Edge.Cuts
6
CONTINUOUS
10
4.945749094488189
20
-5.550900078740157
11
4.9399433464566931
21
-5.5595506299212598
0
LINE
8
Edge.Cuts
6
CONTINUOUS
10
4.9399433464566931
20
-5.5595506299212598
11
4.9330356299212594
21
-5.5673908661417322
0
LINE
8
Edge.Cuts
6
CONTINUOUS
10
4.9330356299212594
20
-5.5673908661417322
11
4.9251618897637792
21
-5.574260433070866
0
LINE
8
Edge.Cuts
6
CONTINUOUS
10
4.9251618897637792
20
-5.574260433070866
11
4.9164573622047243
21
-5.5800412204724408
0
LINE
8
Edge.Cuts
6
CONTINUOUS
10
4.9164573622047243
20
-5.5800412204724408
11
4.907071614173228
21
-5.5846339763779529
0
LINE
8
Edge.Cuts
6
CONTINUOUS
10
4.907071614173228
20
-5.5846339763779529
11
4.8971657874015744
21
-5.5879598425196848
0
LINE
8
Edge.Cuts
6
CONTINUOUS
10
4.8971657874015744
20
-5.5879598425196848
11
4.8869101181102357
21
-5.5899616535433072
0
LINE
8
Edge.Cuts
6
CONTINUOUS
10
4.8869101181102357
20
-5.5899616535433072
11
4.8764807086614175
21
-5.5906050393700788
0
LINE
8
Edge.Cuts
6
CONTINUOUS
10
4.8764807086614175
20
-5.5906050393700788
11
4.8660567716535432
21
-5.5898789370078736
0
LINE
8
Edge.Cuts
6
CONTINUOUS
10
4.8660567716535432
20
-5.5898789370078736
11
4.8558172834645665
21
-5.5877958267716537
0
LINE
8
Edge.Cuts
6
CONTINUOUS
10
4.8558172834645665
20
-5.5877958267716537
11
4.845938188976378
21
-5.5843914960629917
0
LINE
8
Edge.Cuts
6
CONTINUOUS
10
4.845938188976378
20
-5.5843914960629917
11
4.8365891338582676
21
-5.5797244094488185
0
LINE
8
Edge.Cuts
6
CONTINUOUS
10
4.8365891338582676
20
-5.5797244094488185
11
4.8365861023622045
21
-5.5797209842519679
0
LINE
8
Edge.Cuts
6
CONTINUOUS
10
4.8365861023622045
20
-5.5797209842519679
11
4.8365792125984255
21
-5.5797185433070862
0
LINE
8
Edge.Cuts
6
CONTINUOUS
10
4.8365792125984255
20
-5.5797185433070862
11
4.2421083858267714
21
-5.2231175196850392
0
LINE
8
Edge.Cuts
6
CONTINUOUS
10
4.2421083858267714
20
-5.2231175196850392
11
4.238989566929134
21
-5.2212460236220473
0
LINE
8
Edge.Cuts
6
CONTINUOUS
10
4.238989566929134
20
-5.2212460236220473
11
4.2324292913385824
21
-5.2181025984251965
0
LINE
8
Edge.Cuts
6
CONTINUOUS
10
4.2324292913385824
20
-5.2181025984251965
11
4.2256042125984248
21
-5.2155853543307087
0
LINE
8
Edge.Cuts
6
CONTINUOUS
10
4.2256042125984248
20
-5.2155853543307087
11
4.222088976377953
21
-5.2146513385826774
0
LINE
8
Edge.Cuts
6
CONTINUOUS
10
4.222088976377953
20
-5.2146513385826774
11
4.2220889370078742
21
-5.2146513385826774
0
LINE
8
Edge.Cuts
6
CONTINUOUS
10
4.2220889370078742
20
-5.2146513385826774
11
3.5274712992125985
21
-5.0299727952755902
0
LINE
8
Edge.Cuts
6
CONTINUOUS
10
3.5274712992125985
20
-5.0299727952755902
11
3.5242145275590548
21
-5.0291078740157475
0
LINE
8
Edge.Cuts
6
CONTINUOUS
10
3.5242145275590548
20
-5.0291078740157475
11
3.5175761023622045
21
-5.0279461811023625
0
LINE
8
Edge.Cuts
6
CONTINUOUS
10
3.5175761023622045
20
-5.0279461811023625
11
3.5108620078740156
21
-5.0273631496062992
0
LINE
8
Edge.Cuts
6
CONTINUOUS
10
3.5108620078740156
20
-5.0273631496062992
11
3.5074931889763779
21
-5.0273622047244091
0
LINE
8
Edge.Cuts
6
CONTINUOUS
10
3.5074931889763779
20
-5.0273622047244091
11
2.8095039763779526
21
-5.0281048031496063
0
LINE
8
Edge.Cuts
6
CONTINUOUS
10
2.8095039763779526
20
-5.0281048031496063
11
2.7997387007874015
21
-5.0275149606299214
0
LINE
8
Edge.Cuts
6
CONTINUOUS
10
2.7997387007874015
20
-5.0275149606299214
11
2.7901192519685041
21
-5.0257335039370075
0
LINE
8
Edge.Cuts
6
CONTINUOUS
10
2.7901192519685041
20
-5.0257335039370075
11
2.7807903937007872
21
-5.0227872440944878
0
LINE
8
Edge.Cuts
6
CONTINUOUS
10
2.7807903937007872
20
-5.0227872440944878
11
2.7718925984251968
21
-5.0187206299212601
0
LINE
8
Edge.Cuts
6
CONTINUOUS
10
2.7718925984251968
20
-5.0187206299212601
11
2.7635599212598425
21
-5.0135948031496058
0
LINE
8
Edge.Cuts
6
CONTINUOUS
10
2.7635599212598425
20
-5.0135948031496058
11
2.7559177559055117
21
-5.0074870078740155
0
LINE
8
Edge.Cuts
6
CONTINUOUS
10
2.7559177559055117
20
-5.0074870078740155
11
2.7490812204724411
21
-5.0004891732283463
0
LINE
8
Edge.Cuts
6
CONTINUOUS
10
2.7490812204724411
20
-5.0004891732283463
11
2.7431532283464568
21
-4.9927066929133854
0
LINE
8
Edge.Cuts
6
CONTINUOUS
10
2.7431532283464568
20
-4.9927066929133854
11
2.409152874015748
21
-4.4933900393700785
0
LINE
8
Edge.Cuts
6
CONTINUOUS
10
2.409152874015748
20
-4.4933900393700785
11
2.409150866141732
21
-4.4933851968503937
0
LINE
8
Edge.Cuts
6
CONTINUOUS
10
2.409150866141732
20
-4.4933851968503937
11
2.4091483464566927
21
-4.4933831889763782
0
LINE
8
Edge.Cuts
6
CONTINUOUS
10
2.4091483464566927
20
-4.4933831889763782
11
2.4065031102362204
21
-4.4893586614173229
0
LINE
8
Edge.Cuts
6
CONTINUOUS
10
2.4065031102362204
20
-4.4893586614173229
11
2.400261653543307
21
-4.4820223622047246
0
LINE
8
Edge.Cuts
6
CONTINUOUS
10
2.400261653543307
20
-4.4820223622047246
11
2.3931625984251967
21
-4.4755123228346454
0
LINE
8
Edge.Cuts
6
CONTINUOUS
10
2.3931625984251967
20
-4.4755123228346454
11
2.385314409448819
21
-4.4699281496062993
0
LINE
8
Edge.Cuts
6
CONTINUOUS
10
2.385314409448819
20
-4.4699281496062993
11
2.376837125984252
21
-4.465355118110236
0
LINE
8
Edge.Cuts
6
CONTINUOUS
10
2.376837125984252
20
-4.465355118110236
11
2.3678603149606299
21
-4.461863149606299
0
LINE
8
Edge.Cuts
6
CONTINUOUS
10
2.3678603149606299
20
-4.461863149606299
11
2.3585211811023621
21
-4.4595057086614176
0
LINE
8
Edge.Cuts
6
CONTINUOUS
10
2.3585211811023621
20
-4.4595057086614176
11
2.3489625196850392
21
-4.4583187007874017
0
LINE
8
Edge.Cuts
6
CONTINUOUS
10
2.3489625196850392
20
-4.4583187007874017
11
2.3441464566929135
21
-4.4583183070866141
0
LINE
8
Edge.Cuts
6
CONTINUOUS
10
2.3441464566929135
20
-4.4583183070866141
11
0.2049736220472441
21
-4.4586972047244098
0
LINE
8
Edge.Cuts
6
CONTINUOUS
10
0.2049736220472441
20
-4.4586972047244098
11
0.194563937007874
21
-4.4580164960629922
0
LINE
8
Edge.Cuts
6
CONTINUOUS
10
0.194563937007874
20
-4.4580164960629922
11
0.1843322440944882
21
-4.4559824015748033
0
LINE
8
Edge.Cuts
6
CONTINUOUS
10
0.1843322440944882
20
-4.4559824015748033
11
0.1744537007874016
21
-4.4526298031496063
0
LINE
8
Edge.Cuts
6
CONTINUOUS
10
0.1744537007874016
20
-4.4526298031496063
11
0.1650975196850394
21
-4.4480161023622049
0
LINE
8
Edge.Cuts
6
CONTINUOUS
10
0.1650975196850394
20
-4.4480161023622049
11
0.1564237795275591
21
-4.4422202362204724
0
LINE
8
Edge.Cuts
6
CONTINUOUS
10
0.1564237795275591
20
-4.4422202362204724
11
0.1485811023622047
21
-4.435341456692913
0
LINE
8
Edge.Cuts
6
CONTINUOUS
10
0.1485811023622047
20
-4.435341456692913
11
0.1417037007874016
21
-4.4274975984251972
0
LINE
8
Edge.Cuts
6
CONTINUOUS
10
0.1417037007874016
20
-4.4274975984251972
11
0.1359093700787402
21
-4.4188228740157482
0
LINE
8
Edge.Cuts
6
CONTINUOUS
10
0.1359093700787402
20
-4.4188228740157482
11
0.1312972440944882
21
-4.4094658661417325
0
LINE
8
Edge.Cuts
6
CONTINUOUS
10
0.1312972440944882
20
-4.4094658661417325
11
0.1279463779527559
21
-4.3995867716535431
0
LINE
8
Edge.Cuts
6
CONTINUOUS
10
0.1279463779527559
20
-4.3995867716535431
11
0.1259140551181102
21
-4.3893547244094488
0
LINE
8
Edge.Cuts
6
CONTINUOUS
10
0.1259140551181102
20
-4.3893547244094488
11
0.125235157480315
21
-4.3789448818897636
0
LINE
8
Edge.Cuts
6
CONTINUOUS
10
0.125235157480315
20
-4.3789448818897636
11
0.125235157480315
21
-4.3789447637795273
0
LINE
8
Edge.Cuts
6
CONTINUOUS
10
0.125235157480315
20
-4.3789447637795273
11
0.125235157480315
21
-4.3789446062992123
0
LINE
8
Edge.Cuts
6
CONTINUOUS
10
0.125235157480315
20
-4.3789446062992123
11
0.1266143307086614
21
-2.2066652755905509
0
LINE
8
Edge.Cuts
6
CONTINUOUS
10
0.1266143307086614
20
-2.2066652755905509
11
0.1272313779527559
21
-2.1996610236220473
0
LINE
8
Edge.Cuts
6
CONTINUOUS
10
0.1272313779527559
20
-2.1996610236220473
11
0.1290548818897638
21
-2.1928702362204726
0
LINE
8
Edge.Cuts
6
CONTINUOUS
10
0.1290548818897638
20
-2.1928702362204726
11
0.1320294094488189
21
-2.1864990157480313
0
LINE
8
Edge.Cuts
6
CONTINUOUS
10
0.1320294094488189
20
-2.1864990157480313
11
0.1360646456692913
21
-2.1807408267716535
0
LINE
8
Edge.Cuts
6
CONTINUOUS
10
0.1360646456692913
20
-2.1807408267716535
11
0.1410381496062992
21
-2.175770472440945
0
LINE
8
Edge.Cuts
6
CONTINUOUS
10
0.1410381496062992
20
-2.175770472440945
11
0.146798937007874
21
-2.1717388582677164
0
LINE
8
Edge.Cuts
6
CONTINUOUS
10
0.146798937007874
20
-2.1717388582677164
11
0.1531720078740157
21
-2.1687683464566927
0
LINE
8
Edge.Cuts
6
CONTINUOUS
10
0.1531720078740157
20
-2.1687683464566927
11
0.1599639763779528
21
-2.1669492125984253
0
LINE
8
Edge.Cuts
6
CONTINUOUS
10
0.1599639763779528
20
-2.1669492125984253
11
0.1669686220472441
21
-2.1663365748031493
0
LINE
8
Edge.Cuts
6
CONTINUOUS
10
0.1669686220472441
20
-2.1663365748031493
11
0.2055522834645669
21
-2.1663365748031493
0
LINE
8
Edge.Cuts
6
CONTINUOUS
10
0.2055522834645669
20
-2.1663365748031493
11
1.6276237007874015
21
-2.1663002362204722
0
LINE
8
Edge.Cuts
6
CONTINUOUS
10
1.6276237007874015
20
-2.1663002362204722
11
1.6276237401574802
21
-2.1663002362204722
0
LINE
8
Edge.Cuts
6
CONTINUOUS
10
1.6276237401574802
20
-2.1663002362204722
11
1.6300856299212598
21
-2.1662999606299214
0
LINE
8
Edge.Cuts
6
CONTINUOUS
10
1.6300856299212598
20
-2.1662999606299214
11
1.6348415748031495
21
-2.165025157480315
0
LINE
8
Edge.Cuts
6
CONTINUOUS
10
1.6348415748031495
20
-2.165025157480315
11
1.6391056299212599
21
-2.1625630314960631
0
LINE
8
Edge.Cuts
6
CONTINUOUS
10
1.6391056299212599
20
-2.1625630314960631
11
1.6425872440944882
21
-2.159081338582677
0
LINE
8
Edge.Cuts
6
CONTINUOUS
10
1.6425872440944882
20
-2.159081338582677
11
1.6450492519685038
21
-2.1548172440944882
0
LINE
8
Edge.Cuts
6
CONTINUOUS
10
1.6450492519685038
20
-2.1548172440944882
11
1.6463239370078739
21
-2.1500612598425195
0
LINE
8
Edge.Cuts
6
CONTINUOUS
10
1.6463239370078739
20
-2.1500612598425195
11
1.6463241338582677
21
-2.1475993700787401
0
LINE
8
Edge.Cuts
6
CONTINUOUS
10
1.6463241338582677
20
-2.1475993700787401
11
1.6463241338582677
21
-2.0000005118110238
0
LINE
8
Edge.Cuts
6
CONTINUOUS
10
1.6463241338582677
20
-2.0000005118110238
11
1.6463241338582677
21
-2.0000004330708663
0
LINE
8
Edge.Cuts
6
CONTINUOUS
10
1.6463241338582677
20
-2.0000004330708663
11
1.6468421653543306
21
-1.9954011023622047
0
LINE
8
Edge.Cuts
6
CONTINUOUS
10
1.6468421653543306
20
-1.9954011023622047
11
1.648370748031496
21
-1.9910322834645668
0
LINE
8
Edge.Cuts
6
CONTINUOUS
10
1.648370748031496
20
-1.9910322834645668
11
1.6508331889763779
21
-1.9871131496062993
0
LINE
8
Edge.Cuts
6
CONTINUOUS
10
1.6508331889763779
20
-1.9871131496062993
11
1.654106062992126
21
-1.9838402755905511
0
LINE
8
Edge.Cuts
6
CONTINUOUS
10
1.654106062992126
20
-1.9838402755905511
11
1.6580251968503936
21
-1.9813778346456692
0
LINE
8
Edge.Cuts
6
CONTINUOUS
10
1.6580251968503936
20
-1.9813778346456692
11
1.6623940157480315
21
-1.9798492519685038
0
LINE
8
Edge.Cuts
6
CONTINUOUS
10
1.6623940157480315
20
-1.9798492519685038
11
1.6669933464566928
21
-1.9793312204724409
0
LINE
8
Edge.Cuts
6
CONTINUOUS
10
1.6669933464566928
20
-1.9793312204724409
11
1.6669934251968503
21
-1.9793312204724409
0
LINE
8
Edge.Cuts
6
CONTINUOUS
10
1.6669934251968503
20
-1.9793312204724409
11
2.3756548031496063
21
-1.9793312204724409
0
LINE
8
Edge.Cuts
6
CONTINUOUS
10
2.3756548031496063
20
-1.9793312204724409
11
2.3781167716535432
21
-1.9793311023622047
0
LINE
8
Edge.Cuts
6
CONTINUOUS
10
2.3781167716535432
20
-1.9793311023622047
11
2.3828729133858269
21
-1.9780565354330708
0
LINE
8
Edge.Cuts
6
CONTINUOUS
10
2.3828729133858269
20
-1.9780565354330708
11
2.387137125984252
21
-1.9755944881889764
0
LINE
8
Edge.Cuts
6
CONTINUOUS
10
2.387137125984252
20
-1.9755944881889764
11
2.3906188976377951
21
-1.9721127165354331
0
LINE
8
Edge.Cuts
6
CONTINUOUS
10
2.3906188976377951
20
-1.9721127165354331
11
2.3930809448818895
21
-1.9678485039370077
0
LINE
8
Edge.Cuts
6
CONTINUOUS
10
2.3930809448818895
20
-1.9678485039370077
11
2.3943555118110234
21
-1.9630923622047243
0
LINE
8
Edge.Cuts
6
CONTINUOUS
10
2.3943555118110234
20
-1.9630923622047243
11
2.3943556299212596
21
-1.9606303937007874
0
LINE
8
Edge.Cuts
6
CONTINUOUS
10
2.3943556299212596
20
-1.9606303937007874
11
2.3943556299212596
21
-1.9113390944881889
0
LINE
8
Edge.Cuts
6
CONTINUOUS
10
2.3943556299212596
20
-1.9113390944881889
11
2.3943556299212596
21
-1.9113390157480314
0
LINE
8
Edge.Cuts
6
CONTINUOUS
10
2.3943556299212596
20
-1.9113390157480314
11
2.3948736614173227
21
-1.9067396850393701
0
LINE
8
Edge.Cuts
6
CONTINUOUS
10
2.3948736614173227
20
-1.9067396850393701
11
2.3964022440944883
21
-1.9023708661417322
0
LINE
8
Edge.Cuts
6
CONTINUOUS
10
2.3964022440944883
20
-1.9023708661417322
11
2.3988646850393702
21
-1.8984517322834644
0
LINE
8
Edge.Cuts
6
CONTINUOUS
10
2.3988646850393702
20
-1.8984517322834644
11
2.4021375590551179
21
-1.8951788582677165
0
LINE
8
Edge.Cuts
6
CONTINUOUS
10
2.4021375590551179
20
-1.8951788582677165
11
2.4060566929133858
21
-1.8927164173228346
0
LINE
8
Edge.Cuts
6
CONTINUOUS
10
2.4060566929133858
20
-1.8927164173228346
11
2.4104255118110234
21
-1.8911878346456692
0
LINE
8
Edge.Cuts
6
CONTINUOUS
10
2.4104255118110234
20
-1.8911878346456692
11
2.4150249606299212
21
-1.8906698031496063
0
LINE
8
Edge.Cuts
6
CONTINUOUS
10
2.4150249606299212
20
-1.8906698031496063
11
2.4150250393700787
21
-1.8906698031496063
0
LINE
8
Edge.Cuts
6
CONTINUOUS
10
2.4150250393700787
20
-1.8906698031496063
11
3.1453401968503938
21
-1.890748031496063
0
LINE
8
Edge.Cuts
6
CONTINUOUS
10
3.1453401968503938
20
-1.890748031496063
11
3.1453538976377953
21
-1.890750748031496
0
LINE
8
Edge.Cuts
6
CONTINUOUS
10
3.1453538976377953
20
-1.890750748031496
11
3.1453622440944882
21
-1.8907482677165355
0
LINE
8
Edge.Cuts
6
CONTINUOUS
10
3.1453622440944882
20
-1.8907482677165355
11
3.1500604330708661
21
-1.891465748031496
0
LINE
8
Edge.Cuts
6
CONTINUOUS
10
3.1500604330708661
20
-1.891465748031496
11
3.1544199606299212
21
-1.8933584251968503
0
LINE
8
Edge.Cuts
6
CONTINUOUS
10
3.1544199606299212
20
-1.8933584251968503
11
3.1581521259842518
21
-1.896300905511811
0
LINE
8
Edge.Cuts
6
CONTINUOUS
10
3.1581521259842518
20
-1.896300905511811
11
3.1610098818897638
21
-1.9000984251968505
0
LINE
8
Edge.Cuts
6
CONTINUOUS
10
3.1610098818897638
20
-1.9000984251968505
11
3.162803897637795
21
-1.9044994488188975
0
LINE
8
Edge.Cuts
6
CONTINUOUS
10
3.162803897637795
20
-1.9044994488188975
11
3.1634153937007872
21
-1.9092125984251969
0
LINE
8
Edge.Cuts
6
CONTINUOUS
10
3.1634153937007872
20
-1.9092125984251969
11
3.1634153937007872
21
-1.9585039370078741
0
LINE
8
Edge.Cuts
6
CONTINUOUS
10
3.1634153937007872
20
-1.9585039370078741
11
3.1634153937007872
21
-1.9585039763779528
0
LINE
8
Edge.Cuts
6
CONTINUOUS
10
3.1634153937007872
20
-1.9585039763779528
11
3.1634152755905509
21
-1.9609660236220472
0
LINE
8
Edge.Cuts
6
CONTINUOUS
10
3.1634152755905509
20
-1.9609660236220472
11
3.1646895669291339
21
-1.9657223228346457
0
LINE
8
Edge.Cuts
6
CONTINUOUS
10
3.1646895669291339
20
-1.9657223228346457
11
3.1671515354330708
21
-1.9699867322834645
0
LINE
8
Edge.Cuts
6
CONTINUOUS
10
3.1671515354330708
20
-1.9699867322834645
11
3.1706333858267715
21
-1.9734685826771654
0
LINE
8
Edge.Cuts
6
CONTINUOUS
10
3.1706333858267715
20
-1.9734685826771654
11
3.1748977952755904
21
-1.9759305511811023
0
LINE
8
Edge.Cuts
6
CONTINUOUS
10
3.1748977952755904
20
-1.9759305511811023
11
3.179654094488189
21
-1.9772048425196851
0
LINE
8
Edge.Cuts
6
CONTINUOUS
10
3.179654094488189
20
-1.9772048425196851
11
3.1821161417322834
21
-1.9772047244094488
0
LINE
8
Edge.Cuts
6
CONTINUOUS
10
3.1821161417322834
20
-1.9772047244094488
11
3.1821161811023622
21
-1.9772047244094488
0
LINE
8
Edge.Cuts
6
CONTINUOUS
10
3.1821161811023622
20
-1.9772047244094488
11
3.8885407480314962
21
-1.9772047244094488
0
LINE
8
Edge.Cuts
6
CONTINUOUS
10
3.8885407480314962
20
-1.9772047244094488
11
3.8885407874015745
21
-1.9772047244094488
0
LINE
8
Edge.Cuts
6
CONTINUOUS
10
3.8885407874015745
20
-1.9772047244094488
11
3.8900501181102363
21
-1.9772190157480314
0
LINE
8
Edge.Cuts
6
CONTINUOUS
10
3.8900501181102363
20
-1.9772190157480314
11
3.8915589763779526
21
-1.9772618897637795
0
LINE
8
Edge.Cuts
6
CONTINUOUS
10
3.8915589763779526
20
-1.9772618897637795
11
3.8930667322834647
21
-1.9773332677165354
0
LINE
8
Edge.Cuts
6
CONTINUOUS
10
3.8930667322834647
20
-1.9773332677165354
11
5.1376281102362205
21
-2.048101653543307
0
LINE
8
Edge.Cuts
6
CONTINUOUS
10
5.1376281102362205
20
-2.048101653543307
11
5.1383705511811026
21
-2.0481438582677165
0
LINE
8
Edge.Cuts
6
CONTINUOUS
10
5.1383705511811026
20
-2.0481438582677165
11
5.1398567322834641
21
-2.0481998818897638
0
LINE
8
Edge.Cuts
6
CONTINUOUS
10
5.1398567322834641
20
-2.0481998818897638
11
5.1413437007874014
21
-2.0482274803149605
0
LINE
8
Edge.Cuts
6
CONTINUOUS
10
5.1413437007874014
20
-2.0482274803149605
11
5.1420873228346453
21
-2.0482270472440947
0
LINE
8
Edge.Cuts
6
CONTINUOUS
10
5.1420873228346453
20
-2.0482270472440947
11
5.9661277165354329
21
-2.047750590551181
0
LINE
8
Edge.Cuts
6
CONTINUOUS
10
5.9661277165354329
20
-2.047750590551181
11
5.9661277559055117
21
-2.047750590551181
0
LINE
8
Edge.Cuts
6
CONTINUOUS
10
5.9661277559055117
20
-2.047750590551181
11
5.9765407480314963
21
-2.0484275196850392
0
LINE
8
Edge.Cuts
6
CONTINUOUS
10
5.9765407480314963
20
-2.0484275196850392
11
5.9867761811023623
21
-2.0504586614173226
0
LINE
8
Edge.Cuts
6
CONTINUOUS
10
5.9867761811023623
20
-2.0504586614173226
11
5.996658622047244
21
-2.0538092125984253
0
LINE
8
Edge.Cuts
6
CONTINUOUS
10
5.996658622047244
20
-2.0538092125984253
11
6.0060188188976378
21
-2.0584218110236221
0
LINE
8
Edge.Cuts
6
CONTINUOUS
10
6.0060188188976378
20
-2.0584218110236221
11
6.014696377952756
21
-2.0642174015748029
0
LINE
8
Edge.Cuts
6
CONTINUOUS
10
6.014696377952756
20
-2.0642174015748029
11
6.0225426771653545
21
-2.0710966929133856
0
LINE
8
Edge.Cuts
6
CONTINUOUS
10
6.0225426771653545
20
-2.0710966929133856
11
6.0294233070866143
21
-2.0789418503937007
0
LINE
8
Edge.Cuts
6
CONTINUOUS
10
6.0294233070866143
20
-2.0789418503937007
11
6.0352203149606298
21
-2.0876184645669289
0
LINE
8
Edge.Cuts
6
CONTINUOUS
10
6.0352203149606298
20
-2.0876184645669289
11
6.0398344881889763
21
-2.0969778740157481
0
LINE
8
Edge.Cuts
6
CONTINUOUS
10
6.0398344881889763
20
-2.0969778740157481
11
6.0431866929133857
21
-2.1068597637795277
0
LINE
8
Edge.Cuts
6
CONTINUOUS
10
6.0431866929133857
20
-2.1068597637795277
11
6.0452195669291333
21
-2.1170948031496062
0
LINE
8
Edge.Cuts
6
CONTINUOUS
10
6.0452195669291333
20
-2.1170948031496062
11
6.0458980314960629
21
-2.1275048818897639
0
LINE
8
Edge.Cuts
6
CONTINUOUS
10
6.0458980314960629
20
-2.1275048818897639
11
6.0458982283464566
21
-2.1275058267716536
0
LINE
8
Edge.Cuts
6
CONTINUOUS
10
6.0458982283464566
20
-2.1275058267716536
11
6.0459306299212594
21
-2.1488174015748029
0
LINE
8
Edge.Cuts
6
CONTINUOUS
10
6.0459306299212594
20
-2.1488174015748029
11
6.0459304330708656
21
-2.1488183070866143
0
LINE
8
Edge.Cuts
6
CONTINUOUS
10
6.0459304330708656
20
-2.1488183070866143
11
6.0459306299212594
21
-2.1488188976377951
0
LINE
8
Edge.Cuts
6
CONTINUOUS
10
6.0459306299212594
20
-2.1488188976377951
11
6.0459306299212594
21
-2.1534846456692911
0
LINE
8
Edge.Cuts
6
CONTINUOUS
10
6.0459306299212594
20
-2.1534846456692911
11
6.0473903937007876
21
-2.1627012992125985
0
LINE
8
Edge.Cuts
6
CONTINUOUS
10
6.0473903937007876
20
-2.1627012992125985
11
6.0502740157480313
21
-2.1715761023622049
0
LINE
8
Edge.Cuts
6
CONTINUOUS
10
6.0502740157480313
20
-2.1715761023622049
11
6.0545104330708659
21
-2.1798905118110237
0
LINE
8
Edge.Cuts
6
CONTINUOUS
10
6.0545104330708659
20
-2.1798905118110237
11
6.0599953543307086
21
-2.1874398818897638
0
LINE
8
Edge.Cuts
6
CONTINUOUS
10
6.0599953543307086
20
-2.1874398818897638
11
6.0665937401574803
21
-2.1940382677165355
0
LINE
8
Edge.Cuts
6
CONTINUOUS
10
6.0665937401574803
20
-2.1940382677165355
11
6.0741431102362204
21
-2.1995231889763778
0
LINE
8
Edge.Cuts
6
CONTINUOUS
10
6.0741431102362204
20
-2.1995231889763778
11
6.0824575196850397
21
-2.2037596062992124
0
LINE
8
Edge.Cuts
6
CONTINUOUS
10
6.0824575196850397
20
-2.2037596062992124
11
6.0913323228346457
21
-2.2066432283464565
0
LINE
8
Edge.Cuts
6
CONTINUOUS
10
6.0913323228346457
20
-2.2066432283464565
11
6.1005489763779526
21
-2.2081029921259843
0
LINE
8
Edge.Cuts
6
CONTINUOUS
10
6.1005489763779526
20
-2.2081029921259843
11
6.1098804724409446
21
-2.2081029921259843
0
LINE
8
Edge.Cuts
6
CONTINUOUS
10
6.1098804724409446
20
-2.2081029921259843
11
6.1190971259842515
21
-2.2066432283464565
0
LINE
8
Edge.Cuts
6
CONTINUOUS
10
6.1190971259842515
20
-2.2066432283464565
11
6.1279719291338584
21
-2.2037596062992124
0
LINE
8
Edge.Cuts
6
CONTINUOUS
10
6.1279719291338584
20
-2.2037596062992124
11
6.1362863385826767
21
-2.1995231889763778
0
LINE
8
Edge.Cuts
6
CONTINUOUS
10
6.1362863385826767
20
-2.1995231889763778
11
6.1438357086614168
21
-2.1940382677165355
0
LINE
8
Edge.Cuts
6
CONTINUOUS
10
6.1438357086614168
20
-2.1940382677165355
11
6.1504340944881886
21
-2.1874398818897638
0
LINE
8
Edge.Cuts
6
CONTINUOUS
10
6.1504340944881886
20
-2.1874398818897638
11
6.1559190157480312
21
-2.1798905118110237
0
LINE
8
Edge.Cuts
6
CONTINUOUS
10
6.1559190157480312
20
-2.1798905118110237
11
6.1601554330708659
21
-2.1715761023622049
0
LINE
8
Edge.Cuts
6
CONTINUOUS
10
6.1601554330708659
20
-2.1715761023622049
11
6.1630390551181105
21
-2.1627012992125985
0
LINE
8
Edge.Cuts
6
CONTINUOUS
10
6.1630390551181105
20
-2.1627012992125985
11
6.1644988188976377
21
-2.1534846456692911
0
LINE
8
Edge.Cuts
6
CONTINUOUS
10
6.1644988188976377
20
-2.1534846456692911
11
6.1644988188976377
21
-2.1488203937007873
0
LINE
8
Edge.Cuts
6
CONTINUOUS
10
6.1644988188976377
20
-2.1488203937007873
11
6.1643766535433073
21
-2.1236202362204724
0
LINE
8
Edge.Cuts
6
CONTINUOUS
10
6.1643766535433073
20
-2.1236202362204724
11
6.1643771653543302
21
-2.1236175196850393
0
LINE
8
Edge.Cuts
6
CONTINUOUS
10
6.1643771653543302
20
-2.1236175196850393
11
6.1643766535433073
21
-2.1236159055118109
0
LINE
8
Edge.Cuts
6
CONTINUOUS
10
6.1643766535433073
20
-2.1236159055118109
11
6.165054960629921
21
-2.113202874015748
0
LINE
8
Edge.Cuts
6
CONTINUOUS
10
6.165054960629921
20
-2.113202874015748
11
6.1670875196850394
21
-2.1029676377952757
0
LINE
8
Edge.Cuts
6
CONTINUOUS
10
6.1670875196850394
20
-2.1029676377952757
11
6.1704395669291339
21
-2.0930855511811024
0
LINE
8
Edge.Cuts
6
CONTINUOUS
10
6.1704395669291339
20
-2.0930855511811024
11
6.1750535826771653
21
-2.0837259448818899
0
LINE
8
Edge.Cuts
6
CONTINUOUS
10
6.1750535826771653
20
-2.0837259448818899
11
6.1808506299212596
21
-2.0750491732283463
0
LINE
8
Edge.Cuts
6
CONTINUOUS
10
6.1808506299212596
20
-2.0750491732283463
11
6.1877312598425194
21
-2.0672038976377953
0
LINE
8
Edge.Cuts
6
CONTINUOUS
10
6.1877312598425194
20
-2.0672038976377953
11
6.1955776771653541
21
-2.0603245669291339
0
LINE
8
Edge.Cuts
6
CONTINUOUS
10
6.1955776771653541
20
-2.0603245669291339
11
6.2042554330708661
21
-2.0545290157480314
0
LINE
8
Edge.Cuts
6
CONTINUOUS
10
6.2042554330708661
20
-2.0545290157480314
11
6.2136157874015749
21
-2.0499165354330708
0
LINE
8
Edge.Cuts
6
CONTINUOUS
10
6.2136157874015749
20
-2.0499165354330708
11
6.2234984251968504
21
-2.0465661417322836
0
LINE
8
Edge.Cuts
6
CONTINUOUS
10
6.2234984251968504
20
-2.0465661417322836
11
6.2337340157480314
21
-2.044535275590551
0
LINE
8
Edge.Cuts
6
CONTINUOUS
10
6.2337340157480314
20
-2.044535275590551
11
6.2441470866141735
21
-2.0438587401574804
0
LINE
8
Edge.Cuts
6
CONTINUOUS
10
6.2441470866141735
20
-2.0438587401574804
11
6.2441471259842523
21
-2.0438587401574804
0
LINE
8
Edge.Cuts
6
CONTINUOUS
10
6.2441471259842523
20
-2.0438587401574804
11
6.244147165354331
21
-2.0438587401574804
0
LINE
8
Edge.Cuts
6
CONTINUOUS
10
6.244147165354331
20
-2.0438587401574804
11
7.0681875590551178
21
-2.0443351968503936
0
LINE
8
Edge.Cuts
6
CONTINUOUS
10
7.0681875590551178
20
-2.0443351968503936
11
7.0681875984251965
21
-2.0443351968503936
0
LINE
8
Edge.Cuts
6
CONTINUOUS
10
7.0681875984251965
20
-2.0443351968503936
11
7.068187677165354
21
-2.0443351968503936
0
LINE
8
Edge.Cuts
6
CONTINUOUS
10
7.068187677165354
20
-2.0443351968503936
11
7.0689312598425191
21
-2.0443357086614173
0
LINE
8
Edge.Cuts
6
CONTINUOUS
10
7.0689312598425191
20
-2.0443357086614173
11
7.0704181889763777
21
-2.0443081889763781
0
LINE
8
Edge.Cuts
6
CONTINUOUS
10
7.0704181889763777
20
-2.0443081889763781
11
7.0719042913385826
21
-2.0442521259842521
0
LINE
8
Edge.Cuts
6
CONTINUOUS
10
7.0719042913385826
20
-2.0442521259842521
11
7.0726466535433072
21
-2.0442098031496063
0
LINE
8
Edge.Cuts
6
CONTINUOUS
10
7.0726466535433072
20
-2.0442098031496063
11
7.072646692913386
21
-2.0442098031496063
0
LINE
8
Edge.Cuts
6
CONTINUOUS
10
7.072646692913386
20
-2.0442098031496063
11
7.0726467716535435
21
-2.0442098031496063
0
LINE
8
Edge.Cuts
6
CONTINUOUS
10
7.0726467716535435
20
-2.0442098031496063
11
8.3172081496062997
21
-1.9734414173228345
0
LINE
8
Edge.Cuts
6
CONTINUOUS
10
8.3172081496062997
20
-1.9734414173228345
11
8.3172082283464572
21
-1.9734414173228345
0
LINE
8
Edge.Cuts
6
CONTINUOUS
10
8.3172082283464572
20
-1.9734414173228345
11
8.317208267716536
21
-1.9734414173228345
0
LINE
8
Edge.Cuts
6
CONTINUOUS
10
8.317208267716536
20
-1.9734414173228345
11
8.3187159448818893
21
-1.9733701574803149
0
LINE
8
Edge.Cuts
6
CONTINUOUS
10
8.3187159448818893
20
-1.9733701574803149
11
8.3202247244094494
21
-1.973327283464567
0
LINE
8
Edge.Cuts
6
CONTINUOUS
10
8.3202247244094494
20
-1.973327283464567
11
8.3217340157480315
21
-1.973312874015748
0
LINE
8
Edge.Cuts
6
CONTINUOUS
10
8.3217340157480315
20
-1.973312874015748
11
8.3217340551181103
21
-1.973312874015748
0
LINE
8
Edge.Cuts
6
CONTINUOUS
10
8.3217340551181103
20
-1.973312874015748
11
8.3217341338582678
21
-1.973312874015748
0
LINE
8
Edge.Cuts
6
CONTINUOUS
10
8.3217341338582678
20
-1.973312874015748
11
9.0281585826771646
21
-1.973312874015748
0
LINE
8
Edge.Cuts
6
CONTINUOUS
10
9.0281585826771646
20
-1.973312874015748
11
9.0306205118110228
21
-1.9733126377952754
0
LINE
8
Edge.Cuts
6
CONTINUOUS
10
9.0306205118110228
20
-1.9733126377952754
11
9.0353765354330715
21
-1.972037874015748
0
LINE
8
Edge.Cuts
6
CONTINUOUS
10
9.0353765354330715
20
-1.972037874015748
11
9.0396406692913391
21
-1.9695757480314959
0
LINE
8
Edge.Cuts
6
CONTINUOUS
10
9.0396406692913391
20
-1.9695757480314959
11
9.0431223622047234
21
-1.9660940551181101
0
LINE
8
Edge.Cuts
6
CONTINUOUS
10
9.0431223622047234
20
-1.9660940551181101
11
9.0455844881889753
21
-1.9618299212598425
0
LINE
8
Edge.Cuts
6
CONTINUOUS
10
9.0455844881889753
20
-1.9618299212598425
11
9.0468592519685043
21
-1.9570738976377953
0
LINE
8
Edge.Cuts
6
CONTINUOUS
10
9.0468592519685043
20
-1.9570738976377953
11
9.0468594881889768
21
-1.9546119685039369
0
LINE
8
Edge.Cuts
6
CONTINUOUS
10
9.0468594881889768
20
-1.9546119685039369
11
9.0468594881889768
21
-1.905320748031496
0
LINE
8
Edge.Cuts
6
CONTINUOUS
10
9.0468594881889768
20
-1.905320748031496
11
9.0468595275590555
21
-1.9053205118110237
0
LINE
8
Edge.Cuts
6
CONTINUOUS
10
9.0468595275590555
20
-1.9053205118110237
11
9.0474705905511801
21
-1.9006074803149606
0
LINE
8
Edge.Cuts
6
CONTINUOUS
10
9.0474705905511801
20
-1.9006074803149606
11
9.0492644094488188
21
-1.8962061811023621
0
LINE
8
Edge.Cuts
6
CONTINUOUS
10
9.0492644094488188
20
-1.8962061811023621
11
9.05212216535433
21
-1.8924085039370078
0
LINE
8
Edge.Cuts
6
CONTINUOUS
10
9.05212216535433
20
-1.8924085039370078
11
9.055854566929133
21
-1.8894659448818898
0
LINE
8
Edge.Cuts
6
CONTINUOUS
10
9.055854566929133
20
-1.8894659448818898
11
9.0602143307086607
21
-1.8875735039370078
0
LINE
8
Edge.Cuts
6
CONTINUOUS
10
9.0602143307086607
20
-1.8875735039370078
11
9.064912755905512
21
-1.8868564173228346
0
LINE
8
Edge.Cuts
6
CONTINUOUS
10
9.064912755905512
20
-1.8868564173228346
11
9.0649210236220465
21
-1.8868588976377951
0
LINE
8
Edge.Cuts
6
CONTINUOUS
10
9.0649210236220465
20
-1.8868588976377951
11
9.0649346850393702
21
-1.8868561811023621
0
LINE
8
Edge.Cuts
6
CONTINUOUS
10
9.0649346850393702
20
-1.8868561811023621
11
9.7952496456692906
21
-1.8867779527559054
0
LINE
8
Edge.Cuts
6
CONTINUOUS
10
9.7952496456692906
20
-1.8867779527559054
11
9.7952496850393693
21
-1.8867779527559054
0
LINE
8
Edge.Cuts
6
CONTINUOUS
10
9.7952496850393693
20
-1.8867779527559054
11
9.7952498425196843
21
-1.8867779527559054
0
LINE
8
Edge.Cuts
6
CONTINUOUS
10
9.7952498425196843
20
-1.8867779527559054
11
9.7952500393700781
21
-1.8867779921259842
0
LINE
8
Edge.Cuts
6
CONTINUOUS
10
9.7952502362204719
20
-1.8887464566929133
11
9.7952501574803144
21
-1.8887464173228345
0
LINE
8
Edge.Cuts
6
CONTINUOUS
10
9.7952501574803144
20
-1.8887464173228345
11
9.7952500787401569
21
-1.8887464566929133
0
LINE
8
Edge.Cuts
6
CONTINUOUS
10
9.7952500787401569
20
-1.8887464566929133
11
9.0649453937007873
21
-1.8888246456692912
0
LINE
8
Edge.Cuts
6
CONTINUOUS
10
9.0649453937007873
20
-1.8888246456692912
11
9.06281590551181
21
-1.8888684251968504
0
LINE
8
Edge.Cuts
6
CONTINUOUS
10
9.06281590551181
20
-1.8888684251968504
11
9.0587004330708663
21
-1.8900540157480314
0
LINE
8
Edge.Cuts
6
CONTINUOUS
10
9.0587004330708663
20
-1.8900540157480314
11
9.0550238976377955
21
-1.8922507086614173
0
LINE
8
Edge.Cuts
6
CONTINUOUS
10
9.0550238976377955
20
-1.8922507086614173
11
9.0520297637795277
21
-1.8953130314960629
0
LINE
8
Edge.Cuts
6
CONTINUOUS
10
9.0520297637795277
20
-1.8953130314960629
11
9.0499163779527549
21
-1.8990381102362204
0
LINE
8
Edge.Cuts
6
CONTINUOUS
10
9.0499163779527549
20
-1.8990381102362204
11
9.0488237401574807
21
-1.9031792125984253
0
LINE
8
Edge.Cuts
6
CONTINUOUS
10
9.0488237401574807
20
-1.9031792125984253
11
9.0488279921259842
21
-1.9053206299212597
0
LINE
8
Edge.Cuts
6
CONTINUOUS
10
9.0488279921259842
20
-1.9053206299212597
11
9.0488279527559055
21
-1.9053206692913385
0
LINE
8
Edge.Cuts
6
CONTINUOUS
10
9.0488279527559055
20
-1.9053206692913385
11
9.0488279921259842
21
-1.905320748031496
0
LINE
8
Edge.Cuts
6
CONTINUOUS
10
9.0488279921259842
20
-1.905320748031496
11
9.0488279921259842
21
-1.9546120866141732
0
LINE
8
Edge.Cuts
6
CONTINUOUS
10
9.0488279921259842
20
-1.9546120866141732
11
9.0488279527559055
21
-1.9546121259842519
0
LINE
8
Edge.Cuts
6
CONTINUOUS
10
9.0488279527559055
20
-1.9546121259842519
11
9.0488279921259842
21
-1.9546122047244094
0
LINE
8
Edge.Cuts
6
CONTINUOUS
10
9.0488279921259842
20
-1.9546122047244094
11
9.0483093307086619
21
-1.959211338582677
0
LINE
8
Edge.Cuts
6
CONTINUOUS
10
9.0483093307086619
20
-1.959211338582677
11
9.0467804330708663
21
-1.9635798031496063
0
LINE
8
Edge.Cuts
6
CONTINUOUS
10
9.0467804330708663
20
-1.9635798031496063
11
9.0443179133858269
21
-1.9674985826771654
0
LINE
8
Edge.Cuts
6
CONTINUOUS
10
9.0443179133858269
20
-1.9674985826771654
11
9.0410451968503942
21
-1.9707712992125983
0
LINE
8
Edge.Cuts
6
CONTINUOUS
10
9.0410451968503942
20
-1.9707712992125983
11
9.0371264173228347
21
-1.9732338188976377
0
LINE
8
Edge.Cuts
6
CONTINUOUS
10
9.0371264173228347
20
-1.9732338188976377
11
9.0327579527559045
21
-1.9747627165354331
0
LINE
8
Edge.Cuts
6
CONTINUOUS
10
9.0327579527559045
20
-1.9747627165354331
11
9.0281588188976372
21
-1.9752813779527558
0
LINE
8
Edge.Cuts
6
CONTINUOUS
10
9.0281588188976372
20
-1.9752813779527558
11
9.0281587401574797
21
-1.9752813385826771
0
LINE
8
Edge.Cuts
6
CONTINUOUS
10
9.0281587401574797
20
-1.9752813385826771
11
9.0281587007874009
21
-1.9752813779527558
0
LINE
8
Edge.Cuts
6
CONTINUOUS
10
9.0281587007874009
20
-1.9752813779527558
11
8.321734251968504
21
-1.9752813779527558
0
LINE
8
Edge.Cuts
6
CONTINUOUS
10
8.321734251968504
20
-1.9752813779527558
11
8.3209981102362196
21
-1.9752814566929133
0
LINE
8
Edge.Cuts
6
CONTINUOUS
10
8.3209981102362196
20
-1.9752814566929133
11
8.3195260236220463
21
-1.9753094094488188
0
LINE
8
Edge.Cuts
6
CONTINUOUS
10
8.3195260236220463
20
-1.9753094094488188
11
8.3180547637795268
21
-1.9753650787401575
0
LINE
8
Edge.Cuts
6
CONTINUOUS
10
8.3180547637795268
20
-1.9753650787401575
11
8.3173198818897642
21
-1.9754067322834645
0
LINE
8
Edge.Cuts
6
CONTINUOUS
10
8.3173198818897642
20
-1.9754067322834645
11
8.3173198818897642
21
-1.9754067716535433
0
LINE
8
Edge.Cuts
6
CONTINUOUS
10
8.3173198818897642
20
-1.9754067716535433
11
7.0727586220472443
21
-2.0461751181102361
0
LINE
8
Edge.Cuts
6
CONTINUOUS
10
7.0727586220472443
20
-2.0461751181102361
11
7.0727586220472443
21
-2.0461751574803149
0
LINE
8
Edge.Cuts
6
CONTINUOUS
10
7.0727586220472443
20
-2.0461751574803149
11
7.071235433070866
21
-2.0462472440944883
0
LINE
8
Edge.Cuts
6
CONTINUOUS
10
7.071235433070866
20
-2.0462472440944883
11
7.0697111417322835
21
-2.0462901181102362
0
LINE
8
Edge.Cuts
6
CONTINUOUS
10
7.0697111417322835
20
-2.0462901181102362
11
7.0681864173228348
21
-2.0463036614173227
0
LINE
8
Edge.Cuts
6
CONTINUOUS
10
7.0681864173228348
20
-2.0463036614173227
11
7.0681864173228348
21
-2.0463037007874014
0
LINE
8
Edge.Cuts
6
CONTINUOUS
10
7.0681864173228348
20
-2.0463037007874014
11
7.0681863385826773
21
-2.0463036614173227
0
LINE
8
Edge.Cuts
6
CONTINUOUS
10
7.0681863385826773
20
-2.0463036614173227
11
7.0681863385826773
21
-2.0463037007874014
0
LINE
8
Edge.Cuts
6
CONTINUOUS
10
7.0681863385826773
20
-2.0463037007874014
11
7.0681862992125986
21
-2.0463036614173227
0
LINE
8
Edge.Cuts
6
CONTINUOUS
10
7.0681862992125986
20
-2.0463036614173227
11
6.2441460236220472
21
-2.0458272440944882
0
LINE
8
Edge.Cuts
6
CONTINUOUS
10
6.2441460236220472
20
-2.0458272440944882
11
6.2441459842519684
21
-2.0458272047244095
0
LINE
8
Edge.Cuts
6
CONTINUOUS
10
6.2441459842519684
20
-2.0458272047244095
11
6.2441459842519684
21
-2.0458272440944882
0
LINE
8
Edge.Cuts
6
CONTINUOUS
10
6.2441459842519684
20
-2.0458272440944882
11
6.2390463385826767
21
-2.0458243307086614
0
LINE
8
Edge.Cuts
6
CONTINUOUS
10
6.2390463385826767
20
-2.0458243307086614
11
6.2289335826771648
21
-2.0471502755905511
0
LINE
8
Edge.Cuts
6
CONTINUOUS
10
6.2289335826771648
20
-2.0471502755905511
11
6.2190807086614175
21
-2.0497857480314958
0
LINE
8
Edge.Cuts
6
CONTINUOUS
10
6.2190807086614175
20
-2.0497857480314958
11
6.2096564173228348
21
-2.0536855511811023
0
LINE
8
Edge.Cuts
6
CONTINUOUS
10
6.2096564173228348
20
-2.0536855511811023
11
6.2008222440944882
21
-2.0587828740157481
0
LINE
8
Edge.Cuts
6
CONTINUOUS
10
6.2008222440944882
20
-2.0587828740157481
11
6.192729527559055
21
-2.0649904330708662
0
LINE
8
Edge.Cuts
6
CONTINUOUS
10
6.192729527559055
20
-2.0649904330708662
11
6.1855169685039373
21
-2.0722018110236222
0
LINE
8
Edge.Cuts
6
CONTINUOUS
10
6.1855169685039373
20
-2.0722018110236222
11
6.1793080708661412
21
-2.0802934645669291
0
LINE
8
Edge.Cuts
6
CONTINUOUS
10
6.1793080708661412
20
-2.0802934645669291
11
6.1742092519685041
21
-2.0891268110236219
0
LINE
8
Edge.Cuts
6
CONTINUOUS
10
6.1742092519685041
20
-2.0891268110236219
11
6.1703078346456692
21
-2.0985504330708662
0
LINE
8
Edge.Cuts
6
CONTINUOUS
10
6.1703078346456692
20
-2.0985504330708662
11
6.1676707480314956
21
-2.1084028740157481
0
LINE
8
Edge.Cuts
6
CONTINUOUS
10
6.1676707480314956
20
-2.1084028740157481
11
6.1663430708661418
21
-2.1185153937007875
0
LINE
8
Edge.Cuts
6
CONTINUOUS
10
6.1663430708661418
20
-2.1185153937007875
11
6.166345118110236
21
-2.1236106692913386
0
LINE
8
Edge.Cuts
6
CONTINUOUS
10
6.166345118110236
20
-2.1236106692913386
11
6.1663451574803148
21
-2.1236107086614173
0
LINE
8
Edge.Cuts
6
CONTINUOUS
10
6.1663451574803148
20
-2.1236107086614173
11
6.1664673228346452
21
-2.1488141338582678
0
LINE
8
Edge.Cuts
6
CONTINUOUS
10
6.1664673228346452
20
-2.1488141338582678
11
6.1664667322834648
21
-2.1488170866141734
0
LINE
8
Edge.Cuts
6
CONTINUOUS
10
6.1664667322834648
20
-2.1488170866141734
11
6.1664673228346452
21
-2.1488188976377951
0
LINE
8
Edge.Cuts
6
CONTINUOUS
10
6.1664673228346452
20
-2.1488188976377951
11
6.1657831889763779
21
-2.1579481102362204
0
LINE
8
Edge.Cuts
6
CONTINUOUS
10
6.1657831889763779
20
-2.1579481102362204
11
6.1637460236220472
21
-2.1668734251968504
0
LINE
8
Edge.Cuts
6
CONTINUOUS
10
6.1637460236220472
20
-2.1668734251968504
11
6.1604014173228343
21
-2.1753953937007875
0
LINE
8
Edge.Cuts
6
CONTINUOUS
10
6.1604014173228343
20
-2.1753953937007875
11
6.1558240157480313
21
-2.1833237007874016
0
LINE
8
Edge.Cuts
6
CONTINUOUS
10
6.1558240157480313
20
-2.1833237007874016
11
6.1501160629921259
21
-2.1904812598425196
0
LINE
8
Edge.Cuts
6
CONTINUOUS
10
6.1501160629921259
20
-2.1904812598425196
11
6.1434050787401571
21
-2.1967081102362203
0
LINE
8
Edge.Cuts
6
CONTINUOUS
10
6.1434050787401571
20
-2.1967081102362203
11
6.1358410236220475
21
-2.2018651968503935
0
LINE
8
Edge.Cuts
6
CONTINUOUS
10
6.1358410236220475
20
-2.2018651968503935
11
6.1275927952755902
21
-2.2058373228346455
0
LINE
8
Edge.Cuts
6
CONTINUOUS
10
6.1275927952755902
20
-2.2058373228346455
11
6.118844724409449
21
-2.2085357480314962
0
LINE
8
Edge.Cuts
6
CONTINUOUS
10
6.118844724409449
20
-2.2085357480314962
11
6.109792125984252
21
-2.2099002362204723
0
LINE
8
Edge.Cuts
6
CONTINUOUS
10
6.109792125984252
20
-2.2099002362204723
11
6.1006373228346451
21
-2.2099002362204723
0
LINE
8
Edge.Cuts
6
CONTINUOUS
10
6.1006373228346451
20
-2.2099002362204723
11
6.091584724409449
21
-2.2085357480314962
0
LINE
8
Edge.Cuts
6
CONTINUOUS
10
6.091584724409449
20
-2.2085357480314962
11
6.0828366535433069
21
-2.2058373228346455
0
LINE
8
Edge.Cuts
6
CONTINUOUS
10
6.0828366535433069
20
-2.2058373228346455
11
6.0745884251968505
21
-2.2018651968503935
0
LINE
8
Edge.Cuts
6
CONTINUOUS
10
6.0745884251968505
20
-2.2018651968503935
11
6.0670243700787401
21
-2.1967081102362203
0
LINE
8
Edge.Cuts
6
CONTINUOUS
10
6.0670243700787401
20
-2.1967081102362203
11
6.0603133858267713
21
-2.1904812598425196
0
LINE
8
Edge.Cuts
6
CONTINUOUS
10
6.0603133858267713
20
-2.1904812598425196
11
6.0546054330708658
21
-2.1833237007874016
0
LINE
8
Edge.Cuts
6
CONTINUOUS
10
6.0546054330708658
20
-2.1833237007874016
11
6.0500280314960628
21
-2.1753953937007875
0
LINE
8
Edge.Cuts
6
CONTINUOUS
10
6.0500280314960628
20
-2.1753953937007875
11
6.04668342519685
21
-2.1668734251968504
0
LINE
8
Edge.Cuts
6
CONTINUOUS
10
6.04668342519685
20
-2.1668734251968504
11
6.0446462598425192
21
-2.1579481102362204
0
LINE
8
Edge.Cuts
6
CONTINUOUS
10
6.0446462598425192
20
-2.1579481102362204
11
6.043962283464567
21
-2.1488212598425198
0
LINE
8
Edge.Cuts
6
CONTINUOUS
10
6.043962283464567
20
-2.1488212598425198
11
6.043962125984252
21
-2.1488203937007873
0
LINE
8
Edge.Cuts
6
CONTINUOUS
10
6.043962125984252
20
-2.1488203937007873
11
6.0439297244094483
21
-2.1275088188976379
0
LINE
8
Edge.Cuts
6
CONTINUOUS
10
6.0439297244094483
20
-2.1275088188976379
11
6.0439299212598421
21
-2.1275076377952757
0
LINE
8
Edge.Cuts
6
CONTINUOUS
10
6.0439299212598421
20
-2.1275076377952757
11
6.0439297244094483
21
-2.1275069291338582
0
LINE
8
Edge.Cuts
6
CONTINUOUS
10
6.0439297244094483
20
-2.1275069291338582
11
6.0439316141732284
21
-2.1224073228346456
0
LINE
8
Edge.Cuts
6
CONTINUOUS
10
6.0439316141732284
20
-2.1224073228346456
11
6.0426036220472437
21
-2.1122949606299213
0
LINE
8
Edge.Cuts
6
CONTINUOUS
10
6.0426036220472437
20
-2.1122949606299213
11
6.0399662992125984
21
-2.1024426771653544
0
LINE
8
Edge.Cuts
6
CONTINUOUS
10
6.0399662992125984
20
-2.1024426771653544
11
6.0360647637795273
21
-2.0930192519685038
0
LINE
8
Edge.Cuts
6
CONTINUOUS
10
6.0360647637795273
20
-2.0930192519685038
11
6.0309658661417318
21
-2.0841860629921261
0
LINE
8
Edge.Cuts
6
CONTINUOUS
10
6.0309658661417318
20
-2.0841860629921261
11
6.0247569685039366
21
-2.076094527559055
0
LINE
8
Edge.Cuts
6
CONTINUOUS
10
6.0247569685039366
20
-2.076094527559055
11
6.0175444488188976
21
-2.0688832283464564
0
LINE
8
Edge.Cuts
6
CONTINUOUS
10
6.0175444488188976
20
-2.0688832283464564
11
6.0094518897637794
21
-2.0626757086614171
0
LINE
8
Edge.Cuts
6
CONTINUOUS
10
6.0094518897637794
20
-2.0626757086614171
11
6.0006178740157479
21
-2.0575783070866143
0
LINE
8
Edge.Cuts
6
CONTINUOUS
10
6.0006178740157479
20
-2.0575783070866143
11
5.9911937795275589
21
-2.0536783464566928
0
LINE
8
Edge.Cuts
6
CONTINUOUS
10
5.9911937795275589
20
-2.0536783464566928
11
5.981341023622047
21
-2.0510426377952755
0
LINE
8
Edge.Cuts
6
CONTINUOUS
10
5.981341023622047
20
-2.0510426377952755
11
5.9712284645669289
21
-2.0497163779527559
0
LINE
8
Edge.Cuts
6
CONTINUOUS
10
5.9712284645669289
20
-2.0497163779527559
11
5.9661288582677168
21
-2.0497190944881889
0
LINE
8
Edge.Cuts
6
CONTINUOUS
10
5.9661288582677168
20
-2.0497190944881889
11
5.1420884251968504
21
-2.0501955511811025
0
LINE
8
Edge.Cuts
6
CONTINUOUS
10
5.1420884251968504
20
-2.0501955511811025
11
5.1405637007874017
21
-2.0501818503937006
0
LINE
8
Edge.Cuts
6
CONTINUOUS
10
5.1405637007874017
20
-2.0501818503937006
11
5.1390394881889758
21
-2.0501389763779527
0
LINE
8
Edge.Cuts
6
CONTINUOUS
10
5.1390394881889758
20
-2.0501389763779527
11
5.137516377952756
21
-2.0500670078740155
0
LINE
8
Edge.Cuts
6
CONTINUOUS
10
5.137516377952756
20
-2.0500670078740155
11
3.8929549999999997
21
-1.9792986220472439
0
LINE
8
Edge.Cuts
6
CONTINUOUS
10
3.8929549999999997
20
-1.9792986220472439
11
3.8922200787401575
21
-1.9792568110236219
0
LINE
8
Edge.Cuts
6
CONTINUOUS
10
3.8922200787401575
20
-1.9792568110236219
11
3.8907488582677163
21
-1.9792011023622047
0
LINE
8
Edge.Cuts
6
CONTINUOUS
10
3.8907488582677163
20
-1.9792011023622047
11
3.8892768503937005
21
-1.9791732283464567
0
LINE
8
Edge.Cuts
6
CONTINUOUS
10
3.8892768503937005
20
-1.9791732283464567
11
3.8885407086614174
21
-1.9791732283464567
0
LINE
8
Edge.Cuts
6
CONTINUOUS
10
3.8885407086614174
20
-1.9791732283464567
11
3.1821162204724409
21
-1.9791732283464567
0
LINE
8
Edge.Cuts
6
CONTINUOUS
10
3.1821162204724409
20
-1.9791732283464567
11
3.1821161811023622
21
-1.9791732283464567
0
LINE
8
Edge.Cuts
6
CONTINUOUS
10
3.1821161811023622
20
-1.9791732283464567
11
3.1821161023622047
21
-1.979173188976378
0
LINE
8
Edge.Cuts
6
CONTINUOUS
10
3.1821161023622047
20
-1.979173188976378
11
3.1775167716535431
21
-1.9786551574803148
0
LINE
8
Edge.Cuts
6
CONTINUOUS
10
3.1775167716535431
20
-1.9786551574803148
11
3.1731479527559054
21
-1.9771265748031495
0
LINE
8
Edge.Cuts
6
CONTINUOUS
10
3.1731479527559054
20
-1.9771265748031495
11
3.1692288582677164
21
-1.9746641338582678
0
LINE
8
Edge.Cuts
6
CONTINUOUS
10
3.1692288582677164
20
-1.9746641338582678
11
3.1659559842519682
21
-1.9713912598425196
0
LINE
8
Edge.Cuts
6
CONTINUOUS
10
3.1659559842519682
20
-1.9713912598425196
11
3.1634935433070868
21
-1.9674721653543306
0
LINE
8
Edge.Cuts
6
CONTINUOUS
10
3.1634935433070868
20
-1.9674721653543306
11
3.1619649606299212
21
-1.9631033464566929
0
LINE
8
Edge.Cuts
6
CONTINUOUS
10
3.1619649606299212
20
-1.9631033464566929
11
3.1614468897637793
21
-1.9585038976377953
0
LINE
8
Edge.Cuts
6
CONTINUOUS
10
3.1614468897637793
20
-1.9585038976377953
11
3.1614468897637793
21
-1.9092125984251969
0
LINE
8
Edge.Cuts
6
CONTINUOUS
10
3.1614468897637793
20
-1.9092125984251969
11
3.1614509448818895
21
-1.9070712204724409
0
LINE
8
Edge.Cuts
6
CONTINUOUS
10
3.1614509448818895
20
-1.9070712204724409
11
3.1603580314960631
21
-1.9029303149606298
0
LINE
8
Edge.Cuts
6
CONTINUOUS
10
3.1603580314960631
20
-1.9029303149606298
11
3.1582445669291337
21
-1.8992053937007873
0
LINE
8
Edge.Cuts
6
CONTINUOUS
10
3.1582445669291337
20
-1.8992053937007873
11
3.1552505118110235
21
-1.8961431496062993
0
LINE
8
Edge.Cuts
6
CONTINUOUS
10
3.1552505118110235
20
-1.8961431496062993
11
3.1515740944881889
21
-1.8939463385826771
0
LINE
8
Edge.Cuts
6
CONTINUOUS
10
3.1515740944881889
20
-1.8939463385826771
11
3.1474588188976376
21
-1.8927604330708661
0
LINE
8
Edge.Cuts
6
CONTINUOUS
10
3.1474588188976376
20
-1.8927604330708661
11
3.1453292913385824
21
-1.8927164960629921
0
LINE
8
Edge.Cuts
6
CONTINUOUS
10
3.1453292913385824
20
-1.8927164960629921
11
2.4150248031496062
21
-1.8926383070866142
0
LINE
8
Edge.Cuts
6
CONTINUOUS
10
2.4150248031496062
20
-1.8926383070866142
11
2.4150247637795275
21
-1.8926382677165354
0
LINE
8
Edge.Cuts
6
CONTINUOUS
10
2.4150247637795275
20
-1.8926382677165354
11
2.4125628346456693
21
-1.8926381889763779
0
LINE
8
Edge.Cuts
6
CONTINUOUS
10
2.4125628346456693
20
-1.8926381889763779
11
2.4078064960629919
21
-1.8939124409448818
0
LINE
8
Edge.Cuts
6
CONTINUOUS
10
2.4078064960629919
20
-1.8939124409448818
11
2.403542086614173
21
-1.8963744094488189
0
LINE
8
Edge.Cuts
6
CONTINUOUS
10
2.403542086614173
20
-1.8963744094488189
11
2.4000602362204724
21
-1.8998562598425197
0
LINE
8
Edge.Cuts
6
CONTINUOUS
10
2.4000602362204724
20
-1.8998562598425197
11
2.3975982677165355
21
-1.9041206692913386
0
LINE
8
Edge.Cuts
6
CONTINUOUS
10
2.3975982677165355
20
-1.9041206692913386
11
2.3963240157480312
21
-1.9088770078740156
0
LINE
8
Edge.Cuts
6
CONTINUOUS
10
2.3963240157480312
20
-1.9088770078740156
11
2.3963241338582675
21
-1.9113390551181102
0
LINE
8
Edge.Cuts
6
CONTINUOUS
10
2.3963241338582675
20
-1.9113390551181102
11
2.3963241338582675
21
-1.9113390944881889
0
LINE
8
Edge.Cuts
6
CONTINUOUS
10
2.3963241338582675
20
-1.9113390944881889
11
2.3963241338582675
21
-1.9606304330708662
0
LINE
8
Edge.Cuts
6
CONTINUOUS
10
2.3963241338582675
20
-1.9606304330708662
11
2.3963241338582675
21
-1.9606304724409449
0
LINE
8
Edge.Cuts
6
CONTINUOUS
10
2.3963241338582675
20
-1.9606304724409449
11
2.3958057086614173
21
-1.9652297244094488
0
LINE
8
Edge.Cuts
6
CONTINUOUS
10
2.3958057086614173
20
-1.9652297244094488
11
2.3942769291338584
21
-1.9695983464566929
0
LINE
8
Edge.Cuts
6
CONTINUOUS
10
2.3942769291338584
20
-1.9695983464566929
11
2.391814409448819
21
-1.9735172440944881
0
LINE
8
Edge.Cuts
6
CONTINUOUS
10
2.391814409448819
20
-1.9735172440944881
11
2.3885416535433071
21
-1.97679
0
LINE
8
Edge.Cuts
6
CONTINUOUS
10
2.3885416535433071
20
-1.97679
11
2.3846227559055118
21
-1.9792525196850392
0
LINE
8
Edge.Cuts
6
CONTINUOUS
10
2.3846227559055118
20
-1.9792525196850392
11
2.3802541338582675
21
-1.9807812992125984
0
LINE
8
Edge.Cuts
6
CONTINUOUS
10
2.3802541338582675
20
-1.9807812992125984
11
2.3756548818897638
21
-1.9812997244094488
0
LINE
8
Edge.Cuts
6
CONTINUOUS
10
2.3756548818897638
20
-1.9812997244094488
11
2.3756548425196851
21
-1.98129968503937
0
LINE
8
Edge.Cuts
6
CONTINUOUS
10
2.3756548425196851
20
-1.98129968503937
11
2.3756548425196851
21
-1.9812997244094488
0
LINE
8
Edge.Cuts
6
CONTINUOUS
10
2.3756548425196851
20
-1.9812997244094488
11
1.6669934251968503
21
-1.9812997244094488
0
LINE
8
Edge.Cuts
6
CONTINUOUS
10
1.6669934251968503
20
-1.9812997244094488
11
1.6669933858267716
21
-1.98129968503937
0
LINE
8
Edge.Cuts
6
CONTINUOUS
10
1.6669933858267716
20
-1.98129968503937
11
1.6669933858267716
21
-1.9812997244094488
0
LINE
8
Edge.Cuts
6
CONTINUOUS
10
1.6669933858267716
20
-1.9812997244094488
11
1.6645313385826772
21
-1.9812996062992125
0
LINE
8
Edge.Cuts
6
CONTINUOUS
10
1.6645313385826772
20
-1.9812996062992125
11
1.659775
21
-1.9825738582677166
0
LINE
8
Edge.Cuts
6
CONTINUOUS
10
1.659775
20
-1.9825738582677166
11
1.6555105905511811
21
-1.9850358267716535
0
LINE
8
Edge.Cuts
6
CONTINUOUS
10
1.6555105905511811
20
-1.9850358267716535
11
1.6520287401574802
21
-1.9885176771653543
0
LINE
8
Edge.Cuts
6
CONTINUOUS
10
1.6520287401574802
20
-1.9885176771653543
11
1.6495667716535434
21
-1.9927820866141732
0
LINE
8
Edge.Cuts
6
CONTINUOUS
10
1.6495667716535434
20
-1.9927820866141732
11
1.6482925196850393
21
-1.9975384251968504
0
LINE
8
Edge.Cuts
6
CONTINUOUS
10
1.6482925196850393
20
-1.9975384251968504
11
1.6482926377952756
21
-2.000000472440945
0
LINE
8
Edge.Cuts
6
CONTINUOUS
10
1.6482926377952756
20
-2.000000472440945
11
1.6482926377952756
21
-2.0000005118110238
0
LINE
8
Edge.Cuts
6
CONTINUOUS
10
1.6482926377952756
20
-2.0000005118110238
11
1.6482926377952756
21
-2.1475994488188976
0
LINE
8
Edge.Cuts
6
CONTINUOUS
10
1.6482926377952756
20
-2.1475994488188976
11
1.6482925984251968
21
-2.1475994881889764
0
LINE
8
Edge.Cuts
6
CONTINUOUS
10
1.6482925984251968
20
-2.1475994881889764
11
1.6482926377952756
21
-2.1475995275590551
0
LINE
8
Edge.Cuts
6
CONTINUOUS
10
1.6482926377952756
20
-2.1475995275590551
11
1.6477740551181101
21
-2.1521986220472442
0
LINE
8
Edge.Cuts
6
CONTINUOUS
10
1.6477740551181101
20
-2.1521986220472442
11
1.6462452362204725
21
-2.1565670866141731
0
LINE
8
Edge.Cuts
6
CONTINUOUS
10
1.6462452362204725
20
-2.1565670866141731
11
1.6437827952755906
21
-2.1604858661417321
0
LINE
8
Edge.Cuts
6
CONTINUOUS
10
1.6437827952755906
20
-2.1604858661417321
11
1.6405101968503937
21
-2.1637585433070865
0
LINE
8
Edge.Cuts
6
CONTINUOUS
10
1.6405101968503937
20
-2.1637585433070865
11
1.6365914566929134
21
-2.1662211023622047
0
LINE
8
Edge.Cuts
6
CONTINUOUS
10
1.6365914566929134
20
-2.1662211023622047
11
1.6322230708661416
21
-2.1677500393700786
0
LINE
8
Edge.Cuts
6
CONTINUOUS
10
1.6322230708661416
20
-2.1677500393700786
11
1.6276239763779528
21
-2.1682687401574801
0
LINE
8
Edge.Cuts
6
CONTINUOUS
10
1.6276239763779528
20
-2.1682687401574801
11
1.627623937007874
21
-2.1682687007874013
0
LINE
8
Edge.Cuts
6
CONTINUOUS
10
1.627623937007874
20
-2.1682687007874013
11
1.6276238976377952
21
-2.1682687401574801
0
LINE
8
Edge.Cuts
6
CONTINUOUS
10
1.6276238976377952
20
-2.1682687401574801
11
0.2055523622047244
21
-2.1683050787401572
0
LINE
8
Edge.Cuts
6
CONTINUOUS
10
0.2055523622047244
20
-2.1683050787401572
11
0.2055523228346457
21
-2.1683050393700789
0
LINE
8
Edge.Cuts
6
CONTINUOUS
10
0.2055523228346457
20
-2.1683050393700789
11
0.2055523228346457
21
-2.1683050787401572
0
LINE
8
Edge.Cuts
6
CONTINUOUS
10
0.2055523228346457
20
-2.1683050787401572
11
0.1669686220472441
21
-2.1683050787401572
0
LINE
8
Edge.Cuts
6
CONTINUOUS
10
0.1669686220472441
20
-2.1683050787401572
11
0.1636116535433071
21
-2.1683050000000001
0
LINE
8
Edge.Cuts
6
CONTINUOUS
10
0.1636116535433071
20
-2.1683050000000001
11
0.1569996850393701
21
-2.1694704330708663
0
LINE
8
Edge.Cuts
6
CONTINUOUS
10
0.1569996850393701
20
-2.1694704330708663
11
0.1506903149606299
21
-2.1717658661417323
0
LINE
8
Edge.Cuts
6
CONTINUOUS
10
0.1506903149606299
20
-2.1717658661417323
11
0.1448751968503937
21
-2.1751216141732281
0
LINE
8
Edge.Cuts
6
CONTINUOUS
10
0.1448751968503937
20
-2.1751216141732281
11
0.1397308267716535
21
-2.1794357874015748
0
LINE
8
Edge.Cuts
6
CONTINUOUS
10
0.1397308267716535
20
-2.1794357874015748
11
0.1354133858267716
21
-2.1845774409448819
0
LINE
8
Edge.Cuts
6
CONTINUOUS
10
0.1354133858267716
20
-2.1845774409448819
11
0.132053937007874
21
-2.1903904330708661
0
LINE
8
Edge.Cuts
6
CONTINUOUS
10
0.132053937007874
20
-2.1903904330708661
11
0.1297544881889764
21
-2.196698307086614
0
LINE
8
Edge.Cuts
6
CONTINUOUS
10
0.1297544881889764
20
-2.196698307086614
11
0.1285848818897638
21
-2.2033095669291338
0
LINE
8
Edge.Cuts
6
CONTINUOUS
10
0.1285848818897638
20
-2.2033095669291338
11
0.1285828346456693
21
-2.206666535433071
0
LINE
8
Edge.Cuts
6
CONTINUOUS
10
0.1285828346456693
20
-2.206666535433071
11
0.1272036614173228
21
-4.3789455905511812
0
LINE
8
Edge.Cuts
6
CONTINUOUS
10
0.1272036614173228
20
-4.3789455905511812
11
0.1272020078740158
21
-4.3840436614173228
0
LINE
8
Edge.Cuts
6
CONTINUOUS
10
0.1272020078740158
20
-4.3840436614173228
11
0.1285298031496063
21
-4.3941530314960628
0
LINE
8
Edge.Cuts
6
CONTINUOUS
10
0.1285298031496063
20
-4.3941530314960628
11
0.1311662204724409
21
-4.4040024803149604
0
LINE
8
Edge.Cuts
6
CONTINUOUS
10
0.1311662204724409
20
-4.4040024803149604
11
0.1350661023622047
21
-4.4134233464566925
0
LINE
8
Edge.Cuts
6
CONTINUOUS
10
0.1350661023622047
20
-4.4134233464566925
11
0.1401626771653543
21
-4.4222544094488185
0
LINE
8
Edge.Cuts
6
CONTINUOUS
10
0.1401626771653543
20
-4.4222544094488185
11
0.1463686614173228
21
-4.4303443700787399
0
LINE
8
Edge.Cuts
6
CONTINUOUS
10
0.1463686614173228
20
-4.4303443700787399
11
0.1535778346456693
21
-4.4375548031496059
0
LINE
8
Edge.Cuts
6
CONTINUOUS
10
0.1535778346456693
20
-4.4375548031496059
11
0.1616667322834646
21
-4.4437622047244094
0
LINE
8
Edge.Cuts
6
CONTINUOUS
10
0.1616667322834646
20
-4.4437622047244094
11
0.1704968897637795
21
-4.4488602755905511
0
LINE
8
Edge.Cuts
6
CONTINUOUS
10
0.1704968897637795
20
-4.4488602755905511
11
0.1799170866141732
21
-4.4527618110236222
0
LINE
8
Edge.Cuts
6
CONTINUOUS
10
0.1799170866141732
20
-4.4527618110236222
11
0.189766062992126
21
-4.4553999212598425
0
LINE
8
Edge.Cuts
6
CONTINUOUS
10
0.189766062992126
20
-4.4553999212598425
11
0.1998751968503937
21
-4.4567294881889765
0
LINE
8
Edge.Cuts
6
CONTINUOUS
10
0.1998751968503937
20
-4.4567294881889765
11
0.2049733070866142
21
-4.4567287007874015
0
LINE
8
Edge.Cuts
6
CONTINUOUS
10
0.2049733070866142
20
-4.4567287007874015
11
2.3441461417322835
21
-4.4563498031496058
0
LINE
8
Edge.Cuts
6
CONTINUOUS
10
2.3441461417322835
20
-4.4563498031496058
11
2.3539845669291339
21
-4.4569574803149603
0
LINE
8
Edge.Cuts
6
CONTINUOUS
10
2.3539845669291339
20
-4.4569574803149603
11
2.3636728346456692
21
-4.4587745669291339
0
LINE
8
Edge.Cuts
6
CONTINUOUS
10
2.3636728346456692
20
-4.4587745669291339
11
2.373062834645669
21
-4.4617733858267714
0
LINE
8
Edge.Cuts
6
CONTINUOUS
10
2.373062834645669
20
-4.4617733858267714
11
2.3820109448818898
21
-4.4659080314960633
0
LINE
8
Edge.Cuts
6
CONTINUOUS
10
2.3820109448818898
20
-4.4659080314960633
11
2.390380472440945
21
-4.4711152755905514
0
LINE
8
Edge.Cuts
6
CONTINUOUS
10
2.390380472440945
20
-4.4711152755905514
11
2.3980434251968505
21
-4.4773155905511812
0
LINE
8
Edge.Cuts
6
CONTINUOUS
10
2.3980434251968505
20
-4.4773155905511812
11
2.4048826377952754
21
-4.4844141338582677
0
LINE
8
Edge.Cuts
6
CONTINUOUS
10
2.4048826377952754
20
-4.4844141338582677
11
2.4107866535433069
21
-4.4922931102362202
0
LINE
8
Edge.Cuts
6
CONTINUOUS
10
2.4107866535433069
20
-4.4922931102362202
11
2.4107890944881891
21
-4.492295551181102
0
LINE
8
Edge.Cuts
6
CONTINUOUS
10
2.4107890944881891
20
-4.492295551181102
11
2.7447894488188975
21
-4.9916122047244089
0
LINE
8
Edge.Cuts
6
CONTINUOUS
10
2.7447894488188975
20
-4.9916122047244089
11
2.7474461811023621
21
-4.9955856692913381
0
LINE
8
Edge.Cuts
6
CONTINUOUS
10
2.7474461811023621
20
-4.9955856692913381
11
2.7536944488188975
21
-5.0028206692913386
0
LINE
8
Edge.Cuts
6
CONTINUOUS
10
2.7536944488188975
20
-5.0028206692913386
11
2.7607818110236222
21
-5.0092359448818895
0
LINE
8
Edge.Cuts
6
CONTINUOUS
10
2.7607818110236222
20
-5.0092359448818895
11
2.7686015354330706
21
-5.0147348425196849
0
LINE
8
Edge.Cuts
6
CONTINUOUS
10
2.7686015354330706
20
-5.0147348425196849
11
2.777035905511811
21
-5.0192345669291338
0
LINE
8
Edge.Cuts
6
CONTINUOUS
10
2.777035905511811
20
-5.0192345669291338
11
2.7859579133858268
21
-5.022667401574803
0
LINE
8
Edge.Cuts
6
CONTINUOUS
10
2.7859579133858268
20
-5.022667401574803
11
2.7952331889763777
21
-5.0249816141732282
0
LINE
8
Edge.Cuts
6
CONTINUOUS
10
2.7952331889763777
20
-5.0249816141732282
11
2.8047220472440944
21
-5.0261423622047241
0
LINE
8
Edge.Cuts
6
CONTINUOUS
10
2.8047220472440944
20
-5.0261423622047241
11
2.8095018503937008
21
-5.026136299212598
0
LINE
8
Edge.Cuts
6
CONTINUOUS
10
2.8095018503937008
20
-5.026136299212598
11
3.5074912992125982
21
-5.0253937007874017
0
LINE
8
Edge.Cuts
6
CONTINUOUS
10
3.5074912992125982
20
-5.0253937007874017
11
3.5074919291338582
21
-5.0253938188976379
0
LINE
8
Edge.Cuts
6
CONTINUOUS
10
3.5074919291338582
20
-5.0253938188976379
11
3.5074923622047245
21
-5.0253937007874017
0
LINE
8
Edge.Cuts
6
CONTINUOUS
10
3.5074923622047245
20
-5.0253937007874017
11
3.5143894488188976
21
-5.0256925984251968
0
LINE
8
Edge.Cuts
6
CONTINUOUS
10
3.5143894488188976
20
-5.0256925984251968
11
3.5212348031496061
21
-5.0265870472440941
0
LINE
8
Edge.Cuts
6
CONTINUOUS
10
3.5212348031496061
20
-5.0265870472440941
11
3.5279771259842518
21
-5.0280703543307084
0
LINE
8
Edge.Cuts
6
CONTINUOUS
10
3.5279771259842518
20
-5.0280703543307084
11
4.2225947244094488
21
-5.2127488976377956
0
LINE
8
Edge.Cuts
6
CONTINUOUS
10
4.2225947244094488
20
-5.2127488976377956
11
4.2296977559055113
21
-5.2149975984251968
0
LINE
8
Edge.Cuts
6
CONTINUOUS
10
4.2296977559055113
20
-5.2149975984251968
11
4.2365598031496061
21
-5.2178995275590552
0
LINE
8
Edge.Cuts
6
CONTINUOUS
10
4.2365598031496061
20
-5.2178995275590552
11
4.2431209842519682
21
-5.2214294094488185
0
LINE
8
Edge.Cuts
6
CONTINUOUS
10
4.2431209842519682
20
-5.2214294094488185
11
4.8375872047244091
21
-5.5780276377952758
0
LINE
8
Edge.Cuts
6
CONTINUOUS
10
4.8375872047244091
20
-5.5780276377952758
11
4.8419918110236218
21
-5.5805993307086617
0
LINE
8
Edge.Cuts
6
CONTINUOUS
10
4.8419918110236218
20
-5.5805993307086617
11
4.8514088582677166
21
-5.5845523228346456
0
LINE
8
Edge.Cuts
6
CONTINUOUS
10
4.8514088582677166
20
-5.5845523228346456
11
4.8612620472440939
21
-5.5872398425196845
0
LINE
8
Edge.Cuts
6
CONTINUOUS
10
4.8612620472440939
20
-5.5872398425196845
11
4.8713820472440945
21
-5.5886156692913387
0
LINE
8
Edge.Cuts
6
CONTINUOUS
10
4.8713820472440945
20
-5.5886156692913387
11
4.8815950393700787
21
-5.5886561811023618
0
LINE
8
Edge.Cuts
6
CONTINUOUS
10
4.8815950393700787
20
-5.5886561811023618
11
4.8917256299212601
21
-5.5873606692913382
0
LINE
8
Edge.Cuts
6
CONTINUOUS
10
4.8917256299212601
20
-5.5873606692913382
11
4.9015998031496064
21
-5.5847514173228348
0
LINE
8
Edge.Cuts
6
CONTINUOUS
10
4.9015998031496064
20
-5.5847514173228348
11
4.9110479133858265
21
-5.5808732283464568
0
LINE
8
Edge.Cuts
6
CONTINUOUS
10
4.9110479133858265
20
-5.5808732283464568
11
4.919907716535433
21
-5.5757927559055114
0
LINE
8
Edge.Cuts
6
CONTINUOUS
10
4.919907716535433
20
-5.5757927559055114
11
4.9280269685039366
21
-5.5695972047244089
0
LINE
8
Edge.Cuts
6
CONTINUOUS
10
4.9280269685039366
20
-5.5695972047244089
11
4.9352662598425194
21
-5.5623930314960628
0
LINE
8
Edge.Cuts
6
CONTINUOUS
10
4.9352662598425194
20
-5.5623930314960628
11
4.9415012204724409
21
-5.5543039763779527
0
LINE
8
Edge.Cuts
6
CONTINUOUS
10
4.9415012204724409
20
-5.5543039763779527
11
4.9440635039370076
21
-5.5498867716535436
0
LINE
8
Edge.Cuts
6
CONTINUOUS
10
4.9440635039370076
20
-5.5498867716535436
11
4.9440702755905512
21
-5.5498806692913387
0
LINE
8
Edge.Cuts
6
CONTINUOUS
10
4.9440702755905512
20
-5.5498806692913387
11
4.9440754330708661
21
-5.5498667322834647
0
LINE
8
Edge.Cuts
6
CONTINUOUS
10
4.9440754330708661
20
-5.5498667322834647
11
5.5486668503937002
21
-4.5619226377952753
0
LINE
8
Edge.Cuts
6
CONTINUOUS
10
5.5486668503937002
20
-4.5619226377952753
11
5.5508993700787403
21
-4.5582760629921255
0
LINE
8
Edge.Cuts
6
CONTINUOUS
10
5.5508993700787403
20
-4.5582760629921255
11
5.5545363779527559
21
-4.5505366535433067
0
LINE
8
Edge.Cuts
6
CONTINUOUS
10
5.5545363779527559
20
-4.5505366535433067
11
5.5573029133858265
21
-4.5424450787401573
0
LINE
8
Edge.Cuts
6
CONTINUOUS
10
5.5573029133858265
20
-4.5424450787401573
11
5.5591655511811027
21
-4.5340989763779529
0
LINE
8
Edge.Cuts
6
CONTINUOUS
10
5.5591655511811027
20
-4.5340989763779529
11
5.5601018503937008
21
-4.5255989763779523
0
LINE
8
Edge.Cuts
6
CONTINUOUS
10
5.5601018503937008
20
-4.5255989763779523
11
5.5601003937007869
21
-4.5213232677165349
0
LINE
8
Edge.Cuts
6
CONTINUOUS
10
5.5601003937007869
20
-4.5213232677165349
11
5.5599785826771653
21
-3.7415357480314961
0
LINE
8
Edge.Cuts
6
CONTINUOUS
10
5.5599785826771653
20
-3.7415357480314961
11
5.5599785826771653
21
-3.7415355905511811
0
LINE
8
Edge.Cuts
6
CONTINUOUS
10
5.5599785826771653
20
-3.7415355905511811
11
5.5599785826771653
21
-3.7415355118110236
0
LINE
8
Edge.Cuts
6
CONTINUOUS
10
5.5599785826771653
20
-3.7415355118110236
11
5.5604817716535431
21
-3.7325995669291339
0
LINE
8
Edge.Cuts
6
CONTINUOUS
10
5.5604817716535431
20
-3.7325995669291339
11
5.5619833070866145
21
-3.7237762992125982
0
LINE
8
Edge.Cuts
6
CONTINUOUS
10
5.5619833070866145
20
-3.7237762992125982
11
5.5644642913385827
21
-3.7151769685039371
0
LINE
8
Edge.Cuts
6
CONTINUOUS
10
5.5644642913385827
20
-3.7151769685039371
11
5.5678934645669287
21
-3.7069098425196851
0
LINE
8
Edge.Cuts
6
CONTINUOUS
10
5.5678934645669287
20
-3.7069098425196851
11
5.5722275984251963
21
-3.6990791732283466
0
LINE
8
Edge.Cuts
6
CONTINUOUS
10
5.5722275984251963
20
-3.6990791732283466
11
5.5774120866141734
21
-3.691783622047244
0
LINE
8
Edge.Cuts
6
CONTINUOUS
10
5.5774120866141734
20
-3.691783622047244
11
5.5833815748031492
21
-3.6851150787401572
0
LINE
8
Edge.Cuts
6
CONTINUOUS
10
5.5833815748031492
20
-3.6851150787401572
11
5.5833816535433067
21
-3.6851149999999997
0
LINE
8
Edge.Cuts
6
CONTINUOUS
10
5.5833816535433067
20
-3.6851149999999997
11
6.0228167322834647
21
-3.2464937007874015
0
LINE
8
Edge.Cuts
6
CONTINUOUS
10
6.0228167322834647
20
-3.2464937007874015
11
6.0260887795275586
21
-3.2429543307086615
0
LINE
8
Edge.Cuts
6
CONTINUOUS
10
6.0260887795275586
20
-3.2429543307086615
11
6.031731692913386
21
-3.2350899606299213
0
LINE
8
Edge.Cuts
6
CONTINUOUS
10
6.031731692913386
20
-3.2350899606299213
11
6.036355708661417
21
-3.2265864960629922
0
LINE
8
Edge.Cuts
6
CONTINUOUS
10
6.036355708661417
20
-3.2265864960629922
11
6.0398894094488185
21
-3.2175751574803151
0
LINE
8
Edge.Cuts
6
CONTINUOUS
10
6.0398894094488185
20
-3.2175751574803151
11
6.0422782283464569
21
-3.2081951968503937
0
LINE
8
Edge.Cuts
6
CONTINUOUS
10
6.0422782283464569
20
-3.2081951968503937
11
6.0434853149606296
21
-3.198591338582677
0
LINE
8
Edge.Cuts
6
CONTINUOUS
10
6.0434853149606296
20
-3.198591338582677
11
6.0434913779527557
21
-3.1937516535433068
0
LINE
8
Edge.Cuts
6
CONTINUOUS
10
6.0434913779527557
20
-3.1937516535433068
11
6.0434981889763781
21
-3.1937307086614171
0
LINE
8
Edge.Cuts
6
CONTINUOUS
10
6.0434981889763781
20
-3.1937307086614171
11
6.0434913779527557
21
-3.1936963779527558
0
LINE
8
Edge.Cuts
6
CONTINUOUS
10
6.0434913779527557
20
-3.1936963779527558
11
6.0435039370078742
21
-3.1677160629921257
0
LINE
8
Edge.Cuts
6
CONTINUOUS
10
6.0435039370078742
20
-3.1677160629921257
11
6.0435790551181103
21
-3.1673394488188977
0
LINE
8
Edge.Cuts
6
CONTINUOUS
10
6.0435790551181103
20
-3.1673394488188977
11
6.0436328346456696
21
-3.1672857086614172
0
LINE
8
Edge.Cuts
6
CONTINUOUS
10
6.0436328346456696
20
-3.1672857086614172
11
6.0442846850393703
21
-3.1585873228346455
0
LINE
8
Edge.Cuts
6
CONTINUOUS
10
6.0442846850393703
20
-3.1585873228346455
11
6.0463218503937011
21
-3.1496620078740158
0
LINE
8
Edge.Cuts
6
CONTINUOUS
10
6.0463218503937011
20
-3.1496620078740158
11
6.049666456692913
21
-3.1411400393700788
0
LINE
8
Edge.Cuts
6
CONTINUOUS
10
6.049666456692913
20
-3.1411400393700788
11
6.054243858267716
21
-3.1332117322834643
0
LINE
8
Edge.Cuts
6
CONTINUOUS
10
6.054243858267716
20
-3.1332117322834643
11
6.0599518110236223
21
-3.1260541732283462
0
LINE
8
Edge.Cuts
6
CONTINUOUS
10
6.0599518110236223
20
-3.1260541732283462
11
6.0666627952755903
21
-3.1198273228346456
0
LINE
8
Edge.Cuts
6
CONTINUOUS
10
6.0666627952755903
20
-3.1198273228346456
11
6.0742268503937007
21
-3.1146702362204723
0
LINE
8
Edge.Cuts
6
CONTINUOUS
10
6.0742268503937007
20
-3.1146702362204723
11
6.0824750787401571
21
-3.1106981102362203
0
LINE
8
Edge.Cuts
6
CONTINUOUS
10
6.0824750787401571
20
-3.1106981102362203
11
6.0912231496062992
21
-3.1079996850393701
0
LINE
8
Edge.Cuts
6
CONTINUOUS
10
6.0912231496062992
20
-3.1079996850393701
11
6.1002757480314962
21
-3.1066351968503936
0
LINE
8
Edge.Cuts
6
CONTINUOUS
10
6.1002757480314962
20
-3.1066351968503936
11
6.1094305511811022
21
-3.1066351968503936
0
LINE
8
Edge.Cuts
6
CONTINUOUS
10
6.1094305511811022
20
-3.1066351968503936
11
6.1184831496062992
21
-3.1079996850393701
0
LINE
8
Edge.Cuts
6
CONTINUOUS
10
6.1184831496062992
20
-3.1079996850393701
11
6.1272312204724404
21
-3.1106981102362203
0
LINE
8
Edge.Cuts
6
CONTINUOUS
10
6.1272312204724404
20
-3.1106981102362203
11
6.1354794488188977
21
-3.1146702362204723
0
LINE
8
Edge.Cuts
6
CONTINUOUS
10
6.1354794488188977
20
-3.1146702362204723
11
6.1430435039370082
21
-3.1198273228346456
0
LINE
8
Edge.Cuts
6
CONTINUOUS
10
6.1430435039370082
20
-3.1198273228346456
11
6.1497544881889761
21
-3.1260541732283462
0
LINE
8
Edge.Cuts
6
CONTINUOUS
10
6.1497544881889761
20
-3.1260541732283462
11
6.1554624409448815
21
-3.1332117322834643
0
LINE
8
Edge.Cuts
6
CONTINUOUS
10
6.1554624409448815
20
-3.1332117322834643
11
6.1600398425196845
21
-3.1411400393700788
0
LINE
8
Edge.Cuts
6
CONTINUOUS
10
6.1600398425196845
20
-3.1411400393700788
11
6.1633844488188974
21
-3.1496620078740158
0
LINE
8
Edge.Cuts
6
CONTINUOUS
10
6.1633844488188974
20
-3.1496620078740158
11
6.1654216141732281
21
-3.1585873228346455
0
LINE
8
Edge.Cuts
6
CONTINUOUS
10
6.1654216141732281
20
-3.1585873228346455
11
6.1661025984251969
21
-3.1676749606299213
0
LINE
8
Edge.Cuts
6
CONTINUOUS
10
6.1661025984251969
20
-3.1676749606299213
11
6.1661052755905512
21
-3.1676864173228347
0
LINE
8
Edge.Cuts
6
CONTINUOUS
10
6.1661052755905512
20
-3.1676864173228347
11
6.1667830314960632
21
-3.1898303543307085
0
LINE
8
Edge.Cuts
6
CONTINUOUS
10
6.1667830314960632
20
-3.1898303543307085
11
6.1667799212598426
21
-3.1898487401574802
0
LINE
8
Edge.Cuts
6
CONTINUOUS
10
6.1667799212598426
20
-3.1898487401574802
11
6.1667835039370074
21
-3.1898596850393699
0
LINE
8
Edge.Cuts
6
CONTINUOUS
10
6.1667835039370074
20
-3.1898596850393699
11
6.1667900393700785
21
-3.1946993307086613
0
LINE
8
Edge.Cuts
6
CONTINUOUS
10
6.1667900393700785
20
-3.1946993307086613
11
6.1679978346456688
21
-3.2043029921259842
0
LINE
8
Edge.Cuts
6
CONTINUOUS
10
6.1679978346456688
20
-3.2043029921259842
11
6.1703869685039372
21
-3.2136827952755906
0
LINE
8
Edge.Cuts
6
CONTINUOUS
10
6.1703869685039372
20
-3.2136827952755906
11
6.1739206299212599
21
-3.2226940157480315
0
LINE
8
Edge.Cuts
6
CONTINUOUS
10
6.1739206299212599
20
-3.2226940157480315
11
6.1785442913385822
21
-3.2311975984251968
0
LINE
8
Edge.Cuts
6
CONTINUOUS
10
6.1785442913385822
20
-3.2311975984251968
11
6.1841865354330707
21
-3.239062283464567
0
LINE
8
Edge.Cuts
6
CONTINUOUS
10
6.1841865354330707
20
-3.239062283464567
11
6.1874587007874018
21
-3.2426024409448817
0
LINE
8
Edge.Cuts
6
CONTINUOUS
10
6.1874587007874018
20
-3.2426024409448817
11
6.6268932677165351
21
-3.6812232283464565
0
LINE
8
Edge.Cuts
6
CONTINUOUS
10
6.6268932677165351
20
-3.6812232283464565
11
6.6268933070866138
21
-3.6812232677165353
0
LINE
8
Edge.Cuts
6
CONTINUOUS
10
6.6268933070866138
20
-3.6812232677165353
11
6.6328625984251968
21
-3.6878919291338583
0
LINE
8
Edge.Cuts
6
CONTINUOUS
10
6.6328625984251968
20
-3.6878919291338583
11
6.6380468897637792
21
-3.695187559055118
0
LINE
8
Edge.Cuts
6
CONTINUOUS
10
6.6380468897637792
20
-3.695187559055118
11
6.6423809055118106
21
-3.7030182283464566
0
LINE
8
Edge.Cuts
6
CONTINUOUS
10
6.6423809055118106
20
-3.7030182283464566
11
6.6458100787401575
21
-3.7112853149606297
0
LINE
8
Edge.Cuts
6
CONTINUOUS
10
6.6458100787401575
20
-3.7112853149606297
11
6.6482911417322832
21
-3.7198845669291338
0
LINE
8
Edge.Cuts
6
CONTINUOUS
10
6.6482911417322832
20
-3.7198845669291338
11
6.6497928346456687
21
-3.7287077559055115
0
LINE
8
Edge.Cuts
6
CONTINUOUS
10
6.6497928346456687
20
-3.7287077559055115
11
6.6502962992125987
21
-3.7376436220472442
0
LINE
8
Edge.Cuts
6
CONTINUOUS
10
6.6502962992125987
20
-3.7376436220472442
11
6.6502962598425199
21
-3.7376437007874013
0
LINE
8
Edge.Cuts
6
CONTINUOUS
10
6.6502962598425199
20
-3.7376437007874013
11
6.6502962992125987
21
-3.737643897637795
0
LINE
8
Edge.Cuts
6
CONTINUOUS
10
6.6502962992125987
20
-3.737643897637795
11
6.6501744881889762
21
-4.5174313385826768
0
LINE
8
Edge.Cuts
6
CONTINUOUS
10
6.6501744881889762
20
-4.5174313385826768
11
6.650173228346457
21
-4.5217070472440941
0
LINE
8
Edge.Cuts
6
CONTINUOUS
10
6.650173228346457
20
-4.5217070472440941
11
6.6511098425196851
21
-4.530207007874016
0
LINE
8
Edge.Cuts
6
CONTINUOUS
10
6.6511098425196851
20
-4.530207007874016
11
6.6529725590551179
21
-4.5385530708661417
0
LINE
8
Edge.Cuts
6
CONTINUOUS
10
6.6529725590551179
20
-4.5385530708661417
11
6.6557389763779522
21
-4.5466446456692911
0
LINE
8
Edge.Cuts
6
CONTINUOUS
10
6.6557389763779522
20
-4.5466446456692911
11
6.6593757086614174
21
-4.5543841732283461
0
LINE
8
Edge.Cuts
6
CONTINUOUS
10
6.6593757086614174
20
-4.5543841732283461
11
6.6616079921259841
21
-4.5580307480314959
0
LINE
8
Edge.Cuts
6
CONTINUOUS
10
6.6616079921259841
20
-4.5580307480314959
11
6.6616080314960628
21
-4.5580307874015746
0
LINE
8
Edge.Cuts
6
CONTINUOUS
10
6.6616080314960628
20
-4.5580307874015746
11
7.2661994488188979
21
-5.5459748818897641
0
LINE
8
Edge.Cuts
6
CONTINUOUS
10
7.2661994488188979
20
-5.5459748818897641
11
7.266204566929134
21
-5.5459888582677168
0
LINE
8
Edge.Cuts
6
CONTINUOUS
10
7.266204566929134
20
-5.5459888582677168
11
7.2662113779527555
21
-5.5459949606299208
0
LINE
8
Edge.Cuts
6
CONTINUOUS
10
7.2662113779527555
20
-5.5459949606299208
11
7.2687735433070868
21
-5.5504122834645671
0
LINE
8
Edge.Cuts
6
CONTINUOUS
10
7.2687735433070868
20
-5.5504122834645671
11
7.2750082677165349
21
-5.5585016535433072
0
LINE
8
Edge.Cuts
6
CONTINUOUS
10
7.2750082677165349
20
-5.5585016535433072
11
7.2822474409448814
21
-5.5657061023622045
0
LINE
8
Edge.Cuts
6
CONTINUOUS
10
7.2822474409448814
20
-5.5657061023622045
11
7.2903666535433072
21
-5.5719018897637795
0
LINE
8
Edge.Cuts
6
CONTINUOUS
10
7.2903666535433072
20
-5.5719018897637795
11
7.2992264960629916
21
-5.5769825590551179
0
LINE
8
Edge.Cuts
6
CONTINUOUS
10
7.2992264960629916
20
-5.5769825590551179
11
7.30867468503937
21
-5.580860866141732
0
LINE
8
Edge.Cuts
6
CONTINUOUS
10
7.30867468503937
20
-5.580860866141732
11
7.3185489370078738
21
-5.5834701181102364
0
LINE
8
Edge.Cuts
6
CONTINUOUS
10
7.3185489370078738
20
-5.5834701181102364
11
7.3286796850393703
21
-5.5847655905511813
0
LINE
8
Edge.Cuts
6
CONTINUOUS
10
7.3286796850393703
20
-5.5847655905511813
11
7.3388927952755907
21
-5.5847249212598422
0
LINE
8
Edge.Cuts
6
CONTINUOUS
10
7.3388927952755907
20
-5.5847249212598422
11
7.3490128740157479
21
-5.5833488582677164
0
LINE
8
Edge.Cuts
6
CONTINUOUS
10
7.3490128740157479
20
-5.5833488582677164
11
7.3588660629921261
21
-5.5806610629921263
0
LINE
8
Edge.Cuts
6
CONTINUOUS
10
7.3588660629921261
20
-5.5806610629921263
11
7.3682830708661413
21
-5.5767076771653539
0
LINE
8
Edge.Cuts
6
CONTINUOUS
10
7.3682830708661413
20
-5.5767076771653539
11
7.3726866141732286
21
-5.5741364173228343
0
LINE
8
Edge.Cuts
6
CONTINUOUS
10
7.3726866141732286
20
-5.5741364173228343
11
7.9671538976377949
21
-5.2175375590551178
0
LINE
8
Edge.Cuts
6
CONTINUOUS
10
7.9671538976377949
20
-5.2175375590551178
11
7.9737150787401569
21
-5.2140077165354333
0
LINE
8
Edge.Cuts
6
CONTINUOUS
10
7.9737150787401569
20
-5.2140077165354333
11
7.9805771653543305
21
-5.2111057874015749
0
LINE
8
Edge.Cuts
6
CONTINUOUS
10
7.9805771653543305
20
-5.2111057874015749
11
7.9876801181102364
21
-5.208857047244094
0
LINE
8
Edge.Cuts
6
CONTINUOUS
10
7.9876801181102364
20
-5.208857047244094
11
8.6822977559055108
21
-5.0241785039370077
0
LINE
8
Edge.Cuts
6
CONTINUOUS
10
8.6822977559055108
20
-5.0241785039370077
11
8.6822979921259833
21
-5.024178464566929
0
LINE
8
Edge.Cuts
6
CONTINUOUS
10
8.6822979921259833
20
-5.024178464566929
11
8.6890400393700791
21
-5.0226950787401572
0
LINE
8
Edge.Cuts
6
CONTINUOUS
10
8.6890400393700791
20
-5.0226950787401572
11
8.6958854330708668
21
-5.0218005905511811
0
LINE
8
Edge.Cuts
6
CONTINUOUS
10
8.6958854330708668
20
-5.0218005905511811
11
8.7027825590551178
21
-5.021501850393701
0
LINE
8
Edge.Cuts
6
CONTINUOUS
10
8.7027825590551178
20
-5.021501850393701
11
8.7027829133858265
21
-5.0215019685039373
0
LINE
8
Edge.Cuts
6
CONTINUOUS
10
8.7027829133858265
20
-5.0215019685039373
11
8.7027835826771653
21
-5.021501850393701
0
LINE
8
Edge.Cuts
6
CONTINUOUS
10
8.7027835826771653
20
-5.021501850393701
11
9.4007730314960636
21
-5.0222444488188973
0
LINE
8
Edge.Cuts
6
CONTINUOUS
10
9.4007730314960636
20
-5.0222444488188973
11
9.4055528346456683
21
-5.0222505905511809
0
LINE
8
Edge.Cuts
6
CONTINUOUS
10
9.4055528346456683
20
-5.0222505905511809
11
9.4150417716535433
21
-5.0210899212598425
0
LINE
8
Edge.Cuts
6
CONTINUOUS
10
9.4150417716535433
20
-5.0210899212598425
11
9.4243170472440951
21
-5.0187757480314961
0
LINE
8
Edge.Cuts
6
CONTINUOUS
10
9.4243170472440951
20
-5.0187757480314961
11
9.4332390944881883
21
-5.0153429527559057
0
LINE
8
Edge.Cuts
6
CONTINUOUS
10
9.4332390944881883
20
-5.0153429527559057
11
9.4416734645669287
21
-5.0108432283464568
0
LINE
8
Edge.Cuts
6
CONTINUOUS
10
9.4416734645669287
20
-5.0108432283464568
11
9.4494932283464568
21
-5.0053442913385826
0
LINE
8
Edge.Cuts
6
CONTINUOUS
10
9.4494932283464568
20
-5.0053442913385826
11
9.4565805511811014
21
-4.998928976377953
0
LINE
8
Edge.Cuts
6
CONTINUOUS
10
9.4565805511811014
20
-4.998928976377953
11
9.462828779527559
21
-4.9916938582677162
0
LINE
8
Edge.Cuts
6
CONTINUOUS
10
9.462828779527559
20
-4.9916938582677162
11
9.4654854330708655
21
-4.9877203543307083
0
LINE
8
Edge.Cuts
6
CONTINUOUS
10
9.4654854330708655
20
-4.9877203543307083
11
9.7994857874015739
21
-4.4884037007874014
0
LINE
8
Edge.Cuts
6
CONTINUOUS
10
9.7994857874015739
20
-4.4884037007874014
11
9.7994881889763779
21
-4.4884012598425196
0
LINE
8
Edge.Cuts
6
CONTINUOUS
10
9.7994881889763779
20
-4.4884012598425196
11
9.8053921259842518
21
-4.4805222047244095
0
LINE
8
Edge.Cuts
6
CONTINUOUS
10
9.8053921259842518
20
-4.4805222047244095
11
9.8122313385826772
21
-4.4734235826771656
0
LINE
8
Edge.Cuts
6
CONTINUOUS
10
9.8122313385826772
20
-4.4734235826771656
11
9.8198942519685044
21
-4.467223228346457
0
LINE
8
Edge.Cuts
6
CONTINUOUS
10
9.8198942519685044
20
-4.467223228346457
11
9.8282637795275587
21
-4.4620159055118105
0
LINE
8
Edge.Cuts
6
CONTINUOUS
10
9.8282637795275587
20
-4.4620159055118105
11
9.8372119685039365
21
-4.4578812992125982
0
LINE
8
Edge.Cuts
6
CONTINUOUS
10
9.8372119685039365
20
-4.4578812992125982
11
9.8466019685039363
21
-4.4548825196850395
0
LINE
8
Edge.Cuts
6
CONTINUOUS
10
9.8466019685039363
20
-4.4548825196850395
11
9.8562902755905508
21
-4.4530655118110234
0
LINE
8
Edge.Cuts
6
CONTINUOUS
10
9.8562902755905508
20
-4.4530655118110234
11
9.8661287007874012
21
-4.4524579527559052
0
LINE
8
Edge.Cuts
6
CONTINUOUS
10
9.8661287007874012
20
-4.4524579527559052
11
9.86612874015748
21
-4.4524579527559052
0
LINE
8
Edge.Cuts
6
CONTINUOUS
10
9.86612874015748
20
-4.4524579527559052
11
9.8661287795275587
21
-4.4524579527559052
0
LINE
8
Edge.Cuts
6
CONTINUOUS
10
9.8661287795275587
20
-4.4524579527559052
11
12.0053016141732289
21
-4.4528368503937008
0
LINE
8
Edge.Cuts
6
CONTINUOUS
10
12.0053016141732289
20
-4.4528368503937008
11
12.0103997637795281
21
-4.4528378346456696
0
LINE
8
Edge.Cuts
6
CONTINUOUS
10
12.0103997637795281
20
-4.4528378346456696
11
12.0205090944881885
21
-4.4515086614173232
0
LINE
8
Edge.Cuts
6
CONTINUOUS
10
12.0205090944881885
20
-4.4515086614173232
11
12.0303582677165348
21
-4.4488707874015745
0
LINE
8
Edge.Cuts
6
CONTINUOUS
10
12.0303582677165348
20
-4.4488707874015745
11
12.0397786614173228
21
-4.4449694488188971
0
LINE
8
Edge.Cuts
6
CONTINUOUS
10
12.0397786614173228
20
-4.4449694488188971
11
12.0486090157480312
21
-4.4398714173228342
0
LINE
8
Edge.Cuts
6
CONTINUOUS
10
12.0486090157480312
20
-4.4398714173228342
11
12.0566980708661422
21
-4.4336640157480316
0
LINE
8
Edge.Cuts
6
CONTINUOUS
10
12.0566980708661422
20
-4.4336640157480316
11
12.063907283464566
21
-4.4264535039370081
0
LINE
8
Edge.Cuts
6
CONTINUOUS
10
12.063907283464566
20
-4.4264535039370081
11
12.0701133070866131
21
-4.4183633858267717
0
LINE
8
Edge.Cuts
6
CONTINUOUS
10
12.0701133070866131
20
-4.4183633858267717
11
12.0752098031496065
21
-4.4095321653543307
0
LINE
8
Edge.Cuts
6
CONTINUOUS
10
12.0752098031496065
20
-4.4095321653543307
11
12.0791094881889762
21
-4.4001111023622048
0
LINE
8
Edge.Cuts
6
CONTINUOUS
10
12.0791094881889762
20
-4.4001111023622048
11
12.0817456692913385
21
-4.3902614566929135
0
LINE
8
Edge.Cuts
6
CONTINUOUS
10
12.0817456692913385
20
-4.3902614566929135
11
12.0830731102362208
21
-4.3801519291338584
0
LINE
8
Edge.Cuts
6
CONTINUOUS
10
12.0830731102362208
20
-4.3801519291338584
11
12.0830712204724406
21
-4.3750537795275593
0
LINE
8
Edge.Cuts
6
CONTINUOUS
10
12.0830712204724406
20
-4.3750537795275593
11
12.0816920472440934
21
-2.2027746850393699
0
LINE
8
Edge.Cuts
6
CONTINUOUS
10
12.0816920472440934
20
-2.2027746850393699
11
12.0816898818897638
21
-2.1994178346456694
0
LINE
8
Edge.Cuts
6
CONTINUOUS
10
12.0816898818897638
20
-2.1994178346456694
11
12.0805199999999999
21
-2.1928066929133858
0
LINE
8
Edge.Cuts
6
CONTINUOUS
10
12.0805199999999999
20
-2.1928066929133858
11
12.0782203937007875
21
-2.1864989370078738
0
LINE
8
Edge.Cuts
6
CONTINUOUS
10
12.0782203937007875
20
-2.1864989370078738
11
12.0748609055118106
21
-2.1806860629921259
0
LINE
8
Edge.Cuts
6
CONTINUOUS
10
12.0748609055118106
20
-2.1806860629921259
11
12.0705434645669296
21
-2.175544527559055
0
LINE
8
Edge.Cuts
6
CONTINUOUS
10
12.0705434645669296
20
-2.175544527559055
11
12.0653991732283465
21
-2.1712303543307088
0
LINE
8
Edge.Cuts
6
CONTINUOUS
10
12.0653991732283465
20
-2.1712303543307088
11
12.0595841732283464
21
-2.1678745669291337
0
LINE
8
Edge.Cuts
6
CONTINUOUS
10
12.0595841732283464
20
-2.1678745669291337
11
12.0532749999999993
21
-2.1655789763779527
0
LINE
8
Edge.Cuts
6
CONTINUOUS
10
12.0532749999999993
20
-2.1655789763779527
11
12.0466631102362207
21
-2.1644132677165353
0
LINE
8
Edge.Cuts
6
CONTINUOUS
10
12.0466631102362207
20
-2.1644132677165353
11
12.0433061811023627
21
-2.1644132283464566
0
LINE
8
Edge.Cuts
6
CONTINUOUS
10
12.0433061811023627
20
-2.1644132283464566
11
12.0047225590551179
21
-2.1644132283464566
0
LINE
8
Edge.Cuts
6
CONTINUOUS
10
12.0047225590551179
20
-2.1644132283464566
11
12.0047225196850391
21
-2.1644131889763778
0
LINE
8
Edge.Cuts
6
CONTINUOUS
10
12.0047225196850391
20
-2.1644131889763778
11
12.0047225196850391
21
-2.1644132283464566
0
LINE
8
Edge.Cuts
6
CONTINUOUS
10
12.0047225196850391
20
-2.1644132283464566
11
10.582650984251968
21
-2.1643768897637794
0
LINE
8
Edge.Cuts
6
CONTINUOUS
10
10.582650984251968
20
-2.1643768897637794
11
10.5826507480314955
21
-2.1643768110236219
0
LINE
8
Edge.Cuts
6
CONTINUOUS
10
10.5826507480314955
20
-2.1643768110236219
11
10.5780516141732281
21
-2.1638590551181101
0
LINE
8
Edge.Cuts
6
CONTINUOUS
10
10.5780516141732281
20
-2.1638590551181101
11
10.5736827165354335
21
-2.1623305511811024
0
LINE
8
Edge.Cuts
6
CONTINUOUS
10
10.5736827165354335
20
-2.1623305511811024
11
10.5697635433070865
21
-2.1598680708661417
0
LINE
8
Edge.Cuts
6
CONTINUOUS
10
10.5697635433070865
20
-2.1598680708661417
11
10.5664907086614175
21
-2.1565951574803148
0
LINE
8
Edge.Cuts
6
CONTINUOUS
10
10.5664907086614175
20
-2.1565951574803148
11
10.5640283464566931
21
-2.1526759448818895
0
LINE
8
Edge.Cuts
6
CONTINUOUS
10
10.5640283464566931
20
-2.1526759448818895
11
10.5624999606299212
21
-2.1483070078740156
0
LINE
8
Edge.Cuts
6
CONTINUOUS
10
10.5624999606299212
20
-2.1483070078740156
11
10.5619822440944873
21
-2.1437074803149607
0
LINE
8
Edge.Cuts
6
CONTINUOUS
10
10.5619822440944873
20
-2.1437074803149607
11
10.5619822440944873
21
-1.9961086614173227
0
LINE
8
Edge.Cuts
6
CONTINUOUS
10
10.5619822440944873
20
-1.9961086614173227
11
10.5619822440944873
21
-1.9961084645669291
0
LINE
8
Edge.Cuts
6
CONTINUOUS
10
10.5619822440944873
20
-1.9961084645669291
11
10.5619822440944873
21
-1.9961083858267716
0
LINE
8
Edge.Cuts
6
CONTINUOUS
10
10.5619822440944873
20
-1.9961083858267716
11
10.5619828346456686
21
-1.993646220472441
0
LINE
8
Edge.Cuts
6
CONTINUOUS
10
10.5619828346456686
20
-1.993646220472441
11
10.560709251968504
21
-1.9888894488188975
0
LINE
8
Edge.Cuts
6
CONTINUOUS
10
10.560709251968504
20
-1.9888894488188975
11
10.5582475196850396
21
-1.9846246456692913
0
LINE
8
Edge.Cuts
6
CONTINUOUS
10
10.5582475196850396
20
-1.9846246456692913
11
10.5547654724409448
21
-1.9811425984251969
0
LINE
8
Edge.Cuts
6
CONTINUOUS
10
10.5547654724409448
20
-1.9811425984251969
11
10.5505006692913383
21
-1.9786808661417323
0
LINE
8
Edge.Cuts
6
CONTINUOUS
10
10.5505006692913383
20
-1.9786808661417323
11
10.5457438976377951
21
-1.9774072834645668
0
LINE
8
Edge.Cuts
6
CONTINUOUS
10
10.5457438976377951
20
-1.9774072834645668
11
10.5432817322834644
21
-1.9774078740157479
0
LINE
8
Edge.Cuts
6
CONTINUOUS
10
10.5432817322834644
20
-1.9774078740157479
11
10.5432816141732282
21
-1.9774078346456692
0
LINE
8
Edge.Cuts
6
CONTINUOUS
10
10.5432816141732282
20
-1.9774078346456692
11
10.5432814566929132
21
-1.9774078740157479
0
LINE
8
Edge.Cuts
6
CONTINUOUS
10
10.5432814566929132
20
-1.9774078740157479
11
9.834620039370078
21
-1.9774078740157479
0
LINE
8
Edge.Cuts
6
CONTINUOUS
10
9.834620039370078
20
-1.9774078740157479
11
9.8346198425196842
21
-1.9774078346456692
0
LINE
8
Edge.Cuts
6
CONTINUOUS
10
9.8346198425196842
20
-1.9774078346456692
11
9.8346197637795267
21
-1.9774078740157479
0
LINE
8
Edge.Cuts
6
CONTINUOUS
10
9.8346197637795267
20
-1.9774078740157479
11
9.8300209448818894
21
-1.9768885433070866
0
LINE
8
Edge.Cuts
6
CONTINUOUS
10
9.8300209448818894
20
-1.9768885433070866
11
9.8256528740157485
21
-1.9753592913385827
0
LINE
8
Edge.Cuts
6
CONTINUOUS
10
9.8256528740157485
20
-1.9753592913385827
11
9.821734409448819
21
-1.9728966929133858
0
LINE
8
Edge.Cuts
6
CONTINUOUS
10
9.821734409448819
20
-1.9728966929133858
11
9.8184619291338588
21
-1.9696242125984251
0
LINE
8
Edge.Cuts
6
CONTINUOUS
10
9.8184619291338588
20
-1.9696242125984251
11
9.8159993307086619
21
-1.9657057480314961
0
LINE
8
Edge.Cuts
6
CONTINUOUS
10
9.8159993307086619
20
-1.9657057480314961
11
9.8144700787401575
21
-1.9613376771653543
0
LINE
8
Edge.Cuts
6
CONTINUOUS
10
9.8144700787401575
20
-1.9613376771653543
11
9.8139507480314965
21
-1.9567388582677165
0
LINE
8
Edge.Cuts
6
CONTINUOUS
10
9.8139507480314965
20
-1.9567388582677165
11
9.8139507480314965
21
-1.9567387401574803
0
LINE
8
Edge.Cuts
6
CONTINUOUS
10
9.8139507480314965
20
-1.9567387401574803
11
9.8139507480314965
21
-1.9567385826771653
0
LINE
8
Edge.Cuts
6
CONTINUOUS
10
9.8139507480314965
20
-1.9567385826771653
11
9.8139507480314965
21
-1.9074472440944881
0
LINE
8
Edge.Cuts
6
CONTINUOUS
10
9.8139507480314965
20
-1.9074472440944881
11
9.8139507480314965
21
-1.9074470472440945
0
LINE
8
Edge.Cuts
6
CONTINUOUS
10
9.8139507480314965
20
-1.9074470472440945
11
9.8139507480314965
21
-1.907446968503937
0
LINE
8
Edge.Cuts
6
CONTINUOUS
10
9.8139507480314965
20
-1.907446968503937
11
9.8139513385826778
21
-1.9049848031496062
0
LINE
8
Edge.Cuts
6
CONTINUOUS
10
9.8139513385826778
20
-1.9049848031496062
11
9.8126777559055114
21
-1.9002280314960629
0
LINE
8
Edge.Cuts
6
CONTINUOUS
10
9.8126777559055114
20
-1.9002280314960629
11
9.810216023622047
21
-1.8959632283464567
0
LINE
8
Edge.Cuts
6
CONTINUOUS
10
9.810216023622047
20
-1.8959632283464567
11
9.8067339763779522
21
-1.8924811811023621
0
LINE
8
Edge.Cuts
6
CONTINUOUS
10
9.8067339763779522
20
-1.8924811811023621
11
9.8024691732283458
21
-1.8900194488188975
0
LINE
8
Edge.Cuts
6
CONTINUOUS
10
9.8024691732283458
20
-1.8900194488188975
11
9.7977124015748025
21
-1.8887458661417322
0
LINE
8
Edge.Cuts
6
CONTINUOUS
10
9.7977124015748025
20
-1.8887458661417322
11
9.7952502362204719
21
-1.8887464566929133
  0
ENDSEC
  0
EOF
