ISO-10303-21;
HEADER;
/* Generated by software containing ST-Developer
 * from STEP Tools, Inc. (www.steptools.com) 
 */

FILE_DESCRIPTION(
/* description */ (''),
/* implementation_level */ '2;1');

FILE_NAME(
/* name */ 'chillboardplate.step',
/* time_stamp */ '2026-06-10T18:08:36+05:30',
/* author */ (''),
/* organization */ (''),
/* preprocessor_version */ 'ST-DEVELOPER v20.1',
/* originating_system */ 'Autodesk Translation Framework v15.8.0.0',
/* authorisation */ '');

FILE_SCHEMA (('AUTOMOTIVE_DESIGN { 1 0 10303 214 3 1 1 }'));
ENDSEC;

DATA;
#10=MECHANICAL_DESIGN_GEOMETRIC_PRESENTATION_REPRESENTATION('',(#13),#4703);
#11=SHAPE_REPRESENTATION_RELATIONSHIP('SRR','None',#4710,#12);
#12=ADVANCED_BREP_SHAPE_REPRESENTATION('',(#14),#4702);
#13=STYLED_ITEM('',(#4719),#14);
#14=MANIFOLD_SOLID_BREP('Body2',#2947);
#15=FACE_BOUND('',#420,.T.);
#16=FACE_BOUND('',#421,.T.);
#17=FACE_BOUND('',#422,.T.);
#18=FACE_BOUND('',#423,.T.);
#19=FACE_BOUND('',#424,.T.);
#20=FACE_BOUND('',#425,.T.);
#21=FACE_BOUND('',#426,.T.);
#22=FACE_BOUND('',#427,.T.);
#23=FACE_BOUND('',#428,.T.);
#24=FACE_BOUND('',#429,.T.);
#25=FACE_BOUND('',#430,.T.);
#26=FACE_BOUND('',#431,.T.);
#27=FACE_BOUND('',#432,.T.);
#28=FACE_BOUND('',#433,.T.);
#29=FACE_BOUND('',#434,.T.);
#30=FACE_BOUND('',#435,.T.);
#31=FACE_BOUND('',#436,.T.);
#32=FACE_BOUND('',#437,.T.);
#33=FACE_BOUND('',#438,.T.);
#34=FACE_BOUND('',#439,.T.);
#35=FACE_BOUND('',#440,.T.);
#36=FACE_BOUND('',#441,.T.);
#37=FACE_BOUND('',#442,.T.);
#38=FACE_BOUND('',#443,.T.);
#39=FACE_BOUND('',#444,.T.);
#40=FACE_BOUND('',#445,.T.);
#41=FACE_BOUND('',#446,.T.);
#42=FACE_BOUND('',#447,.T.);
#43=FACE_BOUND('',#448,.T.);
#44=FACE_BOUND('',#450,.T.);
#45=FACE_BOUND('',#451,.T.);
#46=FACE_BOUND('',#452,.T.);
#47=FACE_BOUND('',#453,.T.);
#48=FACE_BOUND('',#454,.T.);
#49=FACE_BOUND('',#455,.T.);
#50=FACE_BOUND('',#456,.T.);
#51=FACE_BOUND('',#457,.T.);
#52=FACE_BOUND('',#458,.T.);
#53=FACE_BOUND('',#459,.T.);
#54=FACE_BOUND('',#460,.T.);
#55=FACE_BOUND('',#461,.T.);
#56=FACE_BOUND('',#462,.T.);
#57=FACE_BOUND('',#463,.T.);
#58=FACE_BOUND('',#464,.T.);
#59=FACE_BOUND('',#465,.T.);
#60=FACE_BOUND('',#466,.T.);
#61=FACE_BOUND('',#467,.T.);
#62=FACE_BOUND('',#468,.T.);
#63=FACE_BOUND('',#469,.T.);
#64=FACE_BOUND('',#470,.T.);
#65=FACE_BOUND('',#471,.T.);
#66=FACE_BOUND('',#472,.T.);
#67=FACE_BOUND('',#473,.T.);
#68=FACE_BOUND('',#474,.T.);
#69=FACE_BOUND('',#475,.T.);
#70=FACE_BOUND('',#476,.T.);
#71=FACE_BOUND('',#477,.T.);
#72=FACE_BOUND('',#478,.T.);
#73=CIRCLE('',#2994,4.49999999999999);
#74=CIRCLE('',#2995,4.49999999999999);
#75=CIRCLE('',#2997,2.);
#76=CIRCLE('',#2998,2.);
#77=CIRCLE('',#3000,2.);
#78=CIRCLE('',#3001,2.);
#79=CIRCLE('',#3003,2.);
#80=CIRCLE('',#3004,2.);
#81=CIRCLE('',#3038,2.);
#82=CIRCLE('',#3039,2.);
#83=CIRCLE('',#3045,5.);
#84=CIRCLE('',#3046,5.);
#85=CIRCLE('',#3052,0.399999999999991);
#86=CIRCLE('',#3053,0.399999999999991);
#87=CIRCLE('',#3074,1.99980494914431);
#88=CIRCLE('',#3075,1.99980494914431);
#89=CIRCLE('',#3078,2.00011128078);
#90=CIRCLE('',#3079,2.00011128078);
#91=CIRCLE('',#3082,2.00002114732949);
#92=CIRCLE('',#3083,2.00002114732949);
#93=CIRCLE('',#3086,2.00007809297011);
#94=CIRCLE('',#3087,2.00007809297011);
#95=CIRCLE('',#3090,1.9999233544);
#96=CIRCLE('',#3091,1.9999233544);
#97=CIRCLE('',#3094,1.999995920556);
#98=CIRCLE('',#3095,1.999995920556);
#99=CIRCLE('',#3098,2.00000297583685);
#100=CIRCLE('',#3099,2.00000297583685);
#101=CIRCLE('',#3102,2.000009709345);
#102=CIRCLE('',#3103,2.000009709345);
#103=CIRCLE('',#3106,2.00000898488116);
#104=CIRCLE('',#3107,2.00000898488116);
#105=CIRCLE('',#3110,1.00000631227527);
#106=CIRCLE('',#3111,1.00000631227527);
#107=CIRCLE('',#3115,0.500049142879999);
#108=CIRCLE('',#3116,0.500049142879999);
#109=CIRCLE('',#3119,0.499974022114913);
#110=CIRCLE('',#3120,0.499974022114913);
#111=CIRCLE('',#3123,0.500026942619003);
#112=CIRCLE('',#3124,0.500026942619003);
#113=CIRCLE('',#3127,0.499974022114913);
#114=CIRCLE('',#3128,0.499974022114913);
#115=CIRCLE('',#3131,0.444113735147421);
#116=CIRCLE('',#3132,0.444113735147421);
#117=CIRCLE('',#3135,0.499977435793003);
#118=CIRCLE('',#3136,0.499977435793003);
#119=CIRCLE('',#3143,2.0000078678494);
#120=CIRCLE('',#3144,2.0000078678494);
#121=CYLINDRICAL_SURFACE('',#2993,4.49999999999999);
#122=CYLINDRICAL_SURFACE('',#2996,2.);
#123=CYLINDRICAL_SURFACE('',#2999,2.);
#124=CYLINDRICAL_SURFACE('',#3002,2.);
#125=CYLINDRICAL_SURFACE('',#3037,2.);
#126=CYLINDRICAL_SURFACE('',#3044,5.);
#127=CYLINDRICAL_SURFACE('',#3051,0.399999999999991);
#128=CYLINDRICAL_SURFACE('',#3073,1.99980494914431);
#129=CYLINDRICAL_SURFACE('',#3077,2.00011128078);
#130=CYLINDRICAL_SURFACE('',#3081,2.00002114732949);
#131=CYLINDRICAL_SURFACE('',#3085,2.00007809297011);
#132=CYLINDRICAL_SURFACE('',#3089,1.9999233544);
#133=CYLINDRICAL_SURFACE('',#3093,1.999995920556);
#134=CYLINDRICAL_SURFACE('',#3097,2.00000297583685);
#135=CYLINDRICAL_SURFACE('',#3101,2.000009709345);
#136=CYLINDRICAL_SURFACE('',#3105,2.00000898488116);
#137=CYLINDRICAL_SURFACE('',#3109,1.00000631227527);
#138=CYLINDRICAL_SURFACE('',#3114,0.500049142879999);
#139=CYLINDRICAL_SURFACE('',#3118,0.499974022114913);
#140=CYLINDRICAL_SURFACE('',#3122,0.500026942619003);
#141=CYLINDRICAL_SURFACE('',#3126,0.499974022114913);
#142=CYLINDRICAL_SURFACE('',#3130,0.444113735147421);
#143=CYLINDRICAL_SURFACE('',#3134,0.499977435793003);
#144=CYLINDRICAL_SURFACE('',#3142,2.0000078678494);
#145=FACE_OUTER_BOUND('',#283,.T.);
#146=FACE_OUTER_BOUND('',#284,.T.);
#147=FACE_OUTER_BOUND('',#285,.T.);
#148=FACE_OUTER_BOUND('',#286,.T.);
#149=FACE_OUTER_BOUND('',#287,.T.);
#150=FACE_OUTER_BOUND('',#288,.T.);
#151=FACE_OUTER_BOUND('',#289,.T.);
#152=FACE_OUTER_BOUND('',#290,.T.);
#153=FACE_OUTER_BOUND('',#291,.T.);
#154=FACE_OUTER_BOUND('',#292,.T.);
#155=FACE_OUTER_BOUND('',#293,.T.);
#156=FACE_OUTER_BOUND('',#294,.T.);
#157=FACE_OUTER_BOUND('',#295,.T.);
#158=FACE_OUTER_BOUND('',#296,.T.);
#159=FACE_OUTER_BOUND('',#297,.T.);
#160=FACE_OUTER_BOUND('',#298,.T.);
#161=FACE_OUTER_BOUND('',#299,.T.);
#162=FACE_OUTER_BOUND('',#300,.T.);
#163=FACE_OUTER_BOUND('',#301,.T.);
#164=FACE_OUTER_BOUND('',#302,.T.);
#165=FACE_OUTER_BOUND('',#303,.T.);
#166=FACE_OUTER_BOUND('',#304,.T.);
#167=FACE_OUTER_BOUND('',#305,.T.);
#168=FACE_OUTER_BOUND('',#306,.T.);
#169=FACE_OUTER_BOUND('',#307,.T.);
#170=FACE_OUTER_BOUND('',#308,.T.);
#171=FACE_OUTER_BOUND('',#309,.T.);
#172=FACE_OUTER_BOUND('',#310,.T.);
#173=FACE_OUTER_BOUND('',#311,.T.);
#174=FACE_OUTER_BOUND('',#312,.T.);
#175=FACE_OUTER_BOUND('',#313,.T.);
#176=FACE_OUTER_BOUND('',#314,.T.);
#177=FACE_OUTER_BOUND('',#315,.T.);
#178=FACE_OUTER_BOUND('',#316,.T.);
#179=FACE_OUTER_BOUND('',#317,.T.);
#180=FACE_OUTER_BOUND('',#318,.T.);
#181=FACE_OUTER_BOUND('',#319,.T.);
#182=FACE_OUTER_BOUND('',#320,.T.);
#183=FACE_OUTER_BOUND('',#321,.T.);
#184=FACE_OUTER_BOUND('',#322,.T.);
#185=FACE_OUTER_BOUND('',#323,.T.);
#186=FACE_OUTER_BOUND('',#324,.T.);
#187=FACE_OUTER_BOUND('',#325,.T.);
#188=FACE_OUTER_BOUND('',#326,.T.);
#189=FACE_OUTER_BOUND('',#327,.T.);
#190=FACE_OUTER_BOUND('',#328,.T.);
#191=FACE_OUTER_BOUND('',#329,.T.);
#192=FACE_OUTER_BOUND('',#330,.T.);
#193=FACE_OUTER_BOUND('',#331,.T.);
#194=FACE_OUTER_BOUND('',#332,.T.);
#195=FACE_OUTER_BOUND('',#333,.T.);
#196=FACE_OUTER_BOUND('',#334,.T.);
#197=FACE_OUTER_BOUND('',#335,.T.);
#198=FACE_OUTER_BOUND('',#336,.T.);
#199=FACE_OUTER_BOUND('',#337,.T.);
#200=FACE_OUTER_BOUND('',#338,.T.);
#201=FACE_OUTER_BOUND('',#339,.T.);
#202=FACE_OUTER_BOUND('',#340,.T.);
#203=FACE_OUTER_BOUND('',#341,.T.);
#204=FACE_OUTER_BOUND('',#342,.T.);
#205=FACE_OUTER_BOUND('',#343,.T.);
#206=FACE_OUTER_BOUND('',#344,.T.);
#207=FACE_OUTER_BOUND('',#345,.T.);
#208=FACE_OUTER_BOUND('',#346,.T.);
#209=FACE_OUTER_BOUND('',#347,.T.);
#210=FACE_OUTER_BOUND('',#348,.T.);
#211=FACE_OUTER_BOUND('',#349,.T.);
#212=FACE_OUTER_BOUND('',#350,.T.);
#213=FACE_OUTER_BOUND('',#351,.T.);
#214=FACE_OUTER_BOUND('',#352,.T.);
#215=FACE_OUTER_BOUND('',#353,.T.);
#216=FACE_OUTER_BOUND('',#354,.T.);
#217=FACE_OUTER_BOUND('',#355,.T.);
#218=FACE_OUTER_BOUND('',#356,.T.);
#219=FACE_OUTER_BOUND('',#357,.T.);
#220=FACE_OUTER_BOUND('',#358,.T.);
#221=FACE_OUTER_BOUND('',#359,.T.);
#222=FACE_OUTER_BOUND('',#360,.T.);
#223=FACE_OUTER_BOUND('',#361,.T.);
#224=FACE_OUTER_BOUND('',#362,.T.);
#225=FACE_OUTER_BOUND('',#363,.T.);
#226=FACE_OUTER_BOUND('',#364,.T.);
#227=FACE_OUTER_BOUND('',#365,.T.);
#228=FACE_OUTER_BOUND('',#366,.T.);
#229=FACE_OUTER_BOUND('',#367,.T.);
#230=FACE_OUTER_BOUND('',#368,.T.);
#231=FACE_OUTER_BOUND('',#369,.T.);
#232=FACE_OUTER_BOUND('',#370,.T.);
#233=FACE_OUTER_BOUND('',#371,.T.);
#234=FACE_OUTER_BOUND('',#372,.T.);
#235=FACE_OUTER_BOUND('',#373,.T.);
#236=FACE_OUTER_BOUND('',#374,.T.);
#237=FACE_OUTER_BOUND('',#375,.T.);
#238=FACE_OUTER_BOUND('',#376,.T.);
#239=FACE_OUTER_BOUND('',#377,.T.);
#240=FACE_OUTER_BOUND('',#378,.T.);
#241=FACE_OUTER_BOUND('',#379,.T.);
#242=FACE_OUTER_BOUND('',#380,.T.);
#243=FACE_OUTER_BOUND('',#381,.T.);
#244=FACE_OUTER_BOUND('',#382,.T.);
#245=FACE_OUTER_BOUND('',#383,.T.);
#246=FACE_OUTER_BOUND('',#384,.T.);
#247=FACE_OUTER_BOUND('',#385,.T.);
#248=FACE_OUTER_BOUND('',#386,.T.);
#249=FACE_OUTER_BOUND('',#387,.T.);
#250=FACE_OUTER_BOUND('',#388,.T.);
#251=FACE_OUTER_BOUND('',#389,.T.);
#252=FACE_OUTER_BOUND('',#390,.T.);
#253=FACE_OUTER_BOUND('',#391,.T.);
#254=FACE_OUTER_BOUND('',#392,.T.);
#255=FACE_OUTER_BOUND('',#393,.T.);
#256=FACE_OUTER_BOUND('',#394,.T.);
#257=FACE_OUTER_BOUND('',#395,.T.);
#258=FACE_OUTER_BOUND('',#396,.T.);
#259=FACE_OUTER_BOUND('',#397,.T.);
#260=FACE_OUTER_BOUND('',#398,.T.);
#261=FACE_OUTER_BOUND('',#399,.T.);
#262=FACE_OUTER_BOUND('',#400,.T.);
#263=FACE_OUTER_BOUND('',#401,.T.);
#264=FACE_OUTER_BOUND('',#402,.T.);
#265=FACE_OUTER_BOUND('',#403,.T.);
#266=FACE_OUTER_BOUND('',#404,.T.);
#267=FACE_OUTER_BOUND('',#405,.T.);
#268=FACE_OUTER_BOUND('',#406,.T.);
#269=FACE_OUTER_BOUND('',#407,.T.);
#270=FACE_OUTER_BOUND('',#408,.T.);
#271=FACE_OUTER_BOUND('',#409,.T.);
#272=FACE_OUTER_BOUND('',#410,.T.);
#273=FACE_OUTER_BOUND('',#411,.T.);
#274=FACE_OUTER_BOUND('',#412,.T.);
#275=FACE_OUTER_BOUND('',#413,.T.);
#276=FACE_OUTER_BOUND('',#414,.T.);
#277=FACE_OUTER_BOUND('',#415,.T.);
#278=FACE_OUTER_BOUND('',#416,.T.);
#279=FACE_OUTER_BOUND('',#417,.T.);
#280=FACE_OUTER_BOUND('',#418,.T.);
#281=FACE_OUTER_BOUND('',#419,.T.);
#282=FACE_OUTER_BOUND('',#449,.T.);
#283=EDGE_LOOP('',(#1879,#1880,#1881,#1882));
#284=EDGE_LOOP('',(#1883,#1884,#1885,#1886));
#285=EDGE_LOOP('',(#1887,#1888,#1889,#1890));
#286=EDGE_LOOP('',(#1891,#1892,#1893,#1894));
#287=EDGE_LOOP('',(#1895,#1896,#1897,#1898));
#288=EDGE_LOOP('',(#1899,#1900,#1901,#1902));
#289=EDGE_LOOP('',(#1903,#1904,#1905,#1906));
#290=EDGE_LOOP('',(#1907,#1908,#1909,#1910));
#291=EDGE_LOOP('',(#1911,#1912,#1913,#1914));
#292=EDGE_LOOP('',(#1915,#1916,#1917,#1918));
#293=EDGE_LOOP('',(#1919,#1920,#1921,#1922));
#294=EDGE_LOOP('',(#1923,#1924,#1925,#1926));
#295=EDGE_LOOP('',(#1927,#1928,#1929,#1930));
#296=EDGE_LOOP('',(#1931,#1932,#1933,#1934));
#297=EDGE_LOOP('',(#1935,#1936,#1937,#1938));
#298=EDGE_LOOP('',(#1939,#1940,#1941,#1942));
#299=EDGE_LOOP('',(#1943,#1944,#1945,#1946));
#300=EDGE_LOOP('',(#1947,#1948,#1949,#1950));
#301=EDGE_LOOP('',(#1951,#1952,#1953,#1954));
#302=EDGE_LOOP('',(#1955,#1956,#1957,#1958));
#303=EDGE_LOOP('',(#1959,#1960,#1961,#1962));
#304=EDGE_LOOP('',(#1963,#1964,#1965,#1966));
#305=EDGE_LOOP('',(#1967,#1968,#1969,#1970));
#306=EDGE_LOOP('',(#1971,#1972,#1973,#1974));
#307=EDGE_LOOP('',(#1975,#1976,#1977,#1978));
#308=EDGE_LOOP('',(#1979,#1980,#1981,#1982));
#309=EDGE_LOOP('',(#1983,#1984,#1985,#1986));
#310=EDGE_LOOP('',(#1987,#1988,#1989,#1990));
#311=EDGE_LOOP('',(#1991,#1992,#1993,#1994));
#312=EDGE_LOOP('',(#1995,#1996,#1997,#1998));
#313=EDGE_LOOP('',(#1999,#2000,#2001,#2002));
#314=EDGE_LOOP('',(#2003,#2004,#2005,#2006));
#315=EDGE_LOOP('',(#2007,#2008,#2009,#2010));
#316=EDGE_LOOP('',(#2011,#2012,#2013,#2014));
#317=EDGE_LOOP('',(#2015,#2016,#2017,#2018));
#318=EDGE_LOOP('',(#2019,#2020,#2021,#2022));
#319=EDGE_LOOP('',(#2023,#2024,#2025,#2026));
#320=EDGE_LOOP('',(#2027,#2028,#2029,#2030));
#321=EDGE_LOOP('',(#2031,#2032,#2033,#2034));
#322=EDGE_LOOP('',(#2035,#2036,#2037,#2038));
#323=EDGE_LOOP('',(#2039,#2040,#2041,#2042));
#324=EDGE_LOOP('',(#2043,#2044,#2045,#2046));
#325=EDGE_LOOP('',(#2047,#2048,#2049,#2050));
#326=EDGE_LOOP('',(#2051,#2052,#2053,#2054));
#327=EDGE_LOOP('',(#2055,#2056,#2057,#2058));
#328=EDGE_LOOP('',(#2059,#2060,#2061,#2062));
#329=EDGE_LOOP('',(#2063,#2064,#2065,#2066));
#330=EDGE_LOOP('',(#2067,#2068,#2069,#2070));
#331=EDGE_LOOP('',(#2071,#2072,#2073,#2074));
#332=EDGE_LOOP('',(#2075,#2076,#2077,#2078));
#333=EDGE_LOOP('',(#2079,#2080,#2081,#2082));
#334=EDGE_LOOP('',(#2083,#2084,#2085,#2086));
#335=EDGE_LOOP('',(#2087,#2088,#2089,#2090));
#336=EDGE_LOOP('',(#2091,#2092,#2093,#2094));
#337=EDGE_LOOP('',(#2095,#2096,#2097,#2098));
#338=EDGE_LOOP('',(#2099,#2100,#2101,#2102));
#339=EDGE_LOOP('',(#2103,#2104,#2105,#2106));
#340=EDGE_LOOP('',(#2107,#2108,#2109,#2110));
#341=EDGE_LOOP('',(#2111,#2112,#2113,#2114));
#342=EDGE_LOOP('',(#2115,#2116,#2117,#2118));
#343=EDGE_LOOP('',(#2119,#2120,#2121,#2122));
#344=EDGE_LOOP('',(#2123,#2124,#2125,#2126));
#345=EDGE_LOOP('',(#2127,#2128,#2129,#2130));
#346=EDGE_LOOP('',(#2131,#2132,#2133,#2134));
#347=EDGE_LOOP('',(#2135,#2136,#2137,#2138));
#348=EDGE_LOOP('',(#2139,#2140,#2141,#2142));
#349=EDGE_LOOP('',(#2143,#2144,#2145,#2146));
#350=EDGE_LOOP('',(#2147,#2148,#2149,#2150));
#351=EDGE_LOOP('',(#2151,#2152,#2153,#2154));
#352=EDGE_LOOP('',(#2155,#2156,#2157,#2158));
#353=EDGE_LOOP('',(#2159,#2160,#2161,#2162));
#354=EDGE_LOOP('',(#2163,#2164,#2165,#2166));
#355=EDGE_LOOP('',(#2167,#2168,#2169,#2170));
#356=EDGE_LOOP('',(#2171,#2172,#2173,#2174));
#357=EDGE_LOOP('',(#2175,#2176,#2177,#2178));
#358=EDGE_LOOP('',(#2179,#2180,#2181,#2182));
#359=EDGE_LOOP('',(#2183,#2184,#2185,#2186));
#360=EDGE_LOOP('',(#2187,#2188,#2189,#2190));
#361=EDGE_LOOP('',(#2191,#2192,#2193,#2194));
#362=EDGE_LOOP('',(#2195,#2196,#2197,#2198));
#363=EDGE_LOOP('',(#2199,#2200,#2201,#2202));
#364=EDGE_LOOP('',(#2203,#2204,#2205,#2206));
#365=EDGE_LOOP('',(#2207,#2208,#2209,#2210));
#366=EDGE_LOOP('',(#2211,#2212,#2213,#2214));
#367=EDGE_LOOP('',(#2215,#2216,#2217,#2218));
#368=EDGE_LOOP('',(#2219,#2220,#2221,#2222));
#369=EDGE_LOOP('',(#2223,#2224,#2225,#2226));
#370=EDGE_LOOP('',(#2227,#2228,#2229,#2230));
#371=EDGE_LOOP('',(#2231,#2232,#2233,#2234));
#372=EDGE_LOOP('',(#2235,#2236,#2237,#2238));
#373=EDGE_LOOP('',(#2239,#2240,#2241,#2242));
#374=EDGE_LOOP('',(#2243,#2244,#2245,#2246));
#375=EDGE_LOOP('',(#2247,#2248,#2249,#2250));
#376=EDGE_LOOP('',(#2251,#2252,#2253,#2254));
#377=EDGE_LOOP('',(#2255,#2256,#2257,#2258));
#378=EDGE_LOOP('',(#2259,#2260,#2261,#2262));
#379=EDGE_LOOP('',(#2263,#2264,#2265,#2266));
#380=EDGE_LOOP('',(#2267,#2268,#2269,#2270));
#381=EDGE_LOOP('',(#2271,#2272,#2273,#2274));
#382=EDGE_LOOP('',(#2275,#2276,#2277,#2278));
#383=EDGE_LOOP('',(#2279,#2280,#2281,#2282));
#384=EDGE_LOOP('',(#2283,#2284,#2285,#2286));
#385=EDGE_LOOP('',(#2287,#2288,#2289,#2290));
#386=EDGE_LOOP('',(#2291,#2292,#2293,#2294));
#387=EDGE_LOOP('',(#2295,#2296,#2297,#2298));
#388=EDGE_LOOP('',(#2299,#2300,#2301,#2302));
#389=EDGE_LOOP('',(#2303,#2304,#2305,#2306));
#390=EDGE_LOOP('',(#2307,#2308,#2309,#2310));
#391=EDGE_LOOP('',(#2311,#2312,#2313,#2314));
#392=EDGE_LOOP('',(#2315,#2316,#2317,#2318));
#393=EDGE_LOOP('',(#2319,#2320,#2321,#2322));
#394=EDGE_LOOP('',(#2323,#2324,#2325,#2326));
#395=EDGE_LOOP('',(#2327,#2328,#2329,#2330));
#396=EDGE_LOOP('',(#2331,#2332,#2333,#2334));
#397=EDGE_LOOP('',(#2335,#2336,#2337,#2338));
#398=EDGE_LOOP('',(#2339,#2340,#2341,#2342));
#399=EDGE_LOOP('',(#2343,#2344,#2345,#2346));
#400=EDGE_LOOP('',(#2347,#2348,#2349,#2350));
#401=EDGE_LOOP('',(#2351,#2352,#2353,#2354));
#402=EDGE_LOOP('',(#2355,#2356,#2357,#2358));
#403=EDGE_LOOP('',(#2359,#2360,#2361,#2362));
#404=EDGE_LOOP('',(#2363,#2364,#2365,#2366));
#405=EDGE_LOOP('',(#2367,#2368,#2369,#2370));
#406=EDGE_LOOP('',(#2371,#2372,#2373,#2374));
#407=EDGE_LOOP('',(#2375,#2376,#2377,#2378));
#408=EDGE_LOOP('',(#2379,#2380,#2381,#2382));
#409=EDGE_LOOP('',(#2383,#2384,#2385,#2386));
#410=EDGE_LOOP('',(#2387,#2388,#2389,#2390));
#411=EDGE_LOOP('',(#2391,#2392,#2393,#2394));
#412=EDGE_LOOP('',(#2395,#2396,#2397,#2398));
#413=EDGE_LOOP('',(#2399,#2400,#2401,#2402));
#414=EDGE_LOOP('',(#2403,#2404,#2405,#2406));
#415=EDGE_LOOP('',(#2407,#2408,#2409,#2410));
#416=EDGE_LOOP('',(#2411,#2412,#2413,#2414));
#417=EDGE_LOOP('',(#2415,#2416,#2417,#2418));
#418=EDGE_LOOP('',(#2419,#2420,#2421,#2422));
#419=EDGE_LOOP('',(#2423,#2424,#2425,#2426,#2427,#2428,#2429,#2430,#2431,
#2432,#2433,#2434,#2435,#2436,#2437,#2438,#2439,#2440,#2441,#2442,#2443,
#2444,#2445,#2446,#2447,#2448,#2449,#2450,#2451,#2452,#2453,#2454,#2455,
#2456,#2457,#2458,#2459,#2460,#2461,#2462,#2463));
#420=EDGE_LOOP('',(#2464,#2465,#2466,#2467));
#421=EDGE_LOOP('',(#2468,#2469,#2470,#2471));
#422=EDGE_LOOP('',(#2472,#2473,#2474,#2475));
#423=EDGE_LOOP('',(#2476,#2477,#2478,#2479));
#424=EDGE_LOOP('',(#2480));
#425=EDGE_LOOP('',(#2481,#2482,#2483,#2484));
#426=EDGE_LOOP('',(#2485));
#427=EDGE_LOOP('',(#2486,#2487,#2488,#2489));
#428=EDGE_LOOP('',(#2490));
#429=EDGE_LOOP('',(#2491,#2492,#2493,#2494));
#430=EDGE_LOOP('',(#2495,#2496,#2497,#2498));
#431=EDGE_LOOP('',(#2499,#2500,#2501,#2502));
#432=EDGE_LOOP('',(#2503,#2504,#2505,#2506));
#433=EDGE_LOOP('',(#2507,#2508,#2509,#2510));
#434=EDGE_LOOP('',(#2511,#2512,#2513,#2514));
#435=EDGE_LOOP('',(#2515,#2516,#2517,#2518));
#436=EDGE_LOOP('',(#2519,#2520,#2521,#2522));
#437=EDGE_LOOP('',(#2523));
#438=EDGE_LOOP('',(#2524));
#439=EDGE_LOOP('',(#2525));
#440=EDGE_LOOP('',(#2526));
#441=EDGE_LOOP('',(#2527,#2528,#2529,#2530));
#442=EDGE_LOOP('',(#2531,#2532,#2533,#2534));
#443=EDGE_LOOP('',(#2535,#2536,#2537,#2538));
#444=EDGE_LOOP('',(#2539,#2540,#2541,#2542));
#445=EDGE_LOOP('',(#2543,#2544,#2545,#2546));
#446=EDGE_LOOP('',(#2547,#2548,#2549,#2550));
#447=EDGE_LOOP('',(#2551,#2552,#2553,#2554));
#448=EDGE_LOOP('',(#2555,#2556,#2557,#2558));
#449=EDGE_LOOP('',(#2559,#2560,#2561,#2562,#2563,#2564,#2565,#2566,#2567,
#2568,#2569,#2570,#2571,#2572,#2573,#2574,#2575,#2576,#2577,#2578,#2579,
#2580,#2581,#2582,#2583,#2584,#2585,#2586,#2587,#2588,#2589,#2590,#2591,
#2592,#2593,#2594,#2595,#2596,#2597,#2598,#2599));
#450=EDGE_LOOP('',(#2600,#2601,#2602,#2603));
#451=EDGE_LOOP('',(#2604,#2605,#2606,#2607));
#452=EDGE_LOOP('',(#2608,#2609,#2610,#2611));
#453=EDGE_LOOP('',(#2612,#2613,#2614,#2615));
#454=EDGE_LOOP('',(#2616));
#455=EDGE_LOOP('',(#2617,#2618,#2619,#2620));
#456=EDGE_LOOP('',(#2621));
#457=EDGE_LOOP('',(#2622,#2623,#2624,#2625));
#458=EDGE_LOOP('',(#2626));
#459=EDGE_LOOP('',(#2627,#2628,#2629,#2630));
#460=EDGE_LOOP('',(#2631,#2632,#2633,#2634));
#461=EDGE_LOOP('',(#2635,#2636,#2637,#2638));
#462=EDGE_LOOP('',(#2639,#2640,#2641,#2642));
#463=EDGE_LOOP('',(#2643,#2644,#2645,#2646));
#464=EDGE_LOOP('',(#2647,#2648,#2649,#2650));
#465=EDGE_LOOP('',(#2651,#2652,#2653,#2654));
#466=EDGE_LOOP('',(#2655,#2656,#2657,#2658));
#467=EDGE_LOOP('',(#2659));
#468=EDGE_LOOP('',(#2660));
#469=EDGE_LOOP('',(#2661));
#470=EDGE_LOOP('',(#2662));
#471=EDGE_LOOP('',(#2663,#2664,#2665,#2666));
#472=EDGE_LOOP('',(#2667,#2668,#2669,#2670));
#473=EDGE_LOOP('',(#2671,#2672,#2673,#2674));
#474=EDGE_LOOP('',(#2675,#2676,#2677,#2678));
#475=EDGE_LOOP('',(#2679,#2680,#2681,#2682));
#476=EDGE_LOOP('',(#2683,#2684,#2685,#2686));
#477=EDGE_LOOP('',(#2687,#2688,#2689,#2690));
#478=EDGE_LOOP('',(#2691,#2692,#2693,#2694));
#479=LINE('',#3885,#839);
#480=LINE('',#3887,#840);
#481=LINE('',#3889,#841);
#482=LINE('',#3890,#842);
#483=LINE('',#3893,#843);
#484=LINE('',#3895,#844);
#485=LINE('',#3896,#845);
#486=LINE('',#3899,#846);
#487=LINE('',#3901,#847);
#488=LINE('',#3902,#848);
#489=LINE('',#3904,#849);
#490=LINE('',#3905,#850);
#491=LINE('',#3909,#851);
#492=LINE('',#3911,#852);
#493=LINE('',#3913,#853);
#494=LINE('',#3914,#854);
#495=LINE('',#3917,#855);
#496=LINE('',#3919,#856);
#497=LINE('',#3920,#857);
#498=LINE('',#3923,#858);
#499=LINE('',#3925,#859);
#500=LINE('',#3926,#860);
#501=LINE('',#3928,#861);
#502=LINE('',#3929,#862);
#503=LINE('',#3933,#863);
#504=LINE('',#3935,#864);
#505=LINE('',#3937,#865);
#506=LINE('',#3938,#866);
#507=LINE('',#3941,#867);
#508=LINE('',#3943,#868);
#509=LINE('',#3944,#869);
#510=LINE('',#3947,#870);
#511=LINE('',#3949,#871);
#512=LINE('',#3950,#872);
#513=LINE('',#3952,#873);
#514=LINE('',#3953,#874);
#515=LINE('',#3957,#875);
#516=LINE('',#3959,#876);
#517=LINE('',#3961,#877);
#518=LINE('',#3962,#878);
#519=LINE('',#3965,#879);
#520=LINE('',#3967,#880);
#521=LINE('',#3968,#881);
#522=LINE('',#3971,#882);
#523=LINE('',#3973,#883);
#524=LINE('',#3974,#884);
#525=LINE('',#3976,#885);
#526=LINE('',#3977,#886);
#527=LINE('',#3981,#887);
#528=LINE('',#3983,#888);
#529=LINE('',#3985,#889);
#530=LINE('',#3986,#890);
#531=LINE('',#3989,#891);
#532=LINE('',#3991,#892);
#533=LINE('',#3992,#893);
#534=LINE('',#3995,#894);
#535=LINE('',#3997,#895);
#536=LINE('',#3998,#896);
#537=LINE('',#4000,#897);
#538=LINE('',#4001,#898);
#539=LINE('',#4005,#899);
#540=LINE('',#4007,#900);
#541=LINE('',#4009,#901);
#542=LINE('',#4010,#902);
#543=LINE('',#4013,#903);
#544=LINE('',#4015,#904);
#545=LINE('',#4016,#905);
#546=LINE('',#4019,#906);
#547=LINE('',#4021,#907);
#548=LINE('',#4022,#908);
#549=LINE('',#4024,#909);
#550=LINE('',#4025,#910);
#551=LINE('',#4029,#911);
#552=LINE('',#4031,#912);
#553=LINE('',#4033,#913);
#554=LINE('',#4034,#914);
#555=LINE('',#4037,#915);
#556=LINE('',#4039,#916);
#557=LINE('',#4040,#917);
#558=LINE('',#4043,#918);
#559=LINE('',#4045,#919);
#560=LINE('',#4046,#920);
#561=LINE('',#4048,#921);
#562=LINE('',#4049,#922);
#563=LINE('',#4053,#923);
#564=LINE('',#4055,#924);
#565=LINE('',#4057,#925);
#566=LINE('',#4058,#926);
#567=LINE('',#4061,#927);
#568=LINE('',#4063,#928);
#569=LINE('',#4064,#929);
#570=LINE('',#4067,#930);
#571=LINE('',#4069,#931);
#572=LINE('',#4070,#932);
#573=LINE('',#4072,#933);
#574=LINE('',#4073,#934);
#575=LINE('',#4078,#935);
#576=LINE('',#4084,#936);
#577=LINE('',#4090,#937);
#578=LINE('',#4096,#938);
#579=LINE('',#4101,#939);
#580=LINE('',#4103,#940);
#581=LINE('',#4105,#941);
#582=LINE('',#4106,#942);
#583=LINE('',#4109,#943);
#584=LINE('',#4111,#944);
#585=LINE('',#4112,#945);
#586=LINE('',#4115,#946);
#587=LINE('',#4117,#947);
#588=LINE('',#4118,#948);
#589=LINE('',#4120,#949);
#590=LINE('',#4121,#950);
#591=LINE('',#4125,#951);
#592=LINE('',#4127,#952);
#593=LINE('',#4129,#953);
#594=LINE('',#4130,#954);
#595=LINE('',#4133,#955);
#596=LINE('',#4135,#956);
#597=LINE('',#4136,#957);
#598=LINE('',#4139,#958);
#599=LINE('',#4141,#959);
#600=LINE('',#4142,#960);
#601=LINE('',#4144,#961);
#602=LINE('',#4145,#962);
#603=LINE('',#4149,#963);
#604=LINE('',#4151,#964);
#605=LINE('',#4153,#965);
#606=LINE('',#4154,#966);
#607=LINE('',#4157,#967);
#608=LINE('',#4159,#968);
#609=LINE('',#4160,#969);
#610=LINE('',#4163,#970);
#611=LINE('',#4165,#971);
#612=LINE('',#4166,#972);
#613=LINE('',#4168,#973);
#614=LINE('',#4169,#974);
#615=LINE('',#4173,#975);
#616=LINE('',#4175,#976);
#617=LINE('',#4177,#977);
#618=LINE('',#4178,#978);
#619=LINE('',#4181,#979);
#620=LINE('',#4183,#980);
#621=LINE('',#4184,#981);
#622=LINE('',#4187,#982);
#623=LINE('',#4189,#983);
#624=LINE('',#4190,#984);
#625=LINE('',#4192,#985);
#626=LINE('',#4193,#986);
#627=LINE('',#4197,#987);
#628=LINE('',#4199,#988);
#629=LINE('',#4201,#989);
#630=LINE('',#4202,#990);
#631=LINE('',#4205,#991);
#632=LINE('',#4207,#992);
#633=LINE('',#4208,#993);
#634=LINE('',#4211,#994);
#635=LINE('',#4213,#995);
#636=LINE('',#4214,#996);
#637=LINE('',#4216,#997);
#638=LINE('',#4217,#998);
#639=LINE('',#4221,#999);
#640=LINE('',#4223,#1000);
#641=LINE('',#4225,#1001);
#642=LINE('',#4226,#1002);
#643=LINE('',#4229,#1003);
#644=LINE('',#4231,#1004);
#645=LINE('',#4232,#1005);
#646=LINE('',#4235,#1006);
#647=LINE('',#4237,#1007);
#648=LINE('',#4238,#1008);
#649=LINE('',#4240,#1009);
#650=LINE('',#4241,#1010);
#651=LINE('',#4245,#1011);
#652=LINE('',#4247,#1012);
#653=LINE('',#4249,#1013);
#654=LINE('',#4250,#1014);
#655=LINE('',#4253,#1015);
#656=LINE('',#4255,#1016);
#657=LINE('',#4256,#1017);
#658=LINE('',#4259,#1018);
#659=LINE('',#4261,#1019);
#660=LINE('',#4262,#1020);
#661=LINE('',#4264,#1021);
#662=LINE('',#4265,#1022);
#663=LINE('',#4269,#1023);
#664=LINE('',#4271,#1024);
#665=LINE('',#4273,#1025);
#666=LINE('',#4274,#1026);
#667=LINE('',#4277,#1027);
#668=LINE('',#4279,#1028);
#669=LINE('',#4280,#1029);
#670=LINE('',#4283,#1030);
#671=LINE('',#4285,#1031);
#672=LINE('',#4286,#1032);
#673=LINE('',#4288,#1033);
#674=LINE('',#4289,#1034);
#675=LINE('',#4294,#1035);
#676=LINE('',#4299,#1036);
#677=LINE('',#4301,#1037);
#678=LINE('',#4303,#1038);
#679=LINE('',#4304,#1039);
#680=LINE('',#4307,#1040);
#681=LINE('',#4309,#1041);
#682=LINE('',#4310,#1042);
#683=LINE('',#4313,#1043);
#684=LINE('',#4315,#1044);
#685=LINE('',#4316,#1045);
#686=LINE('',#4318,#1046);
#687=LINE('',#4319,#1047);
#688=LINE('',#4324,#1048);
#689=LINE('',#4329,#1049);
#690=LINE('',#4331,#1050);
#691=LINE('',#4333,#1051);
#692=LINE('',#4334,#1052);
#693=LINE('',#4337,#1053);
#694=LINE('',#4339,#1054);
#695=LINE('',#4340,#1055);
#696=LINE('',#4343,#1056);
#697=LINE('',#4345,#1057);
#698=LINE('',#4346,#1058);
#699=LINE('',#4348,#1059);
#700=LINE('',#4349,#1060);
#701=LINE('',#4354,#1061);
#702=LINE('',#4359,#1062);
#703=LINE('',#4361,#1063);
#704=LINE('',#4363,#1064);
#705=LINE('',#4364,#1065);
#706=LINE('',#4367,#1066);
#707=LINE('',#4369,#1067);
#708=LINE('',#4370,#1068);
#709=LINE('',#4373,#1069);
#710=LINE('',#4375,#1070);
#711=LINE('',#4376,#1071);
#712=LINE('',#4378,#1072);
#713=LINE('',#4379,#1073);
#714=LINE('',#4383,#1074);
#715=LINE('',#4385,#1075);
#716=LINE('',#4387,#1076);
#717=LINE('',#4388,#1077);
#718=LINE('',#4391,#1078);
#719=LINE('',#4393,#1079);
#720=LINE('',#4394,#1080);
#721=LINE('',#4397,#1081);
#722=LINE('',#4399,#1082);
#723=LINE('',#4400,#1083);
#724=LINE('',#4402,#1084);
#725=LINE('',#4403,#1085);
#726=LINE('',#4407,#1086);
#727=LINE('',#4409,#1087);
#728=LINE('',#4411,#1088);
#729=LINE('',#4412,#1089);
#730=LINE('',#4415,#1090);
#731=LINE('',#4417,#1091);
#732=LINE('',#4418,#1092);
#733=LINE('',#4421,#1093);
#734=LINE('',#4423,#1094);
#735=LINE('',#4424,#1095);
#736=LINE('',#4426,#1096);
#737=LINE('',#4427,#1097);
#738=LINE('',#4431,#1098);
#739=LINE('',#4433,#1099);
#740=LINE('',#4435,#1100);
#741=LINE('',#4436,#1101);
#742=LINE('',#4439,#1102);
#743=LINE('',#4441,#1103);
#744=LINE('',#4442,#1104);
#745=LINE('',#4445,#1105);
#746=LINE('',#4447,#1106);
#747=LINE('',#4448,#1107);
#748=LINE('',#4450,#1108);
#749=LINE('',#4451,#1109);
#750=LINE('',#4455,#1110);
#751=LINE('',#4457,#1111);
#752=LINE('',#4459,#1112);
#753=LINE('',#4460,#1113);
#754=LINE('',#4463,#1114);
#755=LINE('',#4465,#1115);
#756=LINE('',#4466,#1116);
#757=LINE('',#4469,#1117);
#758=LINE('',#4471,#1118);
#759=LINE('',#4472,#1119);
#760=LINE('',#4478,#1120);
#761=LINE('',#4481,#1121);
#762=LINE('',#4483,#1122);
#763=LINE('',#4484,#1123);
#764=LINE('',#4490,#1124);
#765=LINE('',#4493,#1125);
#766=LINE('',#4495,#1126);
#767=LINE('',#4496,#1127);
#768=LINE('',#4502,#1128);
#769=LINE('',#4505,#1129);
#770=LINE('',#4507,#1130);
#771=LINE('',#4508,#1131);
#772=LINE('',#4514,#1132);
#773=LINE('',#4517,#1133);
#774=LINE('',#4519,#1134);
#775=LINE('',#4520,#1135);
#776=LINE('',#4526,#1136);
#777=LINE('',#4529,#1137);
#778=LINE('',#4531,#1138);
#779=LINE('',#4532,#1139);
#780=LINE('',#4538,#1140);
#781=LINE('',#4541,#1141);
#782=LINE('',#4543,#1142);
#783=LINE('',#4544,#1143);
#784=LINE('',#4550,#1144);
#785=LINE('',#4553,#1145);
#786=LINE('',#4555,#1146);
#787=LINE('',#4556,#1147);
#788=LINE('',#4562,#1148);
#789=LINE('',#4565,#1149);
#790=LINE('',#4567,#1150);
#791=LINE('',#4568,#1151);
#792=LINE('',#4574,#1152);
#793=LINE('',#4577,#1153);
#794=LINE('',#4579,#1154);
#795=LINE('',#4580,#1155);
#796=LINE('',#4586,#1156);
#797=LINE('',#4589,#1157);
#798=LINE('',#4591,#1158);
#799=LINE('',#4592,#1159);
#800=LINE('',#4595,#1160);
#801=LINE('',#4597,#1161);
#802=LINE('',#4598,#1162);
#803=LINE('',#4604,#1163);
#804=LINE('',#4607,#1164);
#805=LINE('',#4609,#1165);
#806=LINE('',#4610,#1166);
#807=LINE('',#4616,#1167);
#808=LINE('',#4619,#1168);
#809=LINE('',#4621,#1169);
#810=LINE('',#4622,#1170);
#811=LINE('',#4628,#1171);
#812=LINE('',#4631,#1172);
#813=LINE('',#4633,#1173);
#814=LINE('',#4634,#1174);
#815=LINE('',#4640,#1175);
#816=LINE('',#4643,#1176);
#817=LINE('',#4645,#1177);
#818=LINE('',#4646,#1178);
#819=LINE('',#4652,#1179);
#820=LINE('',#4655,#1180);
#821=LINE('',#4657,#1181);
#822=LINE('',#4658,#1182);
#823=LINE('',#4664,#1183);
#824=LINE('',#4667,#1184);
#825=LINE('',#4669,#1185);
#826=LINE('',#4670,#1186);
#827=LINE('',#4673,#1187);
#828=LINE('',#4675,#1188);
#829=LINE('',#4676,#1189);
#830=LINE('',#4679,#1190);
#831=LINE('',#4681,#1191);
#832=LINE('',#4682,#1192);
#833=LINE('',#4685,#1193);
#834=LINE('',#4687,#1194);
#835=LINE('',#4688,#1195);
#836=LINE('',#4691,#1196);
#837=LINE('',#4693,#1197);
#838=LINE('',#4694,#1198);
#839=VECTOR('',#3151,10.);
#840=VECTOR('',#3152,10.);
#841=VECTOR('',#3153,10.);
#842=VECTOR('',#3154,10.);
#843=VECTOR('',#3157,10.);
#844=VECTOR('',#3158,10.);
#845=VECTOR('',#3159,10.);
#846=VECTOR('',#3162,10.);
#847=VECTOR('',#3163,10.);
#848=VECTOR('',#3164,10.);
#849=VECTOR('',#3167,10.);
#850=VECTOR('',#3168,10.);
#851=VECTOR('',#3171,10.);
#852=VECTOR('',#3172,10.);
#853=VECTOR('',#3173,10.);
#854=VECTOR('',#3174,10.);
#855=VECTOR('',#3177,10.);
#856=VECTOR('',#3178,10.);
#857=VECTOR('',#3179,10.);
#858=VECTOR('',#3182,10.);
#859=VECTOR('',#3183,10.);
#860=VECTOR('',#3184,10.);
#861=VECTOR('',#3187,10.);
#862=VECTOR('',#3188,10.);
#863=VECTOR('',#3191,10.);
#864=VECTOR('',#3192,10.);
#865=VECTOR('',#3193,10.);
#866=VECTOR('',#3194,10.);
#867=VECTOR('',#3197,10.);
#868=VECTOR('',#3198,10.);
#869=VECTOR('',#3199,10.);
#870=VECTOR('',#3202,10.);
#871=VECTOR('',#3203,10.);
#872=VECTOR('',#3204,10.);
#873=VECTOR('',#3207,10.);
#874=VECTOR('',#3208,10.);
#875=VECTOR('',#3211,10.);
#876=VECTOR('',#3212,10.);
#877=VECTOR('',#3213,10.);
#878=VECTOR('',#3214,10.);
#879=VECTOR('',#3217,10.);
#880=VECTOR('',#3218,10.);
#881=VECTOR('',#3219,10.);
#882=VECTOR('',#3222,10.);
#883=VECTOR('',#3223,10.);
#884=VECTOR('',#3224,10.);
#885=VECTOR('',#3227,10.);
#886=VECTOR('',#3228,10.);
#887=VECTOR('',#3231,10.);
#888=VECTOR('',#3232,10.);
#889=VECTOR('',#3233,10.);
#890=VECTOR('',#3234,10.);
#891=VECTOR('',#3237,10.);
#892=VECTOR('',#3238,10.);
#893=VECTOR('',#3239,10.);
#894=VECTOR('',#3242,10.);
#895=VECTOR('',#3243,10.);
#896=VECTOR('',#3244,10.);
#897=VECTOR('',#3247,10.);
#898=VECTOR('',#3248,10.);
#899=VECTOR('',#3251,10.);
#900=VECTOR('',#3252,10.);
#901=VECTOR('',#3253,10.);
#902=VECTOR('',#3254,10.);
#903=VECTOR('',#3257,10.);
#904=VECTOR('',#3258,10.);
#905=VECTOR('',#3259,10.);
#906=VECTOR('',#3262,10.);
#907=VECTOR('',#3263,10.);
#908=VECTOR('',#3264,10.);
#909=VECTOR('',#3267,10.);
#910=VECTOR('',#3268,10.);
#911=VECTOR('',#3271,10.);
#912=VECTOR('',#3272,10.);
#913=VECTOR('',#3273,10.);
#914=VECTOR('',#3274,10.);
#915=VECTOR('',#3277,10.);
#916=VECTOR('',#3278,10.);
#917=VECTOR('',#3279,10.);
#918=VECTOR('',#3282,10.);
#919=VECTOR('',#3283,10.);
#920=VECTOR('',#3284,10.);
#921=VECTOR('',#3287,10.);
#922=VECTOR('',#3288,10.);
#923=VECTOR('',#3291,10.);
#924=VECTOR('',#3292,10.);
#925=VECTOR('',#3293,10.);
#926=VECTOR('',#3294,10.);
#927=VECTOR('',#3297,10.);
#928=VECTOR('',#3298,10.);
#929=VECTOR('',#3299,10.);
#930=VECTOR('',#3302,10.);
#931=VECTOR('',#3303,10.);
#932=VECTOR('',#3304,10.);
#933=VECTOR('',#3307,10.);
#934=VECTOR('',#3308,10.);
#935=VECTOR('',#3313,4.49999999999999);
#936=VECTOR('',#3320,2.);
#937=VECTOR('',#3327,2.);
#938=VECTOR('',#3334,2.);
#939=VECTOR('',#3339,10.);
#940=VECTOR('',#3340,10.);
#941=VECTOR('',#3341,10.);
#942=VECTOR('',#3342,10.);
#943=VECTOR('',#3345,10.);
#944=VECTOR('',#3346,10.);
#945=VECTOR('',#3347,10.);
#946=VECTOR('',#3350,10.);
#947=VECTOR('',#3351,10.);
#948=VECTOR('',#3352,10.);
#949=VECTOR('',#3355,10.);
#950=VECTOR('',#3356,10.);
#951=VECTOR('',#3359,10.);
#952=VECTOR('',#3360,10.);
#953=VECTOR('',#3361,10.);
#954=VECTOR('',#3362,10.);
#955=VECTOR('',#3365,10.);
#956=VECTOR('',#3366,10.);
#957=VECTOR('',#3367,10.);
#958=VECTOR('',#3370,10.);
#959=VECTOR('',#3371,10.);
#960=VECTOR('',#3372,10.);
#961=VECTOR('',#3375,10.);
#962=VECTOR('',#3376,10.);
#963=VECTOR('',#3379,10.);
#964=VECTOR('',#3380,10.);
#965=VECTOR('',#3381,10.);
#966=VECTOR('',#3382,10.);
#967=VECTOR('',#3385,10.);
#968=VECTOR('',#3386,10.);
#969=VECTOR('',#3387,10.);
#970=VECTOR('',#3390,10.);
#971=VECTOR('',#3391,10.);
#972=VECTOR('',#3392,10.);
#973=VECTOR('',#3395,10.);
#974=VECTOR('',#3396,10.);
#975=VECTOR('',#3399,10.);
#976=VECTOR('',#3400,10.);
#977=VECTOR('',#3401,10.);
#978=VECTOR('',#3402,10.);
#979=VECTOR('',#3405,10.);
#980=VECTOR('',#3406,10.);
#981=VECTOR('',#3407,10.);
#982=VECTOR('',#3410,10.);
#983=VECTOR('',#3411,10.);
#984=VECTOR('',#3412,10.);
#985=VECTOR('',#3415,10.);
#986=VECTOR('',#3416,10.);
#987=VECTOR('',#3419,10.);
#988=VECTOR('',#3420,10.);
#989=VECTOR('',#3421,10.);
#990=VECTOR('',#3422,10.);
#991=VECTOR('',#3425,10.);
#992=VECTOR('',#3426,10.);
#993=VECTOR('',#3427,10.);
#994=VECTOR('',#3430,10.);
#995=VECTOR('',#3431,10.);
#996=VECTOR('',#3432,10.);
#997=VECTOR('',#3435,10.);
#998=VECTOR('',#3436,10.);
#999=VECTOR('',#3439,10.);
#1000=VECTOR('',#3440,10.);
#1001=VECTOR('',#3441,10.);
#1002=VECTOR('',#3442,10.);
#1003=VECTOR('',#3445,10.);
#1004=VECTOR('',#3446,10.);
#1005=VECTOR('',#3447,10.);
#1006=VECTOR('',#3450,10.);
#1007=VECTOR('',#3451,10.);
#1008=VECTOR('',#3452,10.);
#1009=VECTOR('',#3455,10.);
#1010=VECTOR('',#3456,10.);
#1011=VECTOR('',#3459,10.);
#1012=VECTOR('',#3460,10.);
#1013=VECTOR('',#3461,10.);
#1014=VECTOR('',#3462,10.);
#1015=VECTOR('',#3465,10.);
#1016=VECTOR('',#3466,10.);
#1017=VECTOR('',#3467,10.);
#1018=VECTOR('',#3470,10.);
#1019=VECTOR('',#3471,10.);
#1020=VECTOR('',#3472,10.);
#1021=VECTOR('',#3475,10.);
#1022=VECTOR('',#3476,10.);
#1023=VECTOR('',#3479,10.);
#1024=VECTOR('',#3480,10.);
#1025=VECTOR('',#3481,10.);
#1026=VECTOR('',#3482,10.);
#1027=VECTOR('',#3485,10.);
#1028=VECTOR('',#3486,10.);
#1029=VECTOR('',#3487,10.);
#1030=VECTOR('',#3490,10.);
#1031=VECTOR('',#3491,10.);
#1032=VECTOR('',#3492,10.);
#1033=VECTOR('',#3495,10.);
#1034=VECTOR('',#3496,10.);
#1035=VECTOR('',#3501,2.);
#1036=VECTOR('',#3506,10.);
#1037=VECTOR('',#3507,10.);
#1038=VECTOR('',#3508,10.);
#1039=VECTOR('',#3509,10.);
#1040=VECTOR('',#3512,10.);
#1041=VECTOR('',#3513,10.);
#1042=VECTOR('',#3514,10.);
#1043=VECTOR('',#3517,10.);
#1044=VECTOR('',#3518,10.);
#1045=VECTOR('',#3519,10.);
#1046=VECTOR('',#3522,10.);
#1047=VECTOR('',#3523,10.);
#1048=VECTOR('',#3528,5.);
#1049=VECTOR('',#3533,10.);
#1050=VECTOR('',#3534,10.);
#1051=VECTOR('',#3535,10.);
#1052=VECTOR('',#3536,10.);
#1053=VECTOR('',#3539,10.);
#1054=VECTOR('',#3540,10.);
#1055=VECTOR('',#3541,10.);
#1056=VECTOR('',#3544,10.);
#1057=VECTOR('',#3545,10.);
#1058=VECTOR('',#3546,10.);
#1059=VECTOR('',#3549,10.);
#1060=VECTOR('',#3550,10.);
#1061=VECTOR('',#3555,0.399999999999991);
#1062=VECTOR('',#3560,10.);
#1063=VECTOR('',#3561,10.);
#1064=VECTOR('',#3562,10.);
#1065=VECTOR('',#3563,10.);
#1066=VECTOR('',#3566,10.);
#1067=VECTOR('',#3567,10.);
#1068=VECTOR('',#3568,10.);
#1069=VECTOR('',#3571,10.);
#1070=VECTOR('',#3572,10.);
#1071=VECTOR('',#3573,10.);
#1072=VECTOR('',#3576,10.);
#1073=VECTOR('',#3577,10.);
#1074=VECTOR('',#3580,10.);
#1075=VECTOR('',#3581,10.);
#1076=VECTOR('',#3582,10.);
#1077=VECTOR('',#3583,10.);
#1078=VECTOR('',#3586,10.);
#1079=VECTOR('',#3587,10.);
#1080=VECTOR('',#3588,10.);
#1081=VECTOR('',#3591,10.);
#1082=VECTOR('',#3592,10.);
#1083=VECTOR('',#3593,10.);
#1084=VECTOR('',#3596,10.);
#1085=VECTOR('',#3597,10.);
#1086=VECTOR('',#3600,10.);
#1087=VECTOR('',#3601,10.);
#1088=VECTOR('',#3602,10.);
#1089=VECTOR('',#3603,10.);
#1090=VECTOR('',#3606,10.);
#1091=VECTOR('',#3607,10.);
#1092=VECTOR('',#3608,10.);
#1093=VECTOR('',#3611,10.);
#1094=VECTOR('',#3612,10.);
#1095=VECTOR('',#3613,10.);
#1096=VECTOR('',#3616,10.);
#1097=VECTOR('',#3617,10.);
#1098=VECTOR('',#3620,10.);
#1099=VECTOR('',#3621,10.);
#1100=VECTOR('',#3622,10.);
#1101=VECTOR('',#3623,10.);
#1102=VECTOR('',#3626,10.);
#1103=VECTOR('',#3627,10.);
#1104=VECTOR('',#3628,10.);
#1105=VECTOR('',#3631,10.);
#1106=VECTOR('',#3632,10.);
#1107=VECTOR('',#3633,10.);
#1108=VECTOR('',#3636,10.);
#1109=VECTOR('',#3637,10.);
#1110=VECTOR('',#3640,10.);
#1111=VECTOR('',#3641,10.);
#1112=VECTOR('',#3642,10.);
#1113=VECTOR('',#3643,10.);
#1114=VECTOR('',#3646,10.);
#1115=VECTOR('',#3647,10.);
#1116=VECTOR('',#3648,10.);
#1117=VECTOR('',#3651,10.);
#1118=VECTOR('',#3652,10.);
#1119=VECTOR('',#3653,10.);
#1120=VECTOR('',#3660,10.);
#1121=VECTOR('',#3663,10.);
#1122=VECTOR('',#3664,10.);
#1123=VECTOR('',#3665,10.);
#1124=VECTOR('',#3672,10.);
#1125=VECTOR('',#3675,10.);
#1126=VECTOR('',#3676,10.);
#1127=VECTOR('',#3677,10.);
#1128=VECTOR('',#3684,10.);
#1129=VECTOR('',#3687,10.);
#1130=VECTOR('',#3688,10.);
#1131=VECTOR('',#3689,10.);
#1132=VECTOR('',#3696,10.);
#1133=VECTOR('',#3699,10.);
#1134=VECTOR('',#3700,10.);
#1135=VECTOR('',#3701,10.);
#1136=VECTOR('',#3708,10.);
#1137=VECTOR('',#3711,10.);
#1138=VECTOR('',#3712,10.);
#1139=VECTOR('',#3713,10.);
#1140=VECTOR('',#3720,10.);
#1141=VECTOR('',#3723,10.);
#1142=VECTOR('',#3724,10.);
#1143=VECTOR('',#3725,10.);
#1144=VECTOR('',#3732,10.);
#1145=VECTOR('',#3735,10.);
#1146=VECTOR('',#3736,10.);
#1147=VECTOR('',#3737,10.);
#1148=VECTOR('',#3744,10.);
#1149=VECTOR('',#3747,10.);
#1150=VECTOR('',#3748,10.);
#1151=VECTOR('',#3749,10.);
#1152=VECTOR('',#3756,10.);
#1153=VECTOR('',#3759,10.);
#1154=VECTOR('',#3760,10.);
#1155=VECTOR('',#3761,10.);
#1156=VECTOR('',#3768,10.);
#1157=VECTOR('',#3771,10.);
#1158=VECTOR('',#3772,10.);
#1159=VECTOR('',#3773,10.);
#1160=VECTOR('',#3776,10.);
#1161=VECTOR('',#3777,10.);
#1162=VECTOR('',#3778,10.);
#1163=VECTOR('',#3785,10.);
#1164=VECTOR('',#3788,10.);
#1165=VECTOR('',#3789,10.);
#1166=VECTOR('',#3790,10.);
#1167=VECTOR('',#3797,10.);
#1168=VECTOR('',#3800,10.);
#1169=VECTOR('',#3801,10.);
#1170=VECTOR('',#3802,10.);
#1171=VECTOR('',#3809,10.);
#1172=VECTOR('',#3812,10.);
#1173=VECTOR('',#3813,10.);
#1174=VECTOR('',#3814,10.);
#1175=VECTOR('',#3821,10.);
#1176=VECTOR('',#3824,10.);
#1177=VECTOR('',#3825,10.);
#1178=VECTOR('',#3826,10.);
#1179=VECTOR('',#3833,10.);
#1180=VECTOR('',#3836,10.);
#1181=VECTOR('',#3837,10.);
#1182=VECTOR('',#3838,10.);
#1183=VECTOR('',#3845,10.);
#1184=VECTOR('',#3848,10.);
#1185=VECTOR('',#3849,10.);
#1186=VECTOR('',#3850,10.);
#1187=VECTOR('',#3853,10.);
#1188=VECTOR('',#3854,10.);
#1189=VECTOR('',#3855,10.);
#1190=VECTOR('',#3858,10.);
#1191=VECTOR('',#3859,10.);
#1192=VECTOR('',#3860,10.);
#1193=VECTOR('',#3863,10.);
#1194=VECTOR('',#3864,10.);
#1195=VECTOR('',#3865,10.);
#1196=VECTOR('',#3868,10.);
#1197=VECTOR('',#3869,10.);
#1198=VECTOR('',#3870,10.);
#1199=VERTEX_POINT('',#3883);
#1200=VERTEX_POINT('',#3884);
#1201=VERTEX_POINT('',#3886);
#1202=VERTEX_POINT('',#3888);
#1203=VERTEX_POINT('',#3892);
#1204=VERTEX_POINT('',#3894);
#1205=VERTEX_POINT('',#3898);
#1206=VERTEX_POINT('',#3900);
#1207=VERTEX_POINT('',#3907);
#1208=VERTEX_POINT('',#3908);
#1209=VERTEX_POINT('',#3910);
#1210=VERTEX_POINT('',#3912);
#1211=VERTEX_POINT('',#3916);
#1212=VERTEX_POINT('',#3918);
#1213=VERTEX_POINT('',#3922);
#1214=VERTEX_POINT('',#3924);
#1215=VERTEX_POINT('',#3931);
#1216=VERTEX_POINT('',#3932);
#1217=VERTEX_POINT('',#3934);
#1218=VERTEX_POINT('',#3936);
#1219=VERTEX_POINT('',#3940);
#1220=VERTEX_POINT('',#3942);
#1221=VERTEX_POINT('',#3946);
#1222=VERTEX_POINT('',#3948);
#1223=VERTEX_POINT('',#3955);
#1224=VERTEX_POINT('',#3956);
#1225=VERTEX_POINT('',#3958);
#1226=VERTEX_POINT('',#3960);
#1227=VERTEX_POINT('',#3964);
#1228=VERTEX_POINT('',#3966);
#1229=VERTEX_POINT('',#3970);
#1230=VERTEX_POINT('',#3972);
#1231=VERTEX_POINT('',#3979);
#1232=VERTEX_POINT('',#3980);
#1233=VERTEX_POINT('',#3982);
#1234=VERTEX_POINT('',#3984);
#1235=VERTEX_POINT('',#3988);
#1236=VERTEX_POINT('',#3990);
#1237=VERTEX_POINT('',#3994);
#1238=VERTEX_POINT('',#3996);
#1239=VERTEX_POINT('',#4003);
#1240=VERTEX_POINT('',#4004);
#1241=VERTEX_POINT('',#4006);
#1242=VERTEX_POINT('',#4008);
#1243=VERTEX_POINT('',#4012);
#1244=VERTEX_POINT('',#4014);
#1245=VERTEX_POINT('',#4018);
#1246=VERTEX_POINT('',#4020);
#1247=VERTEX_POINT('',#4027);
#1248=VERTEX_POINT('',#4028);
#1249=VERTEX_POINT('',#4030);
#1250=VERTEX_POINT('',#4032);
#1251=VERTEX_POINT('',#4036);
#1252=VERTEX_POINT('',#4038);
#1253=VERTEX_POINT('',#4042);
#1254=VERTEX_POINT('',#4044);
#1255=VERTEX_POINT('',#4051);
#1256=VERTEX_POINT('',#4052);
#1257=VERTEX_POINT('',#4054);
#1258=VERTEX_POINT('',#4056);
#1259=VERTEX_POINT('',#4060);
#1260=VERTEX_POINT('',#4062);
#1261=VERTEX_POINT('',#4066);
#1262=VERTEX_POINT('',#4068);
#1263=VERTEX_POINT('',#4075);
#1264=VERTEX_POINT('',#4077);
#1265=VERTEX_POINT('',#4081);
#1266=VERTEX_POINT('',#4083);
#1267=VERTEX_POINT('',#4087);
#1268=VERTEX_POINT('',#4089);
#1269=VERTEX_POINT('',#4093);
#1270=VERTEX_POINT('',#4095);
#1271=VERTEX_POINT('',#4099);
#1272=VERTEX_POINT('',#4100);
#1273=VERTEX_POINT('',#4102);
#1274=VERTEX_POINT('',#4104);
#1275=VERTEX_POINT('',#4108);
#1276=VERTEX_POINT('',#4110);
#1277=VERTEX_POINT('',#4114);
#1278=VERTEX_POINT('',#4116);
#1279=VERTEX_POINT('',#4123);
#1280=VERTEX_POINT('',#4124);
#1281=VERTEX_POINT('',#4126);
#1282=VERTEX_POINT('',#4128);
#1283=VERTEX_POINT('',#4132);
#1284=VERTEX_POINT('',#4134);
#1285=VERTEX_POINT('',#4138);
#1286=VERTEX_POINT('',#4140);
#1287=VERTEX_POINT('',#4147);
#1288=VERTEX_POINT('',#4148);
#1289=VERTEX_POINT('',#4150);
#1290=VERTEX_POINT('',#4152);
#1291=VERTEX_POINT('',#4156);
#1292=VERTEX_POINT('',#4158);
#1293=VERTEX_POINT('',#4162);
#1294=VERTEX_POINT('',#4164);
#1295=VERTEX_POINT('',#4171);
#1296=VERTEX_POINT('',#4172);
#1297=VERTEX_POINT('',#4174);
#1298=VERTEX_POINT('',#4176);
#1299=VERTEX_POINT('',#4180);
#1300=VERTEX_POINT('',#4182);
#1301=VERTEX_POINT('',#4186);
#1302=VERTEX_POINT('',#4188);
#1303=VERTEX_POINT('',#4195);
#1304=VERTEX_POINT('',#4196);
#1305=VERTEX_POINT('',#4198);
#1306=VERTEX_POINT('',#4200);
#1307=VERTEX_POINT('',#4204);
#1308=VERTEX_POINT('',#4206);
#1309=VERTEX_POINT('',#4210);
#1310=VERTEX_POINT('',#4212);
#1311=VERTEX_POINT('',#4219);
#1312=VERTEX_POINT('',#4220);
#1313=VERTEX_POINT('',#4222);
#1314=VERTEX_POINT('',#4224);
#1315=VERTEX_POINT('',#4228);
#1316=VERTEX_POINT('',#4230);
#1317=VERTEX_POINT('',#4234);
#1318=VERTEX_POINT('',#4236);
#1319=VERTEX_POINT('',#4243);
#1320=VERTEX_POINT('',#4244);
#1321=VERTEX_POINT('',#4246);
#1322=VERTEX_POINT('',#4248);
#1323=VERTEX_POINT('',#4252);
#1324=VERTEX_POINT('',#4254);
#1325=VERTEX_POINT('',#4258);
#1326=VERTEX_POINT('',#4260);
#1327=VERTEX_POINT('',#4267);
#1328=VERTEX_POINT('',#4268);
#1329=VERTEX_POINT('',#4270);
#1330=VERTEX_POINT('',#4272);
#1331=VERTEX_POINT('',#4276);
#1332=VERTEX_POINT('',#4278);
#1333=VERTEX_POINT('',#4282);
#1334=VERTEX_POINT('',#4284);
#1335=VERTEX_POINT('',#4291);
#1336=VERTEX_POINT('',#4293);
#1337=VERTEX_POINT('',#4297);
#1338=VERTEX_POINT('',#4298);
#1339=VERTEX_POINT('',#4300);
#1340=VERTEX_POINT('',#4302);
#1341=VERTEX_POINT('',#4306);
#1342=VERTEX_POINT('',#4308);
#1343=VERTEX_POINT('',#4312);
#1344=VERTEX_POINT('',#4314);
#1345=VERTEX_POINT('',#4321);
#1346=VERTEX_POINT('',#4323);
#1347=VERTEX_POINT('',#4327);
#1348=VERTEX_POINT('',#4328);
#1349=VERTEX_POINT('',#4330);
#1350=VERTEX_POINT('',#4332);
#1351=VERTEX_POINT('',#4336);
#1352=VERTEX_POINT('',#4338);
#1353=VERTEX_POINT('',#4342);
#1354=VERTEX_POINT('',#4344);
#1355=VERTEX_POINT('',#4351);
#1356=VERTEX_POINT('',#4353);
#1357=VERTEX_POINT('',#4357);
#1358=VERTEX_POINT('',#4358);
#1359=VERTEX_POINT('',#4360);
#1360=VERTEX_POINT('',#4362);
#1361=VERTEX_POINT('',#4366);
#1362=VERTEX_POINT('',#4368);
#1363=VERTEX_POINT('',#4372);
#1364=VERTEX_POINT('',#4374);
#1365=VERTEX_POINT('',#4381);
#1366=VERTEX_POINT('',#4382);
#1367=VERTEX_POINT('',#4384);
#1368=VERTEX_POINT('',#4386);
#1369=VERTEX_POINT('',#4390);
#1370=VERTEX_POINT('',#4392);
#1371=VERTEX_POINT('',#4396);
#1372=VERTEX_POINT('',#4398);
#1373=VERTEX_POINT('',#4405);
#1374=VERTEX_POINT('',#4406);
#1375=VERTEX_POINT('',#4408);
#1376=VERTEX_POINT('',#4410);
#1377=VERTEX_POINT('',#4414);
#1378=VERTEX_POINT('',#4416);
#1379=VERTEX_POINT('',#4420);
#1380=VERTEX_POINT('',#4422);
#1381=VERTEX_POINT('',#4429);
#1382=VERTEX_POINT('',#4430);
#1383=VERTEX_POINT('',#4432);
#1384=VERTEX_POINT('',#4434);
#1385=VERTEX_POINT('',#4438);
#1386=VERTEX_POINT('',#4440);
#1387=VERTEX_POINT('',#4444);
#1388=VERTEX_POINT('',#4446);
#1389=VERTEX_POINT('',#4453);
#1390=VERTEX_POINT('',#4454);
#1391=VERTEX_POINT('',#4456);
#1392=VERTEX_POINT('',#4458);
#1393=VERTEX_POINT('',#4462);
#1394=VERTEX_POINT('',#4464);
#1395=VERTEX_POINT('',#4468);
#1396=VERTEX_POINT('',#4470);
#1397=VERTEX_POINT('',#4474);
#1398=VERTEX_POINT('',#4476);
#1399=VERTEX_POINT('',#4480);
#1400=VERTEX_POINT('',#4482);
#1401=VERTEX_POINT('',#4486);
#1402=VERTEX_POINT('',#4488);
#1403=VERTEX_POINT('',#4492);
#1404=VERTEX_POINT('',#4494);
#1405=VERTEX_POINT('',#4498);
#1406=VERTEX_POINT('',#4500);
#1407=VERTEX_POINT('',#4504);
#1408=VERTEX_POINT('',#4506);
#1409=VERTEX_POINT('',#4510);
#1410=VERTEX_POINT('',#4512);
#1411=VERTEX_POINT('',#4516);
#1412=VERTEX_POINT('',#4518);
#1413=VERTEX_POINT('',#4522);
#1414=VERTEX_POINT('',#4524);
#1415=VERTEX_POINT('',#4528);
#1416=VERTEX_POINT('',#4530);
#1417=VERTEX_POINT('',#4534);
#1418=VERTEX_POINT('',#4536);
#1419=VERTEX_POINT('',#4540);
#1420=VERTEX_POINT('',#4542);
#1421=VERTEX_POINT('',#4546);
#1422=VERTEX_POINT('',#4548);
#1423=VERTEX_POINT('',#4552);
#1424=VERTEX_POINT('',#4554);
#1425=VERTEX_POINT('',#4558);
#1426=VERTEX_POINT('',#4560);
#1427=VERTEX_POINT('',#4564);
#1428=VERTEX_POINT('',#4566);
#1429=VERTEX_POINT('',#4570);
#1430=VERTEX_POINT('',#4572);
#1431=VERTEX_POINT('',#4576);
#1432=VERTEX_POINT('',#4578);
#1433=VERTEX_POINT('',#4582);
#1434=VERTEX_POINT('',#4584);
#1435=VERTEX_POINT('',#4588);
#1436=VERTEX_POINT('',#4590);
#1437=VERTEX_POINT('',#4594);
#1438=VERTEX_POINT('',#4596);
#1439=VERTEX_POINT('',#4600);
#1440=VERTEX_POINT('',#4602);
#1441=VERTEX_POINT('',#4606);
#1442=VERTEX_POINT('',#4608);
#1443=VERTEX_POINT('',#4612);
#1444=VERTEX_POINT('',#4614);
#1445=VERTEX_POINT('',#4618);
#1446=VERTEX_POINT('',#4620);
#1447=VERTEX_POINT('',#4624);
#1448=VERTEX_POINT('',#4626);
#1449=VERTEX_POINT('',#4630);
#1450=VERTEX_POINT('',#4632);
#1451=VERTEX_POINT('',#4636);
#1452=VERTEX_POINT('',#4638);
#1453=VERTEX_POINT('',#4642);
#1454=VERTEX_POINT('',#4644);
#1455=VERTEX_POINT('',#4648);
#1456=VERTEX_POINT('',#4650);
#1457=VERTEX_POINT('',#4654);
#1458=VERTEX_POINT('',#4656);
#1459=VERTEX_POINT('',#4660);
#1460=VERTEX_POINT('',#4662);
#1461=VERTEX_POINT('',#4666);
#1462=VERTEX_POINT('',#4668);
#1463=VERTEX_POINT('',#4672);
#1464=VERTEX_POINT('',#4674);
#1465=VERTEX_POINT('',#4678);
#1466=VERTEX_POINT('',#4680);
#1467=VERTEX_POINT('',#4684);
#1468=VERTEX_POINT('',#4686);
#1469=VERTEX_POINT('',#4690);
#1470=VERTEX_POINT('',#4692);
#1471=EDGE_CURVE('',#1199,#1200,#479,.T.);
#1472=EDGE_CURVE('',#1200,#1201,#480,.T.);
#1473=EDGE_CURVE('',#1202,#1201,#481,.T.);
#1474=EDGE_CURVE('',#1199,#1202,#482,.T.);
#1475=EDGE_CURVE('',#1203,#1199,#483,.T.);
#1476=EDGE_CURVE('',#1204,#1202,#484,.T.);
#1477=EDGE_CURVE('',#1203,#1204,#485,.T.);
#1478=EDGE_CURVE('',#1205,#1203,#486,.T.);
#1479=EDGE_CURVE('',#1206,#1204,#487,.T.);
#1480=EDGE_CURVE('',#1205,#1206,#488,.T.);
#1481=EDGE_CURVE('',#1200,#1205,#489,.T.);
#1482=EDGE_CURVE('',#1201,#1206,#490,.T.);
#1483=EDGE_CURVE('',#1207,#1208,#491,.T.);
#1484=EDGE_CURVE('',#1208,#1209,#492,.T.);
#1485=EDGE_CURVE('',#1210,#1209,#493,.T.);
#1486=EDGE_CURVE('',#1207,#1210,#494,.T.);
#1487=EDGE_CURVE('',#1211,#1207,#495,.T.);
#1488=EDGE_CURVE('',#1212,#1210,#496,.T.);
#1489=EDGE_CURVE('',#1211,#1212,#497,.T.);
#1490=EDGE_CURVE('',#1213,#1211,#498,.T.);
#1491=EDGE_CURVE('',#1214,#1212,#499,.T.);
#1492=EDGE_CURVE('',#1213,#1214,#500,.T.);
#1493=EDGE_CURVE('',#1208,#1213,#501,.T.);
#1494=EDGE_CURVE('',#1209,#1214,#502,.T.);
#1495=EDGE_CURVE('',#1215,#1216,#503,.T.);
#1496=EDGE_CURVE('',#1216,#1217,#504,.T.);
#1497=EDGE_CURVE('',#1218,#1217,#505,.T.);
#1498=EDGE_CURVE('',#1215,#1218,#506,.T.);
#1499=EDGE_CURVE('',#1219,#1215,#507,.T.);
#1500=EDGE_CURVE('',#1220,#1218,#508,.T.);
#1501=EDGE_CURVE('',#1219,#1220,#509,.T.);
#1502=EDGE_CURVE('',#1221,#1219,#510,.T.);
#1503=EDGE_CURVE('',#1222,#1220,#511,.T.);
#1504=EDGE_CURVE('',#1221,#1222,#512,.T.);
#1505=EDGE_CURVE('',#1216,#1221,#513,.T.);
#1506=EDGE_CURVE('',#1217,#1222,#514,.T.);
#1507=EDGE_CURVE('',#1223,#1224,#515,.T.);
#1508=EDGE_CURVE('',#1224,#1225,#516,.T.);
#1509=EDGE_CURVE('',#1226,#1225,#517,.T.);
#1510=EDGE_CURVE('',#1223,#1226,#518,.T.);
#1511=EDGE_CURVE('',#1227,#1223,#519,.T.);
#1512=EDGE_CURVE('',#1228,#1226,#520,.T.);
#1513=EDGE_CURVE('',#1227,#1228,#521,.T.);
#1514=EDGE_CURVE('',#1229,#1227,#522,.T.);
#1515=EDGE_CURVE('',#1230,#1228,#523,.T.);
#1516=EDGE_CURVE('',#1229,#1230,#524,.T.);
#1517=EDGE_CURVE('',#1224,#1229,#525,.T.);
#1518=EDGE_CURVE('',#1225,#1230,#526,.T.);
#1519=EDGE_CURVE('',#1231,#1232,#527,.T.);
#1520=EDGE_CURVE('',#1232,#1233,#528,.T.);
#1521=EDGE_CURVE('',#1234,#1233,#529,.T.);
#1522=EDGE_CURVE('',#1231,#1234,#530,.T.);
#1523=EDGE_CURVE('',#1235,#1231,#531,.T.);
#1524=EDGE_CURVE('',#1236,#1234,#532,.T.);
#1525=EDGE_CURVE('',#1235,#1236,#533,.T.);
#1526=EDGE_CURVE('',#1237,#1235,#534,.T.);
#1527=EDGE_CURVE('',#1238,#1236,#535,.T.);
#1528=EDGE_CURVE('',#1237,#1238,#536,.T.);
#1529=EDGE_CURVE('',#1232,#1237,#537,.T.);
#1530=EDGE_CURVE('',#1233,#1238,#538,.T.);
#1531=EDGE_CURVE('',#1239,#1240,#539,.T.);
#1532=EDGE_CURVE('',#1240,#1241,#540,.T.);
#1533=EDGE_CURVE('',#1242,#1241,#541,.T.);
#1534=EDGE_CURVE('',#1239,#1242,#542,.T.);
#1535=EDGE_CURVE('',#1243,#1239,#543,.T.);
#1536=EDGE_CURVE('',#1244,#1242,#544,.T.);
#1537=EDGE_CURVE('',#1243,#1244,#545,.T.);
#1538=EDGE_CURVE('',#1245,#1243,#546,.T.);
#1539=EDGE_CURVE('',#1246,#1244,#547,.T.);
#1540=EDGE_CURVE('',#1245,#1246,#548,.T.);
#1541=EDGE_CURVE('',#1240,#1245,#549,.T.);
#1542=EDGE_CURVE('',#1241,#1246,#550,.T.);
#1543=EDGE_CURVE('',#1247,#1248,#551,.T.);
#1544=EDGE_CURVE('',#1248,#1249,#552,.T.);
#1545=EDGE_CURVE('',#1250,#1249,#553,.T.);
#1546=EDGE_CURVE('',#1247,#1250,#554,.T.);
#1547=EDGE_CURVE('',#1251,#1247,#555,.T.);
#1548=EDGE_CURVE('',#1252,#1250,#556,.T.);
#1549=EDGE_CURVE('',#1251,#1252,#557,.T.);
#1550=EDGE_CURVE('',#1253,#1251,#558,.T.);
#1551=EDGE_CURVE('',#1254,#1252,#559,.T.);
#1552=EDGE_CURVE('',#1253,#1254,#560,.T.);
#1553=EDGE_CURVE('',#1248,#1253,#561,.T.);
#1554=EDGE_CURVE('',#1249,#1254,#562,.T.);
#1555=EDGE_CURVE('',#1255,#1256,#563,.T.);
#1556=EDGE_CURVE('',#1256,#1257,#564,.T.);
#1557=EDGE_CURVE('',#1258,#1257,#565,.T.);
#1558=EDGE_CURVE('',#1255,#1258,#566,.T.);
#1559=EDGE_CURVE('',#1259,#1255,#567,.T.);
#1560=EDGE_CURVE('',#1260,#1258,#568,.T.);
#1561=EDGE_CURVE('',#1259,#1260,#569,.T.);
#1562=EDGE_CURVE('',#1261,#1259,#570,.T.);
#1563=EDGE_CURVE('',#1262,#1260,#571,.T.);
#1564=EDGE_CURVE('',#1261,#1262,#572,.T.);
#1565=EDGE_CURVE('',#1256,#1261,#573,.T.);
#1566=EDGE_CURVE('',#1257,#1262,#574,.T.);
#1567=EDGE_CURVE('',#1263,#1263,#73,.T.);
#1568=EDGE_CURVE('',#1263,#1264,#575,.T.);
#1569=EDGE_CURVE('',#1264,#1264,#74,.T.);
#1570=EDGE_CURVE('',#1265,#1265,#75,.T.);
#1571=EDGE_CURVE('',#1265,#1266,#576,.T.);
#1572=EDGE_CURVE('',#1266,#1266,#76,.T.);
#1573=EDGE_CURVE('',#1267,#1267,#77,.T.);
#1574=EDGE_CURVE('',#1267,#1268,#577,.T.);
#1575=EDGE_CURVE('',#1268,#1268,#78,.T.);
#1576=EDGE_CURVE('',#1269,#1269,#79,.T.);
#1577=EDGE_CURVE('',#1269,#1270,#578,.T.);
#1578=EDGE_CURVE('',#1270,#1270,#80,.T.);
#1579=EDGE_CURVE('',#1271,#1272,#579,.T.);
#1580=EDGE_CURVE('',#1272,#1273,#580,.T.);
#1581=EDGE_CURVE('',#1274,#1273,#581,.T.);
#1582=EDGE_CURVE('',#1271,#1274,#582,.T.);
#1583=EDGE_CURVE('',#1275,#1271,#583,.T.);
#1584=EDGE_CURVE('',#1276,#1274,#584,.T.);
#1585=EDGE_CURVE('',#1275,#1276,#585,.T.);
#1586=EDGE_CURVE('',#1277,#1275,#586,.T.);
#1587=EDGE_CURVE('',#1278,#1276,#587,.T.);
#1588=EDGE_CURVE('',#1277,#1278,#588,.T.);
#1589=EDGE_CURVE('',#1272,#1277,#589,.T.);
#1590=EDGE_CURVE('',#1273,#1278,#590,.T.);
#1591=EDGE_CURVE('',#1279,#1280,#591,.T.);
#1592=EDGE_CURVE('',#1280,#1281,#592,.T.);
#1593=EDGE_CURVE('',#1282,#1281,#593,.T.);
#1594=EDGE_CURVE('',#1279,#1282,#594,.T.);
#1595=EDGE_CURVE('',#1283,#1279,#595,.T.);
#1596=EDGE_CURVE('',#1284,#1282,#596,.T.);
#1597=EDGE_CURVE('',#1283,#1284,#597,.T.);
#1598=EDGE_CURVE('',#1285,#1283,#598,.T.);
#1599=EDGE_CURVE('',#1286,#1284,#599,.T.);
#1600=EDGE_CURVE('',#1285,#1286,#600,.T.);
#1601=EDGE_CURVE('',#1280,#1285,#601,.T.);
#1602=EDGE_CURVE('',#1281,#1286,#602,.T.);
#1603=EDGE_CURVE('',#1287,#1288,#603,.T.);
#1604=EDGE_CURVE('',#1288,#1289,#604,.T.);
#1605=EDGE_CURVE('',#1290,#1289,#605,.T.);
#1606=EDGE_CURVE('',#1287,#1290,#606,.T.);
#1607=EDGE_CURVE('',#1291,#1287,#607,.T.);
#1608=EDGE_CURVE('',#1292,#1290,#608,.T.);
#1609=EDGE_CURVE('',#1291,#1292,#609,.T.);
#1610=EDGE_CURVE('',#1293,#1291,#610,.T.);
#1611=EDGE_CURVE('',#1294,#1292,#611,.T.);
#1612=EDGE_CURVE('',#1293,#1294,#612,.T.);
#1613=EDGE_CURVE('',#1288,#1293,#613,.T.);
#1614=EDGE_CURVE('',#1289,#1294,#614,.T.);
#1615=EDGE_CURVE('',#1295,#1296,#615,.T.);
#1616=EDGE_CURVE('',#1296,#1297,#616,.T.);
#1617=EDGE_CURVE('',#1298,#1297,#617,.T.);
#1618=EDGE_CURVE('',#1295,#1298,#618,.T.);
#1619=EDGE_CURVE('',#1299,#1295,#619,.T.);
#1620=EDGE_CURVE('',#1300,#1298,#620,.T.);
#1621=EDGE_CURVE('',#1299,#1300,#621,.T.);
#1622=EDGE_CURVE('',#1301,#1299,#622,.T.);
#1623=EDGE_CURVE('',#1302,#1300,#623,.T.);
#1624=EDGE_CURVE('',#1301,#1302,#624,.T.);
#1625=EDGE_CURVE('',#1296,#1301,#625,.T.);
#1626=EDGE_CURVE('',#1297,#1302,#626,.T.);
#1627=EDGE_CURVE('',#1303,#1304,#627,.T.);
#1628=EDGE_CURVE('',#1304,#1305,#628,.T.);
#1629=EDGE_CURVE('',#1306,#1305,#629,.T.);
#1630=EDGE_CURVE('',#1303,#1306,#630,.T.);
#1631=EDGE_CURVE('',#1307,#1303,#631,.T.);
#1632=EDGE_CURVE('',#1308,#1306,#632,.T.);
#1633=EDGE_CURVE('',#1307,#1308,#633,.T.);
#1634=EDGE_CURVE('',#1309,#1307,#634,.T.);
#1635=EDGE_CURVE('',#1310,#1308,#635,.T.);
#1636=EDGE_CURVE('',#1309,#1310,#636,.T.);
#1637=EDGE_CURVE('',#1304,#1309,#637,.T.);
#1638=EDGE_CURVE('',#1305,#1310,#638,.T.);
#1639=EDGE_CURVE('',#1311,#1312,#639,.T.);
#1640=EDGE_CURVE('',#1312,#1313,#640,.T.);
#1641=EDGE_CURVE('',#1314,#1313,#641,.T.);
#1642=EDGE_CURVE('',#1311,#1314,#642,.T.);
#1643=EDGE_CURVE('',#1315,#1311,#643,.T.);
#1644=EDGE_CURVE('',#1316,#1314,#644,.T.);
#1645=EDGE_CURVE('',#1315,#1316,#645,.T.);
#1646=EDGE_CURVE('',#1317,#1315,#646,.T.);
#1647=EDGE_CURVE('',#1318,#1316,#647,.T.);
#1648=EDGE_CURVE('',#1317,#1318,#648,.T.);
#1649=EDGE_CURVE('',#1312,#1317,#649,.T.);
#1650=EDGE_CURVE('',#1313,#1318,#650,.T.);
#1651=EDGE_CURVE('',#1319,#1320,#651,.T.);
#1652=EDGE_CURVE('',#1320,#1321,#652,.T.);
#1653=EDGE_CURVE('',#1322,#1321,#653,.T.);
#1654=EDGE_CURVE('',#1319,#1322,#654,.T.);
#1655=EDGE_CURVE('',#1323,#1319,#655,.T.);
#1656=EDGE_CURVE('',#1324,#1322,#656,.T.);
#1657=EDGE_CURVE('',#1323,#1324,#657,.T.);
#1658=EDGE_CURVE('',#1325,#1323,#658,.T.);
#1659=EDGE_CURVE('',#1326,#1324,#659,.T.);
#1660=EDGE_CURVE('',#1325,#1326,#660,.T.);
#1661=EDGE_CURVE('',#1320,#1325,#661,.T.);
#1662=EDGE_CURVE('',#1321,#1326,#662,.T.);
#1663=EDGE_CURVE('',#1327,#1328,#663,.T.);
#1664=EDGE_CURVE('',#1328,#1329,#664,.T.);
#1665=EDGE_CURVE('',#1330,#1329,#665,.T.);
#1666=EDGE_CURVE('',#1327,#1330,#666,.T.);
#1667=EDGE_CURVE('',#1331,#1327,#667,.T.);
#1668=EDGE_CURVE('',#1332,#1330,#668,.T.);
#1669=EDGE_CURVE('',#1331,#1332,#669,.T.);
#1670=EDGE_CURVE('',#1333,#1331,#670,.T.);
#1671=EDGE_CURVE('',#1334,#1332,#671,.T.);
#1672=EDGE_CURVE('',#1333,#1334,#672,.T.);
#1673=EDGE_CURVE('',#1328,#1333,#673,.T.);
#1674=EDGE_CURVE('',#1329,#1334,#674,.T.);
#1675=EDGE_CURVE('',#1335,#1335,#81,.T.);
#1676=EDGE_CURVE('',#1335,#1336,#675,.T.);
#1677=EDGE_CURVE('',#1336,#1336,#82,.T.);
#1678=EDGE_CURVE('',#1337,#1338,#676,.T.);
#1679=EDGE_CURVE('',#1338,#1339,#677,.T.);
#1680=EDGE_CURVE('',#1340,#1339,#678,.T.);
#1681=EDGE_CURVE('',#1337,#1340,#679,.T.);
#1682=EDGE_CURVE('',#1341,#1337,#680,.T.);
#1683=EDGE_CURVE('',#1342,#1340,#681,.T.);
#1684=EDGE_CURVE('',#1341,#1342,#682,.T.);
#1685=EDGE_CURVE('',#1343,#1341,#683,.T.);
#1686=EDGE_CURVE('',#1344,#1342,#684,.T.);
#1687=EDGE_CURVE('',#1343,#1344,#685,.T.);
#1688=EDGE_CURVE('',#1338,#1343,#686,.T.);
#1689=EDGE_CURVE('',#1339,#1344,#687,.T.);
#1690=EDGE_CURVE('',#1345,#1345,#83,.T.);
#1691=EDGE_CURVE('',#1345,#1346,#688,.T.);
#1692=EDGE_CURVE('',#1346,#1346,#84,.T.);
#1693=EDGE_CURVE('',#1347,#1348,#689,.T.);
#1694=EDGE_CURVE('',#1348,#1349,#690,.T.);
#1695=EDGE_CURVE('',#1350,#1349,#691,.T.);
#1696=EDGE_CURVE('',#1347,#1350,#692,.T.);
#1697=EDGE_CURVE('',#1351,#1347,#693,.T.);
#1698=EDGE_CURVE('',#1352,#1350,#694,.T.);
#1699=EDGE_CURVE('',#1351,#1352,#695,.T.);
#1700=EDGE_CURVE('',#1353,#1351,#696,.T.);
#1701=EDGE_CURVE('',#1354,#1352,#697,.T.);
#1702=EDGE_CURVE('',#1353,#1354,#698,.T.);
#1703=EDGE_CURVE('',#1348,#1353,#699,.T.);
#1704=EDGE_CURVE('',#1349,#1354,#700,.T.);
#1705=EDGE_CURVE('',#1355,#1355,#85,.T.);
#1706=EDGE_CURVE('',#1355,#1356,#701,.T.);
#1707=EDGE_CURVE('',#1356,#1356,#86,.T.);
#1708=EDGE_CURVE('',#1357,#1358,#702,.T.);
#1709=EDGE_CURVE('',#1358,#1359,#703,.T.);
#1710=EDGE_CURVE('',#1360,#1359,#704,.T.);
#1711=EDGE_CURVE('',#1357,#1360,#705,.T.);
#1712=EDGE_CURVE('',#1361,#1357,#706,.T.);
#1713=EDGE_CURVE('',#1362,#1360,#707,.T.);
#1714=EDGE_CURVE('',#1361,#1362,#708,.T.);
#1715=EDGE_CURVE('',#1363,#1361,#709,.T.);
#1716=EDGE_CURVE('',#1364,#1362,#710,.T.);
#1717=EDGE_CURVE('',#1363,#1364,#711,.T.);
#1718=EDGE_CURVE('',#1358,#1363,#712,.T.);
#1719=EDGE_CURVE('',#1359,#1364,#713,.T.);
#1720=EDGE_CURVE('',#1365,#1366,#714,.T.);
#1721=EDGE_CURVE('',#1366,#1367,#715,.T.);
#1722=EDGE_CURVE('',#1368,#1367,#716,.T.);
#1723=EDGE_CURVE('',#1365,#1368,#717,.T.);
#1724=EDGE_CURVE('',#1369,#1365,#718,.T.);
#1725=EDGE_CURVE('',#1370,#1368,#719,.T.);
#1726=EDGE_CURVE('',#1369,#1370,#720,.T.);
#1727=EDGE_CURVE('',#1371,#1369,#721,.T.);
#1728=EDGE_CURVE('',#1372,#1370,#722,.T.);
#1729=EDGE_CURVE('',#1371,#1372,#723,.T.);
#1730=EDGE_CURVE('',#1366,#1371,#724,.T.);
#1731=EDGE_CURVE('',#1367,#1372,#725,.T.);
#1732=EDGE_CURVE('',#1373,#1374,#726,.T.);
#1733=EDGE_CURVE('',#1374,#1375,#727,.T.);
#1734=EDGE_CURVE('',#1376,#1375,#728,.T.);
#1735=EDGE_CURVE('',#1373,#1376,#729,.T.);
#1736=EDGE_CURVE('',#1377,#1373,#730,.T.);
#1737=EDGE_CURVE('',#1378,#1376,#731,.T.);
#1738=EDGE_CURVE('',#1377,#1378,#732,.T.);
#1739=EDGE_CURVE('',#1379,#1377,#733,.T.);
#1740=EDGE_CURVE('',#1380,#1378,#734,.T.);
#1741=EDGE_CURVE('',#1379,#1380,#735,.T.);
#1742=EDGE_CURVE('',#1374,#1379,#736,.T.);
#1743=EDGE_CURVE('',#1375,#1380,#737,.T.);
#1744=EDGE_CURVE('',#1381,#1382,#738,.T.);
#1745=EDGE_CURVE('',#1382,#1383,#739,.T.);
#1746=EDGE_CURVE('',#1384,#1383,#740,.T.);
#1747=EDGE_CURVE('',#1381,#1384,#741,.T.);
#1748=EDGE_CURVE('',#1385,#1381,#742,.T.);
#1749=EDGE_CURVE('',#1386,#1384,#743,.T.);
#1750=EDGE_CURVE('',#1385,#1386,#744,.T.);
#1751=EDGE_CURVE('',#1387,#1385,#745,.T.);
#1752=EDGE_CURVE('',#1388,#1386,#746,.T.);
#1753=EDGE_CURVE('',#1387,#1388,#747,.T.);
#1754=EDGE_CURVE('',#1382,#1387,#748,.T.);
#1755=EDGE_CURVE('',#1383,#1388,#749,.T.);
#1756=EDGE_CURVE('',#1389,#1390,#750,.T.);
#1757=EDGE_CURVE('',#1390,#1391,#751,.T.);
#1758=EDGE_CURVE('',#1392,#1391,#752,.T.);
#1759=EDGE_CURVE('',#1389,#1392,#753,.T.);
#1760=EDGE_CURVE('',#1389,#1393,#754,.T.);
#1761=EDGE_CURVE('',#1394,#1392,#755,.T.);
#1762=EDGE_CURVE('',#1393,#1394,#756,.T.);
#1763=EDGE_CURVE('',#1395,#1393,#757,.T.);
#1764=EDGE_CURVE('',#1396,#1394,#758,.T.);
#1765=EDGE_CURVE('',#1395,#1396,#759,.T.);
#1766=EDGE_CURVE('',#1397,#1395,#87,.T.);
#1767=EDGE_CURVE('',#1398,#1396,#88,.T.);
#1768=EDGE_CURVE('',#1397,#1398,#760,.T.);
#1769=EDGE_CURVE('',#1399,#1397,#761,.T.);
#1770=EDGE_CURVE('',#1400,#1398,#762,.T.);
#1771=EDGE_CURVE('',#1399,#1400,#763,.T.);
#1772=EDGE_CURVE('',#1399,#1401,#89,.T.);
#1773=EDGE_CURVE('',#1402,#1400,#90,.T.);
#1774=EDGE_CURVE('',#1401,#1402,#764,.T.);
#1775=EDGE_CURVE('',#1403,#1401,#765,.T.);
#1776=EDGE_CURVE('',#1404,#1402,#766,.T.);
#1777=EDGE_CURVE('',#1403,#1404,#767,.T.);
#1778=EDGE_CURVE('',#1405,#1403,#91,.T.);
#1779=EDGE_CURVE('',#1406,#1404,#92,.T.);
#1780=EDGE_CURVE('',#1405,#1406,#768,.T.);
#1781=EDGE_CURVE('',#1407,#1405,#769,.T.);
#1782=EDGE_CURVE('',#1408,#1406,#770,.T.);
#1783=EDGE_CURVE('',#1407,#1408,#771,.T.);
#1784=EDGE_CURVE('',#1409,#1407,#93,.T.);
#1785=EDGE_CURVE('',#1410,#1408,#94,.T.);
#1786=EDGE_CURVE('',#1409,#1410,#772,.T.);
#1787=EDGE_CURVE('',#1411,#1409,#773,.T.);
#1788=EDGE_CURVE('',#1412,#1410,#774,.T.);
#1789=EDGE_CURVE('',#1411,#1412,#775,.T.);
#1790=EDGE_CURVE('',#1411,#1413,#95,.T.);
#1791=EDGE_CURVE('',#1414,#1412,#96,.T.);
#1792=EDGE_CURVE('',#1413,#1414,#776,.T.);
#1793=EDGE_CURVE('',#1415,#1413,#777,.T.);
#1794=EDGE_CURVE('',#1416,#1414,#778,.T.);
#1795=EDGE_CURVE('',#1415,#1416,#779,.T.);
#1796=EDGE_CURVE('',#1415,#1417,#97,.T.);
#1797=EDGE_CURVE('',#1418,#1416,#98,.T.);
#1798=EDGE_CURVE('',#1417,#1418,#780,.T.);
#1799=EDGE_CURVE('',#1419,#1417,#781,.T.);
#1800=EDGE_CURVE('',#1420,#1418,#782,.T.);
#1801=EDGE_CURVE('',#1419,#1420,#783,.T.);
#1802=EDGE_CURVE('',#1421,#1419,#99,.T.);
#1803=EDGE_CURVE('',#1422,#1420,#100,.T.);
#1804=EDGE_CURVE('',#1421,#1422,#784,.T.);
#1805=EDGE_CURVE('',#1423,#1421,#785,.T.);
#1806=EDGE_CURVE('',#1424,#1422,#786,.T.);
#1807=EDGE_CURVE('',#1423,#1424,#787,.T.);
#1808=EDGE_CURVE('',#1423,#1425,#101,.T.);
#1809=EDGE_CURVE('',#1426,#1424,#102,.T.);
#1810=EDGE_CURVE('',#1425,#1426,#788,.T.);
#1811=EDGE_CURVE('',#1427,#1425,#789,.T.);
#1812=EDGE_CURVE('',#1428,#1426,#790,.T.);
#1813=EDGE_CURVE('',#1427,#1428,#791,.T.);
#1814=EDGE_CURVE('',#1429,#1427,#103,.T.);
#1815=EDGE_CURVE('',#1430,#1428,#104,.T.);
#1816=EDGE_CURVE('',#1429,#1430,#792,.T.);
#1817=EDGE_CURVE('',#1431,#1429,#793,.T.);
#1818=EDGE_CURVE('',#1432,#1430,#794,.T.);
#1819=EDGE_CURVE('',#1431,#1432,#795,.T.);
#1820=EDGE_CURVE('',#1433,#1431,#105,.T.);
#1821=EDGE_CURVE('',#1434,#1432,#106,.T.);
#1822=EDGE_CURVE('',#1433,#1434,#796,.T.);
#1823=EDGE_CURVE('',#1435,#1433,#797,.T.);
#1824=EDGE_CURVE('',#1436,#1434,#798,.T.);
#1825=EDGE_CURVE('',#1435,#1436,#799,.T.);
#1826=EDGE_CURVE('',#1437,#1435,#800,.T.);
#1827=EDGE_CURVE('',#1438,#1436,#801,.T.);
#1828=EDGE_CURVE('',#1437,#1438,#802,.T.);
#1829=EDGE_CURVE('',#1437,#1439,#107,.T.);
#1830=EDGE_CURVE('',#1440,#1438,#108,.T.);
#1831=EDGE_CURVE('',#1439,#1440,#803,.T.);
#1832=EDGE_CURVE('',#1441,#1439,#804,.T.);
#1833=EDGE_CURVE('',#1442,#1440,#805,.T.);
#1834=EDGE_CURVE('',#1441,#1442,#806,.T.);
#1835=EDGE_CURVE('',#1443,#1441,#109,.T.);
#1836=EDGE_CURVE('',#1444,#1442,#110,.T.);
#1837=EDGE_CURVE('',#1443,#1444,#807,.T.);
#1838=EDGE_CURVE('',#1445,#1443,#808,.T.);
#1839=EDGE_CURVE('',#1446,#1444,#809,.T.);
#1840=EDGE_CURVE('',#1445,#1446,#810,.T.);
#1841=EDGE_CURVE('',#1445,#1447,#111,.T.);
#1842=EDGE_CURVE('',#1448,#1446,#112,.T.);
#1843=EDGE_CURVE('',#1447,#1448,#811,.T.);
#1844=EDGE_CURVE('',#1449,#1447,#812,.T.);
#1845=EDGE_CURVE('',#1450,#1448,#813,.T.);
#1846=EDGE_CURVE('',#1449,#1450,#814,.T.);
#1847=EDGE_CURVE('',#1451,#1449,#113,.T.);
#1848=EDGE_CURVE('',#1452,#1450,#114,.T.);
#1849=EDGE_CURVE('',#1451,#1452,#815,.T.);
#1850=EDGE_CURVE('',#1453,#1451,#816,.T.);
#1851=EDGE_CURVE('',#1454,#1452,#817,.T.);
#1852=EDGE_CURVE('',#1453,#1454,#818,.T.);
#1853=EDGE_CURVE('',#1455,#1453,#115,.T.);
#1854=EDGE_CURVE('',#1456,#1454,#116,.T.);
#1855=EDGE_CURVE('',#1455,#1456,#819,.T.);
#1856=EDGE_CURVE('',#1457,#1455,#820,.T.);
#1857=EDGE_CURVE('',#1458,#1456,#821,.T.);
#1858=EDGE_CURVE('',#1457,#1458,#822,.T.);
#1859=EDGE_CURVE('',#1457,#1459,#117,.T.);
#1860=EDGE_CURVE('',#1460,#1458,#118,.T.);
#1861=EDGE_CURVE('',#1459,#1460,#823,.T.);
#1862=EDGE_CURVE('',#1461,#1459,#824,.T.);
#1863=EDGE_CURVE('',#1462,#1460,#825,.T.);
#1864=EDGE_CURVE('',#1461,#1462,#826,.T.);
#1865=EDGE_CURVE('',#1463,#1461,#827,.T.);
#1866=EDGE_CURVE('',#1464,#1462,#828,.T.);
#1867=EDGE_CURVE('',#1463,#1464,#829,.T.);
#1868=EDGE_CURVE('',#1465,#1463,#830,.T.);
#1869=EDGE_CURVE('',#1466,#1464,#831,.T.);
#1870=EDGE_CURVE('',#1465,#1466,#832,.T.);
#1871=EDGE_CURVE('',#1467,#1465,#833,.T.);
#1872=EDGE_CURVE('',#1468,#1466,#834,.T.);
#1873=EDGE_CURVE('',#1467,#1468,#835,.T.);
#1874=EDGE_CURVE('',#1469,#1467,#836,.T.);
#1875=EDGE_CURVE('',#1470,#1468,#837,.T.);
#1876=EDGE_CURVE('',#1469,#1470,#838,.T.);
#1877=EDGE_CURVE('',#1390,#1469,#119,.T.);
#1878=EDGE_CURVE('',#1391,#1470,#120,.T.);
#1879=ORIENTED_EDGE('',*,*,#1471,.T.);
#1880=ORIENTED_EDGE('',*,*,#1472,.T.);
#1881=ORIENTED_EDGE('',*,*,#1473,.F.);
#1882=ORIENTED_EDGE('',*,*,#1474,.F.);
#1883=ORIENTED_EDGE('',*,*,#1475,.T.);
#1884=ORIENTED_EDGE('',*,*,#1474,.T.);
#1885=ORIENTED_EDGE('',*,*,#1476,.F.);
#1886=ORIENTED_EDGE('',*,*,#1477,.F.);
#1887=ORIENTED_EDGE('',*,*,#1478,.T.);
#1888=ORIENTED_EDGE('',*,*,#1477,.T.);
#1889=ORIENTED_EDGE('',*,*,#1479,.F.);
#1890=ORIENTED_EDGE('',*,*,#1480,.F.);
#1891=ORIENTED_EDGE('',*,*,#1481,.T.);
#1892=ORIENTED_EDGE('',*,*,#1480,.T.);
#1893=ORIENTED_EDGE('',*,*,#1482,.F.);
#1894=ORIENTED_EDGE('',*,*,#1472,.F.);
#1895=ORIENTED_EDGE('',*,*,#1483,.T.);
#1896=ORIENTED_EDGE('',*,*,#1484,.T.);
#1897=ORIENTED_EDGE('',*,*,#1485,.F.);
#1898=ORIENTED_EDGE('',*,*,#1486,.F.);
#1899=ORIENTED_EDGE('',*,*,#1487,.T.);
#1900=ORIENTED_EDGE('',*,*,#1486,.T.);
#1901=ORIENTED_EDGE('',*,*,#1488,.F.);
#1902=ORIENTED_EDGE('',*,*,#1489,.F.);
#1903=ORIENTED_EDGE('',*,*,#1490,.T.);
#1904=ORIENTED_EDGE('',*,*,#1489,.T.);
#1905=ORIENTED_EDGE('',*,*,#1491,.F.);
#1906=ORIENTED_EDGE('',*,*,#1492,.F.);
#1907=ORIENTED_EDGE('',*,*,#1493,.T.);
#1908=ORIENTED_EDGE('',*,*,#1492,.T.);
#1909=ORIENTED_EDGE('',*,*,#1494,.F.);
#1910=ORIENTED_EDGE('',*,*,#1484,.F.);
#1911=ORIENTED_EDGE('',*,*,#1495,.T.);
#1912=ORIENTED_EDGE('',*,*,#1496,.T.);
#1913=ORIENTED_EDGE('',*,*,#1497,.F.);
#1914=ORIENTED_EDGE('',*,*,#1498,.F.);
#1915=ORIENTED_EDGE('',*,*,#1499,.T.);
#1916=ORIENTED_EDGE('',*,*,#1498,.T.);
#1917=ORIENTED_EDGE('',*,*,#1500,.F.);
#1918=ORIENTED_EDGE('',*,*,#1501,.F.);
#1919=ORIENTED_EDGE('',*,*,#1502,.T.);
#1920=ORIENTED_EDGE('',*,*,#1501,.T.);
#1921=ORIENTED_EDGE('',*,*,#1503,.F.);
#1922=ORIENTED_EDGE('',*,*,#1504,.F.);
#1923=ORIENTED_EDGE('',*,*,#1505,.T.);
#1924=ORIENTED_EDGE('',*,*,#1504,.T.);
#1925=ORIENTED_EDGE('',*,*,#1506,.F.);
#1926=ORIENTED_EDGE('',*,*,#1496,.F.);
#1927=ORIENTED_EDGE('',*,*,#1507,.T.);
#1928=ORIENTED_EDGE('',*,*,#1508,.T.);
#1929=ORIENTED_EDGE('',*,*,#1509,.F.);
#1930=ORIENTED_EDGE('',*,*,#1510,.F.);
#1931=ORIENTED_EDGE('',*,*,#1511,.T.);
#1932=ORIENTED_EDGE('',*,*,#1510,.T.);
#1933=ORIENTED_EDGE('',*,*,#1512,.F.);
#1934=ORIENTED_EDGE('',*,*,#1513,.F.);
#1935=ORIENTED_EDGE('',*,*,#1514,.T.);
#1936=ORIENTED_EDGE('',*,*,#1513,.T.);
#1937=ORIENTED_EDGE('',*,*,#1515,.F.);
#1938=ORIENTED_EDGE('',*,*,#1516,.F.);
#1939=ORIENTED_EDGE('',*,*,#1517,.T.);
#1940=ORIENTED_EDGE('',*,*,#1516,.T.);
#1941=ORIENTED_EDGE('',*,*,#1518,.F.);
#1942=ORIENTED_EDGE('',*,*,#1508,.F.);
#1943=ORIENTED_EDGE('',*,*,#1519,.T.);
#1944=ORIENTED_EDGE('',*,*,#1520,.T.);
#1945=ORIENTED_EDGE('',*,*,#1521,.F.);
#1946=ORIENTED_EDGE('',*,*,#1522,.F.);
#1947=ORIENTED_EDGE('',*,*,#1523,.T.);
#1948=ORIENTED_EDGE('',*,*,#1522,.T.);
#1949=ORIENTED_EDGE('',*,*,#1524,.F.);
#1950=ORIENTED_EDGE('',*,*,#1525,.F.);
#1951=ORIENTED_EDGE('',*,*,#1526,.T.);
#1952=ORIENTED_EDGE('',*,*,#1525,.T.);
#1953=ORIENTED_EDGE('',*,*,#1527,.F.);
#1954=ORIENTED_EDGE('',*,*,#1528,.F.);
#1955=ORIENTED_EDGE('',*,*,#1529,.T.);
#1956=ORIENTED_EDGE('',*,*,#1528,.T.);
#1957=ORIENTED_EDGE('',*,*,#1530,.F.);
#1958=ORIENTED_EDGE('',*,*,#1520,.F.);
#1959=ORIENTED_EDGE('',*,*,#1531,.T.);
#1960=ORIENTED_EDGE('',*,*,#1532,.T.);
#1961=ORIENTED_EDGE('',*,*,#1533,.F.);
#1962=ORIENTED_EDGE('',*,*,#1534,.F.);
#1963=ORIENTED_EDGE('',*,*,#1535,.T.);
#1964=ORIENTED_EDGE('',*,*,#1534,.T.);
#1965=ORIENTED_EDGE('',*,*,#1536,.F.);
#1966=ORIENTED_EDGE('',*,*,#1537,.F.);
#1967=ORIENTED_EDGE('',*,*,#1538,.T.);
#1968=ORIENTED_EDGE('',*,*,#1537,.T.);
#1969=ORIENTED_EDGE('',*,*,#1539,.F.);
#1970=ORIENTED_EDGE('',*,*,#1540,.F.);
#1971=ORIENTED_EDGE('',*,*,#1541,.T.);
#1972=ORIENTED_EDGE('',*,*,#1540,.T.);
#1973=ORIENTED_EDGE('',*,*,#1542,.F.);
#1974=ORIENTED_EDGE('',*,*,#1532,.F.);
#1975=ORIENTED_EDGE('',*,*,#1543,.T.);
#1976=ORIENTED_EDGE('',*,*,#1544,.T.);
#1977=ORIENTED_EDGE('',*,*,#1545,.F.);
#1978=ORIENTED_EDGE('',*,*,#1546,.F.);
#1979=ORIENTED_EDGE('',*,*,#1547,.T.);
#1980=ORIENTED_EDGE('',*,*,#1546,.T.);
#1981=ORIENTED_EDGE('',*,*,#1548,.F.);
#1982=ORIENTED_EDGE('',*,*,#1549,.F.);
#1983=ORIENTED_EDGE('',*,*,#1550,.T.);
#1984=ORIENTED_EDGE('',*,*,#1549,.T.);
#1985=ORIENTED_EDGE('',*,*,#1551,.F.);
#1986=ORIENTED_EDGE('',*,*,#1552,.F.);
#1987=ORIENTED_EDGE('',*,*,#1553,.T.);
#1988=ORIENTED_EDGE('',*,*,#1552,.T.);
#1989=ORIENTED_EDGE('',*,*,#1554,.F.);
#1990=ORIENTED_EDGE('',*,*,#1544,.F.);
#1991=ORIENTED_EDGE('',*,*,#1555,.T.);
#1992=ORIENTED_EDGE('',*,*,#1556,.T.);
#1993=ORIENTED_EDGE('',*,*,#1557,.F.);
#1994=ORIENTED_EDGE('',*,*,#1558,.F.);
#1995=ORIENTED_EDGE('',*,*,#1559,.T.);
#1996=ORIENTED_EDGE('',*,*,#1558,.T.);
#1997=ORIENTED_EDGE('',*,*,#1560,.F.);
#1998=ORIENTED_EDGE('',*,*,#1561,.F.);
#1999=ORIENTED_EDGE('',*,*,#1562,.T.);
#2000=ORIENTED_EDGE('',*,*,#1561,.T.);
#2001=ORIENTED_EDGE('',*,*,#1563,.F.);
#2002=ORIENTED_EDGE('',*,*,#1564,.F.);
#2003=ORIENTED_EDGE('',*,*,#1565,.T.);
#2004=ORIENTED_EDGE('',*,*,#1564,.T.);
#2005=ORIENTED_EDGE('',*,*,#1566,.F.);
#2006=ORIENTED_EDGE('',*,*,#1556,.F.);
#2007=ORIENTED_EDGE('',*,*,#1567,.F.);
#2008=ORIENTED_EDGE('',*,*,#1568,.T.);
#2009=ORIENTED_EDGE('',*,*,#1569,.T.);
#2010=ORIENTED_EDGE('',*,*,#1568,.F.);
#2011=ORIENTED_EDGE('',*,*,#1570,.F.);
#2012=ORIENTED_EDGE('',*,*,#1571,.T.);
#2013=ORIENTED_EDGE('',*,*,#1572,.T.);
#2014=ORIENTED_EDGE('',*,*,#1571,.F.);
#2015=ORIENTED_EDGE('',*,*,#1573,.F.);
#2016=ORIENTED_EDGE('',*,*,#1574,.T.);
#2017=ORIENTED_EDGE('',*,*,#1575,.T.);
#2018=ORIENTED_EDGE('',*,*,#1574,.F.);
#2019=ORIENTED_EDGE('',*,*,#1576,.F.);
#2020=ORIENTED_EDGE('',*,*,#1577,.T.);
#2021=ORIENTED_EDGE('',*,*,#1578,.T.);
#2022=ORIENTED_EDGE('',*,*,#1577,.F.);
#2023=ORIENTED_EDGE('',*,*,#1579,.T.);
#2024=ORIENTED_EDGE('',*,*,#1580,.T.);
#2025=ORIENTED_EDGE('',*,*,#1581,.F.);
#2026=ORIENTED_EDGE('',*,*,#1582,.F.);
#2027=ORIENTED_EDGE('',*,*,#1583,.T.);
#2028=ORIENTED_EDGE('',*,*,#1582,.T.);
#2029=ORIENTED_EDGE('',*,*,#1584,.F.);
#2030=ORIENTED_EDGE('',*,*,#1585,.F.);
#2031=ORIENTED_EDGE('',*,*,#1586,.T.);
#2032=ORIENTED_EDGE('',*,*,#1585,.T.);
#2033=ORIENTED_EDGE('',*,*,#1587,.F.);
#2034=ORIENTED_EDGE('',*,*,#1588,.F.);
#2035=ORIENTED_EDGE('',*,*,#1589,.T.);
#2036=ORIENTED_EDGE('',*,*,#1588,.T.);
#2037=ORIENTED_EDGE('',*,*,#1590,.F.);
#2038=ORIENTED_EDGE('',*,*,#1580,.F.);
#2039=ORIENTED_EDGE('',*,*,#1591,.T.);
#2040=ORIENTED_EDGE('',*,*,#1592,.T.);
#2041=ORIENTED_EDGE('',*,*,#1593,.F.);
#2042=ORIENTED_EDGE('',*,*,#1594,.F.);
#2043=ORIENTED_EDGE('',*,*,#1595,.T.);
#2044=ORIENTED_EDGE('',*,*,#1594,.T.);
#2045=ORIENTED_EDGE('',*,*,#1596,.F.);
#2046=ORIENTED_EDGE('',*,*,#1597,.F.);
#2047=ORIENTED_EDGE('',*,*,#1598,.T.);
#2048=ORIENTED_EDGE('',*,*,#1597,.T.);
#2049=ORIENTED_EDGE('',*,*,#1599,.F.);
#2050=ORIENTED_EDGE('',*,*,#1600,.F.);
#2051=ORIENTED_EDGE('',*,*,#1601,.T.);
#2052=ORIENTED_EDGE('',*,*,#1600,.T.);
#2053=ORIENTED_EDGE('',*,*,#1602,.F.);
#2054=ORIENTED_EDGE('',*,*,#1592,.F.);
#2055=ORIENTED_EDGE('',*,*,#1603,.T.);
#2056=ORIENTED_EDGE('',*,*,#1604,.T.);
#2057=ORIENTED_EDGE('',*,*,#1605,.F.);
#2058=ORIENTED_EDGE('',*,*,#1606,.F.);
#2059=ORIENTED_EDGE('',*,*,#1607,.T.);
#2060=ORIENTED_EDGE('',*,*,#1606,.T.);
#2061=ORIENTED_EDGE('',*,*,#1608,.F.);
#2062=ORIENTED_EDGE('',*,*,#1609,.F.);
#2063=ORIENTED_EDGE('',*,*,#1610,.T.);
#2064=ORIENTED_EDGE('',*,*,#1609,.T.);
#2065=ORIENTED_EDGE('',*,*,#1611,.F.);
#2066=ORIENTED_EDGE('',*,*,#1612,.F.);
#2067=ORIENTED_EDGE('',*,*,#1613,.T.);
#2068=ORIENTED_EDGE('',*,*,#1612,.T.);
#2069=ORIENTED_EDGE('',*,*,#1614,.F.);
#2070=ORIENTED_EDGE('',*,*,#1604,.F.);
#2071=ORIENTED_EDGE('',*,*,#1615,.T.);
#2072=ORIENTED_EDGE('',*,*,#1616,.T.);
#2073=ORIENTED_EDGE('',*,*,#1617,.F.);
#2074=ORIENTED_EDGE('',*,*,#1618,.F.);
#2075=ORIENTED_EDGE('',*,*,#1619,.T.);
#2076=ORIENTED_EDGE('',*,*,#1618,.T.);
#2077=ORIENTED_EDGE('',*,*,#1620,.F.);
#2078=ORIENTED_EDGE('',*,*,#1621,.F.);
#2079=ORIENTED_EDGE('',*,*,#1622,.T.);
#2080=ORIENTED_EDGE('',*,*,#1621,.T.);
#2081=ORIENTED_EDGE('',*,*,#1623,.F.);
#2082=ORIENTED_EDGE('',*,*,#1624,.F.);
#2083=ORIENTED_EDGE('',*,*,#1625,.T.);
#2084=ORIENTED_EDGE('',*,*,#1624,.T.);
#2085=ORIENTED_EDGE('',*,*,#1626,.F.);
#2086=ORIENTED_EDGE('',*,*,#1616,.F.);
#2087=ORIENTED_EDGE('',*,*,#1627,.T.);
#2088=ORIENTED_EDGE('',*,*,#1628,.T.);
#2089=ORIENTED_EDGE('',*,*,#1629,.F.);
#2090=ORIENTED_EDGE('',*,*,#1630,.F.);
#2091=ORIENTED_EDGE('',*,*,#1631,.T.);
#2092=ORIENTED_EDGE('',*,*,#1630,.T.);
#2093=ORIENTED_EDGE('',*,*,#1632,.F.);
#2094=ORIENTED_EDGE('',*,*,#1633,.F.);
#2095=ORIENTED_EDGE('',*,*,#1634,.T.);
#2096=ORIENTED_EDGE('',*,*,#1633,.T.);
#2097=ORIENTED_EDGE('',*,*,#1635,.F.);
#2098=ORIENTED_EDGE('',*,*,#1636,.F.);
#2099=ORIENTED_EDGE('',*,*,#1637,.T.);
#2100=ORIENTED_EDGE('',*,*,#1636,.T.);
#2101=ORIENTED_EDGE('',*,*,#1638,.F.);
#2102=ORIENTED_EDGE('',*,*,#1628,.F.);
#2103=ORIENTED_EDGE('',*,*,#1639,.T.);
#2104=ORIENTED_EDGE('',*,*,#1640,.T.);
#2105=ORIENTED_EDGE('',*,*,#1641,.F.);
#2106=ORIENTED_EDGE('',*,*,#1642,.F.);
#2107=ORIENTED_EDGE('',*,*,#1643,.T.);
#2108=ORIENTED_EDGE('',*,*,#1642,.T.);
#2109=ORIENTED_EDGE('',*,*,#1644,.F.);
#2110=ORIENTED_EDGE('',*,*,#1645,.F.);
#2111=ORIENTED_EDGE('',*,*,#1646,.T.);
#2112=ORIENTED_EDGE('',*,*,#1645,.T.);
#2113=ORIENTED_EDGE('',*,*,#1647,.F.);
#2114=ORIENTED_EDGE('',*,*,#1648,.F.);
#2115=ORIENTED_EDGE('',*,*,#1649,.T.);
#2116=ORIENTED_EDGE('',*,*,#1648,.T.);
#2117=ORIENTED_EDGE('',*,*,#1650,.F.);
#2118=ORIENTED_EDGE('',*,*,#1640,.F.);
#2119=ORIENTED_EDGE('',*,*,#1651,.T.);
#2120=ORIENTED_EDGE('',*,*,#1652,.T.);
#2121=ORIENTED_EDGE('',*,*,#1653,.F.);
#2122=ORIENTED_EDGE('',*,*,#1654,.F.);
#2123=ORIENTED_EDGE('',*,*,#1655,.T.);
#2124=ORIENTED_EDGE('',*,*,#1654,.T.);
#2125=ORIENTED_EDGE('',*,*,#1656,.F.);
#2126=ORIENTED_EDGE('',*,*,#1657,.F.);
#2127=ORIENTED_EDGE('',*,*,#1658,.T.);
#2128=ORIENTED_EDGE('',*,*,#1657,.T.);
#2129=ORIENTED_EDGE('',*,*,#1659,.F.);
#2130=ORIENTED_EDGE('',*,*,#1660,.F.);
#2131=ORIENTED_EDGE('',*,*,#1661,.T.);
#2132=ORIENTED_EDGE('',*,*,#1660,.T.);
#2133=ORIENTED_EDGE('',*,*,#1662,.F.);
#2134=ORIENTED_EDGE('',*,*,#1652,.F.);
#2135=ORIENTED_EDGE('',*,*,#1663,.T.);
#2136=ORIENTED_EDGE('',*,*,#1664,.T.);
#2137=ORIENTED_EDGE('',*,*,#1665,.F.);
#2138=ORIENTED_EDGE('',*,*,#1666,.F.);
#2139=ORIENTED_EDGE('',*,*,#1667,.T.);
#2140=ORIENTED_EDGE('',*,*,#1666,.T.);
#2141=ORIENTED_EDGE('',*,*,#1668,.F.);
#2142=ORIENTED_EDGE('',*,*,#1669,.F.);
#2143=ORIENTED_EDGE('',*,*,#1670,.T.);
#2144=ORIENTED_EDGE('',*,*,#1669,.T.);
#2145=ORIENTED_EDGE('',*,*,#1671,.F.);
#2146=ORIENTED_EDGE('',*,*,#1672,.F.);
#2147=ORIENTED_EDGE('',*,*,#1673,.T.);
#2148=ORIENTED_EDGE('',*,*,#1672,.T.);
#2149=ORIENTED_EDGE('',*,*,#1674,.F.);
#2150=ORIENTED_EDGE('',*,*,#1664,.F.);
#2151=ORIENTED_EDGE('',*,*,#1675,.F.);
#2152=ORIENTED_EDGE('',*,*,#1676,.T.);
#2153=ORIENTED_EDGE('',*,*,#1677,.T.);
#2154=ORIENTED_EDGE('',*,*,#1676,.F.);
#2155=ORIENTED_EDGE('',*,*,#1678,.T.);
#2156=ORIENTED_EDGE('',*,*,#1679,.T.);
#2157=ORIENTED_EDGE('',*,*,#1680,.F.);
#2158=ORIENTED_EDGE('',*,*,#1681,.F.);
#2159=ORIENTED_EDGE('',*,*,#1682,.T.);
#2160=ORIENTED_EDGE('',*,*,#1681,.T.);
#2161=ORIENTED_EDGE('',*,*,#1683,.F.);
#2162=ORIENTED_EDGE('',*,*,#1684,.F.);
#2163=ORIENTED_EDGE('',*,*,#1685,.T.);
#2164=ORIENTED_EDGE('',*,*,#1684,.T.);
#2165=ORIENTED_EDGE('',*,*,#1686,.F.);
#2166=ORIENTED_EDGE('',*,*,#1687,.F.);
#2167=ORIENTED_EDGE('',*,*,#1688,.T.);
#2168=ORIENTED_EDGE('',*,*,#1687,.T.);
#2169=ORIENTED_EDGE('',*,*,#1689,.F.);
#2170=ORIENTED_EDGE('',*,*,#1679,.F.);
#2171=ORIENTED_EDGE('',*,*,#1690,.F.);
#2172=ORIENTED_EDGE('',*,*,#1691,.T.);
#2173=ORIENTED_EDGE('',*,*,#1692,.T.);
#2174=ORIENTED_EDGE('',*,*,#1691,.F.);
#2175=ORIENTED_EDGE('',*,*,#1693,.T.);
#2176=ORIENTED_EDGE('',*,*,#1694,.T.);
#2177=ORIENTED_EDGE('',*,*,#1695,.F.);
#2178=ORIENTED_EDGE('',*,*,#1696,.F.);
#2179=ORIENTED_EDGE('',*,*,#1697,.T.);
#2180=ORIENTED_EDGE('',*,*,#1696,.T.);
#2181=ORIENTED_EDGE('',*,*,#1698,.F.);
#2182=ORIENTED_EDGE('',*,*,#1699,.F.);
#2183=ORIENTED_EDGE('',*,*,#1700,.T.);
#2184=ORIENTED_EDGE('',*,*,#1699,.T.);
#2185=ORIENTED_EDGE('',*,*,#1701,.F.);
#2186=ORIENTED_EDGE('',*,*,#1702,.F.);
#2187=ORIENTED_EDGE('',*,*,#1703,.T.);
#2188=ORIENTED_EDGE('',*,*,#1702,.T.);
#2189=ORIENTED_EDGE('',*,*,#1704,.F.);
#2190=ORIENTED_EDGE('',*,*,#1694,.F.);
#2191=ORIENTED_EDGE('',*,*,#1705,.F.);
#2192=ORIENTED_EDGE('',*,*,#1706,.T.);
#2193=ORIENTED_EDGE('',*,*,#1707,.T.);
#2194=ORIENTED_EDGE('',*,*,#1706,.F.);
#2195=ORIENTED_EDGE('',*,*,#1708,.T.);
#2196=ORIENTED_EDGE('',*,*,#1709,.T.);
#2197=ORIENTED_EDGE('',*,*,#1710,.F.);
#2198=ORIENTED_EDGE('',*,*,#1711,.F.);
#2199=ORIENTED_EDGE('',*,*,#1712,.T.);
#2200=ORIENTED_EDGE('',*,*,#1711,.T.);
#2201=ORIENTED_EDGE('',*,*,#1713,.F.);
#2202=ORIENTED_EDGE('',*,*,#1714,.F.);
#2203=ORIENTED_EDGE('',*,*,#1715,.T.);
#2204=ORIENTED_EDGE('',*,*,#1714,.T.);
#2205=ORIENTED_EDGE('',*,*,#1716,.F.);
#2206=ORIENTED_EDGE('',*,*,#1717,.F.);
#2207=ORIENTED_EDGE('',*,*,#1718,.T.);
#2208=ORIENTED_EDGE('',*,*,#1717,.T.);
#2209=ORIENTED_EDGE('',*,*,#1719,.F.);
#2210=ORIENTED_EDGE('',*,*,#1709,.F.);
#2211=ORIENTED_EDGE('',*,*,#1720,.T.);
#2212=ORIENTED_EDGE('',*,*,#1721,.T.);
#2213=ORIENTED_EDGE('',*,*,#1722,.F.);
#2214=ORIENTED_EDGE('',*,*,#1723,.F.);
#2215=ORIENTED_EDGE('',*,*,#1724,.T.);
#2216=ORIENTED_EDGE('',*,*,#1723,.T.);
#2217=ORIENTED_EDGE('',*,*,#1725,.F.);
#2218=ORIENTED_EDGE('',*,*,#1726,.F.);
#2219=ORIENTED_EDGE('',*,*,#1727,.T.);
#2220=ORIENTED_EDGE('',*,*,#1726,.T.);
#2221=ORIENTED_EDGE('',*,*,#1728,.F.);
#2222=ORIENTED_EDGE('',*,*,#1729,.F.);
#2223=ORIENTED_EDGE('',*,*,#1730,.T.);
#2224=ORIENTED_EDGE('',*,*,#1729,.T.);
#2225=ORIENTED_EDGE('',*,*,#1731,.F.);
#2226=ORIENTED_EDGE('',*,*,#1721,.F.);
#2227=ORIENTED_EDGE('',*,*,#1732,.T.);
#2228=ORIENTED_EDGE('',*,*,#1733,.T.);
#2229=ORIENTED_EDGE('',*,*,#1734,.F.);
#2230=ORIENTED_EDGE('',*,*,#1735,.F.);
#2231=ORIENTED_EDGE('',*,*,#1736,.T.);
#2232=ORIENTED_EDGE('',*,*,#1735,.T.);
#2233=ORIENTED_EDGE('',*,*,#1737,.F.);
#2234=ORIENTED_EDGE('',*,*,#1738,.F.);
#2235=ORIENTED_EDGE('',*,*,#1739,.T.);
#2236=ORIENTED_EDGE('',*,*,#1738,.T.);
#2237=ORIENTED_EDGE('',*,*,#1740,.F.);
#2238=ORIENTED_EDGE('',*,*,#1741,.F.);
#2239=ORIENTED_EDGE('',*,*,#1742,.T.);
#2240=ORIENTED_EDGE('',*,*,#1741,.T.);
#2241=ORIENTED_EDGE('',*,*,#1743,.F.);
#2242=ORIENTED_EDGE('',*,*,#1733,.F.);
#2243=ORIENTED_EDGE('',*,*,#1744,.T.);
#2244=ORIENTED_EDGE('',*,*,#1745,.T.);
#2245=ORIENTED_EDGE('',*,*,#1746,.F.);
#2246=ORIENTED_EDGE('',*,*,#1747,.F.);
#2247=ORIENTED_EDGE('',*,*,#1748,.T.);
#2248=ORIENTED_EDGE('',*,*,#1747,.T.);
#2249=ORIENTED_EDGE('',*,*,#1749,.F.);
#2250=ORIENTED_EDGE('',*,*,#1750,.F.);
#2251=ORIENTED_EDGE('',*,*,#1751,.T.);
#2252=ORIENTED_EDGE('',*,*,#1750,.T.);
#2253=ORIENTED_EDGE('',*,*,#1752,.F.);
#2254=ORIENTED_EDGE('',*,*,#1753,.F.);
#2255=ORIENTED_EDGE('',*,*,#1754,.T.);
#2256=ORIENTED_EDGE('',*,*,#1753,.T.);
#2257=ORIENTED_EDGE('',*,*,#1755,.F.);
#2258=ORIENTED_EDGE('',*,*,#1745,.F.);
#2259=ORIENTED_EDGE('',*,*,#1756,.T.);
#2260=ORIENTED_EDGE('',*,*,#1757,.T.);
#2261=ORIENTED_EDGE('',*,*,#1758,.F.);
#2262=ORIENTED_EDGE('',*,*,#1759,.F.);
#2263=ORIENTED_EDGE('',*,*,#1760,.F.);
#2264=ORIENTED_EDGE('',*,*,#1759,.T.);
#2265=ORIENTED_EDGE('',*,*,#1761,.F.);
#2266=ORIENTED_EDGE('',*,*,#1762,.F.);
#2267=ORIENTED_EDGE('',*,*,#1763,.T.);
#2268=ORIENTED_EDGE('',*,*,#1762,.T.);
#2269=ORIENTED_EDGE('',*,*,#1764,.F.);
#2270=ORIENTED_EDGE('',*,*,#1765,.F.);
#2271=ORIENTED_EDGE('',*,*,#1766,.T.);
#2272=ORIENTED_EDGE('',*,*,#1765,.T.);
#2273=ORIENTED_EDGE('',*,*,#1767,.F.);
#2274=ORIENTED_EDGE('',*,*,#1768,.F.);
#2275=ORIENTED_EDGE('',*,*,#1769,.T.);
#2276=ORIENTED_EDGE('',*,*,#1768,.T.);
#2277=ORIENTED_EDGE('',*,*,#1770,.F.);
#2278=ORIENTED_EDGE('',*,*,#1771,.F.);
#2279=ORIENTED_EDGE('',*,*,#1772,.F.);
#2280=ORIENTED_EDGE('',*,*,#1771,.T.);
#2281=ORIENTED_EDGE('',*,*,#1773,.F.);
#2282=ORIENTED_EDGE('',*,*,#1774,.F.);
#2283=ORIENTED_EDGE('',*,*,#1775,.T.);
#2284=ORIENTED_EDGE('',*,*,#1774,.T.);
#2285=ORIENTED_EDGE('',*,*,#1776,.F.);
#2286=ORIENTED_EDGE('',*,*,#1777,.F.);
#2287=ORIENTED_EDGE('',*,*,#1778,.T.);
#2288=ORIENTED_EDGE('',*,*,#1777,.T.);
#2289=ORIENTED_EDGE('',*,*,#1779,.F.);
#2290=ORIENTED_EDGE('',*,*,#1780,.F.);
#2291=ORIENTED_EDGE('',*,*,#1781,.T.);
#2292=ORIENTED_EDGE('',*,*,#1780,.T.);
#2293=ORIENTED_EDGE('',*,*,#1782,.F.);
#2294=ORIENTED_EDGE('',*,*,#1783,.F.);
#2295=ORIENTED_EDGE('',*,*,#1784,.T.);
#2296=ORIENTED_EDGE('',*,*,#1783,.T.);
#2297=ORIENTED_EDGE('',*,*,#1785,.F.);
#2298=ORIENTED_EDGE('',*,*,#1786,.F.);
#2299=ORIENTED_EDGE('',*,*,#1787,.T.);
#2300=ORIENTED_EDGE('',*,*,#1786,.T.);
#2301=ORIENTED_EDGE('',*,*,#1788,.F.);
#2302=ORIENTED_EDGE('',*,*,#1789,.F.);
#2303=ORIENTED_EDGE('',*,*,#1790,.F.);
#2304=ORIENTED_EDGE('',*,*,#1789,.T.);
#2305=ORIENTED_EDGE('',*,*,#1791,.F.);
#2306=ORIENTED_EDGE('',*,*,#1792,.F.);
#2307=ORIENTED_EDGE('',*,*,#1793,.T.);
#2308=ORIENTED_EDGE('',*,*,#1792,.T.);
#2309=ORIENTED_EDGE('',*,*,#1794,.F.);
#2310=ORIENTED_EDGE('',*,*,#1795,.F.);
#2311=ORIENTED_EDGE('',*,*,#1796,.F.);
#2312=ORIENTED_EDGE('',*,*,#1795,.T.);
#2313=ORIENTED_EDGE('',*,*,#1797,.F.);
#2314=ORIENTED_EDGE('',*,*,#1798,.F.);
#2315=ORIENTED_EDGE('',*,*,#1799,.T.);
#2316=ORIENTED_EDGE('',*,*,#1798,.T.);
#2317=ORIENTED_EDGE('',*,*,#1800,.F.);
#2318=ORIENTED_EDGE('',*,*,#1801,.F.);
#2319=ORIENTED_EDGE('',*,*,#1802,.T.);
#2320=ORIENTED_EDGE('',*,*,#1801,.T.);
#2321=ORIENTED_EDGE('',*,*,#1803,.F.);
#2322=ORIENTED_EDGE('',*,*,#1804,.F.);
#2323=ORIENTED_EDGE('',*,*,#1805,.T.);
#2324=ORIENTED_EDGE('',*,*,#1804,.T.);
#2325=ORIENTED_EDGE('',*,*,#1806,.F.);
#2326=ORIENTED_EDGE('',*,*,#1807,.F.);
#2327=ORIENTED_EDGE('',*,*,#1808,.F.);
#2328=ORIENTED_EDGE('',*,*,#1807,.T.);
#2329=ORIENTED_EDGE('',*,*,#1809,.F.);
#2330=ORIENTED_EDGE('',*,*,#1810,.F.);
#2331=ORIENTED_EDGE('',*,*,#1811,.T.);
#2332=ORIENTED_EDGE('',*,*,#1810,.T.);
#2333=ORIENTED_EDGE('',*,*,#1812,.F.);
#2334=ORIENTED_EDGE('',*,*,#1813,.F.);
#2335=ORIENTED_EDGE('',*,*,#1814,.T.);
#2336=ORIENTED_EDGE('',*,*,#1813,.T.);
#2337=ORIENTED_EDGE('',*,*,#1815,.F.);
#2338=ORIENTED_EDGE('',*,*,#1816,.F.);
#2339=ORIENTED_EDGE('',*,*,#1817,.T.);
#2340=ORIENTED_EDGE('',*,*,#1816,.T.);
#2341=ORIENTED_EDGE('',*,*,#1818,.F.);
#2342=ORIENTED_EDGE('',*,*,#1819,.F.);
#2343=ORIENTED_EDGE('',*,*,#1820,.T.);
#2344=ORIENTED_EDGE('',*,*,#1819,.T.);
#2345=ORIENTED_EDGE('',*,*,#1821,.F.);
#2346=ORIENTED_EDGE('',*,*,#1822,.F.);
#2347=ORIENTED_EDGE('',*,*,#1823,.T.);
#2348=ORIENTED_EDGE('',*,*,#1822,.T.);
#2349=ORIENTED_EDGE('',*,*,#1824,.F.);
#2350=ORIENTED_EDGE('',*,*,#1825,.F.);
#2351=ORIENTED_EDGE('',*,*,#1826,.T.);
#2352=ORIENTED_EDGE('',*,*,#1825,.T.);
#2353=ORIENTED_EDGE('',*,*,#1827,.F.);
#2354=ORIENTED_EDGE('',*,*,#1828,.F.);
#2355=ORIENTED_EDGE('',*,*,#1829,.F.);
#2356=ORIENTED_EDGE('',*,*,#1828,.T.);
#2357=ORIENTED_EDGE('',*,*,#1830,.F.);
#2358=ORIENTED_EDGE('',*,*,#1831,.F.);
#2359=ORIENTED_EDGE('',*,*,#1832,.T.);
#2360=ORIENTED_EDGE('',*,*,#1831,.T.);
#2361=ORIENTED_EDGE('',*,*,#1833,.F.);
#2362=ORIENTED_EDGE('',*,*,#1834,.F.);
#2363=ORIENTED_EDGE('',*,*,#1835,.T.);
#2364=ORIENTED_EDGE('',*,*,#1834,.T.);
#2365=ORIENTED_EDGE('',*,*,#1836,.F.);
#2366=ORIENTED_EDGE('',*,*,#1837,.F.);
#2367=ORIENTED_EDGE('',*,*,#1838,.T.);
#2368=ORIENTED_EDGE('',*,*,#1837,.T.);
#2369=ORIENTED_EDGE('',*,*,#1839,.F.);
#2370=ORIENTED_EDGE('',*,*,#1840,.F.);
#2371=ORIENTED_EDGE('',*,*,#1841,.F.);
#2372=ORIENTED_EDGE('',*,*,#1840,.T.);
#2373=ORIENTED_EDGE('',*,*,#1842,.F.);
#2374=ORIENTED_EDGE('',*,*,#1843,.F.);
#2375=ORIENTED_EDGE('',*,*,#1844,.T.);
#2376=ORIENTED_EDGE('',*,*,#1843,.T.);
#2377=ORIENTED_EDGE('',*,*,#1845,.F.);
#2378=ORIENTED_EDGE('',*,*,#1846,.F.);
#2379=ORIENTED_EDGE('',*,*,#1847,.T.);
#2380=ORIENTED_EDGE('',*,*,#1846,.T.);
#2381=ORIENTED_EDGE('',*,*,#1848,.F.);
#2382=ORIENTED_EDGE('',*,*,#1849,.F.);
#2383=ORIENTED_EDGE('',*,*,#1850,.T.);
#2384=ORIENTED_EDGE('',*,*,#1849,.T.);
#2385=ORIENTED_EDGE('',*,*,#1851,.F.);
#2386=ORIENTED_EDGE('',*,*,#1852,.F.);
#2387=ORIENTED_EDGE('',*,*,#1853,.T.);
#2388=ORIENTED_EDGE('',*,*,#1852,.T.);
#2389=ORIENTED_EDGE('',*,*,#1854,.F.);
#2390=ORIENTED_EDGE('',*,*,#1855,.F.);
#2391=ORIENTED_EDGE('',*,*,#1856,.T.);
#2392=ORIENTED_EDGE('',*,*,#1855,.T.);
#2393=ORIENTED_EDGE('',*,*,#1857,.F.);
#2394=ORIENTED_EDGE('',*,*,#1858,.F.);
#2395=ORIENTED_EDGE('',*,*,#1859,.F.);
#2396=ORIENTED_EDGE('',*,*,#1858,.T.);
#2397=ORIENTED_EDGE('',*,*,#1860,.F.);
#2398=ORIENTED_EDGE('',*,*,#1861,.F.);
#2399=ORIENTED_EDGE('',*,*,#1862,.T.);
#2400=ORIENTED_EDGE('',*,*,#1861,.T.);
#2401=ORIENTED_EDGE('',*,*,#1863,.F.);
#2402=ORIENTED_EDGE('',*,*,#1864,.F.);
#2403=ORIENTED_EDGE('',*,*,#1865,.T.);
#2404=ORIENTED_EDGE('',*,*,#1864,.T.);
#2405=ORIENTED_EDGE('',*,*,#1866,.F.);
#2406=ORIENTED_EDGE('',*,*,#1867,.F.);
#2407=ORIENTED_EDGE('',*,*,#1868,.T.);
#2408=ORIENTED_EDGE('',*,*,#1867,.T.);
#2409=ORIENTED_EDGE('',*,*,#1869,.F.);
#2410=ORIENTED_EDGE('',*,*,#1870,.F.);
#2411=ORIENTED_EDGE('',*,*,#1871,.T.);
#2412=ORIENTED_EDGE('',*,*,#1870,.T.);
#2413=ORIENTED_EDGE('',*,*,#1872,.F.);
#2414=ORIENTED_EDGE('',*,*,#1873,.F.);
#2415=ORIENTED_EDGE('',*,*,#1874,.T.);
#2416=ORIENTED_EDGE('',*,*,#1873,.T.);
#2417=ORIENTED_EDGE('',*,*,#1875,.F.);
#2418=ORIENTED_EDGE('',*,*,#1876,.F.);
#2419=ORIENTED_EDGE('',*,*,#1877,.T.);
#2420=ORIENTED_EDGE('',*,*,#1876,.T.);
#2421=ORIENTED_EDGE('',*,*,#1878,.F.);
#2422=ORIENTED_EDGE('',*,*,#1757,.F.);
#2423=ORIENTED_EDGE('',*,*,#1878,.T.);
#2424=ORIENTED_EDGE('',*,*,#1875,.T.);
#2425=ORIENTED_EDGE('',*,*,#1872,.T.);
#2426=ORIENTED_EDGE('',*,*,#1869,.T.);
#2427=ORIENTED_EDGE('',*,*,#1866,.T.);
#2428=ORIENTED_EDGE('',*,*,#1863,.T.);
#2429=ORIENTED_EDGE('',*,*,#1860,.T.);
#2430=ORIENTED_EDGE('',*,*,#1857,.T.);
#2431=ORIENTED_EDGE('',*,*,#1854,.T.);
#2432=ORIENTED_EDGE('',*,*,#1851,.T.);
#2433=ORIENTED_EDGE('',*,*,#1848,.T.);
#2434=ORIENTED_EDGE('',*,*,#1845,.T.);
#2435=ORIENTED_EDGE('',*,*,#1842,.T.);
#2436=ORIENTED_EDGE('',*,*,#1839,.T.);
#2437=ORIENTED_EDGE('',*,*,#1836,.T.);
#2438=ORIENTED_EDGE('',*,*,#1833,.T.);
#2439=ORIENTED_EDGE('',*,*,#1830,.T.);
#2440=ORIENTED_EDGE('',*,*,#1827,.T.);
#2441=ORIENTED_EDGE('',*,*,#1824,.T.);
#2442=ORIENTED_EDGE('',*,*,#1821,.T.);
#2443=ORIENTED_EDGE('',*,*,#1818,.T.);
#2444=ORIENTED_EDGE('',*,*,#1815,.T.);
#2445=ORIENTED_EDGE('',*,*,#1812,.T.);
#2446=ORIENTED_EDGE('',*,*,#1809,.T.);
#2447=ORIENTED_EDGE('',*,*,#1806,.T.);
#2448=ORIENTED_EDGE('',*,*,#1803,.T.);
#2449=ORIENTED_EDGE('',*,*,#1800,.T.);
#2450=ORIENTED_EDGE('',*,*,#1797,.T.);
#2451=ORIENTED_EDGE('',*,*,#1794,.T.);
#2452=ORIENTED_EDGE('',*,*,#1791,.T.);
#2453=ORIENTED_EDGE('',*,*,#1788,.T.);
#2454=ORIENTED_EDGE('',*,*,#1785,.T.);
#2455=ORIENTED_EDGE('',*,*,#1782,.T.);
#2456=ORIENTED_EDGE('',*,*,#1779,.T.);
#2457=ORIENTED_EDGE('',*,*,#1776,.T.);
#2458=ORIENTED_EDGE('',*,*,#1773,.T.);
#2459=ORIENTED_EDGE('',*,*,#1770,.T.);
#2460=ORIENTED_EDGE('',*,*,#1767,.T.);
#2461=ORIENTED_EDGE('',*,*,#1764,.T.);
#2462=ORIENTED_EDGE('',*,*,#1761,.T.);
#2463=ORIENTED_EDGE('',*,*,#1758,.T.);
#2464=ORIENTED_EDGE('',*,*,#1755,.T.);
#2465=ORIENTED_EDGE('',*,*,#1752,.T.);
#2466=ORIENTED_EDGE('',*,*,#1749,.T.);
#2467=ORIENTED_EDGE('',*,*,#1746,.T.);
#2468=ORIENTED_EDGE('',*,*,#1743,.T.);
#2469=ORIENTED_EDGE('',*,*,#1740,.T.);
#2470=ORIENTED_EDGE('',*,*,#1737,.T.);
#2471=ORIENTED_EDGE('',*,*,#1734,.T.);
#2472=ORIENTED_EDGE('',*,*,#1731,.T.);
#2473=ORIENTED_EDGE('',*,*,#1728,.T.);
#2474=ORIENTED_EDGE('',*,*,#1725,.T.);
#2475=ORIENTED_EDGE('',*,*,#1722,.T.);
#2476=ORIENTED_EDGE('',*,*,#1719,.T.);
#2477=ORIENTED_EDGE('',*,*,#1716,.T.);
#2478=ORIENTED_EDGE('',*,*,#1713,.T.);
#2479=ORIENTED_EDGE('',*,*,#1710,.T.);
#2480=ORIENTED_EDGE('',*,*,#1705,.T.);
#2481=ORIENTED_EDGE('',*,*,#1704,.T.);
#2482=ORIENTED_EDGE('',*,*,#1701,.T.);
#2483=ORIENTED_EDGE('',*,*,#1698,.T.);
#2484=ORIENTED_EDGE('',*,*,#1695,.T.);
#2485=ORIENTED_EDGE('',*,*,#1690,.T.);
#2486=ORIENTED_EDGE('',*,*,#1689,.T.);
#2487=ORIENTED_EDGE('',*,*,#1686,.T.);
#2488=ORIENTED_EDGE('',*,*,#1683,.T.);
#2489=ORIENTED_EDGE('',*,*,#1680,.T.);
#2490=ORIENTED_EDGE('',*,*,#1675,.T.);
#2491=ORIENTED_EDGE('',*,*,#1674,.T.);
#2492=ORIENTED_EDGE('',*,*,#1671,.T.);
#2493=ORIENTED_EDGE('',*,*,#1668,.T.);
#2494=ORIENTED_EDGE('',*,*,#1665,.T.);
#2495=ORIENTED_EDGE('',*,*,#1662,.T.);
#2496=ORIENTED_EDGE('',*,*,#1659,.T.);
#2497=ORIENTED_EDGE('',*,*,#1656,.T.);
#2498=ORIENTED_EDGE('',*,*,#1653,.T.);
#2499=ORIENTED_EDGE('',*,*,#1650,.T.);
#2500=ORIENTED_EDGE('',*,*,#1647,.T.);
#2501=ORIENTED_EDGE('',*,*,#1644,.T.);
#2502=ORIENTED_EDGE('',*,*,#1641,.T.);
#2503=ORIENTED_EDGE('',*,*,#1638,.T.);
#2504=ORIENTED_EDGE('',*,*,#1635,.T.);
#2505=ORIENTED_EDGE('',*,*,#1632,.T.);
#2506=ORIENTED_EDGE('',*,*,#1629,.T.);
#2507=ORIENTED_EDGE('',*,*,#1626,.T.);
#2508=ORIENTED_EDGE('',*,*,#1623,.T.);
#2509=ORIENTED_EDGE('',*,*,#1620,.T.);
#2510=ORIENTED_EDGE('',*,*,#1617,.T.);
#2511=ORIENTED_EDGE('',*,*,#1614,.T.);
#2512=ORIENTED_EDGE('',*,*,#1611,.T.);
#2513=ORIENTED_EDGE('',*,*,#1608,.T.);
#2514=ORIENTED_EDGE('',*,*,#1605,.T.);
#2515=ORIENTED_EDGE('',*,*,#1602,.T.);
#2516=ORIENTED_EDGE('',*,*,#1599,.T.);
#2517=ORIENTED_EDGE('',*,*,#1596,.T.);
#2518=ORIENTED_EDGE('',*,*,#1593,.T.);
#2519=ORIENTED_EDGE('',*,*,#1590,.T.);
#2520=ORIENTED_EDGE('',*,*,#1587,.T.);
#2521=ORIENTED_EDGE('',*,*,#1584,.T.);
#2522=ORIENTED_EDGE('',*,*,#1581,.T.);
#2523=ORIENTED_EDGE('',*,*,#1576,.T.);
#2524=ORIENTED_EDGE('',*,*,#1573,.T.);
#2525=ORIENTED_EDGE('',*,*,#1570,.T.);
#2526=ORIENTED_EDGE('',*,*,#1567,.T.);
#2527=ORIENTED_EDGE('',*,*,#1566,.T.);
#2528=ORIENTED_EDGE('',*,*,#1563,.T.);
#2529=ORIENTED_EDGE('',*,*,#1560,.T.);
#2530=ORIENTED_EDGE('',*,*,#1557,.T.);
#2531=ORIENTED_EDGE('',*,*,#1554,.T.);
#2532=ORIENTED_EDGE('',*,*,#1551,.T.);
#2533=ORIENTED_EDGE('',*,*,#1548,.T.);
#2534=ORIENTED_EDGE('',*,*,#1545,.T.);
#2535=ORIENTED_EDGE('',*,*,#1542,.T.);
#2536=ORIENTED_EDGE('',*,*,#1539,.T.);
#2537=ORIENTED_EDGE('',*,*,#1536,.T.);
#2538=ORIENTED_EDGE('',*,*,#1533,.T.);
#2539=ORIENTED_EDGE('',*,*,#1530,.T.);
#2540=ORIENTED_EDGE('',*,*,#1527,.T.);
#2541=ORIENTED_EDGE('',*,*,#1524,.T.);
#2542=ORIENTED_EDGE('',*,*,#1521,.T.);
#2543=ORIENTED_EDGE('',*,*,#1518,.T.);
#2544=ORIENTED_EDGE('',*,*,#1515,.T.);
#2545=ORIENTED_EDGE('',*,*,#1512,.T.);
#2546=ORIENTED_EDGE('',*,*,#1509,.T.);
#2547=ORIENTED_EDGE('',*,*,#1506,.T.);
#2548=ORIENTED_EDGE('',*,*,#1503,.T.);
#2549=ORIENTED_EDGE('',*,*,#1500,.T.);
#2550=ORIENTED_EDGE('',*,*,#1497,.T.);
#2551=ORIENTED_EDGE('',*,*,#1494,.T.);
#2552=ORIENTED_EDGE('',*,*,#1491,.T.);
#2553=ORIENTED_EDGE('',*,*,#1488,.T.);
#2554=ORIENTED_EDGE('',*,*,#1485,.T.);
#2555=ORIENTED_EDGE('',*,*,#1482,.T.);
#2556=ORIENTED_EDGE('',*,*,#1479,.T.);
#2557=ORIENTED_EDGE('',*,*,#1476,.T.);
#2558=ORIENTED_EDGE('',*,*,#1473,.T.);
#2559=ORIENTED_EDGE('',*,*,#1877,.F.);
#2560=ORIENTED_EDGE('',*,*,#1756,.F.);
#2561=ORIENTED_EDGE('',*,*,#1760,.T.);
#2562=ORIENTED_EDGE('',*,*,#1763,.F.);
#2563=ORIENTED_EDGE('',*,*,#1766,.F.);
#2564=ORIENTED_EDGE('',*,*,#1769,.F.);
#2565=ORIENTED_EDGE('',*,*,#1772,.T.);
#2566=ORIENTED_EDGE('',*,*,#1775,.F.);
#2567=ORIENTED_EDGE('',*,*,#1778,.F.);
#2568=ORIENTED_EDGE('',*,*,#1781,.F.);
#2569=ORIENTED_EDGE('',*,*,#1784,.F.);
#2570=ORIENTED_EDGE('',*,*,#1787,.F.);
#2571=ORIENTED_EDGE('',*,*,#1790,.T.);
#2572=ORIENTED_EDGE('',*,*,#1793,.F.);
#2573=ORIENTED_EDGE('',*,*,#1796,.T.);
#2574=ORIENTED_EDGE('',*,*,#1799,.F.);
#2575=ORIENTED_EDGE('',*,*,#1802,.F.);
#2576=ORIENTED_EDGE('',*,*,#1805,.F.);
#2577=ORIENTED_EDGE('',*,*,#1808,.T.);
#2578=ORIENTED_EDGE('',*,*,#1811,.F.);
#2579=ORIENTED_EDGE('',*,*,#1814,.F.);
#2580=ORIENTED_EDGE('',*,*,#1817,.F.);
#2581=ORIENTED_EDGE('',*,*,#1820,.F.);
#2582=ORIENTED_EDGE('',*,*,#1823,.F.);
#2583=ORIENTED_EDGE('',*,*,#1826,.F.);
#2584=ORIENTED_EDGE('',*,*,#1829,.T.);
#2585=ORIENTED_EDGE('',*,*,#1832,.F.);
#2586=ORIENTED_EDGE('',*,*,#1835,.F.);
#2587=ORIENTED_EDGE('',*,*,#1838,.F.);
#2588=ORIENTED_EDGE('',*,*,#1841,.T.);
#2589=ORIENTED_EDGE('',*,*,#1844,.F.);
#2590=ORIENTED_EDGE('',*,*,#1847,.F.);
#2591=ORIENTED_EDGE('',*,*,#1850,.F.);
#2592=ORIENTED_EDGE('',*,*,#1853,.F.);
#2593=ORIENTED_EDGE('',*,*,#1856,.F.);
#2594=ORIENTED_EDGE('',*,*,#1859,.T.);
#2595=ORIENTED_EDGE('',*,*,#1862,.F.);
#2596=ORIENTED_EDGE('',*,*,#1865,.F.);
#2597=ORIENTED_EDGE('',*,*,#1868,.F.);
#2598=ORIENTED_EDGE('',*,*,#1871,.F.);
#2599=ORIENTED_EDGE('',*,*,#1874,.F.);
#2600=ORIENTED_EDGE('',*,*,#1754,.F.);
#2601=ORIENTED_EDGE('',*,*,#1744,.F.);
#2602=ORIENTED_EDGE('',*,*,#1748,.F.);
#2603=ORIENTED_EDGE('',*,*,#1751,.F.);
#2604=ORIENTED_EDGE('',*,*,#1742,.F.);
#2605=ORIENTED_EDGE('',*,*,#1732,.F.);
#2606=ORIENTED_EDGE('',*,*,#1736,.F.);
#2607=ORIENTED_EDGE('',*,*,#1739,.F.);
#2608=ORIENTED_EDGE('',*,*,#1730,.F.);
#2609=ORIENTED_EDGE('',*,*,#1720,.F.);
#2610=ORIENTED_EDGE('',*,*,#1724,.F.);
#2611=ORIENTED_EDGE('',*,*,#1727,.F.);
#2612=ORIENTED_EDGE('',*,*,#1718,.F.);
#2613=ORIENTED_EDGE('',*,*,#1708,.F.);
#2614=ORIENTED_EDGE('',*,*,#1712,.F.);
#2615=ORIENTED_EDGE('',*,*,#1715,.F.);
#2616=ORIENTED_EDGE('',*,*,#1707,.F.);
#2617=ORIENTED_EDGE('',*,*,#1703,.F.);
#2618=ORIENTED_EDGE('',*,*,#1693,.F.);
#2619=ORIENTED_EDGE('',*,*,#1697,.F.);
#2620=ORIENTED_EDGE('',*,*,#1700,.F.);
#2621=ORIENTED_EDGE('',*,*,#1692,.F.);
#2622=ORIENTED_EDGE('',*,*,#1688,.F.);
#2623=ORIENTED_EDGE('',*,*,#1678,.F.);
#2624=ORIENTED_EDGE('',*,*,#1682,.F.);
#2625=ORIENTED_EDGE('',*,*,#1685,.F.);
#2626=ORIENTED_EDGE('',*,*,#1677,.F.);
#2627=ORIENTED_EDGE('',*,*,#1673,.F.);
#2628=ORIENTED_EDGE('',*,*,#1663,.F.);
#2629=ORIENTED_EDGE('',*,*,#1667,.F.);
#2630=ORIENTED_EDGE('',*,*,#1670,.F.);
#2631=ORIENTED_EDGE('',*,*,#1661,.F.);
#2632=ORIENTED_EDGE('',*,*,#1651,.F.);
#2633=ORIENTED_EDGE('',*,*,#1655,.F.);
#2634=ORIENTED_EDGE('',*,*,#1658,.F.);
#2635=ORIENTED_EDGE('',*,*,#1649,.F.);
#2636=ORIENTED_EDGE('',*,*,#1639,.F.);
#2637=ORIENTED_EDGE('',*,*,#1643,.F.);
#2638=ORIENTED_EDGE('',*,*,#1646,.F.);
#2639=ORIENTED_EDGE('',*,*,#1637,.F.);
#2640=ORIENTED_EDGE('',*,*,#1627,.F.);
#2641=ORIENTED_EDGE('',*,*,#1631,.F.);
#2642=ORIENTED_EDGE('',*,*,#1634,.F.);
#2643=ORIENTED_EDGE('',*,*,#1625,.F.);
#2644=ORIENTED_EDGE('',*,*,#1615,.F.);
#2645=ORIENTED_EDGE('',*,*,#1619,.F.);
#2646=ORIENTED_EDGE('',*,*,#1622,.F.);
#2647=ORIENTED_EDGE('',*,*,#1613,.F.);
#2648=ORIENTED_EDGE('',*,*,#1603,.F.);
#2649=ORIENTED_EDGE('',*,*,#1607,.F.);
#2650=ORIENTED_EDGE('',*,*,#1610,.F.);
#2651=ORIENTED_EDGE('',*,*,#1601,.F.);
#2652=ORIENTED_EDGE('',*,*,#1591,.F.);
#2653=ORIENTED_EDGE('',*,*,#1595,.F.);
#2654=ORIENTED_EDGE('',*,*,#1598,.F.);
#2655=ORIENTED_EDGE('',*,*,#1589,.F.);
#2656=ORIENTED_EDGE('',*,*,#1579,.F.);
#2657=ORIENTED_EDGE('',*,*,#1583,.F.);
#2658=ORIENTED_EDGE('',*,*,#1586,.F.);
#2659=ORIENTED_EDGE('',*,*,#1578,.F.);
#2660=ORIENTED_EDGE('',*,*,#1575,.F.);
#2661=ORIENTED_EDGE('',*,*,#1572,.F.);
#2662=ORIENTED_EDGE('',*,*,#1569,.F.);
#2663=ORIENTED_EDGE('',*,*,#1565,.F.);
#2664=ORIENTED_EDGE('',*,*,#1555,.F.);
#2665=ORIENTED_EDGE('',*,*,#1559,.F.);
#2666=ORIENTED_EDGE('',*,*,#1562,.F.);
#2667=ORIENTED_EDGE('',*,*,#1553,.F.);
#2668=ORIENTED_EDGE('',*,*,#1543,.F.);
#2669=ORIENTED_EDGE('',*,*,#1547,.F.);
#2670=ORIENTED_EDGE('',*,*,#1550,.F.);
#2671=ORIENTED_EDGE('',*,*,#1541,.F.);
#2672=ORIENTED_EDGE('',*,*,#1531,.F.);
#2673=ORIENTED_EDGE('',*,*,#1535,.F.);
#2674=ORIENTED_EDGE('',*,*,#1538,.F.);
#2675=ORIENTED_EDGE('',*,*,#1529,.F.);
#2676=ORIENTED_EDGE('',*,*,#1519,.F.);
#2677=ORIENTED_EDGE('',*,*,#1523,.F.);
#2678=ORIENTED_EDGE('',*,*,#1526,.F.);
#2679=ORIENTED_EDGE('',*,*,#1517,.F.);
#2680=ORIENTED_EDGE('',*,*,#1507,.F.);
#2681=ORIENTED_EDGE('',*,*,#1511,.F.);
#2682=ORIENTED_EDGE('',*,*,#1514,.F.);
#2683=ORIENTED_EDGE('',*,*,#1505,.F.);
#2684=ORIENTED_EDGE('',*,*,#1495,.F.);
#2685=ORIENTED_EDGE('',*,*,#1499,.F.);
#2686=ORIENTED_EDGE('',*,*,#1502,.F.);
#2687=ORIENTED_EDGE('',*,*,#1493,.F.);
#2688=ORIENTED_EDGE('',*,*,#1483,.F.);
#2689=ORIENTED_EDGE('',*,*,#1487,.F.);
#2690=ORIENTED_EDGE('',*,*,#1490,.F.);
#2691=ORIENTED_EDGE('',*,*,#1481,.F.);
#2692=ORIENTED_EDGE('',*,*,#1471,.F.);
#2693=ORIENTED_EDGE('',*,*,#1475,.F.);
#2694=ORIENTED_EDGE('',*,*,#1478,.F.);
#2695=PLANE('',#2961);
#2696=PLANE('',#2962);
#2697=PLANE('',#2963);
#2698=PLANE('',#2964);
#2699=PLANE('',#2965);
#2700=PLANE('',#2966);
#2701=PLANE('',#2967);
#2702=PLANE('',#2968);
#2703=PLANE('',#2969);
#2704=PLANE('',#2970);
#2705=PLANE('',#2971);
#2706=PLANE('',#2972);
#2707=PLANE('',#2973);
#2708=PLANE('',#2974);
#2709=PLANE('',#2975);
#2710=PLANE('',#2976);
#2711=PLANE('',#2977);
#2712=PLANE('',#2978);
#2713=PLANE('',#2979);
#2714=PLANE('',#2980);
#2715=PLANE('',#2981);
#2716=PLANE('',#2982);
#2717=PLANE('',#2983);
#2718=PLANE('',#2984);
#2719=PLANE('',#2985);
#2720=PLANE('',#2986);
#2721=PLANE('',#2987);
#2722=PLANE('',#2988);
#2723=PLANE('',#2989);
#2724=PLANE('',#2990);
#2725=PLANE('',#2991);
#2726=PLANE('',#2992);
#2727=PLANE('',#3005);
#2728=PLANE('',#3006);
#2729=PLANE('',#3007);
#2730=PLANE('',#3008);
#2731=PLANE('',#3009);
#2732=PLANE('',#3010);
#2733=PLANE('',#3011);
#2734=PLANE('',#3012);
#2735=PLANE('',#3013);
#2736=PLANE('',#3014);
#2737=PLANE('',#3015);
#2738=PLANE('',#3016);
#2739=PLANE('',#3017);
#2740=PLANE('',#3018);
#2741=PLANE('',#3019);
#2742=PLANE('',#3020);
#2743=PLANE('',#3021);
#2744=PLANE('',#3022);
#2745=PLANE('',#3023);
#2746=PLANE('',#3024);
#2747=PLANE('',#3025);
#2748=PLANE('',#3026);
#2749=PLANE('',#3027);
#2750=PLANE('',#3028);
#2751=PLANE('',#3029);
#2752=PLANE('',#3030);
#2753=PLANE('',#3031);
#2754=PLANE('',#3032);
#2755=PLANE('',#3033);
#2756=PLANE('',#3034);
#2757=PLANE('',#3035);
#2758=PLANE('',#3036);
#2759=PLANE('',#3040);
#2760=PLANE('',#3041);
#2761=PLANE('',#3042);
#2762=PLANE('',#3043);
#2763=PLANE('',#3047);
#2764=PLANE('',#3048);
#2765=PLANE('',#3049);
#2766=PLANE('',#3050);
#2767=PLANE('',#3054);
#2768=PLANE('',#3055);
#2769=PLANE('',#3056);
#2770=PLANE('',#3057);
#2771=PLANE('',#3058);
#2772=PLANE('',#3059);
#2773=PLANE('',#3060);
#2774=PLANE('',#3061);
#2775=PLANE('',#3062);
#2776=PLANE('',#3063);
#2777=PLANE('',#3064);
#2778=PLANE('',#3065);
#2779=PLANE('',#3066);
#2780=PLANE('',#3067);
#2781=PLANE('',#3068);
#2782=PLANE('',#3069);
#2783=PLANE('',#3070);
#2784=PLANE('',#3071);
#2785=PLANE('',#3072);
#2786=PLANE('',#3076);
#2787=PLANE('',#3080);
#2788=PLANE('',#3084);
#2789=PLANE('',#3088);
#2790=PLANE('',#3092);
#2791=PLANE('',#3096);
#2792=PLANE('',#3100);
#2793=PLANE('',#3104);
#2794=PLANE('',#3108);
#2795=PLANE('',#3112);
#2796=PLANE('',#3113);
#2797=PLANE('',#3117);
#2798=PLANE('',#3121);
#2799=PLANE('',#3125);
#2800=PLANE('',#3129);
#2801=PLANE('',#3133);
#2802=PLANE('',#3137);
#2803=PLANE('',#3138);
#2804=PLANE('',#3139);
#2805=PLANE('',#3140);
#2806=PLANE('',#3141);
#2807=PLANE('',#3145);
#2808=PLANE('',#3146);
#2809=ADVANCED_FACE('',(#145),#2695,.T.);
#2810=ADVANCED_FACE('',(#146),#2696,.T.);
#2811=ADVANCED_FACE('',(#147),#2697,.T.);
#2812=ADVANCED_FACE('',(#148),#2698,.T.);
#2813=ADVANCED_FACE('',(#149),#2699,.T.);
#2814=ADVANCED_FACE('',(#150),#2700,.T.);
#2815=ADVANCED_FACE('',(#151),#2701,.T.);
#2816=ADVANCED_FACE('',(#152),#2702,.T.);
#2817=ADVANCED_FACE('',(#153),#2703,.T.);
#2818=ADVANCED_FACE('',(#154),#2704,.T.);
#2819=ADVANCED_FACE('',(#155),#2705,.T.);
#2820=ADVANCED_FACE('',(#156),#2706,.T.);
#2821=ADVANCED_FACE('',(#157),#2707,.T.);
#2822=ADVANCED_FACE('',(#158),#2708,.T.);
#2823=ADVANCED_FACE('',(#159),#2709,.T.);
#2824=ADVANCED_FACE('',(#160),#2710,.T.);
#2825=ADVANCED_FACE('',(#161),#2711,.T.);
#2826=ADVANCED_FACE('',(#162),#2712,.T.);
#2827=ADVANCED_FACE('',(#163),#2713,.T.);
#2828=ADVANCED_FACE('',(#164),#2714,.T.);
#2829=ADVANCED_FACE('',(#165),#2715,.T.);
#2830=ADVANCED_FACE('',(#166),#2716,.T.);
#2831=ADVANCED_FACE('',(#167),#2717,.T.);
#2832=ADVANCED_FACE('',(#168),#2718,.T.);
#2833=ADVANCED_FACE('',(#169),#2719,.T.);
#2834=ADVANCED_FACE('',(#170),#2720,.T.);
#2835=ADVANCED_FACE('',(#171),#2721,.T.);
#2836=ADVANCED_FACE('',(#172),#2722,.T.);
#2837=ADVANCED_FACE('',(#173),#2723,.T.);
#2838=ADVANCED_FACE('',(#174),#2724,.T.);
#2839=ADVANCED_FACE('',(#175),#2725,.T.);
#2840=ADVANCED_FACE('',(#176),#2726,.T.);
#2841=ADVANCED_FACE('',(#177),#121,.F.);
#2842=ADVANCED_FACE('',(#178),#122,.F.);
#2843=ADVANCED_FACE('',(#179),#123,.F.);
#2844=ADVANCED_FACE('',(#180),#124,.F.);
#2845=ADVANCED_FACE('',(#181),#2727,.T.);
#2846=ADVANCED_FACE('',(#182),#2728,.T.);
#2847=ADVANCED_FACE('',(#183),#2729,.T.);
#2848=ADVANCED_FACE('',(#184),#2730,.T.);
#2849=ADVANCED_FACE('',(#185),#2731,.T.);
#2850=ADVANCED_FACE('',(#186),#2732,.T.);
#2851=ADVANCED_FACE('',(#187),#2733,.T.);
#2852=ADVANCED_FACE('',(#188),#2734,.T.);
#2853=ADVANCED_FACE('',(#189),#2735,.T.);
#2854=ADVANCED_FACE('',(#190),#2736,.T.);
#2855=ADVANCED_FACE('',(#191),#2737,.T.);
#2856=ADVANCED_FACE('',(#192),#2738,.T.);
#2857=ADVANCED_FACE('',(#193),#2739,.T.);
#2858=ADVANCED_FACE('',(#194),#2740,.T.);
#2859=ADVANCED_FACE('',(#195),#2741,.T.);
#2860=ADVANCED_FACE('',(#196),#2742,.T.);
#2861=ADVANCED_FACE('',(#197),#2743,.T.);
#2862=ADVANCED_FACE('',(#198),#2744,.T.);
#2863=ADVANCED_FACE('',(#199),#2745,.T.);
#2864=ADVANCED_FACE('',(#200),#2746,.T.);
#2865=ADVANCED_FACE('',(#201),#2747,.T.);
#2866=ADVANCED_FACE('',(#202),#2748,.T.);
#2867=ADVANCED_FACE('',(#203),#2749,.T.);
#2868=ADVANCED_FACE('',(#204),#2750,.T.);
#2869=ADVANCED_FACE('',(#205),#2751,.T.);
#2870=ADVANCED_FACE('',(#206),#2752,.T.);
#2871=ADVANCED_FACE('',(#207),#2753,.T.);
#2872=ADVANCED_FACE('',(#208),#2754,.T.);
#2873=ADVANCED_FACE('',(#209),#2755,.T.);
#2874=ADVANCED_FACE('',(#210),#2756,.T.);
#2875=ADVANCED_FACE('',(#211),#2757,.T.);
#2876=ADVANCED_FACE('',(#212),#2758,.T.);
#2877=ADVANCED_FACE('',(#213),#125,.F.);
#2878=ADVANCED_FACE('',(#214),#2759,.T.);
#2879=ADVANCED_FACE('',(#215),#2760,.T.);
#2880=ADVANCED_FACE('',(#216),#2761,.T.);
#2881=ADVANCED_FACE('',(#217),#2762,.T.);
#2882=ADVANCED_FACE('',(#218),#126,.F.);
#2883=ADVANCED_FACE('',(#219),#2763,.T.);
#2884=ADVANCED_FACE('',(#220),#2764,.T.);
#2885=ADVANCED_FACE('',(#221),#2765,.T.);
#2886=ADVANCED_FACE('',(#222),#2766,.T.);
#2887=ADVANCED_FACE('',(#223),#127,.F.);
#2888=ADVANCED_FACE('',(#224),#2767,.T.);
#2889=ADVANCED_FACE('',(#225),#2768,.T.);
#2890=ADVANCED_FACE('',(#226),#2769,.T.);
#2891=ADVANCED_FACE('',(#227),#2770,.T.);
#2892=ADVANCED_FACE('',(#228),#2771,.T.);
#2893=ADVANCED_FACE('',(#229),#2772,.T.);
#2894=ADVANCED_FACE('',(#230),#2773,.T.);
#2895=ADVANCED_FACE('',(#231),#2774,.T.);
#2896=ADVANCED_FACE('',(#232),#2775,.T.);
#2897=ADVANCED_FACE('',(#233),#2776,.T.);
#2898=ADVANCED_FACE('',(#234),#2777,.T.);
#2899=ADVANCED_FACE('',(#235),#2778,.T.);
#2900=ADVANCED_FACE('',(#236),#2779,.T.);
#2901=ADVANCED_FACE('',(#237),#2780,.T.);
#2902=ADVANCED_FACE('',(#238),#2781,.T.);
#2903=ADVANCED_FACE('',(#239),#2782,.T.);
#2904=ADVANCED_FACE('',(#240),#2783,.T.);
#2905=ADVANCED_FACE('',(#241),#2784,.T.);
#2906=ADVANCED_FACE('',(#242),#2785,.T.);
#2907=ADVANCED_FACE('',(#243),#128,.T.);
#2908=ADVANCED_FACE('',(#244),#2786,.T.);
#2909=ADVANCED_FACE('',(#245),#129,.F.);
#2910=ADVANCED_FACE('',(#246),#2787,.T.);
#2911=ADVANCED_FACE('',(#247),#130,.T.);
#2912=ADVANCED_FACE('',(#248),#2788,.T.);
#2913=ADVANCED_FACE('',(#249),#131,.T.);
#2914=ADVANCED_FACE('',(#250),#2789,.T.);
#2915=ADVANCED_FACE('',(#251),#132,.F.);
#2916=ADVANCED_FACE('',(#252),#2790,.T.);
#2917=ADVANCED_FACE('',(#253),#133,.F.);
#2918=ADVANCED_FACE('',(#254),#2791,.T.);
#2919=ADVANCED_FACE('',(#255),#134,.T.);
#2920=ADVANCED_FACE('',(#256),#2792,.T.);
#2921=ADVANCED_FACE('',(#257),#135,.F.);
#2922=ADVANCED_FACE('',(#258),#2793,.T.);
#2923=ADVANCED_FACE('',(#259),#136,.T.);
#2924=ADVANCED_FACE('',(#260),#2794,.T.);
#2925=ADVANCED_FACE('',(#261),#137,.T.);
#2926=ADVANCED_FACE('',(#262),#2795,.T.);
#2927=ADVANCED_FACE('',(#263),#2796,.T.);
#2928=ADVANCED_FACE('',(#264),#138,.F.);
#2929=ADVANCED_FACE('',(#265),#2797,.T.);
#2930=ADVANCED_FACE('',(#266),#139,.T.);
#2931=ADVANCED_FACE('',(#267),#2798,.T.);
#2932=ADVANCED_FACE('',(#268),#140,.F.);
#2933=ADVANCED_FACE('',(#269),#2799,.T.);
#2934=ADVANCED_FACE('',(#270),#141,.T.);
#2935=ADVANCED_FACE('',(#271),#2800,.T.);
#2936=ADVANCED_FACE('',(#272),#142,.T.);
#2937=ADVANCED_FACE('',(#273),#2801,.T.);
#2938=ADVANCED_FACE('',(#274),#143,.F.);
#2939=ADVANCED_FACE('',(#275),#2802,.T.);
#2940=ADVANCED_FACE('',(#276),#2803,.T.);
#2941=ADVANCED_FACE('',(#277),#2804,.T.);
#2942=ADVANCED_FACE('',(#278),#2805,.T.);
#2943=ADVANCED_FACE('',(#279),#2806,.T.);
#2944=ADVANCED_FACE('',(#280),#144,.T.);
#2945=ADVANCED_FACE('',(#281,#15,#16,#17,#18,#19,#20,#21,#22,#23,#24,#25,
#26,#27,#28,#29,#30,#31,#32,#33,#34,#35,#36,#37,#38,#39,#40,#41,#42,#43),
#2807,.T.);
#2946=ADVANCED_FACE('',(#282,#44,#45,#46,#47,#48,#49,#50,#51,#52,#53,#54,
#55,#56,#57,#58,#59,#60,#61,#62,#63,#64,#65,#66,#67,#68,#69,#70,#71,#72),
#2808,.F.);
#2947=CLOSED_SHELL('',(#2809,#2810,#2811,#2812,#2813,#2814,#2815,#2816,
#2817,#2818,#2819,#2820,#2821,#2822,#2823,#2824,#2825,#2826,#2827,#2828,
#2829,#2830,#2831,#2832,#2833,#2834,#2835,#2836,#2837,#2838,#2839,#2840,
#2841,#2842,#2843,#2844,#2845,#2846,#2847,#2848,#2849,#2850,#2851,#2852,
#2853,#2854,#2855,#2856,#2857,#2858,#2859,#2860,#2861,#2862,#2863,#2864,
#2865,#2866,#2867,#2868,#2869,#2870,#2871,#2872,#2873,#2874,#2875,#2876,
#2877,#2878,#2879,#2880,#2881,#2882,#2883,#2884,#2885,#2886,#2887,#2888,
#2889,#2890,#2891,#2892,#2893,#2894,#2895,#2896,#2897,#2898,#2899,#2900,
#2901,#2902,#2903,#2904,#2905,#2906,#2907,#2908,#2909,#2910,#2911,#2912,
#2913,#2914,#2915,#2916,#2917,#2918,#2919,#2920,#2921,#2922,#2923,#2924,
#2925,#2926,#2927,#2928,#2929,#2930,#2931,#2932,#2933,#2934,#2935,#2936,
#2937,#2938,#2939,#2940,#2941,#2942,#2943,#2944,#2945,#2946));
#2948=DERIVED_UNIT_ELEMENT(#2950,1.);
#2949=DERIVED_UNIT_ELEMENT(#4705,-3.);
#2950=(
MASS_UNIT()
NAMED_UNIT(*)
SI_UNIT(.KILO.,.GRAM.)
);
#2951=DERIVED_UNIT((#2948,#2949));
#2952=MEASURE_REPRESENTATION_ITEM('density measure',
POSITIVE_RATIO_MEASURE(7850.),#2951);
#2953=PROPERTY_DEFINITION_REPRESENTATION(#2958,#2955);
#2954=PROPERTY_DEFINITION_REPRESENTATION(#2959,#2956);
#2955=REPRESENTATION('material name',(#2957),#4702);
#2956=REPRESENTATION('density',(#2952),#4702);
#2957=DESCRIPTIVE_REPRESENTATION_ITEM('Steel','Steel');
#2958=PROPERTY_DEFINITION('material property','material name',#4712);
#2959=PROPERTY_DEFINITION('material property','density of part',#4712);
#2960=AXIS2_PLACEMENT_3D('',#3881,#3147,#3148);
#2961=AXIS2_PLACEMENT_3D('',#3882,#3149,#3150);
#2962=AXIS2_PLACEMENT_3D('',#3891,#3155,#3156);
#2963=AXIS2_PLACEMENT_3D('',#3897,#3160,#3161);
#2964=AXIS2_PLACEMENT_3D('',#3903,#3165,#3166);
#2965=AXIS2_PLACEMENT_3D('',#3906,#3169,#3170);
#2966=AXIS2_PLACEMENT_3D('',#3915,#3175,#3176);
#2967=AXIS2_PLACEMENT_3D('',#3921,#3180,#3181);
#2968=AXIS2_PLACEMENT_3D('',#3927,#3185,#3186);
#2969=AXIS2_PLACEMENT_3D('',#3930,#3189,#3190);
#2970=AXIS2_PLACEMENT_3D('',#3939,#3195,#3196);
#2971=AXIS2_PLACEMENT_3D('',#3945,#3200,#3201);
#2972=AXIS2_PLACEMENT_3D('',#3951,#3205,#3206);
#2973=AXIS2_PLACEMENT_3D('',#3954,#3209,#3210);
#2974=AXIS2_PLACEMENT_3D('',#3963,#3215,#3216);
#2975=AXIS2_PLACEMENT_3D('',#3969,#3220,#3221);
#2976=AXIS2_PLACEMENT_3D('',#3975,#3225,#3226);
#2977=AXIS2_PLACEMENT_3D('',#3978,#3229,#3230);
#2978=AXIS2_PLACEMENT_3D('',#3987,#3235,#3236);
#2979=AXIS2_PLACEMENT_3D('',#3993,#3240,#3241);
#2980=AXIS2_PLACEMENT_3D('',#3999,#3245,#3246);
#2981=AXIS2_PLACEMENT_3D('',#4002,#3249,#3250);
#2982=AXIS2_PLACEMENT_3D('',#4011,#3255,#3256);
#2983=AXIS2_PLACEMENT_3D('',#4017,#3260,#3261);
#2984=AXIS2_PLACEMENT_3D('',#4023,#3265,#3266);
#2985=AXIS2_PLACEMENT_3D('',#4026,#3269,#3270);
#2986=AXIS2_PLACEMENT_3D('',#4035,#3275,#3276);
#2987=AXIS2_PLACEMENT_3D('',#4041,#3280,#3281);
#2988=AXIS2_PLACEMENT_3D('',#4047,#3285,#3286);
#2989=AXIS2_PLACEMENT_3D('',#4050,#3289,#3290);
#2990=AXIS2_PLACEMENT_3D('',#4059,#3295,#3296);
#2991=AXIS2_PLACEMENT_3D('',#4065,#3300,#3301);
#2992=AXIS2_PLACEMENT_3D('',#4071,#3305,#3306);
#2993=AXIS2_PLACEMENT_3D('',#4074,#3309,#3310);
#2994=AXIS2_PLACEMENT_3D('',#4076,#3311,#3312);
#2995=AXIS2_PLACEMENT_3D('',#4079,#3314,#3315);
#2996=AXIS2_PLACEMENT_3D('',#4080,#3316,#3317);
#2997=AXIS2_PLACEMENT_3D('',#4082,#3318,#3319);
#2998=AXIS2_PLACEMENT_3D('',#4085,#3321,#3322);
#2999=AXIS2_PLACEMENT_3D('',#4086,#3323,#3324);
#3000=AXIS2_PLACEMENT_3D('',#4088,#3325,#3326);
#3001=AXIS2_PLACEMENT_3D('',#4091,#3328,#3329);
#3002=AXIS2_PLACEMENT_3D('',#4092,#3330,#3331);
#3003=AXIS2_PLACEMENT_3D('',#4094,#3332,#3333);
#3004=AXIS2_PLACEMENT_3D('',#4097,#3335,#3336);
#3005=AXIS2_PLACEMENT_3D('',#4098,#3337,#3338);
#3006=AXIS2_PLACEMENT_3D('',#4107,#3343,#3344);
#3007=AXIS2_PLACEMENT_3D('',#4113,#3348,#3349);
#3008=AXIS2_PLACEMENT_3D('',#4119,#3353,#3354);
#3009=AXIS2_PLACEMENT_3D('',#4122,#3357,#3358);
#3010=AXIS2_PLACEMENT_3D('',#4131,#3363,#3364);
#3011=AXIS2_PLACEMENT_3D('',#4137,#3368,#3369);
#3012=AXIS2_PLACEMENT_3D('',#4143,#3373,#3374);
#3013=AXIS2_PLACEMENT_3D('',#4146,#3377,#3378);
#3014=AXIS2_PLACEMENT_3D('',#4155,#3383,#3384);
#3015=AXIS2_PLACEMENT_3D('',#4161,#3388,#3389);
#3016=AXIS2_PLACEMENT_3D('',#4167,#3393,#3394);
#3017=AXIS2_PLACEMENT_3D('',#4170,#3397,#3398);
#3018=AXIS2_PLACEMENT_3D('',#4179,#3403,#3404);
#3019=AXIS2_PLACEMENT_3D('',#4185,#3408,#3409);
#3020=AXIS2_PLACEMENT_3D('',#4191,#3413,#3414);
#3021=AXIS2_PLACEMENT_3D('',#4194,#3417,#3418);
#3022=AXIS2_PLACEMENT_3D('',#4203,#3423,#3424);
#3023=AXIS2_PLACEMENT_3D('',#4209,#3428,#3429);
#3024=AXIS2_PLACEMENT_3D('',#4215,#3433,#3434);
#3025=AXIS2_PLACEMENT_3D('',#4218,#3437,#3438);
#3026=AXIS2_PLACEMENT_3D('',#4227,#3443,#3444);
#3027=AXIS2_PLACEMENT_3D('',#4233,#3448,#3449);
#3028=AXIS2_PLACEMENT_3D('',#4239,#3453,#3454);
#3029=AXIS2_PLACEMENT_3D('',#4242,#3457,#3458);
#3030=AXIS2_PLACEMENT_3D('',#4251,#3463,#3464);
#3031=AXIS2_PLACEMENT_3D('',#4257,#3468,#3469);
#3032=AXIS2_PLACEMENT_3D('',#4263,#3473,#3474);
#3033=AXIS2_PLACEMENT_3D('',#4266,#3477,#3478);
#3034=AXIS2_PLACEMENT_3D('',#4275,#3483,#3484);
#3035=AXIS2_PLACEMENT_3D('',#4281,#3488,#3489);
#3036=AXIS2_PLACEMENT_3D('',#4287,#3493,#3494);
#3037=AXIS2_PLACEMENT_3D('',#4290,#3497,#3498);
#3038=AXIS2_PLACEMENT_3D('',#4292,#3499,#3500);
#3039=AXIS2_PLACEMENT_3D('',#4295,#3502,#3503);
#3040=AXIS2_PLACEMENT_3D('',#4296,#3504,#3505);
#3041=AXIS2_PLACEMENT_3D('',#4305,#3510,#3511);
#3042=AXIS2_PLACEMENT_3D('',#4311,#3515,#3516);
#3043=AXIS2_PLACEMENT_3D('',#4317,#3520,#3521);
#3044=AXIS2_PLACEMENT_3D('',#4320,#3524,#3525);
#3045=AXIS2_PLACEMENT_3D('',#4322,#3526,#3527);
#3046=AXIS2_PLACEMENT_3D('',#4325,#3529,#3530);
#3047=AXIS2_PLACEMENT_3D('',#4326,#3531,#3532);
#3048=AXIS2_PLACEMENT_3D('',#4335,#3537,#3538);
#3049=AXIS2_PLACEMENT_3D('',#4341,#3542,#3543);
#3050=AXIS2_PLACEMENT_3D('',#4347,#3547,#3548);
#3051=AXIS2_PLACEMENT_3D('',#4350,#3551,#3552);
#3052=AXIS2_PLACEMENT_3D('',#4352,#3553,#3554);
#3053=AXIS2_PLACEMENT_3D('',#4355,#3556,#3557);
#3054=AXIS2_PLACEMENT_3D('',#4356,#3558,#3559);
#3055=AXIS2_PLACEMENT_3D('',#4365,#3564,#3565);
#3056=AXIS2_PLACEMENT_3D('',#4371,#3569,#3570);
#3057=AXIS2_PLACEMENT_3D('',#4377,#3574,#3575);
#3058=AXIS2_PLACEMENT_3D('',#4380,#3578,#3579);
#3059=AXIS2_PLACEMENT_3D('',#4389,#3584,#3585);
#3060=AXIS2_PLACEMENT_3D('',#4395,#3589,#3590);
#3061=AXIS2_PLACEMENT_3D('',#4401,#3594,#3595);
#3062=AXIS2_PLACEMENT_3D('',#4404,#3598,#3599);
#3063=AXIS2_PLACEMENT_3D('',#4413,#3604,#3605);
#3064=AXIS2_PLACEMENT_3D('',#4419,#3609,#3610);
#3065=AXIS2_PLACEMENT_3D('',#4425,#3614,#3615);
#3066=AXIS2_PLACEMENT_3D('',#4428,#3618,#3619);
#3067=AXIS2_PLACEMENT_3D('',#4437,#3624,#3625);
#3068=AXIS2_PLACEMENT_3D('',#4443,#3629,#3630);
#3069=AXIS2_PLACEMENT_3D('',#4449,#3634,#3635);
#3070=AXIS2_PLACEMENT_3D('',#4452,#3638,#3639);
#3071=AXIS2_PLACEMENT_3D('',#4461,#3644,#3645);
#3072=AXIS2_PLACEMENT_3D('',#4467,#3649,#3650);
#3073=AXIS2_PLACEMENT_3D('',#4473,#3654,#3655);
#3074=AXIS2_PLACEMENT_3D('',#4475,#3656,#3657);
#3075=AXIS2_PLACEMENT_3D('',#4477,#3658,#3659);
#3076=AXIS2_PLACEMENT_3D('',#4479,#3661,#3662);
#3077=AXIS2_PLACEMENT_3D('',#4485,#3666,#3667);
#3078=AXIS2_PLACEMENT_3D('',#4487,#3668,#3669);
#3079=AXIS2_PLACEMENT_3D('',#4489,#3670,#3671);
#3080=AXIS2_PLACEMENT_3D('',#4491,#3673,#3674);
#3081=AXIS2_PLACEMENT_3D('',#4497,#3678,#3679);
#3082=AXIS2_PLACEMENT_3D('',#4499,#3680,#3681);
#3083=AXIS2_PLACEMENT_3D('',#4501,#3682,#3683);
#3084=AXIS2_PLACEMENT_3D('',#4503,#3685,#3686);
#3085=AXIS2_PLACEMENT_3D('',#4509,#3690,#3691);
#3086=AXIS2_PLACEMENT_3D('',#4511,#3692,#3693);
#3087=AXIS2_PLACEMENT_3D('',#4513,#3694,#3695);
#3088=AXIS2_PLACEMENT_3D('',#4515,#3697,#3698);
#3089=AXIS2_PLACEMENT_3D('',#4521,#3702,#3703);
#3090=AXIS2_PLACEMENT_3D('',#4523,#3704,#3705);
#3091=AXIS2_PLACEMENT_3D('',#4525,#3706,#3707);
#3092=AXIS2_PLACEMENT_3D('',#4527,#3709,#3710);
#3093=AXIS2_PLACEMENT_3D('',#4533,#3714,#3715);
#3094=AXIS2_PLACEMENT_3D('',#4535,#3716,#3717);
#3095=AXIS2_PLACEMENT_3D('',#4537,#3718,#3719);
#3096=AXIS2_PLACEMENT_3D('',#4539,#3721,#3722);
#3097=AXIS2_PLACEMENT_3D('',#4545,#3726,#3727);
#3098=AXIS2_PLACEMENT_3D('',#4547,#3728,#3729);
#3099=AXIS2_PLACEMENT_3D('',#4549,#3730,#3731);
#3100=AXIS2_PLACEMENT_3D('',#4551,#3733,#3734);
#3101=AXIS2_PLACEMENT_3D('',#4557,#3738,#3739);
#3102=AXIS2_PLACEMENT_3D('',#4559,#3740,#3741);
#3103=AXIS2_PLACEMENT_3D('',#4561,#3742,#3743);
#3104=AXIS2_PLACEMENT_3D('',#4563,#3745,#3746);
#3105=AXIS2_PLACEMENT_3D('',#4569,#3750,#3751);
#3106=AXIS2_PLACEMENT_3D('',#4571,#3752,#3753);
#3107=AXIS2_PLACEMENT_3D('',#4573,#3754,#3755);
#3108=AXIS2_PLACEMENT_3D('',#4575,#3757,#3758);
#3109=AXIS2_PLACEMENT_3D('',#4581,#3762,#3763);
#3110=AXIS2_PLACEMENT_3D('',#4583,#3764,#3765);
#3111=AXIS2_PLACEMENT_3D('',#4585,#3766,#3767);
#3112=AXIS2_PLACEMENT_3D('',#4587,#3769,#3770);
#3113=AXIS2_PLACEMENT_3D('',#4593,#3774,#3775);
#3114=AXIS2_PLACEMENT_3D('',#4599,#3779,#3780);
#3115=AXIS2_PLACEMENT_3D('',#4601,#3781,#3782);
#3116=AXIS2_PLACEMENT_3D('',#4603,#3783,#3784);
#3117=AXIS2_PLACEMENT_3D('',#4605,#3786,#3787);
#3118=AXIS2_PLACEMENT_3D('',#4611,#3791,#3792);
#3119=AXIS2_PLACEMENT_3D('',#4613,#3793,#3794);
#3120=AXIS2_PLACEMENT_3D('',#4615,#3795,#3796);
#3121=AXIS2_PLACEMENT_3D('',#4617,#3798,#3799);
#3122=AXIS2_PLACEMENT_3D('',#4623,#3803,#3804);
#3123=AXIS2_PLACEMENT_3D('',#4625,#3805,#3806);
#3124=AXIS2_PLACEMENT_3D('',#4627,#3807,#3808);
#3125=AXIS2_PLACEMENT_3D('',#4629,#3810,#3811);
#3126=AXIS2_PLACEMENT_3D('',#4635,#3815,#3816);
#3127=AXIS2_PLACEMENT_3D('',#4637,#3817,#3818);
#3128=AXIS2_PLACEMENT_3D('',#4639,#3819,#3820);
#3129=AXIS2_PLACEMENT_3D('',#4641,#3822,#3823);
#3130=AXIS2_PLACEMENT_3D('',#4647,#3827,#3828);
#3131=AXIS2_PLACEMENT_3D('',#4649,#3829,#3830);
#3132=AXIS2_PLACEMENT_3D('',#4651,#3831,#3832);
#3133=AXIS2_PLACEMENT_3D('',#4653,#3834,#3835);
#3134=AXIS2_PLACEMENT_3D('',#4659,#3839,#3840);
#3135=AXIS2_PLACEMENT_3D('',#4661,#3841,#3842);
#3136=AXIS2_PLACEMENT_3D('',#4663,#3843,#3844);
#3137=AXIS2_PLACEMENT_3D('',#4665,#3846,#3847);
#3138=AXIS2_PLACEMENT_3D('',#4671,#3851,#3852);
#3139=AXIS2_PLACEMENT_3D('',#4677,#3856,#3857);
#3140=AXIS2_PLACEMENT_3D('',#4683,#3861,#3862);
#3141=AXIS2_PLACEMENT_3D('',#4689,#3866,#3867);
#3142=AXIS2_PLACEMENT_3D('',#4695,#3871,#3872);
#3143=AXIS2_PLACEMENT_3D('',#4696,#3873,#3874);
#3144=AXIS2_PLACEMENT_3D('',#4697,#3875,#3876);
#3145=AXIS2_PLACEMENT_3D('',#4698,#3877,#3878);
#3146=AXIS2_PLACEMENT_3D('',#4699,#3879,#3880);
#3147=DIRECTION('axis',(0.,0.,1.));
#3148=DIRECTION('refdir',(1.,0.,0.));
#3149=DIRECTION('center_axis',(7.11094851742665E-5,0.999999997471721,0.));
#3150=DIRECTION('ref_axis',(-0.999999997471721,7.11094851742665E-5,1.20676415720126E-16));
#3151=DIRECTION('',(-0.999999997471721,7.11094851742665E-5,1.20676415720126E-16));
#3152=DIRECTION('',(0.,0.,1.));
#3153=DIRECTION('',(-0.999999997471721,7.11094851742665E-5,1.20676415720126E-16));
#3154=DIRECTION('',(0.,0.,1.));
#3155=DIRECTION('center_axis',(-0.999999997471721,7.11094851761978E-5,0.));
#3156=DIRECTION('ref_axis',(-7.11094851761978E-5,-0.999999997471721,0.));
#3157=DIRECTION('',(-7.11094851761978E-5,-0.999999997471721,0.));
#3158=DIRECTION('',(-7.11094851761978E-5,-0.999999997471721,0.));
#3159=DIRECTION('',(0.,0.,1.));
#3160=DIRECTION('center_axis',(-7.11094851742665E-5,-0.999999997471721,
0.));
#3161=DIRECTION('ref_axis',(0.999999997471721,-7.11094851742665E-5,-1.20676415720126E-16));
#3162=DIRECTION('',(0.999999997471721,-7.11094851742665E-5,-1.20676415720126E-16));
#3163=DIRECTION('',(0.999999997471721,-7.11094851742665E-5,-1.20676415720126E-16));
#3164=DIRECTION('',(0.,0.,1.));
#3165=DIRECTION('center_axis',(0.999999997471721,-7.11094851761978E-5,0.));
#3166=DIRECTION('ref_axis',(7.11094851761978E-5,0.999999997471721,0.));
#3167=DIRECTION('',(7.11094851761978E-5,0.999999997471721,0.));
#3168=DIRECTION('',(7.11094851761978E-5,0.999999997471721,0.));
#3169=DIRECTION('center_axis',(7.11094851819898E-5,0.999999997471721,0.));
#3170=DIRECTION('ref_axis',(-0.999999997471721,7.11094851819898E-5,1.20676415720126E-16));
#3171=DIRECTION('',(-0.999999997471721,7.11094851819898E-5,1.20676415720126E-16));
#3172=DIRECTION('',(0.,0.,1.));
#3173=DIRECTION('',(-0.999999997471721,7.11094851819898E-5,1.20676415720126E-16));
#3174=DIRECTION('',(0.,0.,1.));
#3175=DIRECTION('center_axis',(-0.999999997471721,7.11094851761971E-5,0.));
#3176=DIRECTION('ref_axis',(-7.11094851761971E-5,-0.999999997471721,0.));
#3177=DIRECTION('',(-7.11094851761971E-5,-0.999999997471721,0.));
#3178=DIRECTION('',(-7.11094851761971E-5,-0.999999997471721,0.));
#3179=DIRECTION('',(0.,0.,1.));
#3180=DIRECTION('center_axis',(-7.11094851768411E-5,-0.999999997471721,
0.));
#3181=DIRECTION('ref_axis',(0.999999997471721,-7.11094851768411E-5,-1.20676415720126E-16));
#3182=DIRECTION('',(0.999999997471721,-7.11094851768411E-5,-1.20676415720126E-16));
#3183=DIRECTION('',(0.999999997471721,-7.11094851768411E-5,-1.20676415720126E-16));
#3184=DIRECTION('',(0.,0.,1.));
#3185=DIRECTION('center_axis',(0.999999997471721,-7.11094851781283E-5,0.));
#3186=DIRECTION('ref_axis',(7.11094851781283E-5,0.999999997471721,0.));
#3187=DIRECTION('',(7.11094851781282E-5,0.999999997471721,0.));
#3188=DIRECTION('',(7.11094851781282E-5,0.999999997471721,0.));
#3189=DIRECTION('center_axis',(-0.258887729471473,-0.965907419750519,0.));
#3190=DIRECTION('ref_axis',(0.965907419750519,-0.258887729471473,-1.18952466924124E-16));
#3191=DIRECTION('',(0.965907419750519,-0.258887729471473,-1.18952466924124E-16));
#3192=DIRECTION('',(0.,0.,1.));
#3193=DIRECTION('',(0.965907419750519,-0.258887729471473,-1.18952466924124E-16));
#3194=DIRECTION('',(0.,0.,1.));
#3195=DIRECTION('center_axis',(0.965907419750518,-0.258887729471478,0.));
#3196=DIRECTION('ref_axis',(0.258887729471478,0.965907419750518,-3.96508223080416E-17));
#3197=DIRECTION('',(0.258887729471478,0.965907419750518,-3.96508223080416E-17));
#3198=DIRECTION('',(0.258887729471478,0.965907419750518,-3.96508223080416E-17));
#3199=DIRECTION('',(0.,0.,1.));
#3200=DIRECTION('center_axis',(0.258887729471474,0.965907419750519,0.));
#3201=DIRECTION('ref_axis',(-0.965907419750519,0.258887729471474,1.18952466924124E-16));
#3202=DIRECTION('',(-0.965907419750519,0.258887729471474,1.18952466924124E-16));
#3203=DIRECTION('',(-0.965907419750519,0.258887729471474,1.18952466924124E-16));
#3204=DIRECTION('',(0.,0.,1.));
#3205=DIRECTION('center_axis',(-0.965907419750518,0.258887729471479,0.));
#3206=DIRECTION('ref_axis',(-0.258887729471479,-0.965907419750518,3.96508223080416E-17));
#3207=DIRECTION('',(-0.258887729471479,-0.965907419750518,3.96508223080416E-17));
#3208=DIRECTION('',(-0.258887729471479,-0.965907419750518,3.96508223080416E-17));
#3209=DIRECTION('center_axis',(-7.11094851768409E-5,-0.999999997471721,
0.));
#3210=DIRECTION('ref_axis',(0.999999997471721,-7.11094851768409E-5,-1.20676415720126E-16));
#3211=DIRECTION('',(0.999999997471721,-7.11094851768408E-5,-1.20676415720126E-16));
#3212=DIRECTION('',(0.,0.,1.));
#3213=DIRECTION('',(0.999999997471721,-7.11094851768408E-5,-1.20676415720126E-16));
#3214=DIRECTION('',(0.,0.,1.));
#3215=DIRECTION('center_axis',(0.999999997471721,-7.1109485176841E-5,0.));
#3216=DIRECTION('ref_axis',(7.1109485176841E-5,0.999999997471721,0.));
#3217=DIRECTION('',(7.1109485176841E-5,0.999999997471721,0.));
#3218=DIRECTION('',(7.1109485176841E-5,0.999999997471721,0.));
#3219=DIRECTION('',(0.,0.,1.));
#3220=DIRECTION('center_axis',(7.1109485176841E-5,0.999999997471721,0.));
#3221=DIRECTION('ref_axis',(-0.999999997471721,7.1109485176841E-5,1.20676415720126E-16));
#3222=DIRECTION('',(-0.999999997471721,7.1109485176841E-5,1.20676415720126E-16));
#3223=DIRECTION('',(-0.999999997471721,7.1109485176841E-5,1.20676415720126E-16));
#3224=DIRECTION('',(0.,0.,1.));
#3225=DIRECTION('center_axis',(-0.999999997471721,7.11094851794155E-5,0.));
#3226=DIRECTION('ref_axis',(-7.11094851794155E-5,-0.999999997471721,0.));
#3227=DIRECTION('',(-7.11094851794155E-5,-0.999999997471721,0.));
#3228=DIRECTION('',(-7.11094851794155E-5,-0.999999997471721,0.));
#3229=DIRECTION('center_axis',(-7.11094851768413E-5,-0.999999997471721,
0.));
#3230=DIRECTION('ref_axis',(0.999999997471721,-7.11094851768413E-5,-1.20676415720127E-16));
#3231=DIRECTION('',(0.999999997471721,-7.11094851768413E-5,-1.20676415720127E-16));
#3232=DIRECTION('',(0.,0.,1.));
#3233=DIRECTION('',(0.999999997471721,-7.11094851768413E-5,-1.20676415720127E-16));
#3234=DIRECTION('',(0.,0.,1.));
#3235=DIRECTION('center_axis',(0.999999997471721,-7.11094851794152E-5,0.));
#3236=DIRECTION('ref_axis',(7.11094851794152E-5,0.999999997471721,0.));
#3237=DIRECTION('',(7.11094851794152E-5,0.999999997471721,0.));
#3238=DIRECTION('',(7.11094851794152E-5,0.999999997471721,0.));
#3239=DIRECTION('',(0.,0.,1.));
#3240=DIRECTION('center_axis',(7.11094851794153E-5,0.999999997471721,0.));
#3241=DIRECTION('ref_axis',(-0.999999997471721,7.11094851794153E-5,1.20676415720126E-16));
#3242=DIRECTION('',(-0.999999997471721,7.11094851794153E-5,1.20676415720126E-16));
#3243=DIRECTION('',(-0.999999997471721,7.11094851794153E-5,1.20676415720126E-16));
#3244=DIRECTION('',(0.,0.,1.));
#3245=DIRECTION('center_axis',(-0.999999997471721,7.1109485172979E-5,0.));
#3246=DIRECTION('ref_axis',(-7.1109485172979E-5,-0.999999997471721,0.));
#3247=DIRECTION('',(-7.1109485172979E-5,-0.999999997471721,0.));
#3248=DIRECTION('',(-7.1109485172979E-5,-0.999999997471721,0.));
#3249=DIRECTION('center_axis',(0.999999997471721,-7.1109485176841E-5,0.));
#3250=DIRECTION('ref_axis',(7.1109485176841E-5,0.999999997471721,0.));
#3251=DIRECTION('',(7.1109485176841E-5,0.999999997471721,0.));
#3252=DIRECTION('',(0.,0.,1.));
#3253=DIRECTION('',(7.1109485176841E-5,0.999999997471721,0.));
#3254=DIRECTION('',(0.,0.,1.));
#3255=DIRECTION('center_axis',(7.11094851794154E-5,0.999999997471721,0.));
#3256=DIRECTION('ref_axis',(-0.999999997471721,7.11094851794154E-5,1.20676415720126E-16));
#3257=DIRECTION('',(-0.999999997471721,7.11094851794154E-5,1.20676415720126E-16));
#3258=DIRECTION('',(-0.999999997471721,7.11094851794154E-5,1.20676415720126E-16));
#3259=DIRECTION('',(0.,0.,1.));
#3260=DIRECTION('center_axis',(-0.999999997471721,7.11094851768407E-5,0.));
#3261=DIRECTION('ref_axis',(-7.11094851768407E-5,-0.999999997471721,0.));
#3262=DIRECTION('',(-7.11094851768407E-5,-0.999999997471721,0.));
#3263=DIRECTION('',(-7.11094851768407E-5,-0.999999997471721,0.));
#3264=DIRECTION('',(0.,0.,1.));
#3265=DIRECTION('center_axis',(-7.11094851742665E-5,-0.999999997471721,
0.));
#3266=DIRECTION('ref_axis',(0.999999997471721,-7.11094851742665E-5,-1.20676415720126E-16));
#3267=DIRECTION('',(0.999999997471721,-7.11094851742665E-5,-1.20676415720126E-16));
#3268=DIRECTION('',(0.999999997471721,-7.11094851742665E-5,-1.20676415720126E-16));
#3269=DIRECTION('center_axis',(-7.11094851755537E-5,-0.999999997471721,
0.));
#3270=DIRECTION('ref_axis',(0.999999997471721,-7.11094851755537E-5,-1.20676415720126E-16));
#3271=DIRECTION('',(0.999999997471721,-7.11094851755537E-5,-1.20676415720126E-16));
#3272=DIRECTION('',(0.,0.,1.));
#3273=DIRECTION('',(0.999999997471721,-7.11094851755537E-5,-1.20676415720126E-16));
#3274=DIRECTION('',(0.,0.,1.));
#3275=DIRECTION('center_axis',(0.999999997471721,-7.11094851768412E-5,0.));
#3276=DIRECTION('ref_axis',(7.11094851768412E-5,0.999999997471721,0.));
#3277=DIRECTION('',(7.11094851768412E-5,0.999999997471721,0.));
#3278=DIRECTION('',(7.11094851768412E-5,0.999999997471721,0.));
#3279=DIRECTION('',(0.,0.,1.));
#3280=DIRECTION('center_axis',(7.1109485176841E-5,0.999999997471721,0.));
#3281=DIRECTION('ref_axis',(-0.999999997471721,7.1109485176841E-5,1.20676415720126E-16));
#3282=DIRECTION('',(-0.999999997471721,7.1109485176841E-5,1.20676415720126E-16));
#3283=DIRECTION('',(-0.999999997471721,7.1109485176841E-5,1.20676415720126E-16));
#3284=DIRECTION('',(0.,0.,1.));
#3285=DIRECTION('center_axis',(-0.999999997471721,7.11094851781283E-5,0.));
#3286=DIRECTION('ref_axis',(-7.11094851781283E-5,-0.999999997471721,0.));
#3287=DIRECTION('',(-7.11094851781283E-5,-0.999999997471721,0.));
#3288=DIRECTION('',(-7.11094851781283E-5,-0.999999997471721,0.));
#3289=DIRECTION('center_axis',(-7.1109485176841E-5,-0.999999997471721,0.));
#3290=DIRECTION('ref_axis',(0.999999997471721,-7.1109485176841E-5,-1.20676415720126E-16));
#3291=DIRECTION('',(0.999999997471721,-7.1109485176841E-5,-1.20676415720126E-16));
#3292=DIRECTION('',(0.,0.,1.));
#3293=DIRECTION('',(0.999999997471721,-7.1109485176841E-5,-1.20676415720126E-16));
#3294=DIRECTION('',(0.,0.,1.));
#3295=DIRECTION('center_axis',(0.999999997471721,-7.1109485176841E-5,0.));
#3296=DIRECTION('ref_axis',(7.1109485176841E-5,0.999999997471721,0.));
#3297=DIRECTION('',(7.1109485176841E-5,0.999999997471721,0.));
#3298=DIRECTION('',(7.1109485176841E-5,0.999999997471721,0.));
#3299=DIRECTION('',(0.,0.,1.));
#3300=DIRECTION('center_axis',(7.1109485176841E-5,0.999999997471721,0.));
#3301=DIRECTION('ref_axis',(-0.999999997471721,7.1109485176841E-5,1.20676415720126E-16));
#3302=DIRECTION('',(-0.999999997471721,7.1109485176841E-5,1.20676415720126E-16));
#3303=DIRECTION('',(-0.999999997471721,7.1109485176841E-5,1.20676415720126E-16));
#3304=DIRECTION('',(0.,0.,1.));
#3305=DIRECTION('center_axis',(-0.999999997471721,7.1109485176841E-5,0.));
#3306=DIRECTION('ref_axis',(-7.1109485176841E-5,-0.999999997471721,0.));
#3307=DIRECTION('',(-7.1109485176841E-5,-0.999999997471721,0.));
#3308=DIRECTION('',(-7.1109485176841E-5,-0.999999997471721,0.));
#3309=DIRECTION('center_axis',(0.,0.,1.));
#3310=DIRECTION('ref_axis',(-1.,0.,0.));
#3311=DIRECTION('center_axis',(0.,0.,-1.));
#3312=DIRECTION('ref_axis',(-1.,0.,0.));
#3313=DIRECTION('',(0.,0.,-1.));
#3314=DIRECTION('center_axis',(0.,0.,-1.));
#3315=DIRECTION('ref_axis',(-1.,0.,0.));
#3316=DIRECTION('center_axis',(0.,0.,1.));
#3317=DIRECTION('ref_axis',(-1.,0.,0.));
#3318=DIRECTION('center_axis',(0.,0.,-1.));
#3319=DIRECTION('ref_axis',(-1.,0.,0.));
#3320=DIRECTION('',(0.,0.,-1.));
#3321=DIRECTION('center_axis',(0.,0.,-1.));
#3322=DIRECTION('ref_axis',(-1.,0.,0.));
#3323=DIRECTION('center_axis',(0.,0.,1.));
#3324=DIRECTION('ref_axis',(-1.,0.,0.));
#3325=DIRECTION('center_axis',(0.,0.,-1.));
#3326=DIRECTION('ref_axis',(-1.,0.,0.));
#3327=DIRECTION('',(0.,0.,-1.));
#3328=DIRECTION('center_axis',(0.,0.,-1.));
#3329=DIRECTION('ref_axis',(-1.,0.,0.));
#3330=DIRECTION('center_axis',(0.,0.,1.));
#3331=DIRECTION('ref_axis',(-1.,0.,0.));
#3332=DIRECTION('center_axis',(0.,0.,-1.));
#3333=DIRECTION('ref_axis',(-1.,0.,0.));
#3334=DIRECTION('',(0.,0.,-1.));
#3335=DIRECTION('center_axis',(0.,0.,-1.));
#3336=DIRECTION('ref_axis',(-1.,0.,0.));
#3337=DIRECTION('center_axis',(-7.11094851768411E-5,-0.999999997471721,
0.));
#3338=DIRECTION('ref_axis',(0.999999997471721,-7.11094851768411E-5,-1.20676415720126E-16));
#3339=DIRECTION('',(0.999999997471721,-7.11094851768411E-5,-1.20676415720126E-16));
#3340=DIRECTION('',(0.,0.,1.));
#3341=DIRECTION('',(0.999999997471721,-7.11094851768411E-5,-1.20676415720126E-16));
#3342=DIRECTION('',(0.,0.,1.));
#3343=DIRECTION('center_axis',(0.999999997471721,-7.1109485176841E-5,0.));
#3344=DIRECTION('ref_axis',(7.1109485176841E-5,0.999999997471721,0.));
#3345=DIRECTION('',(7.1109485176841E-5,0.999999997471721,0.));
#3346=DIRECTION('',(7.1109485176841E-5,0.999999997471721,0.));
#3347=DIRECTION('',(0.,0.,1.));
#3348=DIRECTION('center_axis',(7.11094851768411E-5,0.999999997471721,0.));
#3349=DIRECTION('ref_axis',(-0.999999997471721,7.11094851768411E-5,1.20676415720126E-16));
#3350=DIRECTION('',(-0.999999997471721,7.11094851768411E-5,1.20676415720126E-16));
#3351=DIRECTION('',(-0.999999997471721,7.11094851768411E-5,1.20676415720126E-16));
#3352=DIRECTION('',(0.,0.,1.));
#3353=DIRECTION('center_axis',(-0.999999997471721,7.1109485176841E-5,0.));
#3354=DIRECTION('ref_axis',(-7.1109485176841E-5,-0.999999997471721,0.));
#3355=DIRECTION('',(-7.1109485176841E-5,-0.999999997471721,0.));
#3356=DIRECTION('',(-7.1109485176841E-5,-0.999999997471721,0.));
#3357=DIRECTION('center_axis',(-0.500061580485004,-0.865989847355522,0.));
#3358=DIRECTION('ref_axis',(0.865989847355522,-0.500061580485004,-1.01109596885506E-15));
#3359=DIRECTION('',(0.865989847355522,-0.500061580485004,-1.01109596885506E-15));
#3360=DIRECTION('',(0.,0.,1.));
#3361=DIRECTION('',(0.865989847355522,-0.500061580485004,-1.01109596885506E-15));
#3362=DIRECTION('',(0.,0.,1.));
#3363=DIRECTION('center_axis',(0.865989847355521,-0.500061580485005,0.));
#3364=DIRECTION('ref_axis',(0.500061580485005,0.865989847355521,9.51619735392993E-16));
#3365=DIRECTION('',(0.500061580485005,0.865989847355521,9.51619735392993E-16));
#3366=DIRECTION('',(0.500061580485005,0.865989847355521,9.51619735392993E-16));
#3367=DIRECTION('',(0.,0.,1.));
#3368=DIRECTION('center_axis',(0.500061580485006,0.865989847355521,0.));
#3369=DIRECTION('ref_axis',(-0.865989847355521,0.500061580485006,0.));
#3370=DIRECTION('',(-0.865989847355521,0.500061580485006,0.));
#3371=DIRECTION('',(-0.865989847355521,0.500061580485006,0.));
#3372=DIRECTION('',(0.,0.,1.));
#3373=DIRECTION('center_axis',(-0.865989847355522,0.500061580485004,0.));
#3374=DIRECTION('ref_axis',(-0.500061580485004,-0.865989847355522,5.9476233462062E-17));
#3375=DIRECTION('',(-0.500061580485004,-0.865989847355522,5.9476233462062E-17));
#3376=DIRECTION('',(-0.500061580485004,-0.865989847355522,5.9476233462062E-17));
#3377=DIRECTION('center_axis',(-7.11094851794154E-5,-0.999999997471721,
0.));
#3378=DIRECTION('ref_axis',(0.999999997471721,-7.11094851794154E-5,-1.20676415720126E-16));
#3379=DIRECTION('',(0.999999997471721,-7.11094851794154E-5,-1.20676415720126E-16));
#3380=DIRECTION('',(0.,0.,1.));
#3381=DIRECTION('',(0.999999997471721,-7.11094851794154E-5,-1.20676415720126E-16));
#3382=DIRECTION('',(0.,0.,1.));
#3383=DIRECTION('center_axis',(0.999999997471721,-7.11094851749102E-5,0.));
#3384=DIRECTION('ref_axis',(7.11094851749102E-5,0.999999997471721,0.));
#3385=DIRECTION('',(7.11094851749102E-5,0.999999997471721,0.));
#3386=DIRECTION('',(7.11094851749102E-5,0.999999997471721,0.));
#3387=DIRECTION('',(0.,0.,1.));
#3388=DIRECTION('center_axis',(7.11094851742666E-5,0.999999997471721,0.));
#3389=DIRECTION('ref_axis',(-0.999999997471721,7.11094851742666E-5,1.20676415720126E-16));
#3390=DIRECTION('',(-0.999999997471721,7.11094851742666E-5,1.20676415720126E-16));
#3391=DIRECTION('',(-0.999999997471721,7.11094851742666E-5,1.20676415720126E-16));
#3392=DIRECTION('',(0.,0.,1.));
#3393=DIRECTION('center_axis',(-0.999999997471721,7.11094851749106E-5,0.));
#3394=DIRECTION('ref_axis',(-7.11094851749106E-5,-0.999999997471721,0.));
#3395=DIRECTION('',(-7.11094851749106E-5,-0.999999997471721,0.));
#3396=DIRECTION('',(-7.11094851749106E-5,-0.999999997471721,0.));
#3397=DIRECTION('center_axis',(-7.11094851755538E-5,-0.999999997471721,
0.));
#3398=DIRECTION('ref_axis',(0.999999997471721,-7.11094851755538E-5,-1.20676415720126E-16));
#3399=DIRECTION('',(0.999999997471721,-7.11094851755538E-5,-1.20676415720126E-16));
#3400=DIRECTION('',(0.,0.,1.));
#3401=DIRECTION('',(0.999999997471721,-7.11094851755538E-5,-1.20676415720126E-16));
#3402=DIRECTION('',(0.,0.,1.));
#3403=DIRECTION('center_axis',(0.999999997471721,-7.11094851774848E-5,0.));
#3404=DIRECTION('ref_axis',(7.11094851774848E-5,0.999999997471721,0.));
#3405=DIRECTION('',(7.11094851774848E-5,0.999999997471721,0.));
#3406=DIRECTION('',(7.11094851774848E-5,0.999999997471721,0.));
#3407=DIRECTION('',(0.,0.,1.));
#3408=DIRECTION('center_axis',(7.11094851794153E-5,0.999999997471721,0.));
#3409=DIRECTION('ref_axis',(-0.999999997471721,7.11094851794153E-5,1.20676415720126E-16));
#3410=DIRECTION('',(-0.999999997471721,7.11094851794153E-5,1.20676415720126E-16));
#3411=DIRECTION('',(-0.999999997471721,7.11094851794153E-5,1.20676415720126E-16));
#3412=DIRECTION('',(0.,0.,1.));
#3413=DIRECTION('center_axis',(-0.999999997471721,7.11094851761973E-5,0.));
#3414=DIRECTION('ref_axis',(-7.11094851761973E-5,-0.999999997471721,0.));
#3415=DIRECTION('',(-7.11094851761973E-5,-0.999999997471721,0.));
#3416=DIRECTION('',(-7.11094851761973E-5,-0.999999997471721,0.));
#3417=DIRECTION('center_axis',(-0.999999997471721,7.11094851755535E-5,0.));
#3418=DIRECTION('ref_axis',(-7.11094851755535E-5,-0.999999997471721,0.));
#3419=DIRECTION('',(-7.11094851755534E-5,-0.999999997471721,0.));
#3420=DIRECTION('',(0.,0.,1.));
#3421=DIRECTION('',(-7.11094851755534E-5,-0.999999997471721,0.));
#3422=DIRECTION('',(0.,0.,1.));
#3423=DIRECTION('center_axis',(-7.11094851742666E-5,-0.999999997471721,
0.));
#3424=DIRECTION('ref_axis',(0.999999997471721,-7.11094851742666E-5,-1.20676415720126E-16));
#3425=DIRECTION('',(0.999999997471721,-7.11094851742666E-5,-1.20676415720126E-16));
#3426=DIRECTION('',(0.999999997471721,-7.11094851742666E-5,-1.20676415720126E-16));
#3427=DIRECTION('',(0.,0.,1.));
#3428=DIRECTION('center_axis',(0.999999997471721,-7.11094851781283E-5,0.));
#3429=DIRECTION('ref_axis',(7.11094851781283E-5,0.999999997471721,0.));
#3430=DIRECTION('',(7.11094851781282E-5,0.999999997471721,0.));
#3431=DIRECTION('',(7.11094851781282E-5,0.999999997471721,0.));
#3432=DIRECTION('',(0.,0.,1.));
#3433=DIRECTION('center_axis',(7.11094851794153E-5,0.999999997471721,0.));
#3434=DIRECTION('ref_axis',(-0.999999997471721,7.11094851794153E-5,1.20676415720126E-16));
#3435=DIRECTION('',(-0.999999997471721,7.11094851794153E-5,1.20676415720126E-16));
#3436=DIRECTION('',(-0.999999997471721,7.11094851794153E-5,1.20676415720126E-16));
#3437=DIRECTION('center_axis',(-0.999999997471721,7.1109485176841E-5,0.));
#3438=DIRECTION('ref_axis',(-7.1109485176841E-5,-0.999999997471721,0.));
#3439=DIRECTION('',(-7.1109485176841E-5,-0.999999997471721,0.));
#3440=DIRECTION('',(0.,0.,1.));
#3441=DIRECTION('',(-7.1109485176841E-5,-0.999999997471721,0.));
#3442=DIRECTION('',(0.,0.,1.));
#3443=DIRECTION('center_axis',(-7.11094851742665E-5,-0.999999997471721,
0.));
#3444=DIRECTION('ref_axis',(0.999999997471721,-7.11094851742665E-5,-1.20676415720126E-16));
#3445=DIRECTION('',(0.999999997471721,-7.11094851742665E-5,-1.20676415720126E-16));
#3446=DIRECTION('',(0.999999997471721,-7.11094851742665E-5,-1.20676415720126E-16));
#3447=DIRECTION('',(0.,0.,1.));
#3448=DIRECTION('center_axis',(0.999999997471721,-7.11094851761978E-5,0.));
#3449=DIRECTION('ref_axis',(7.11094851761978E-5,0.999999997471721,0.));
#3450=DIRECTION('',(7.11094851761978E-5,0.999999997471721,0.));
#3451=DIRECTION('',(7.11094851761978E-5,0.999999997471721,0.));
#3452=DIRECTION('',(0.,0.,1.));
#3453=DIRECTION('center_axis',(7.11094851794154E-5,0.999999997471721,0.));
#3454=DIRECTION('ref_axis',(-0.999999997471721,7.11094851794154E-5,1.20676415720126E-16));
#3455=DIRECTION('',(-0.999999997471721,7.11094851794154E-5,1.20676415720126E-16));
#3456=DIRECTION('',(-0.999999997471721,7.11094851794154E-5,1.20676415720126E-16));
#3457=DIRECTION('center_axis',(-0.999999997471721,7.11094851755537E-5,0.));
#3458=DIRECTION('ref_axis',(-7.11094851755537E-5,-0.999999997471721,0.));
#3459=DIRECTION('',(-7.11094851755537E-5,-0.999999997471721,0.));
#3460=DIRECTION('',(0.,0.,1.));
#3461=DIRECTION('',(-7.11094851755537E-5,-0.999999997471721,0.));
#3462=DIRECTION('',(0.,0.,1.));
#3463=DIRECTION('center_axis',(-7.11094851755539E-5,-0.999999997471721,
0.));
#3464=DIRECTION('ref_axis',(0.999999997471721,-7.11094851755539E-5,-1.20676415720126E-16));
#3465=DIRECTION('',(0.999999997471721,-7.11094851755538E-5,-1.20676415720126E-16));
#3466=DIRECTION('',(0.999999997471721,-7.11094851755538E-5,-1.20676415720126E-16));
#3467=DIRECTION('',(0.,0.,1.));
#3468=DIRECTION('center_axis',(0.999999997471721,-7.11094851774848E-5,0.));
#3469=DIRECTION('ref_axis',(7.11094851774848E-5,0.999999997471721,0.));
#3470=DIRECTION('',(7.11094851774848E-5,0.999999997471721,0.));
#3471=DIRECTION('',(7.11094851774848E-5,0.999999997471721,0.));
#3472=DIRECTION('',(0.,0.,1.));
#3473=DIRECTION('center_axis',(7.11094851794154E-5,0.999999997471721,0.));
#3474=DIRECTION('ref_axis',(-0.999999997471721,7.11094851794154E-5,1.20676415720126E-16));
#3475=DIRECTION('',(-0.999999997471721,7.11094851794153E-5,1.20676415720126E-16));
#3476=DIRECTION('',(-0.999999997471721,7.11094851794153E-5,1.20676415720126E-16));
#3477=DIRECTION('center_axis',(0.999999997471721,-7.11094851768413E-5,0.));
#3478=DIRECTION('ref_axis',(7.11094851768413E-5,0.999999997471721,0.));
#3479=DIRECTION('',(7.11094851768413E-5,0.999999997471721,0.));
#3480=DIRECTION('',(0.,0.,1.));
#3481=DIRECTION('',(7.11094851768413E-5,0.999999997471721,0.));
#3482=DIRECTION('',(0.,0.,1.));
#3483=DIRECTION('center_axis',(7.11094851768409E-5,0.999999997471721,0.));
#3484=DIRECTION('ref_axis',(-0.999999997471721,7.11094851768409E-5,1.20676415720126E-16));
#3485=DIRECTION('',(-0.999999997471721,7.11094851768409E-5,1.20676415720126E-16));
#3486=DIRECTION('',(-0.999999997471721,7.11094851768409E-5,1.20676415720126E-16));
#3487=DIRECTION('',(0.,0.,1.));
#3488=DIRECTION('center_axis',(-0.999999997471721,7.11094851768409E-5,0.));
#3489=DIRECTION('ref_axis',(-7.11094851768409E-5,-0.999999997471721,0.));
#3490=DIRECTION('',(-7.11094851768409E-5,-0.999999997471721,0.));
#3491=DIRECTION('',(-7.11094851768409E-5,-0.999999997471721,0.));
#3492=DIRECTION('',(0.,0.,1.));
#3493=DIRECTION('center_axis',(-7.11094851716921E-5,-0.999999997471721,
0.));
#3494=DIRECTION('ref_axis',(0.999999997471721,-7.11094851716921E-5,-1.20676415720126E-16));
#3495=DIRECTION('',(0.999999997471721,-7.11094851716921E-5,-1.20676415720126E-16));
#3496=DIRECTION('',(0.999999997471721,-7.11094851716921E-5,-1.20676415720126E-16));
#3497=DIRECTION('center_axis',(0.,0.,1.));
#3498=DIRECTION('ref_axis',(-1.,0.,0.));
#3499=DIRECTION('center_axis',(0.,0.,-1.));
#3500=DIRECTION('ref_axis',(-1.,0.,0.));
#3501=DIRECTION('',(0.,0.,-1.));
#3502=DIRECTION('center_axis',(0.,0.,-1.));
#3503=DIRECTION('ref_axis',(-1.,0.,0.));
#3504=DIRECTION('center_axis',(7.11094851781282E-5,0.999999997471721,0.));
#3505=DIRECTION('ref_axis',(-0.999999997471721,7.11094851781282E-5,1.20676415720126E-16));
#3506=DIRECTION('',(-0.999999997471721,7.11094851781282E-5,1.20676415720126E-16));
#3507=DIRECTION('',(0.,0.,1.));
#3508=DIRECTION('',(-0.999999997471721,7.11094851781282E-5,1.20676415720126E-16));
#3509=DIRECTION('',(0.,0.,1.));
#3510=DIRECTION('center_axis',(-0.999999997471721,7.11094851761976E-5,0.));
#3511=DIRECTION('ref_axis',(-7.11094851761976E-5,-0.999999997471721,0.));
#3512=DIRECTION('',(-7.11094851761976E-5,-0.999999997471721,0.));
#3513=DIRECTION('',(-7.11094851761976E-5,-0.999999997471721,0.));
#3514=DIRECTION('',(0.,0.,1.));
#3515=DIRECTION('center_axis',(-7.11094851807027E-5,-0.999999997471721,
0.));
#3516=DIRECTION('ref_axis',(0.999999997471721,-7.11094851807027E-5,-1.20676415720126E-16));
#3517=DIRECTION('',(0.999999997471721,-7.11094851807027E-5,-1.20676415720126E-16));
#3518=DIRECTION('',(0.999999997471721,-7.11094851807027E-5,-1.20676415720126E-16));
#3519=DIRECTION('',(0.,0.,1.));
#3520=DIRECTION('center_axis',(0.999999997471721,-7.11094851774846E-5,0.));
#3521=DIRECTION('ref_axis',(7.11094851774846E-5,0.999999997471721,0.));
#3522=DIRECTION('',(7.11094851774846E-5,0.999999997471721,0.));
#3523=DIRECTION('',(7.11094851774846E-5,0.999999997471721,0.));
#3524=DIRECTION('center_axis',(0.,0.,1.));
#3525=DIRECTION('ref_axis',(-1.,0.,0.));
#3526=DIRECTION('center_axis',(0.,0.,-1.));
#3527=DIRECTION('ref_axis',(-1.,0.,0.));
#3528=DIRECTION('',(0.,0.,-1.));
#3529=DIRECTION('center_axis',(0.,0.,-1.));
#3530=DIRECTION('ref_axis',(-1.,0.,0.));
#3531=DIRECTION('center_axis',(-0.999999997471721,7.11094851774843E-5,0.));
#3532=DIRECTION('ref_axis',(-7.11094851774843E-5,-0.999999997471721,0.));
#3533=DIRECTION('',(-7.11094851774843E-5,-0.999999997471721,0.));
#3534=DIRECTION('',(0.,0.,1.));
#3535=DIRECTION('',(-7.11094851774843E-5,-0.999999997471721,0.));
#3536=DIRECTION('',(0.,0.,1.));
#3537=DIRECTION('center_axis',(-7.11094851691176E-5,-0.999999997471721,
0.));
#3538=DIRECTION('ref_axis',(0.999999997471721,-7.11094851691176E-5,-1.20676415720126E-16));
#3539=DIRECTION('',(0.999999997471721,-7.11094851691176E-5,-1.20676415720126E-16));
#3540=DIRECTION('',(0.999999997471721,-7.11094851691176E-5,-1.20676415720126E-16));
#3541=DIRECTION('',(0.,0.,1.));
#3542=DIRECTION('center_axis',(0.999999997471721,-7.1109485177485E-5,0.));
#3543=DIRECTION('ref_axis',(7.1109485177485E-5,0.999999997471721,0.));
#3544=DIRECTION('',(7.1109485177485E-5,0.999999997471721,0.));
#3545=DIRECTION('',(7.1109485177485E-5,0.999999997471721,0.));
#3546=DIRECTION('',(0.,0.,1.));
#3547=DIRECTION('center_axis',(7.11094851794154E-5,0.999999997471721,0.));
#3548=DIRECTION('ref_axis',(-0.999999997471721,7.11094851794154E-5,1.20676415720126E-16));
#3549=DIRECTION('',(-0.999999997471721,7.11094851794153E-5,1.20676415720126E-16));
#3550=DIRECTION('',(-0.999999997471721,7.11094851794153E-5,1.20676415720126E-16));
#3551=DIRECTION('center_axis',(0.,0.,1.));
#3552=DIRECTION('ref_axis',(-1.,0.,0.));
#3553=DIRECTION('center_axis',(0.,0.,-1.));
#3554=DIRECTION('ref_axis',(-1.,0.,0.));
#3555=DIRECTION('',(0.,0.,-1.));
#3556=DIRECTION('center_axis',(0.,0.,-1.));
#3557=DIRECTION('ref_axis',(-1.,0.,0.));
#3558=DIRECTION('center_axis',(-0.999999997471721,7.11094851768409E-5,0.));
#3559=DIRECTION('ref_axis',(-7.11094851768409E-5,-0.999999997471721,0.));
#3560=DIRECTION('',(-7.11094851768409E-5,-0.999999997471721,0.));
#3561=DIRECTION('',(0.,0.,1.));
#3562=DIRECTION('',(-7.11094851768409E-5,-0.999999997471721,0.));
#3563=DIRECTION('',(0.,0.,1.));
#3564=DIRECTION('center_axis',(-7.11094851794156E-5,-0.999999997471721,
0.));
#3565=DIRECTION('ref_axis',(0.999999997471721,-7.11094851794156E-5,-1.20676415720126E-16));
#3566=DIRECTION('',(0.999999997471721,-7.11094851794156E-5,-1.20676415720126E-16));
#3567=DIRECTION('',(0.999999997471721,-7.11094851794156E-5,-1.20676415720126E-16));
#3568=DIRECTION('',(0.,0.,1.));
#3569=DIRECTION('center_axis',(0.999999997471721,-7.11094851768409E-5,0.));
#3570=DIRECTION('ref_axis',(7.11094851768409E-5,0.999999997471721,0.));
#3571=DIRECTION('',(7.11094851768409E-5,0.999999997471721,0.));
#3572=DIRECTION('',(7.11094851768409E-5,0.999999997471721,0.));
#3573=DIRECTION('',(0.,0.,1.));
#3574=DIRECTION('center_axis',(7.11094851794156E-5,0.999999997471721,0.));
#3575=DIRECTION('ref_axis',(-0.999999997471721,7.11094851794156E-5,1.20676415720126E-16));
#3576=DIRECTION('',(-0.999999997471721,7.11094851794156E-5,1.20676415720126E-16));
#3577=DIRECTION('',(-0.999999997471721,7.11094851794156E-5,1.20676415720126E-16));
#3578=DIRECTION('center_axis',(0.999999997471721,-7.11094851768418E-5,0.));
#3579=DIRECTION('ref_axis',(7.11094851768418E-5,0.999999997471721,0.));
#3580=DIRECTION('',(7.11094851768418E-5,0.999999997471721,0.));
#3581=DIRECTION('',(0.,0.,1.));
#3582=DIRECTION('',(7.11094851768418E-5,0.999999997471721,0.));
#3583=DIRECTION('',(0.,0.,1.));
#3584=DIRECTION('center_axis',(7.110948518199E-5,0.999999997471721,0.));
#3585=DIRECTION('ref_axis',(-0.999999997471721,7.110948518199E-5,1.20676415720126E-16));
#3586=DIRECTION('',(-0.999999997471721,7.110948518199E-5,1.20676415720126E-16));
#3587=DIRECTION('',(-0.999999997471721,7.110948518199E-5,1.20676415720126E-16));
#3588=DIRECTION('',(0.,0.,1.));
#3589=DIRECTION('center_axis',(-0.999999997471721,7.11094851781286E-5,0.));
#3590=DIRECTION('ref_axis',(-7.11094851781286E-5,-0.999999997471721,0.));
#3591=DIRECTION('',(-7.11094851781286E-5,-0.999999997471721,0.));
#3592=DIRECTION('',(-7.11094851781286E-5,-0.999999997471721,0.));
#3593=DIRECTION('',(0.,0.,1.));
#3594=DIRECTION('center_axis',(-7.1109485176841E-5,-0.999999997471721,0.));
#3595=DIRECTION('ref_axis',(0.999999997471721,-7.1109485176841E-5,-1.20676415720126E-16));
#3596=DIRECTION('',(0.999999997471721,-7.1109485176841E-5,-1.20676415720126E-16));
#3597=DIRECTION('',(0.999999997471721,-7.1109485176841E-5,-1.20676415720126E-16));
#3598=DIRECTION('center_axis',(0.,1.,0.));
#3599=DIRECTION('ref_axis',(-1.,0.,0.));
#3600=DIRECTION('',(-1.,0.,0.));
#3601=DIRECTION('',(0.,0.,1.));
#3602=DIRECTION('',(-1.,0.,0.));
#3603=DIRECTION('',(0.,0.,1.));
#3604=DIRECTION('center_axis',(-1.,0.,0.));
#3605=DIRECTION('ref_axis',(0.,-1.,0.));
#3606=DIRECTION('',(0.,-1.,0.));
#3607=DIRECTION('',(0.,-1.,0.));
#3608=DIRECTION('',(0.,0.,1.));
#3609=DIRECTION('center_axis',(0.,-1.,0.));
#3610=DIRECTION('ref_axis',(1.,0.,0.));
#3611=DIRECTION('',(1.,0.,0.));
#3612=DIRECTION('',(1.,0.,0.));
#3613=DIRECTION('',(0.,0.,1.));
#3614=DIRECTION('center_axis',(1.,0.,0.));
#3615=DIRECTION('ref_axis',(0.,1.,0.));
#3616=DIRECTION('',(0.,1.,0.));
#3617=DIRECTION('',(0.,1.,0.));
#3618=DIRECTION('center_axis',(7.1109485176841E-5,0.999999997471721,0.));
#3619=DIRECTION('ref_axis',(-0.999999997471721,7.1109485176841E-5,1.20676415720126E-16));
#3620=DIRECTION('',(-0.999999997471721,7.1109485176841E-5,1.20676415720126E-16));
#3621=DIRECTION('',(0.,0.,1.));
#3622=DIRECTION('',(-0.999999997471721,7.1109485176841E-5,1.20676415720126E-16));
#3623=DIRECTION('',(0.,0.,1.));
#3624=DIRECTION('center_axis',(-0.999999997471721,7.1109485176841E-5,0.));
#3625=DIRECTION('ref_axis',(-7.1109485176841E-5,-0.999999997471721,0.));
#3626=DIRECTION('',(-7.1109485176841E-5,-0.999999997471721,0.));
#3627=DIRECTION('',(-7.1109485176841E-5,-0.999999997471721,0.));
#3628=DIRECTION('',(0.,0.,1.));
#3629=DIRECTION('center_axis',(-7.11094851716921E-5,-0.999999997471721,
0.));
#3630=DIRECTION('ref_axis',(0.999999997471721,-7.11094851716921E-5,-1.20676415720126E-16));
#3631=DIRECTION('',(0.999999997471721,-7.11094851716921E-5,-1.20676415720126E-16));
#3632=DIRECTION('',(0.999999997471721,-7.11094851716921E-5,-1.20676415720126E-16));
#3633=DIRECTION('',(0.,0.,1.));
#3634=DIRECTION('center_axis',(0.999999997471721,-7.11094851768414E-5,0.));
#3635=DIRECTION('ref_axis',(7.11094851768414E-5,0.999999997471721,0.));
#3636=DIRECTION('',(7.11094851768414E-5,0.999999997471721,0.));
#3637=DIRECTION('',(7.11094851768414E-5,0.999999997471721,0.));
#3638=DIRECTION('center_axis',(0.9999988442327,0.00152037273891552,0.));
#3639=DIRECTION('ref_axis',(-0.00152037273891552,0.999998844232699,0.));
#3640=DIRECTION('',(-0.00152037273891552,0.999998844232699,0.));
#3641=DIRECTION('',(0.,0.,1.));
#3642=DIRECTION('',(-0.00152037273891552,0.999998844232699,0.));
#3643=DIRECTION('',(0.,0.,1.));
#3644=DIRECTION('center_axis',(0.999999898889071,-0.000449690835520022,
0.));
#3645=DIRECTION('ref_axis',(0.000449690835520022,0.999999898889071,0.));
#3646=DIRECTION('',(-0.000449690835520022,-0.999999898889071,0.));
#3647=DIRECTION('',(0.000449690835520022,0.999999898889071,0.));
#3648=DIRECTION('',(0.,0.,1.));
#3649=DIRECTION('center_axis',(0.999999883656418,-0.00048237656543249,0.));
#3650=DIRECTION('ref_axis',(0.00048237656543249,0.999999883656418,0.));
#3651=DIRECTION('',(0.00048237656543249,0.999999883656418,0.));
#3652=DIRECTION('',(0.00048237656543249,0.999999883656418,0.));
#3653=DIRECTION('',(0.,0.,1.));
#3654=DIRECTION('center_axis',(0.,0.,1.));
#3655=DIRECTION('ref_axis',(0.733910811045835,-0.679245847561871,0.));
#3656=DIRECTION('center_axis',(0.,0.,1.));
#3657=DIRECTION('ref_axis',(0.733910811045835,-0.679245847561871,0.));
#3658=DIRECTION('center_axis',(0.,0.,1.));
#3659=DIRECTION('ref_axis',(0.733910811045835,-0.679245847561871,0.));
#3660=DIRECTION('',(0.,0.,1.));
#3661=DIRECTION('center_axis',(0.706451122557673,-0.707761832424583,0.));
#3662=DIRECTION('ref_axis',(0.707761832424583,0.706451122557673,0.));
#3663=DIRECTION('',(0.707761832424583,0.706451122557673,0.));
#3664=DIRECTION('',(0.707761832424583,0.706451122557673,0.));
#3665=DIRECTION('',(0.,0.,1.));
#3666=DIRECTION('center_axis',(0.,0.,1.));
#3667=DIRECTION('ref_axis',(-0.706467328084859,0.707745656538166,0.));
#3668=DIRECTION('center_axis',(0.,0.,1.));
#3669=DIRECTION('ref_axis',(-0.706467328084859,0.707745656538166,0.));
#3670=DIRECTION('center_axis',(0.,0.,-1.));
#3671=DIRECTION('ref_axis',(-0.706467328084859,0.707745656538166,0.));
#3672=DIRECTION('',(0.,0.,1.));
#3673=DIRECTION('center_axis',(0.999999987799135,0.000156210530450402,0.));
#3674=DIRECTION('ref_axis',(-0.000156210530450402,0.999999987799135,0.));
#3675=DIRECTION('',(-0.000156210530450402,0.999999987799135,0.));
#3676=DIRECTION('',(-0.000156210530450402,0.999999987799135,0.));
#3677=DIRECTION('',(0.,0.,1.));
#3678=DIRECTION('center_axis',(0.,0.,1.));
#3679=DIRECTION('ref_axis',(0.852957543032934,-0.521980296355351,0.));
#3680=DIRECTION('center_axis',(0.,0.,1.));
#3681=DIRECTION('ref_axis',(0.852957543032934,-0.521980296355351,0.));
#3682=DIRECTION('center_axis',(0.,0.,1.));
#3683=DIRECTION('ref_axis',(0.852957543032934,-0.521980296355351,0.));
#3684=DIRECTION('',(0.,0.,1.));
#3685=DIRECTION('center_axis',(0.852955993624023,-0.521982828204967,0.));
#3686=DIRECTION('ref_axis',(0.521982828204967,0.852955993624023,0.));
#3687=DIRECTION('',(0.521982828204967,0.852955993624023,0.));
#3688=DIRECTION('',(0.521982828204967,0.852955993624023,0.));
#3689=DIRECTION('',(0.,0.,1.));
#3690=DIRECTION('center_axis',(0.,0.,1.));
#3691=DIRECTION('ref_axis',(-0.504315873352797,-0.863519252758389,0.));
#3692=DIRECTION('center_axis',(0.,0.,1.));
#3693=DIRECTION('ref_axis',(-0.504315873352797,-0.863519252758389,0.));
#3694=DIRECTION('center_axis',(0.,0.,1.));
#3695=DIRECTION('ref_axis',(-0.504315873352797,-0.863519252758389,0.));
#3696=DIRECTION('',(0.,0.,1.));
#3697=DIRECTION('center_axis',(-0.514409336037425,-0.857544771424522,0.));
#3698=DIRECTION('ref_axis',(0.857544771424522,-0.514409336037425,0.));
#3699=DIRECTION('',(0.857544771424522,-0.514409336037425,0.));
#3700=DIRECTION('',(0.857544771424522,-0.514409336037425,0.));
#3701=DIRECTION('',(0.,0.,1.));
#3702=DIRECTION('center_axis',(0.,0.,1.));
#3703=DIRECTION('ref_axis',(0.514414176366444,0.857541867871903,0.));
#3704=DIRECTION('center_axis',(0.,0.,1.));
#3705=DIRECTION('ref_axis',(0.514414176366444,0.857541867871903,0.));
#3706=DIRECTION('center_axis',(0.,0.,-1.));
#3707=DIRECTION('ref_axis',(0.514414176366444,0.857541867871903,0.));
#3708=DIRECTION('',(0.,0.,1.));
#3709=DIRECTION('center_axis',(-0.25694449182991,-0.966426162786516,0.));
#3710=DIRECTION('ref_axis',(0.966426162786516,-0.25694449182991,0.));
#3711=DIRECTION('',(0.966426162786516,-0.25694449182991,0.));
#3712=DIRECTION('',(0.966426162786516,-0.25694449182991,0.));
#3713=DIRECTION('',(0.,0.,1.));
#3714=DIRECTION('center_axis',(0.,0.,1.));
#3715=DIRECTION('ref_axis',(0.256945361687557,0.966425931516353,0.));
#3716=DIRECTION('center_axis',(0.,0.,1.));
#3717=DIRECTION('ref_axis',(0.256945361687557,0.966425931516353,0.));
#3718=DIRECTION('center_axis',(0.,0.,-1.));
#3719=DIRECTION('ref_axis',(0.256945361687557,0.966425931516353,0.));
#3720=DIRECTION('',(0.,0.,1.));
#3721=DIRECTION('center_axis',(0.00106391006680035,-0.999999434047525,0.));
#3722=DIRECTION('ref_axis',(0.999999434047525,0.00106391006680035,0.));
#3723=DIRECTION('',(0.999999434047525,0.00106391006680035,0.));
#3724=DIRECTION('',(0.999999434047525,0.00106391006680035,0.));
#3725=DIRECTION('',(0.,0.,1.));
#3726=DIRECTION('center_axis',(0.,0.,1.));
#3727=DIRECTION('ref_axis',(-0.831186240372677,-0.555994095126139,0.));
#3728=DIRECTION('center_axis',(0.,0.,1.));
#3729=DIRECTION('ref_axis',(-0.831186240372677,-0.555994095126139,0.));
#3730=DIRECTION('center_axis',(0.,0.,1.));
#3731=DIRECTION('ref_axis',(-0.831186240372677,-0.555994095126139,0.));
#3732=DIRECTION('',(0.,0.,1.));
#3733=DIRECTION('center_axis',(-0.831186806956344,-0.555993248108031,0.));
#3734=DIRECTION('ref_axis',(0.55599324810803,-0.831186806956344,0.));
#3735=DIRECTION('',(0.55599324810803,-0.831186806956344,0.));
#3736=DIRECTION('',(0.55599324810803,-0.831186806956344,0.));
#3737=DIRECTION('',(0.,0.,1.));
#3738=DIRECTION('center_axis',(0.,0.,1.));
#3739=DIRECTION('ref_axis',(0.835795303382345,0.549041174088077,0.));
#3740=DIRECTION('center_axis',(0.,0.,1.));
#3741=DIRECTION('ref_axis',(0.835795303382345,0.549041174088077,0.));
#3742=DIRECTION('center_axis',(0.,0.,-1.));
#3743=DIRECTION('ref_axis',(0.835795303382345,0.549041174088077,0.));
#3744=DIRECTION('',(0.,0.,1.));
#3745=DIRECTION('center_axis',(0.000177123430463809,-0.999999984313645,
0.));
#3746=DIRECTION('ref_axis',(0.999999984313645,0.000177123430463809,0.));
#3747=DIRECTION('',(0.999999984313645,0.000177123430463809,0.));
#3748=DIRECTION('',(0.999999984313645,0.000177123430463809,0.));
#3749=DIRECTION('',(0.,0.,1.));
#3750=DIRECTION('center_axis',(0.,0.,1.));
#3751=DIRECTION('ref_axis',(-0.999999940307687,0.00034552079776209,0.));
#3752=DIRECTION('center_axis',(0.,0.,1.));
#3753=DIRECTION('ref_axis',(-0.999999940307687,0.00034552079776209,0.));
#3754=DIRECTION('center_axis',(0.,0.,1.));
#3755=DIRECTION('ref_axis',(-0.999999940307687,0.00034552079776209,0.));
#3756=DIRECTION('',(0.,0.,1.));
#3757=DIRECTION('center_axis',(-0.999999798453078,0.00063489668704113,0.));
#3758=DIRECTION('ref_axis',(-0.00063489668704113,-0.999999798453078,0.));
#3759=DIRECTION('',(-0.00063489668704113,-0.999999798453078,0.));
#3760=DIRECTION('',(-0.00063489668704113,-0.999999798453078,0.));
#3761=DIRECTION('',(0.,0.,1.));
#3762=DIRECTION('center_axis',(0.,0.,1.));
#3763=DIRECTION('ref_axis',(-7.10659215121338E-6,0.999999999974748,0.));
#3764=DIRECTION('center_axis',(0.,0.,1.));
#3765=DIRECTION('ref_axis',(-7.10659215121338E-6,0.999999999974748,0.));
#3766=DIRECTION('center_axis',(0.,0.,1.));
#3767=DIRECTION('ref_axis',(-7.10659215121338E-6,0.999999999974748,0.));
#3768=DIRECTION('',(0.,0.,1.));
#3769=DIRECTION('center_axis',(0.,1.,0.));
#3770=DIRECTION('ref_axis',(-1.,0.,0.));
#3771=DIRECTION('',(-1.,0.,0.));
#3772=DIRECTION('',(-1.,0.,0.));
#3773=DIRECTION('',(0.,0.,1.));
#3774=DIRECTION('center_axis',(-2.55532733770989E-5,0.999999999673515,0.));
#3775=DIRECTION('ref_axis',(-0.999999999673515,-2.55532733770989E-5,0.));
#3776=DIRECTION('',(-0.999999999673515,-2.55532733770989E-5,0.));
#3777=DIRECTION('',(-0.999999999673515,-2.55532733770989E-5,0.));
#3778=DIRECTION('',(0.,0.,1.));
#3779=DIRECTION('center_axis',(0.,0.,1.));
#3780=DIRECTION('ref_axis',(0.000124268718153602,-0.999999992278643,0.));
#3781=DIRECTION('center_axis',(0.,0.,1.));
#3782=DIRECTION('ref_axis',(0.000124268718153602,-0.999999992278643,0.));
#3783=DIRECTION('center_axis',(0.,0.,-1.));
#3784=DIRECTION('ref_axis',(0.000124268718153602,-0.999999992278643,0.));
#3785=DIRECTION('',(0.,0.,1.));
#3786=DIRECTION('center_axis',(-1.,-2.36909933281139E-14,0.));
#3787=DIRECTION('ref_axis',(2.36909933281139E-14,-1.,0.));
#3788=DIRECTION('',(2.36909933281139E-14,-1.,0.));
#3789=DIRECTION('',(2.36909933281139E-14,-1.,0.));
#3790=DIRECTION('',(0.,0.,1.));
#3791=DIRECTION('center_axis',(0.,0.,1.));
#3792=DIRECTION('ref_axis',(5.19598076500054E-5,0.999999998650089,0.));
#3793=DIRECTION('center_axis',(0.,0.,1.));
#3794=DIRECTION('ref_axis',(5.19598076500054E-5,0.999999998650089,0.));
#3795=DIRECTION('center_axis',(0.,0.,1.));
#3796=DIRECTION('ref_axis',(5.19598076500054E-5,0.999999998650089,0.));
#3797=DIRECTION('',(0.,0.,1.));
#3798=DIRECTION('center_axis',(-3.79449558194109E-13,1.,0.));
#3799=DIRECTION('ref_axis',(-1.,-3.79449558194109E-13,0.));
#3800=DIRECTION('',(-1.,-3.79449558194109E-13,0.));
#3801=DIRECTION('',(-1.,-3.79449558194109E-13,0.));
#3802=DIRECTION('',(0.,0.,1.));
#3803=DIRECTION('center_axis',(0.,0.,1.));
#3804=DIRECTION('ref_axis',(5.38808826178342E-5,-0.999999998548425,0.));
#3805=DIRECTION('center_axis',(0.,0.,1.));
#3806=DIRECTION('ref_axis',(5.38808826178342E-5,-0.999999998548425,0.));
#3807=DIRECTION('center_axis',(0.,0.,-1.));
#3808=DIRECTION('ref_axis',(5.38808826178342E-5,-0.999999998548425,0.));
#3809=DIRECTION('',(0.,0.,1.));
#3810=DIRECTION('center_axis',(-1.,-5.67526146773241E-14,0.));
#3811=DIRECTION('ref_axis',(5.67526146773241E-14,-1.,0.));
#3812=DIRECTION('',(5.67526146773241E-14,-1.,0.));
#3813=DIRECTION('',(5.67526146773241E-14,-1.,0.));
#3814=DIRECTION('',(0.,0.,1.));
#3815=DIRECTION('center_axis',(0.,0.,1.));
#3816=DIRECTION('ref_axis',(5.19598076322409E-5,0.999999998650089,0.));
#3817=DIRECTION('center_axis',(0.,0.,1.));
#3818=DIRECTION('ref_axis',(5.19598076322409E-5,0.999999998650089,0.));
#3819=DIRECTION('center_axis',(0.,0.,1.));
#3820=DIRECTION('ref_axis',(5.19598076322409E-5,0.999999998650089,0.));
#3821=DIRECTION('',(0.,0.,1.));
#3822=DIRECTION('center_axis',(0.000107115873303657,0.999999994263095,0.));
#3823=DIRECTION('ref_axis',(-0.999999994263095,0.000107115873303657,0.));
#3824=DIRECTION('',(-0.999999994263095,0.000107115873303657,0.));
#3825=DIRECTION('',(-0.999999994263095,0.000107115873303657,0.));
#3826=DIRECTION('',(0.,0.,1.));
#3827=DIRECTION('center_axis',(0.,0.,1.));
#3828=DIRECTION('ref_axis',(0.999999999996817,2.52309243954549E-6,0.));
#3829=DIRECTION('center_axis',(0.,0.,1.));
#3830=DIRECTION('ref_axis',(0.999999999996817,2.52309243954549E-6,0.));
#3831=DIRECTION('center_axis',(0.,0.,1.));
#3832=DIRECTION('ref_axis',(0.999999999996817,2.52309243954549E-6,0.));
#3833=DIRECTION('',(0.,0.,1.));
#3834=DIRECTION('center_axis',(1.,1.56069690362641E-13,0.));
#3835=DIRECTION('ref_axis',(-1.56069690362641E-13,1.,0.));
#3836=DIRECTION('',(-1.56069690362641E-13,1.,0.));
#3837=DIRECTION('',(-1.56069690362641E-13,1.,0.));
#3838=DIRECTION('',(0.,0.,1.));
#3839=DIRECTION('center_axis',(0.,0.,1.));
#3840=DIRECTION('ref_axis',(-0.999999998981576,4.51314567165148E-5,0.));
#3841=DIRECTION('center_axis',(0.,0.,1.));
#3842=DIRECTION('ref_axis',(-0.999999998981576,4.51314567165148E-5,0.));
#3843=DIRECTION('center_axis',(0.,0.,-1.));
#3844=DIRECTION('ref_axis',(-0.999999998981576,4.51314567165148E-5,0.));
#3845=DIRECTION('',(0.,0.,1.));
#3846=DIRECTION('center_axis',(0.,1.,0.));
#3847=DIRECTION('ref_axis',(-1.,0.,0.));
#3848=DIRECTION('',(-1.,0.,0.));
#3849=DIRECTION('',(-1.,0.,0.));
#3850=DIRECTION('',(0.,0.,1.));
#3851=DIRECTION('center_axis',(0.0283923856337004,0.99959685495605,0.));
#3852=DIRECTION('ref_axis',(-0.99959685495605,0.0283923856337004,0.));
#3853=DIRECTION('',(-0.99959685495605,0.0283923856337004,0.));
#3854=DIRECTION('',(-0.99959685495605,0.0283923856337004,0.));
#3855=DIRECTION('',(0.,0.,1.));
#3856=DIRECTION('center_axis',(0.0567704060836769,0.998387260031444,0.));
#3857=DIRECTION('ref_axis',(-0.998387260031444,0.0567704060836769,0.));
#3858=DIRECTION('',(-0.998387260031444,0.0567704060836769,0.));
#3859=DIRECTION('',(-0.998387260031444,0.0567704060836769,0.));
#3860=DIRECTION('',(0.,0.,1.));
#3861=DIRECTION('center_axis',(0.0281064536761134,0.999604935592933,0.));
#3862=DIRECTION('ref_axis',(-0.999604935592933,0.0281064536761134,0.));
#3863=DIRECTION('',(-0.999604935592933,0.0281064536761134,0.));
#3864=DIRECTION('',(-0.999604935592933,0.0281064536761134,0.));
#3865=DIRECTION('',(0.,0.,1.));
#3866=DIRECTION('center_axis',(-0.000578195673905864,0.999999832844867,
0.));
#3867=DIRECTION('ref_axis',(-0.999999832844867,-0.000578195673905864,0.));
#3868=DIRECTION('',(-0.999999832844867,-0.000578195673905864,0.));
#3869=DIRECTION('',(-0.999999832844867,-0.000578195673905864,0.));
#3870=DIRECTION('',(0.,0.,1.));
#3871=DIRECTION('center_axis',(0.,0.,1.));
#3872=DIRECTION('ref_axis',(0.999999917285633,-0.000406729304966853,0.));
#3873=DIRECTION('center_axis',(0.,0.,1.));
#3874=DIRECTION('ref_axis',(0.999999917285633,-0.000406729304966853,0.));
#3875=DIRECTION('center_axis',(0.,0.,1.));
#3876=DIRECTION('ref_axis',(0.999999917285633,-0.000406729304966853,0.));
#3877=DIRECTION('center_axis',(0.,0.,1.));
#3878=DIRECTION('ref_axis',(-1.,0.,0.));
#3879=DIRECTION('center_axis',(0.,0.,1.));
#3880=DIRECTION('ref_axis',(-1.,0.,0.));
#3881=CARTESIAN_POINT('',(0.,0.,0.));
#3882=CARTESIAN_POINT('Origin',(58.2602160221563,-105.325297525278,1.51));
#3883=CARTESIAN_POINT('',(58.2602160221563,-105.325297525278,1.51));
#3884=CARTESIAN_POINT('',(44.4602160570466,-105.324316214383,1.51));
#3885=CARTESIAN_POINT('',(44.4602160570466,-105.324316214383,1.51));
#3886=CARTESIAN_POINT('',(44.4602160570466,-105.324316214383,2.71));
#3887=CARTESIAN_POINT('',(44.4602160570466,-105.324316214383,1.51));
#3888=CARTESIAN_POINT('',(58.2602160221563,-105.325297525278,2.71));
#3889=CARTESIAN_POINT('',(44.4602160570466,-105.324316214383,2.71));
#3890=CARTESIAN_POINT('',(58.2602160221563,-105.325297525278,1.51));
#3891=CARTESIAN_POINT('Origin',(58.2611973330517,-91.5252975601686,1.51));
#3892=CARTESIAN_POINT('',(58.2611973330517,-91.5252975601686,1.51));
#3893=CARTESIAN_POINT('',(58.2602160221563,-105.325297525278,1.51));
#3894=CARTESIAN_POINT('',(58.2611973330517,-91.5252975601686,2.71));
#3895=CARTESIAN_POINT('',(58.2602160221563,-105.325297525278,2.71));
#3896=CARTESIAN_POINT('',(58.2611973330517,-91.5252975601686,1.51));
#3897=CARTESIAN_POINT('Origin',(44.461197367942,-91.5243162492732,1.51));
#3898=CARTESIAN_POINT('',(44.461197367942,-91.5243162492732,1.51));
#3899=CARTESIAN_POINT('',(58.2611973330517,-91.5252975601686,1.51));
#3900=CARTESIAN_POINT('',(44.461197367942,-91.5243162492732,2.71));
#3901=CARTESIAN_POINT('',(58.2611973330517,-91.5252975601686,2.71));
#3902=CARTESIAN_POINT('',(44.461197367942,-91.5243162492732,1.51));
#3903=CARTESIAN_POINT('Origin',(44.4602160570466,-105.324316214383,1.51));
#3904=CARTESIAN_POINT('',(44.461197367942,-91.5243162492732,1.51));
#3905=CARTESIAN_POINT('',(44.461197367942,-91.5243162492732,2.71));
#3906=CARTESIAN_POINT('Origin',(77.2617359393645,-83.9516486595388,1.50999999999999));
#3907=CARTESIAN_POINT('',(77.2617359393645,-83.9516486595388,1.50999999999999));
#3908=CARTESIAN_POINT('',(63.4617359742548,-83.9506673486433,1.50999999999999));
#3909=CARTESIAN_POINT('',(63.4617359742548,-83.9506673486433,1.50999999999999));
#3910=CARTESIAN_POINT('',(63.4617359742548,-83.9506673486433,2.70999999999999));
#3911=CARTESIAN_POINT('',(63.4617359742548,-83.9506673486433,1.50999999999999));
#3912=CARTESIAN_POINT('',(77.2617359393645,-83.9516486595388,2.70999999999999));
#3913=CARTESIAN_POINT('',(63.4617359742548,-83.9506673486433,2.70999999999999));
#3914=CARTESIAN_POINT('',(77.2617359393645,-83.9516486595388,1.50999999999999));
#3915=CARTESIAN_POINT('Origin',(77.2627172502599,-70.1516486944291,1.50999999999999));
#3916=CARTESIAN_POINT('',(77.2627172502599,-70.1516486944291,1.50999999999999));
#3917=CARTESIAN_POINT('',(77.2617359393645,-83.9516486595388,1.50999999999999));
#3918=CARTESIAN_POINT('',(77.2627172502599,-70.1516486944291,2.70999999999999));
#3919=CARTESIAN_POINT('',(77.2617359393645,-83.9516486595388,2.70999999999999));
#3920=CARTESIAN_POINT('',(77.2627172502599,-70.1516486944291,1.50999999999999));
#3921=CARTESIAN_POINT('Origin',(63.4627172851503,-70.1506673835336,1.50999999999999));
#3922=CARTESIAN_POINT('',(63.4627172851503,-70.1506673835336,1.50999999999999));
#3923=CARTESIAN_POINT('',(77.2627172502599,-70.1516486944291,1.50999999999999));
#3924=CARTESIAN_POINT('',(63.4627172851503,-70.1506673835336,2.70999999999999));
#3925=CARTESIAN_POINT('',(77.2627172502599,-70.1516486944291,2.70999999999999));
#3926=CARTESIAN_POINT('',(63.4627172851503,-70.1506673835336,1.50999999999999));
#3927=CARTESIAN_POINT('Origin',(63.4617359742548,-83.9506673486433,1.50999999999999));
#3928=CARTESIAN_POINT('',(63.4627172851503,-70.1506673835336,1.50999999999999));
#3929=CARTESIAN_POINT('',(63.4627172851503,-70.1506673835336,2.70999999999999));
#3930=CARTESIAN_POINT('Origin',(95.9806796352461,-112.352240225792,1.50999999999999));
#3931=CARTESIAN_POINT('',(95.9806796352461,-112.352240225792,1.50999999999999));
#3932=CARTESIAN_POINT('',(109.503383511753,-115.976668438393,1.50999999999999));
#3933=CARTESIAN_POINT('',(109.503383511753,-115.976668438393,1.50999999999999));
#3934=CARTESIAN_POINT('',(109.503383511753,-115.976668438393,2.70999999999999));
#3935=CARTESIAN_POINT('',(109.503383511753,-115.976668438393,1.50999999999999));
#3936=CARTESIAN_POINT('',(95.9806796352461,-112.352240225792,2.70999999999999));
#3937=CARTESIAN_POINT('',(109.503383511753,-115.976668438393,2.70999999999999));
#3938=CARTESIAN_POINT('',(95.9806796352461,-112.352240225792,1.50999999999999));
#3939=CARTESIAN_POINT('Origin',(92.3562514226454,-125.8749441023,1.50999999999999));
#3940=CARTESIAN_POINT('',(92.3562514226454,-125.8749441023,1.50999999999999));
#3941=CARTESIAN_POINT('',(95.9806796352461,-112.352240225792,1.50999999999999));
#3942=CARTESIAN_POINT('',(92.3562514226454,-125.8749441023,2.70999999999999));
#3943=CARTESIAN_POINT('',(95.9806796352461,-112.352240225792,2.70999999999999));
#3944=CARTESIAN_POINT('',(92.3562514226454,-125.8749441023,1.50999999999999));
#3945=CARTESIAN_POINT('Origin',(105.878955299153,-129.4993723149,1.50999999999999));
#3946=CARTESIAN_POINT('',(105.878955299153,-129.4993723149,1.50999999999999));
#3947=CARTESIAN_POINT('',(92.3562514226454,-125.8749441023,1.50999999999999));
#3948=CARTESIAN_POINT('',(105.878955299153,-129.4993723149,2.70999999999999));
#3949=CARTESIAN_POINT('',(92.3562514226454,-125.8749441023,2.70999999999999));
#3950=CARTESIAN_POINT('',(105.878955299153,-129.4993723149,1.50999999999999));
#3951=CARTESIAN_POINT('Origin',(109.503383511753,-115.976668438393,1.50999999999999));
#3952=CARTESIAN_POINT('',(105.878955299153,-129.4993723149,1.50999999999999));
#3953=CARTESIAN_POINT('',(105.878955299153,-129.4993723149,2.70999999999999));
#3954=CARTESIAN_POINT('Origin',(101.461028338802,-93.9033694839235,1.50999999999999));
#3955=CARTESIAN_POINT('',(101.461028338802,-93.9033694839235,1.50999999999999));
#3956=CARTESIAN_POINT('',(115.261028303912,-93.904350794819,1.50999999999999));
#3957=CARTESIAN_POINT('',(115.261028303912,-93.904350794819,1.50999999999999));
#3958=CARTESIAN_POINT('',(115.261028303912,-93.904350794819,2.70999999999999));
#3959=CARTESIAN_POINT('',(115.261028303912,-93.904350794819,1.50999999999999));
#3960=CARTESIAN_POINT('',(101.461028338802,-93.9033694839235,2.70999999999999));
#3961=CARTESIAN_POINT('',(115.261028303912,-93.904350794819,2.70999999999999));
#3962=CARTESIAN_POINT('',(101.461028338802,-93.9033694839235,1.50999999999999));
#3963=CARTESIAN_POINT('Origin',(101.460047027907,-107.703369449033,1.50999999999999));
#3964=CARTESIAN_POINT('',(101.460047027907,-107.703369449033,1.50999999999999));
#3965=CARTESIAN_POINT('',(101.461028338802,-93.9033694839235,1.50999999999999));
#3966=CARTESIAN_POINT('',(101.460047027907,-107.703369449033,2.70999999999999));
#3967=CARTESIAN_POINT('',(101.461028338802,-93.9033694839235,2.70999999999999));
#3968=CARTESIAN_POINT('',(101.460047027907,-107.703369449033,1.50999999999999));
#3969=CARTESIAN_POINT('Origin',(115.260046993017,-107.704350759929,1.50999999999999));
#3970=CARTESIAN_POINT('',(115.260046993017,-107.704350759929,1.50999999999999));
#3971=CARTESIAN_POINT('',(101.460047027907,-107.703369449033,1.50999999999999));
#3972=CARTESIAN_POINT('',(115.260046993017,-107.704350759929,2.70999999999999));
#3973=CARTESIAN_POINT('',(101.460047027907,-107.703369449033,2.70999999999999));
#3974=CARTESIAN_POINT('',(115.260046993017,-107.704350759929,1.50999999999999));
#3975=CARTESIAN_POINT('Origin',(115.261028303912,-93.904350794819,1.50999999999999));
#3976=CARTESIAN_POINT('',(115.260046993017,-107.704350759929,1.50999999999999));
#3977=CARTESIAN_POINT('',(115.260046993017,-107.704350759929,2.70999999999999));
#3978=CARTESIAN_POINT('Origin',(6.46356185439902,-58.2716141729019,1.51));
#3979=CARTESIAN_POINT('',(6.46356185439902,-58.2716141729019,1.51));
#3980=CARTESIAN_POINT('',(20.2635618195086,-58.2725954837974,1.51));
#3981=CARTESIAN_POINT('',(20.2635618195086,-58.2725954837974,1.51));
#3982=CARTESIAN_POINT('',(20.2635618195086,-58.2725954837974,2.71));
#3983=CARTESIAN_POINT('',(20.2635618195086,-58.2725954837974,1.51));
#3984=CARTESIAN_POINT('',(6.46356185439902,-58.2716141729019,2.71));
#3985=CARTESIAN_POINT('',(20.2635618195086,-58.2725954837974,2.71));
#3986=CARTESIAN_POINT('',(6.46356185439902,-58.2716141729019,1.51));
#3987=CARTESIAN_POINT('Origin',(6.46258054350354,-72.0716141380116,1.51));
#3988=CARTESIAN_POINT('',(6.46258054350354,-72.0716141380116,1.51));
#3989=CARTESIAN_POINT('',(6.46356185439902,-58.2716141729019,1.51));
#3990=CARTESIAN_POINT('',(6.46258054350354,-72.0716141380116,2.71));
#3991=CARTESIAN_POINT('',(6.46356185439902,-58.2716141729019,2.71));
#3992=CARTESIAN_POINT('',(6.46258054350354,-72.0716141380116,1.51));
#3993=CARTESIAN_POINT('Origin',(20.2625805086133,-72.0725954489071,1.51));
#3994=CARTESIAN_POINT('',(20.2625805086133,-72.0725954489071,1.51));
#3995=CARTESIAN_POINT('',(6.46258054350354,-72.0716141380116,1.51));
#3996=CARTESIAN_POINT('',(20.2625805086133,-72.0725954489071,2.71));
#3997=CARTESIAN_POINT('',(6.46258054350354,-72.0716141380116,2.71));
#3998=CARTESIAN_POINT('',(20.2625805086133,-72.0725954489071,1.51));
#3999=CARTESIAN_POINT('Origin',(20.2635618195086,-58.2725954837974,1.51));
#4000=CARTESIAN_POINT('',(20.2625805086133,-72.0725954489071,1.51));
#4001=CARTESIAN_POINT('',(20.2625805086133,-72.0725954489071,2.71));
#4002=CARTESIAN_POINT('Origin',(44.4615671372649,-86.3243162624202,1.51));
#4003=CARTESIAN_POINT('',(44.4615671372649,-86.3243162624202,1.51));
#4004=CARTESIAN_POINT('',(44.4625484481604,-72.5243162973106,1.51));
#4005=CARTESIAN_POINT('',(44.4625484481604,-72.5243162973106,1.51));
#4006=CARTESIAN_POINT('',(44.4625484481604,-72.5243162973106,2.71));
#4007=CARTESIAN_POINT('',(44.4625484481604,-72.5243162973106,1.51));
#4008=CARTESIAN_POINT('',(44.4615671372649,-86.3243162624202,2.71));
#4009=CARTESIAN_POINT('',(44.4625484481604,-72.5243162973106,2.71));
#4010=CARTESIAN_POINT('',(44.4615671372649,-86.3243162624202,1.51));
#4011=CARTESIAN_POINT('Origin',(58.2615671023746,-86.3252975733157,1.51));
#4012=CARTESIAN_POINT('',(58.2615671023746,-86.3252975733157,1.51));
#4013=CARTESIAN_POINT('',(44.4615671372649,-86.3243162624202,1.51));
#4014=CARTESIAN_POINT('',(58.2615671023746,-86.3252975733157,2.71));
#4015=CARTESIAN_POINT('',(44.4615671372649,-86.3243162624202,2.71));
#4016=CARTESIAN_POINT('',(58.2615671023746,-86.3252975733157,1.51));
#4017=CARTESIAN_POINT('Origin',(58.2625484132701,-72.525297608206,1.51));
#4018=CARTESIAN_POINT('',(58.2625484132701,-72.525297608206,1.51));
#4019=CARTESIAN_POINT('',(58.2615671023746,-86.3252975733157,1.51));
#4020=CARTESIAN_POINT('',(58.2625484132701,-72.525297608206,2.71));
#4021=CARTESIAN_POINT('',(58.2615671023746,-86.3252975733157,2.71));
#4022=CARTESIAN_POINT('',(58.2625484132701,-72.525297608206,1.51));
#4023=CARTESIAN_POINT('Origin',(44.4625484481604,-72.5243162973106,1.51));
#4024=CARTESIAN_POINT('',(58.2625484132701,-72.525297608206,1.51));
#4025=CARTESIAN_POINT('',(58.2625484132701,-72.525297608206,2.71));
#4026=CARTESIAN_POINT('Origin',(101.463730499239,-55.9033695799985,1.50999999999999));
#4027=CARTESIAN_POINT('',(101.463730499239,-55.9033695799985,1.50999999999999));
#4028=CARTESIAN_POINT('',(115.263730464349,-55.9043508908939,1.50999999999999));
#4029=CARTESIAN_POINT('',(115.263730464349,-55.9043508908939,1.50999999999999));
#4030=CARTESIAN_POINT('',(115.263730464349,-55.9043508908939,2.70999999999999));
#4031=CARTESIAN_POINT('',(115.263730464349,-55.9043508908939,1.50999999999999));
#4032=CARTESIAN_POINT('',(101.463730499239,-55.9033695799985,2.70999999999999));
#4033=CARTESIAN_POINT('',(115.263730464349,-55.9043508908939,2.70999999999999));
#4034=CARTESIAN_POINT('',(101.463730499239,-55.9033695799985,1.50999999999999));
#4035=CARTESIAN_POINT('Origin',(101.462749188344,-69.7033695451081,1.50999999999999));
#4036=CARTESIAN_POINT('',(101.462749188344,-69.7033695451081,1.50999999999999));
#4037=CARTESIAN_POINT('',(101.463730499239,-55.9033695799985,1.50999999999999));
#4038=CARTESIAN_POINT('',(101.462749188344,-69.7033695451081,2.70999999999999));
#4039=CARTESIAN_POINT('',(101.463730499239,-55.9033695799985,2.70999999999999));
#4040=CARTESIAN_POINT('',(101.462749188344,-69.7033695451081,1.50999999999999));
#4041=CARTESIAN_POINT('Origin',(115.262749153453,-69.7043508560036,1.50999999999999));
#4042=CARTESIAN_POINT('',(115.262749153453,-69.7043508560036,1.50999999999999));
#4043=CARTESIAN_POINT('',(101.462749188344,-69.7033695451081,1.50999999999999));
#4044=CARTESIAN_POINT('',(115.262749153453,-69.7043508560036,2.70999999999999));
#4045=CARTESIAN_POINT('',(101.462749188344,-69.7033695451081,2.70999999999999));
#4046=CARTESIAN_POINT('',(115.262749153453,-69.7043508560036,1.50999999999999));
#4047=CARTESIAN_POINT('Origin',(115.263730464349,-55.9043508908939,1.50999999999999));
#4048=CARTESIAN_POINT('',(115.262749153453,-69.7043508560036,1.50999999999999));
#4049=CARTESIAN_POINT('',(115.262749153453,-69.7043508560036,2.70999999999999));
#4050=CARTESIAN_POINT('Origin',(82.4625483520855,-72.5270184577473,1.50999999999999));
#4051=CARTESIAN_POINT('',(82.4625483520855,-72.5270184577473,1.50999999999999));
#4052=CARTESIAN_POINT('',(96.2625483171952,-72.5279997686427,1.50999999999999));
#4053=CARTESIAN_POINT('',(96.2625483171952,-72.5279997686427,1.50999999999999));
#4054=CARTESIAN_POINT('',(96.2625483171952,-72.5279997686427,2.70999999999999));
#4055=CARTESIAN_POINT('',(96.2625483171952,-72.5279997686427,1.50999999999999));
#4056=CARTESIAN_POINT('',(82.4625483520855,-72.5270184577473,2.70999999999999));
#4057=CARTESIAN_POINT('',(96.2625483171952,-72.5279997686427,2.70999999999999));
#4058=CARTESIAN_POINT('',(82.4625483520855,-72.5270184577473,1.50999999999999));
#4059=CARTESIAN_POINT('Origin',(82.4615670411901,-86.327018422857,1.50999999999999));
#4060=CARTESIAN_POINT('',(82.4615670411901,-86.327018422857,1.50999999999999));
#4061=CARTESIAN_POINT('',(82.4625483520855,-72.5270184577473,1.50999999999999));
#4062=CARTESIAN_POINT('',(82.4615670411901,-86.327018422857,2.70999999999999));
#4063=CARTESIAN_POINT('',(82.4625483520855,-72.5270184577473,2.70999999999999));
#4064=CARTESIAN_POINT('',(82.4615670411901,-86.327018422857,1.50999999999999));
#4065=CARTESIAN_POINT('Origin',(96.2615670062998,-86.3279997337524,1.50999999999999));
#4066=CARTESIAN_POINT('',(96.2615670062998,-86.3279997337524,1.50999999999999));
#4067=CARTESIAN_POINT('',(82.4615670411901,-86.327018422857,1.50999999999999));
#4068=CARTESIAN_POINT('',(96.2615670062998,-86.3279997337524,2.70999999999999));
#4069=CARTESIAN_POINT('',(82.4615670411901,-86.327018422857,2.70999999999999));
#4070=CARTESIAN_POINT('',(96.2615670062998,-86.3279997337524,1.50999999999999));
#4071=CARTESIAN_POINT('Origin',(96.2625483171952,-72.5279997686427,1.50999999999999));
#4072=CARTESIAN_POINT('',(96.2615670062998,-86.3279997337524,1.50999999999999));
#4073=CARTESIAN_POINT('',(96.2615670062998,-86.3279997337524,2.70999999999999));
#4074=CARTESIAN_POINT('Origin',(127.026638,-101.08,1.51));
#4075=CARTESIAN_POINT('',(131.526638,-101.08,2.71));
#4076=CARTESIAN_POINT('Origin',(127.026638,-101.08,2.71));
#4077=CARTESIAN_POINT('',(131.526638,-101.08,1.51));
#4078=CARTESIAN_POINT('',(131.526638,-101.08,1.51));
#4079=CARTESIAN_POINT('Origin',(127.026638,-101.08,1.51));
#4080=CARTESIAN_POINT('Origin',(22.9513543283581,-93.4594959384688,1.51));
#4081=CARTESIAN_POINT('',(24.9513543283581,-93.4594959384688,2.71));
#4082=CARTESIAN_POINT('Origin',(22.9513543283581,-93.4594959384688,2.71));
#4083=CARTESIAN_POINT('',(24.9513543283581,-93.4594959384688,1.51));
#4084=CARTESIAN_POINT('',(24.9513543283581,-93.4594959384688,1.51));
#4085=CARTESIAN_POINT('Origin',(22.9513543283581,-93.4594959384688,1.51));
#4086=CARTESIAN_POINT('Origin',(22.9513543283581,-74.4044959384688,1.51));
#4087=CARTESIAN_POINT('',(24.9513543283581,-74.4044959384688,2.71));
#4088=CARTESIAN_POINT('Origin',(22.9513543283581,-74.4044959384688,2.71));
#4089=CARTESIAN_POINT('',(24.9513543283581,-74.4044959384688,1.51));
#4090=CARTESIAN_POINT('',(24.9513543283581,-74.4044959384688,1.51));
#4091=CARTESIAN_POINT('Origin',(22.9513543283581,-74.4044959384688,1.51));
#4092=CARTESIAN_POINT('Origin',(64.2321915687009,-110.900322985283,1.51));
#4093=CARTESIAN_POINT('',(66.2321915687009,-110.900322985283,2.71));
#4094=CARTESIAN_POINT('Origin',(64.2321915687009,-110.900322985283,2.71));
#4095=CARTESIAN_POINT('',(66.2321915687009,-110.900322985283,1.51));
#4096=CARTESIAN_POINT('',(66.2321915687009,-110.900322985283,1.51));
#4097=CARTESIAN_POINT('Origin',(64.2321915687009,-110.900322985283,1.51));
#4098=CARTESIAN_POINT('Origin',(101.462379419021,-74.903369531961,1.50999999999999));
#4099=CARTESIAN_POINT('',(101.462379419021,-74.903369531961,1.50999999999999));
#4100=CARTESIAN_POINT('',(115.26237938413,-74.9043508428565,1.50999999999999));
#4101=CARTESIAN_POINT('',(115.26237938413,-74.9043508428565,1.50999999999999));
#4102=CARTESIAN_POINT('',(115.26237938413,-74.9043508428565,2.70999999999999));
#4103=CARTESIAN_POINT('',(115.26237938413,-74.9043508428565,1.50999999999999));
#4104=CARTESIAN_POINT('',(101.462379419021,-74.903369531961,2.70999999999999));
#4105=CARTESIAN_POINT('',(115.26237938413,-74.9043508428565,2.70999999999999));
#4106=CARTESIAN_POINT('',(101.462379419021,-74.903369531961,1.50999999999999));
#4107=CARTESIAN_POINT('Origin',(101.461398108125,-88.7033694970707,1.50999999999999));
#4108=CARTESIAN_POINT('',(101.461398108125,-88.7033694970707,1.50999999999999));
#4109=CARTESIAN_POINT('',(101.462379419021,-74.903369531961,1.50999999999999));
#4110=CARTESIAN_POINT('',(101.461398108125,-88.7033694970707,2.70999999999999));
#4111=CARTESIAN_POINT('',(101.462379419021,-74.903369531961,2.70999999999999));
#4112=CARTESIAN_POINT('',(101.461398108125,-88.7033694970707,1.50999999999999));
#4113=CARTESIAN_POINT('Origin',(115.261398073235,-88.7043508079661,1.50999999999999));
#4114=CARTESIAN_POINT('',(115.261398073235,-88.7043508079661,1.50999999999999));
#4115=CARTESIAN_POINT('',(101.461398108125,-88.7033694970707,1.50999999999999));
#4116=CARTESIAN_POINT('',(115.261398073235,-88.7043508079661,2.70999999999999));
#4117=CARTESIAN_POINT('',(101.461398108125,-88.7033694970707,2.70999999999999));
#4118=CARTESIAN_POINT('',(115.261398073235,-88.7043508079661,1.50999999999999));
#4119=CARTESIAN_POINT('Origin',(115.26237938413,-74.9043508428565,1.50999999999999));
#4120=CARTESIAN_POINT('',(115.261398073235,-88.7043508079661,1.50999999999999));
#4121=CARTESIAN_POINT('',(115.261398073235,-88.7043508079661,2.70999999999999));
#4122=CARTESIAN_POINT('Origin',(120.54183672781,-114.779112676536,1.51));
#4123=CARTESIAN_POINT('',(120.54183672781,-114.779112676536,1.51));
#4124=CARTESIAN_POINT('',(132.665694590787,-121.779974803326,1.50999999999999));
#4125=CARTESIAN_POINT('',(132.665694590787,-121.779974803326,1.50999999999999));
#4126=CARTESIAN_POINT('',(132.665694590787,-121.779974803326,2.70999999999999));
#4127=CARTESIAN_POINT('',(132.665694590787,-121.779974803326,1.50999999999999));
#4128=CARTESIAN_POINT('',(120.54183672781,-114.779112676536,2.71));
#4129=CARTESIAN_POINT('',(132.665694590787,-121.779974803326,2.70999999999999));
#4130=CARTESIAN_POINT('',(120.54183672781,-114.779112676536,1.51));
#4131=CARTESIAN_POINT('Origin',(113.54097460102,-126.902970539514,1.50999999999999));
#4132=CARTESIAN_POINT('',(113.54097460102,-126.902970539514,1.50999999999999));
#4133=CARTESIAN_POINT('',(120.54183672781,-114.779112676536,1.51));
#4134=CARTESIAN_POINT('',(113.54097460102,-126.902970539514,2.70999999999999));
#4135=CARTESIAN_POINT('',(120.54183672781,-114.779112676536,2.71));
#4136=CARTESIAN_POINT('',(113.54097460102,-126.902970539514,1.50999999999999));
#4137=CARTESIAN_POINT('Origin',(125.664832463997,-133.903832666304,1.50999999999999));
#4138=CARTESIAN_POINT('',(125.664832463997,-133.903832666304,1.50999999999999));
#4139=CARTESIAN_POINT('',(125.664832463997,-133.903832666304,1.50999999999999));
#4140=CARTESIAN_POINT('',(125.664832463997,-133.903832666304,2.70999999999999));
#4141=CARTESIAN_POINT('',(125.664832463997,-133.903832666304,2.70999999999999));
#4142=CARTESIAN_POINT('',(125.664832463997,-133.903832666304,1.50999999999999));
#4143=CARTESIAN_POINT('Origin',(132.665694590787,-121.779974803326,1.50999999999999));
#4144=CARTESIAN_POINT('',(125.664832463997,-133.903832666304,1.50999999999999));
#4145=CARTESIAN_POINT('',(125.664832463997,-133.903832666304,2.70999999999999));
#4146=CARTESIAN_POINT('Origin',(6.46085969396228,-96.2716140768271,1.51));
#4147=CARTESIAN_POINT('',(6.46085969396228,-96.2716140768271,1.51));
#4148=CARTESIAN_POINT('',(20.260859659072,-96.2725953877226,1.51));
#4149=CARTESIAN_POINT('',(20.260859659072,-96.2725953877226,1.51));
#4150=CARTESIAN_POINT('',(20.260859659072,-96.2725953877226,2.71));
#4151=CARTESIAN_POINT('',(20.260859659072,-96.2725953877226,1.51));
#4152=CARTESIAN_POINT('',(6.46085969396228,-96.2716140768271,2.71));
#4153=CARTESIAN_POINT('',(20.260859659072,-96.2725953877226,2.71));
#4154=CARTESIAN_POINT('',(6.46085969396228,-96.2716140768271,1.51));
#4155=CARTESIAN_POINT('Origin',(6.45987838306686,-110.071614041937,1.51));
#4156=CARTESIAN_POINT('',(6.45987838306686,-110.071614041937,1.51));
#4157=CARTESIAN_POINT('',(6.46085969396228,-96.2716140768271,1.51));
#4158=CARTESIAN_POINT('',(6.45987838306686,-110.071614041937,2.71));
#4159=CARTESIAN_POINT('',(6.46085969396228,-96.2716140768271,2.71));
#4160=CARTESIAN_POINT('',(6.45987838306686,-110.071614041937,1.51));
#4161=CARTESIAN_POINT('Origin',(20.2598783481765,-110.072595352832,1.51));
#4162=CARTESIAN_POINT('',(20.2598783481765,-110.072595352832,1.51));
#4163=CARTESIAN_POINT('',(6.45987838306686,-110.071614041937,1.51));
#4164=CARTESIAN_POINT('',(20.2598783481765,-110.072595352832,2.71));
#4165=CARTESIAN_POINT('',(6.45987838306686,-110.071614041937,2.71));
#4166=CARTESIAN_POINT('',(20.2598783481765,-110.072595352832,1.51));
#4167=CARTESIAN_POINT('Origin',(20.260859659072,-96.2725953877226,1.51));
#4168=CARTESIAN_POINT('',(20.2598783481765,-110.072595352832,1.51));
#4169=CARTESIAN_POINT('',(20.2598783481765,-110.072595352832,2.71));
#4170=CARTESIAN_POINT('Origin',(44.4638995283787,-53.524316345348,1.51));
#4171=CARTESIAN_POINT('',(44.4638995283787,-53.524316345348,1.51));
#4172=CARTESIAN_POINT('',(58.2638994934884,-53.5252976562434,1.51));
#4173=CARTESIAN_POINT('',(58.2638994934884,-53.5252976562434,1.51));
#4174=CARTESIAN_POINT('',(58.2638994934884,-53.5252976562434,2.71));
#4175=CARTESIAN_POINT('',(58.2638994934884,-53.5252976562434,1.51));
#4176=CARTESIAN_POINT('',(44.4638995283787,-53.524316345348,2.71));
#4177=CARTESIAN_POINT('',(58.2638994934884,-53.5252976562434,2.71));
#4178=CARTESIAN_POINT('',(44.4638995283787,-53.524316345348,1.51));
#4179=CARTESIAN_POINT('Origin',(44.4629182174833,-67.3243163104577,1.51));
#4180=CARTESIAN_POINT('',(44.4629182174833,-67.3243163104577,1.51));
#4181=CARTESIAN_POINT('',(44.4638995283787,-53.524316345348,1.51));
#4182=CARTESIAN_POINT('',(44.4629182174833,-67.3243163104577,2.71));
#4183=CARTESIAN_POINT('',(44.4638995283787,-53.524316345348,2.71));
#4184=CARTESIAN_POINT('',(44.4629182174833,-67.3243163104577,1.51));
#4185=CARTESIAN_POINT('Origin',(58.262918182593,-67.3252976213531,1.51));
#4186=CARTESIAN_POINT('',(58.262918182593,-67.3252976213531,1.51));
#4187=CARTESIAN_POINT('',(44.4629182174833,-67.3243163104577,1.51));
#4188=CARTESIAN_POINT('',(58.262918182593,-67.3252976213531,2.71));
#4189=CARTESIAN_POINT('',(44.4629182174833,-67.3243163104577,2.71));
#4190=CARTESIAN_POINT('',(58.262918182593,-67.3252976213531,1.51));
#4191=CARTESIAN_POINT('Origin',(58.2638994934884,-53.5252976562434,1.51));
#4192=CARTESIAN_POINT('',(58.262918182593,-67.3252976213531,1.51));
#4193=CARTESIAN_POINT('',(58.262918182593,-67.3252976213531,2.71));
#4194=CARTESIAN_POINT('Origin',(20.2622107392903,-77.2725954357599,1.51));
#4195=CARTESIAN_POINT('',(20.2622107392903,-77.2725954357599,1.51));
#4196=CARTESIAN_POINT('',(20.2612294283949,-91.0725954008697,1.51));
#4197=CARTESIAN_POINT('',(20.2612294283949,-91.0725954008697,1.51));
#4198=CARTESIAN_POINT('',(20.2612294283949,-91.0725954008697,2.71));
#4199=CARTESIAN_POINT('',(20.2612294283949,-91.0725954008697,1.51));
#4200=CARTESIAN_POINT('',(20.2622107392903,-77.2725954357599,2.71));
#4201=CARTESIAN_POINT('',(20.2612294283949,-91.0725954008697,2.71));
#4202=CARTESIAN_POINT('',(20.2622107392903,-77.2725954357599,1.51));
#4203=CARTESIAN_POINT('Origin',(6.46221077418065,-77.2716141248645,1.51));
#4204=CARTESIAN_POINT('',(6.46221077418065,-77.2716141248645,1.51));
#4205=CARTESIAN_POINT('',(20.2622107392903,-77.2725954357599,1.51));
#4206=CARTESIAN_POINT('',(6.46221077418065,-77.2716141248645,2.71));
#4207=CARTESIAN_POINT('',(20.2622107392903,-77.2725954357599,2.71));
#4208=CARTESIAN_POINT('',(6.46221077418065,-77.2716141248645,1.51));
#4209=CARTESIAN_POINT('Origin',(6.4612294632852,-91.0716140899742,1.51));
#4210=CARTESIAN_POINT('',(6.4612294632852,-91.0716140899742,1.51));
#4211=CARTESIAN_POINT('',(6.46221077418066,-77.2716141248645,1.51));
#4212=CARTESIAN_POINT('',(6.4612294632852,-91.0716140899742,2.71));
#4213=CARTESIAN_POINT('',(6.46221077418066,-77.2716141248645,2.71));
#4214=CARTESIAN_POINT('',(6.4612294632852,-91.0716140899742,1.51));
#4215=CARTESIAN_POINT('Origin',(20.2612294283949,-91.0725954008697,1.51));
#4216=CARTESIAN_POINT('',(6.4612294632852,-91.0716140899742,1.51));
#4217=CARTESIAN_POINT('',(6.4612294632852,-91.0716140899742,2.71));
#4218=CARTESIAN_POINT('Origin',(39.2608596110346,-96.2739464679408,1.51));
#4219=CARTESIAN_POINT('',(39.2608596110346,-96.2739464679408,1.51));
#4220=CARTESIAN_POINT('',(39.2598783001391,-110.073946433051,1.51));
#4221=CARTESIAN_POINT('',(39.2598783001391,-110.073946433051,1.51));
#4222=CARTESIAN_POINT('',(39.2598783001391,-110.073946433051,2.71));
#4223=CARTESIAN_POINT('',(39.2598783001391,-110.073946433051,1.51));
#4224=CARTESIAN_POINT('',(39.2608596110346,-96.2739464679408,2.71));
#4225=CARTESIAN_POINT('',(39.2598783001391,-110.073946433051,2.71));
#4226=CARTESIAN_POINT('',(39.2608596110346,-96.2739464679408,1.51));
#4227=CARTESIAN_POINT('Origin',(25.4608596459249,-96.2729651570454,1.51));
#4228=CARTESIAN_POINT('',(25.4608596459249,-96.2729651570454,1.51));
#4229=CARTESIAN_POINT('',(39.2608596110346,-96.2739464679408,1.51));
#4230=CARTESIAN_POINT('',(25.4608596459249,-96.2729651570454,2.71));
#4231=CARTESIAN_POINT('',(39.2608596110346,-96.2739464679408,2.71));
#4232=CARTESIAN_POINT('',(25.4608596459249,-96.2729651570454,1.51));
#4233=CARTESIAN_POINT('Origin',(25.4598783350294,-110.072965122155,1.51));
#4234=CARTESIAN_POINT('',(25.4598783350294,-110.072965122155,1.51));
#4235=CARTESIAN_POINT('',(25.4608596459249,-96.2729651570454,1.51));
#4236=CARTESIAN_POINT('',(25.4598783350294,-110.072965122155,2.71));
#4237=CARTESIAN_POINT('',(25.4608596459249,-96.2729651570454,2.71));
#4238=CARTESIAN_POINT('',(25.4598783350294,-110.072965122155,1.51));
#4239=CARTESIAN_POINT('Origin',(39.2598783001391,-110.073946433051,1.51));
#4240=CARTESIAN_POINT('',(25.4598783350294,-110.072965122155,1.51));
#4241=CARTESIAN_POINT('',(25.4598783350294,-110.072965122155,2.71));
#4242=CARTESIAN_POINT('Origin',(39.2635617714712,-58.2739465640157,1.51));
#4243=CARTESIAN_POINT('',(39.2635617714712,-58.2739465640157,1.51));
#4244=CARTESIAN_POINT('',(39.2625804605758,-72.0739465291254,1.51));
#4245=CARTESIAN_POINT('',(39.2625804605758,-72.0739465291254,1.51));
#4246=CARTESIAN_POINT('',(39.2625804605758,-72.0739465291254,2.71));
#4247=CARTESIAN_POINT('',(39.2625804605758,-72.0739465291254,1.51));
#4248=CARTESIAN_POINT('',(39.2635617714712,-58.2739465640157,2.71));
#4249=CARTESIAN_POINT('',(39.2625804605758,-72.0739465291254,2.71));
#4250=CARTESIAN_POINT('',(39.2635617714712,-58.2739465640157,1.51));
#4251=CARTESIAN_POINT('Origin',(25.4635618063616,-58.2729652531203,1.51));
#4252=CARTESIAN_POINT('',(25.4635618063616,-58.2729652531203,1.51));
#4253=CARTESIAN_POINT('',(39.2635617714712,-58.2739465640157,1.51));
#4254=CARTESIAN_POINT('',(25.4635618063616,-58.2729652531203,2.71));
#4255=CARTESIAN_POINT('',(39.2635617714712,-58.2739465640157,2.71));
#4256=CARTESIAN_POINT('',(25.4635618063616,-58.2729652531203,1.51));
#4257=CARTESIAN_POINT('Origin',(25.4625804954661,-72.07296521823,1.51));
#4258=CARTESIAN_POINT('',(25.4625804954661,-72.07296521823,1.51));
#4259=CARTESIAN_POINT('',(25.4635618063616,-58.2729652531203,1.51));
#4260=CARTESIAN_POINT('',(25.4625804954661,-72.07296521823,2.71));
#4261=CARTESIAN_POINT('',(25.4635618063616,-58.2729652531203,2.71));
#4262=CARTESIAN_POINT('',(25.4625804954661,-72.07296521823,1.51));
#4263=CARTESIAN_POINT('Origin',(39.2625804605758,-72.0739465291254,1.51));
#4264=CARTESIAN_POINT('',(25.4625804954661,-72.07296521823,1.51));
#4265=CARTESIAN_POINT('',(25.4625804954661,-72.07296521823,2.71));
#4266=CARTESIAN_POINT('Origin',(82.4629181214085,-67.3270184708944,1.50999999999999));
#4267=CARTESIAN_POINT('',(82.4629181214085,-67.3270184708944,1.50999999999999));
#4268=CARTESIAN_POINT('',(82.4638994323039,-53.5270185057848,1.50999999999999));
#4269=CARTESIAN_POINT('',(82.4638994323039,-53.5270185057848,1.50999999999999));
#4270=CARTESIAN_POINT('',(82.4638994323039,-53.5270185057848,2.70999999999999));
#4271=CARTESIAN_POINT('',(82.4638994323039,-53.5270185057848,1.50999999999999));
#4272=CARTESIAN_POINT('',(82.4629181214085,-67.3270184708944,2.70999999999999));
#4273=CARTESIAN_POINT('',(82.4638994323039,-53.5270185057848,2.70999999999999));
#4274=CARTESIAN_POINT('',(82.4629181214085,-67.3270184708944,1.50999999999999));
#4275=CARTESIAN_POINT('Origin',(96.2629180865182,-67.3279997817899,1.50999999999999));
#4276=CARTESIAN_POINT('',(96.2629180865182,-67.3279997817899,1.50999999999999));
#4277=CARTESIAN_POINT('',(82.4629181214085,-67.3270184708944,1.50999999999999));
#4278=CARTESIAN_POINT('',(96.2629180865182,-67.3279997817899,2.70999999999999));
#4279=CARTESIAN_POINT('',(82.4629181214085,-67.3270184708944,2.70999999999999));
#4280=CARTESIAN_POINT('',(96.2629180865182,-67.3279997817899,1.50999999999999));
#4281=CARTESIAN_POINT('Origin',(96.2638993974136,-53.5279998166801,1.50999999999999));
#4282=CARTESIAN_POINT('',(96.2638993974136,-53.5279998166801,1.50999999999999));
#4283=CARTESIAN_POINT('',(96.2629180865182,-67.3279997817899,1.50999999999999));
#4284=CARTESIAN_POINT('',(96.2638993974136,-53.5279998166801,2.70999999999999));
#4285=CARTESIAN_POINT('',(96.2629180865182,-67.3279997817899,2.70999999999999));
#4286=CARTESIAN_POINT('',(96.2638993974136,-53.5279998166801,1.50999999999999));
#4287=CARTESIAN_POINT('Origin',(82.4638994323039,-53.5270185057848,1.50999999999999));
#4288=CARTESIAN_POINT('',(96.2638993974136,-53.5279998166801,1.50999999999999));
#4289=CARTESIAN_POINT('',(96.2638993974136,-53.5279998166801,2.70999999999999));
#4290=CARTESIAN_POINT('Origin',(79.9323495042568,-69.7050044850778,1.51));
#4291=CARTESIAN_POINT('',(81.9323495042568,-69.7050044850778,2.71));
#4292=CARTESIAN_POINT('Origin',(79.9323495042568,-69.7050044850778,2.71));
#4293=CARTESIAN_POINT('',(81.9323495042568,-69.7050044850778,1.51));
#4294=CARTESIAN_POINT('',(81.9323495042568,-69.7050044850778,1.51));
#4295=CARTESIAN_POINT('Origin',(79.9323495042568,-69.7050044850778,1.51));
#4296=CARTESIAN_POINT('Origin',(77.2630870195828,-64.9516487075762,1.50999999999999));
#4297=CARTESIAN_POINT('',(77.2630870195828,-64.9516487075762,1.50999999999999));
#4298=CARTESIAN_POINT('',(63.4630870544731,-64.9506673966807,1.50999999999999));
#4299=CARTESIAN_POINT('',(63.4630870544731,-64.9506673966807,1.50999999999999));
#4300=CARTESIAN_POINT('',(63.4630870544731,-64.9506673966807,2.70999999999999));
#4301=CARTESIAN_POINT('',(63.4630870544731,-64.9506673966807,1.50999999999999));
#4302=CARTESIAN_POINT('',(77.2630870195828,-64.9516487075762,2.70999999999999));
#4303=CARTESIAN_POINT('',(63.4630870544731,-64.9506673966807,2.70999999999999));
#4304=CARTESIAN_POINT('',(77.2630870195828,-64.9516487075762,1.50999999999999));
#4305=CARTESIAN_POINT('Origin',(77.2640683304783,-51.1516487424665,1.50999999999999));
#4306=CARTESIAN_POINT('',(77.2640683304783,-51.1516487424665,1.50999999999999));
#4307=CARTESIAN_POINT('',(77.2630870195828,-64.9516487075762,1.50999999999999));
#4308=CARTESIAN_POINT('',(77.2640683304783,-51.1516487424665,2.70999999999999));
#4309=CARTESIAN_POINT('',(77.2630870195828,-64.9516487075762,2.70999999999999));
#4310=CARTESIAN_POINT('',(77.2640683304783,-51.1516487424665,1.50999999999999));
#4311=CARTESIAN_POINT('Origin',(63.4640683653686,-51.150667431571,1.50999999999999));
#4312=CARTESIAN_POINT('',(63.4640683653686,-51.150667431571,1.50999999999999));
#4313=CARTESIAN_POINT('',(77.2640683304783,-51.1516487424665,1.50999999999999));
#4314=CARTESIAN_POINT('',(63.4640683653686,-51.150667431571,2.70999999999999));
#4315=CARTESIAN_POINT('',(77.2640683304783,-51.1516487424665,2.70999999999999));
#4316=CARTESIAN_POINT('',(63.4640683653686,-51.150667431571,1.50999999999999));
#4317=CARTESIAN_POINT('Origin',(63.4630870544731,-64.9506673966807,1.50999999999999));
#4318=CARTESIAN_POINT('',(63.4640683653686,-51.150667431571,1.50999999999999));
#4319=CARTESIAN_POINT('',(63.4640683653686,-51.150667431571,2.70999999999999));
#4320=CARTESIAN_POINT('Origin',(145.051638,-78.0808338392743,1.51));
#4321=CARTESIAN_POINT('',(150.051638,-78.0808338392743,2.71));
#4322=CARTESIAN_POINT('Origin',(145.051638,-78.0808338392743,2.71));
#4323=CARTESIAN_POINT('',(150.051638,-78.0808338392743,1.51));
#4324=CARTESIAN_POINT('',(150.051638,-78.0808338392743,1.51));
#4325=CARTESIAN_POINT('Origin',(145.051638,-78.0808338392743,1.51));
#4326=CARTESIAN_POINT('Origin',(39.2622106912529,-77.2739465159783,1.51));
#4327=CARTESIAN_POINT('',(39.2622106912529,-77.2739465159783,1.51));
#4328=CARTESIAN_POINT('',(39.2612293803575,-91.073946481088,1.51));
#4329=CARTESIAN_POINT('',(39.2612293803575,-91.073946481088,1.51));
#4330=CARTESIAN_POINT('',(39.2612293803575,-91.073946481088,2.71));
#4331=CARTESIAN_POINT('',(39.2612293803575,-91.073946481088,1.51));
#4332=CARTESIAN_POINT('',(39.2622106912529,-77.2739465159783,2.71));
#4333=CARTESIAN_POINT('',(39.2612293803575,-91.073946481088,2.71));
#4334=CARTESIAN_POINT('',(39.2622106912529,-77.2739465159783,1.51));
#4335=CARTESIAN_POINT('Origin',(25.4622107261432,-77.2729652050829,1.51));
#4336=CARTESIAN_POINT('',(25.4622107261432,-77.2729652050829,1.51));
#4337=CARTESIAN_POINT('',(39.2622106912529,-77.2739465159783,1.51));
#4338=CARTESIAN_POINT('',(25.4622107261432,-77.2729652050829,2.71));
#4339=CARTESIAN_POINT('',(39.2622106912529,-77.2739465159783,2.71));
#4340=CARTESIAN_POINT('',(25.4622107261432,-77.2729652050829,1.51));
#4341=CARTESIAN_POINT('Origin',(25.4612294152478,-91.0729651701925,1.51));
#4342=CARTESIAN_POINT('',(25.4612294152478,-91.0729651701925,1.51));
#4343=CARTESIAN_POINT('',(25.4622107261432,-77.2729652050829,1.51));
#4344=CARTESIAN_POINT('',(25.4612294152478,-91.0729651701925,2.71));
#4345=CARTESIAN_POINT('',(25.4622107261432,-77.2729652050829,2.71));
#4346=CARTESIAN_POINT('',(25.4612294152478,-91.0729651701925,1.51));
#4347=CARTESIAN_POINT('Origin',(39.2612293803575,-91.073946481088,1.51));
#4348=CARTESIAN_POINT('',(25.4612294152478,-91.0729651701925,1.51));
#4349=CARTESIAN_POINT('',(25.4612294152478,-91.0729651701925,2.71));
#4350=CARTESIAN_POINT('Origin',(139.571638,-92.48,1.51));
#4351=CARTESIAN_POINT('',(139.971638,-92.48,2.71));
#4352=CARTESIAN_POINT('Origin',(139.571638,-92.48,2.71));
#4353=CARTESIAN_POINT('',(139.971638,-92.48,1.51));
#4354=CARTESIAN_POINT('',(139.971638,-92.48,1.51));
#4355=CARTESIAN_POINT('Origin',(139.571638,-92.48,1.51));
#4356=CARTESIAN_POINT('Origin',(86.759801737349,-111.152324130879,1.50999999999999));
#4357=CARTESIAN_POINT('',(86.759801737349,-111.152324130879,1.50999999999999));
#4358=CARTESIAN_POINT('',(86.7588204264535,-124.952324095988,1.50999999999999));
#4359=CARTESIAN_POINT('',(86.7588204264535,-124.952324095988,1.50999999999999));
#4360=CARTESIAN_POINT('',(86.7588204264535,-124.952324095988,2.70999999999999));
#4361=CARTESIAN_POINT('',(86.7588204264535,-124.952324095988,1.50999999999999));
#4362=CARTESIAN_POINT('',(86.759801737349,-111.152324130879,2.70999999999999));
#4363=CARTESIAN_POINT('',(86.7588204264535,-124.952324095988,2.70999999999999));
#4364=CARTESIAN_POINT('',(86.759801737349,-111.152324130879,1.50999999999999));
#4365=CARTESIAN_POINT('Origin',(72.9598017722393,-111.151342819983,1.50999999999999));
#4366=CARTESIAN_POINT('',(72.9598017722393,-111.151342819983,1.50999999999999));
#4367=CARTESIAN_POINT('',(86.759801737349,-111.152324130879,1.50999999999999));
#4368=CARTESIAN_POINT('',(72.9598017722393,-111.151342819983,2.70999999999999));
#4369=CARTESIAN_POINT('',(86.759801737349,-111.152324130879,2.70999999999999));
#4370=CARTESIAN_POINT('',(72.9598017722393,-111.151342819983,1.50999999999999));
#4371=CARTESIAN_POINT('Origin',(72.9588204613439,-124.951342785093,1.50999999999999));
#4372=CARTESIAN_POINT('',(72.9588204613439,-124.951342785093,1.50999999999999));
#4373=CARTESIAN_POINT('',(72.9598017722393,-111.151342819983,1.50999999999999));
#4374=CARTESIAN_POINT('',(72.9588204613439,-124.951342785093,2.70999999999999));
#4375=CARTESIAN_POINT('',(72.9598017722393,-111.151342819983,2.70999999999999));
#4376=CARTESIAN_POINT('',(72.9588204613439,-124.951342785093,1.50999999999999));
#4377=CARTESIAN_POINT('Origin',(86.7588204264535,-124.952324095988,1.50999999999999));
#4378=CARTESIAN_POINT('',(72.9588204613439,-124.951342785093,1.50999999999999));
#4379=CARTESIAN_POINT('',(72.9588204613439,-124.951342785093,2.70999999999999));
#4380=CARTESIAN_POINT('Origin',(82.4602159609717,-105.32701837482,1.50999999999999));
#4381=CARTESIAN_POINT('',(82.4602159609717,-105.32701837482,1.50999999999999));
#4382=CARTESIAN_POINT('',(82.4611972718672,-91.52701840971,1.50999999999999));
#4383=CARTESIAN_POINT('',(82.4611972718672,-91.52701840971,1.50999999999999));
#4384=CARTESIAN_POINT('',(82.4611972718672,-91.52701840971,2.70999999999999));
#4385=CARTESIAN_POINT('',(82.4611972718672,-91.52701840971,1.50999999999999));
#4386=CARTESIAN_POINT('',(82.4602159609717,-105.32701837482,2.70999999999999));
#4387=CARTESIAN_POINT('',(82.4611972718672,-91.52701840971,2.70999999999999));
#4388=CARTESIAN_POINT('',(82.4602159609717,-105.32701837482,1.50999999999999));
#4389=CARTESIAN_POINT('Origin',(96.2602159260814,-105.327999685715,1.50999999999999));
#4390=CARTESIAN_POINT('',(96.2602159260814,-105.327999685715,1.50999999999999));
#4391=CARTESIAN_POINT('',(82.4602159609717,-105.32701837482,1.50999999999999));
#4392=CARTESIAN_POINT('',(96.2602159260814,-105.327999685715,2.70999999999999));
#4393=CARTESIAN_POINT('',(82.4602159609717,-105.32701837482,2.70999999999999));
#4394=CARTESIAN_POINT('',(96.2602159260814,-105.327999685715,1.50999999999999));
#4395=CARTESIAN_POINT('Origin',(96.2611972369769,-91.5279997206054,1.50999999999999));
#4396=CARTESIAN_POINT('',(96.2611972369769,-91.5279997206054,1.50999999999999));
#4397=CARTESIAN_POINT('',(96.2602159260814,-105.327999685715,1.50999999999999));
#4398=CARTESIAN_POINT('',(96.2611972369769,-91.5279997206054,2.70999999999999));
#4399=CARTESIAN_POINT('',(96.2602159260814,-105.327999685715,2.70999999999999));
#4400=CARTESIAN_POINT('',(96.2611972369769,-91.5279997206054,1.50999999999999));
#4401=CARTESIAN_POINT('Origin',(82.4611972718672,-91.52701840971,1.50999999999999));
#4402=CARTESIAN_POINT('',(96.2611972369769,-91.5279997206054,1.50999999999999));
#4403=CARTESIAN_POINT('',(96.2611972369769,-91.5279997206054,2.70999999999999));
#4404=CARTESIAN_POINT('Origin',(130.736638,-90.8515300607609,1.51));
#4405=CARTESIAN_POINT('',(130.736638,-90.8515300607609,1.51));
#4406=CARTESIAN_POINT('',(118.736638,-90.8515300607609,1.51));
#4407=CARTESIAN_POINT('',(118.736638,-90.8515300607609,1.51));
#4408=CARTESIAN_POINT('',(118.736638,-90.8515300607609,2.71));
#4409=CARTESIAN_POINT('',(118.736638,-90.8515300607609,1.51));
#4410=CARTESIAN_POINT('',(130.736638,-90.8515300607609,2.71));
#4411=CARTESIAN_POINT('',(118.736638,-90.8515300607609,2.71));
#4412=CARTESIAN_POINT('',(130.736638,-90.8515300607609,1.51));
#4413=CARTESIAN_POINT('Origin',(130.736638,-52.8515300607609,1.51));
#4414=CARTESIAN_POINT('',(130.736638,-52.8515300607609,1.51));
#4415=CARTESIAN_POINT('',(130.736638,-90.8515300607609,1.51));
#4416=CARTESIAN_POINT('',(130.736638,-52.8515300607609,2.71));
#4417=CARTESIAN_POINT('',(130.736638,-90.8515300607609,2.71));
#4418=CARTESIAN_POINT('',(130.736638,-52.8515300607609,1.51));
#4419=CARTESIAN_POINT('Origin',(118.736638,-52.8515300607609,1.51));
#4420=CARTESIAN_POINT('',(118.736638,-52.8515300607609,1.51));
#4421=CARTESIAN_POINT('',(130.736638,-52.8515300607609,1.51));
#4422=CARTESIAN_POINT('',(118.736638,-52.8515300607609,2.71));
#4423=CARTESIAN_POINT('',(130.736638,-52.8515300607609,2.71));
#4424=CARTESIAN_POINT('',(118.736638,-52.8515300607609,1.51));
#4425=CARTESIAN_POINT('Origin',(118.736638,-90.8515300607609,1.51));
#4426=CARTESIAN_POINT('',(118.736638,-52.8515300607609,1.51));
#4427=CARTESIAN_POINT('',(118.736638,-52.8515300607609,2.71));
#4428=CARTESIAN_POINT('Origin',(77.2603848591461,-102.951648611501,1.50999999999999));
#4429=CARTESIAN_POINT('',(77.2603848591461,-102.951648611501,1.50999999999999));
#4430=CARTESIAN_POINT('',(63.4603848940364,-102.950667300606,1.50999999999999));
#4431=CARTESIAN_POINT('',(63.4603848940364,-102.950667300606,1.50999999999999));
#4432=CARTESIAN_POINT('',(63.4603848940364,-102.950667300606,2.70999999999999));
#4433=CARTESIAN_POINT('',(63.4603848940364,-102.950667300606,1.50999999999999));
#4434=CARTESIAN_POINT('',(77.2603848591461,-102.951648611501,2.70999999999999));
#4435=CARTESIAN_POINT('',(63.4603848940364,-102.950667300606,2.70999999999999));
#4436=CARTESIAN_POINT('',(77.2603848591461,-102.951648611501,1.50999999999999));
#4437=CARTESIAN_POINT('Origin',(77.2613661700416,-89.1516486463916,1.50999999999999));
#4438=CARTESIAN_POINT('',(77.2613661700416,-89.1516486463916,1.50999999999999));
#4439=CARTESIAN_POINT('',(77.2603848591461,-102.951648611501,1.50999999999999));
#4440=CARTESIAN_POINT('',(77.2613661700416,-89.1516486463916,2.70999999999999));
#4441=CARTESIAN_POINT('',(77.2603848591461,-102.951648611501,2.70999999999999));
#4442=CARTESIAN_POINT('',(77.2613661700416,-89.1516486463916,1.50999999999999));
#4443=CARTESIAN_POINT('Origin',(63.4613662049319,-89.1506673354963,1.50999999999999));
#4444=CARTESIAN_POINT('',(63.4613662049319,-89.1506673354963,1.50999999999999));
#4445=CARTESIAN_POINT('',(77.2613661700416,-89.1516486463916,1.50999999999999));
#4446=CARTESIAN_POINT('',(63.4613662049319,-89.1506673354963,2.70999999999999));
#4447=CARTESIAN_POINT('',(77.2613661700416,-89.1516486463916,2.70999999999999));
#4448=CARTESIAN_POINT('',(63.4613662049319,-89.1506673354963,1.50999999999999));
#4449=CARTESIAN_POINT('Origin',(63.4603848940364,-102.950667300606,1.50999999999999));
#4450=CARTESIAN_POINT('',(63.4613662049319,-89.1506673354963,1.50999999999999));
#4451=CARTESIAN_POINT('',(63.4613662049319,-89.1506673354963,2.70999999999999));
#4452=CARTESIAN_POINT('Origin',(153.541638,-54.58,1.51));
#4453=CARTESIAN_POINT('',(153.541638,-54.58,1.51));
#4454=CARTESIAN_POINT('',(153.540815,-54.038686,1.51));
#4455=CARTESIAN_POINT('',(153.541638,-54.58,1.51));
#4456=CARTESIAN_POINT('',(153.540815,-54.038686,2.71));
#4457=CARTESIAN_POINT('',(153.540815,-54.038686,1.51));
#4458=CARTESIAN_POINT('',(153.541638,-54.58,2.71));
#4459=CARTESIAN_POINT('',(153.541638,-54.58,2.71));
#4460=CARTESIAN_POINT('',(153.541638,-54.58,1.51));
#4461=CARTESIAN_POINT('Origin',(153.53,-80.46,1.51));
#4462=CARTESIAN_POINT('',(153.53,-80.46,1.51));
#4463=CARTESIAN_POINT('',(153.541638,-54.58,1.51));
#4464=CARTESIAN_POINT('',(153.53,-80.46,2.71));
#4465=CARTESIAN_POINT('',(153.541638,-54.58,2.71));
#4466=CARTESIAN_POINT('',(153.53,-80.46,1.51));
#4467=CARTESIAN_POINT('Origin',(153.529680999999,-81.121309,1.51));
#4468=CARTESIAN_POINT('',(153.529680999999,-81.121309,1.51));
#4469=CARTESIAN_POINT('',(153.529680999999,-81.121309,1.51));
#4470=CARTESIAN_POINT('',(153.529680999999,-81.121309,2.71));
#4471=CARTESIAN_POINT('',(153.529680999999,-81.121309,2.71));
#4472=CARTESIAN_POINT('',(153.529680999999,-81.121309,1.51));
#4473=CARTESIAN_POINT('Origin',(151.52987652784,-81.11992779236,1.51));
#4474=CARTESIAN_POINT('',(152.997555,-82.478287,1.51));
#4475=CARTESIAN_POINT('Origin',(151.52987652784,-81.11992779236,1.51));
#4476=CARTESIAN_POINT('',(152.997555,-82.478287,2.71));
#4477=CARTESIAN_POINT('Origin',(151.52987652784,-81.11992779236,2.71));
#4478=CARTESIAN_POINT('',(152.997555,-82.478287,1.51));
#4479=CARTESIAN_POINT('Origin',(141.835553999995,-93.619616999995,1.51));
#4480=CARTESIAN_POINT('',(141.835553999995,-93.619616999995,1.51));
#4481=CARTESIAN_POINT('',(141.835553999995,-93.619616999995,1.51));
#4482=CARTESIAN_POINT('',(141.835553999995,-93.619616999995,2.71));
#4483=CARTESIAN_POINT('',(141.835553999995,-93.619616999995,2.71));
#4484=CARTESIAN_POINT('',(141.835553999995,-93.619616999995,1.51));
#4485=CARTESIAN_POINT('Origin',(143.2485672724,-95.03518707156,1.51));
#4486=CARTESIAN_POINT('',(141.248455999998,-95.035004,1.51));
#4487=CARTESIAN_POINT('Origin',(143.2485672724,-95.03518707156,1.51));
#4488=CARTESIAN_POINT('',(141.248455999998,-95.035004,2.71));
#4489=CARTESIAN_POINT('Origin',(143.2485672724,-95.03518707156,2.71));
#4490=CARTESIAN_POINT('',(141.248455999998,-95.035004,1.51));
#4491=CARTESIAN_POINT('Origin',(141.251549999999,-114.841607,1.51));
#4492=CARTESIAN_POINT('',(141.251549999999,-114.841607,1.51));
#4493=CARTESIAN_POINT('',(141.251549999999,-114.841607,1.51));
#4494=CARTESIAN_POINT('',(141.251549999999,-114.841607,2.71));
#4495=CARTESIAN_POINT('',(141.251549999999,-114.841607,2.71));
#4496=CARTESIAN_POINT('',(141.251549999999,-114.841607,1.51));
#4497=CARTESIAN_POINT('Origin',(139.25152887616,-114.8419133688,1.51));
#4498=CARTESIAN_POINT('',(140.957462,-115.885885,1.51));
#4499=CARTESIAN_POINT('Origin',(139.25152887616,-114.8419133688,1.51));
#4500=CARTESIAN_POINT('',(140.957462,-115.885885,2.71));
#4501=CARTESIAN_POINT('Origin',(139.25152887616,-114.8419133688,2.71));
#4502=CARTESIAN_POINT('',(140.957462,-115.885885,1.51));
#4503=CARTESIAN_POINT('Origin',(125.600839999985,-140.979665999991,1.51));
#4504=CARTESIAN_POINT('',(125.600839999985,-140.979665999991,1.51));
#4505=CARTESIAN_POINT('',(125.600839999985,-140.979665999991,1.51));
#4506=CARTESIAN_POINT('',(125.600839999985,-140.979665999991,2.71));
#4507=CARTESIAN_POINT('',(125.600839999985,-140.979665999991,2.71));
#4508=CARTESIAN_POINT('',(125.600839999985,-140.979665999991,1.51));
#4509=CARTESIAN_POINT('Origin',(123.87064313023,-139.9763060597,1.51));
#4510=CARTESIAN_POINT('',(122.861972,-141.703412,1.51));
#4511=CARTESIAN_POINT('Origin',(123.87064313023,-139.9763060597,1.51));
#4512=CARTESIAN_POINT('',(122.861972,-141.703412,2.71));
#4513=CARTESIAN_POINT('Origin',(123.87064313023,-139.9763060597,2.71));
#4514=CARTESIAN_POINT('',(122.861972,-141.703412,1.51));
#4515=CARTESIAN_POINT('Origin',(107.76241300002,-132.645745999967,1.51));
#4516=CARTESIAN_POINT('',(107.76241300002,-132.645745999967,1.51));
#4517=CARTESIAN_POINT('',(107.76241300002,-132.645745999967,1.51));
#4518=CARTESIAN_POINT('',(107.76241300002,-132.645745999967,2.71));
#4519=CARTESIAN_POINT('',(107.76241300002,-132.645745999967,2.71));
#4520=CARTESIAN_POINT('',(107.76241300002,-132.645745999967,1.51));
#4521=CARTESIAN_POINT('Origin',(106.73362407487,-134.3607640089,1.51));
#4522=CARTESIAN_POINT('',(107.247483000011,-132.427982999958,1.51));
#4523=CARTESIAN_POINT('Origin',(106.73362407487,-134.3607640089,1.51));
#4524=CARTESIAN_POINT('',(107.247483000011,-132.427982999958,2.71));
#4525=CARTESIAN_POINT('Origin',(106.73362407487,-134.3607640089,2.71));
#4526=CARTESIAN_POINT('',(107.247483000011,-132.427982999958,1.51));
#4527=CARTESIAN_POINT('Origin',(89.6041950000139,-127.737147999948,1.51));
#4528=CARTESIAN_POINT('',(89.6041950000139,-127.737147999948,1.51));
#4529=CARTESIAN_POINT('',(89.6041950000139,-127.737147999948,1.51));
#4530=CARTESIAN_POINT('',(89.6041950000139,-127.737147999948,2.71));
#4531=CARTESIAN_POINT('',(89.6041950000139,-127.737147999948,2.71));
#4532=CARTESIAN_POINT('',(89.6041950000139,-127.737147999948,1.51));
#4533=CARTESIAN_POINT('Origin',(89.090305324833,-129.6699959205,1.51));
#4534=CARTESIAN_POINT('',(89.090306,-127.669999999944,1.51));
#4535=CARTESIAN_POINT('Origin',(89.090305324833,-129.6699959205,1.51));
#4536=CARTESIAN_POINT('',(89.090306,-127.669999999944,2.71));
#4537=CARTESIAN_POINT('Origin',(89.090305324833,-129.6699959205,2.71));
#4538=CARTESIAN_POINT('',(89.090306,-127.669999999944,1.51));
#4539=CARTESIAN_POINT('Origin',(71.3613739999999,-127.688861999903,1.51));
#4540=CARTESIAN_POINT('',(71.3613739999999,-127.688861999903,1.51));
#4541=CARTESIAN_POINT('',(71.3613739999999,-127.688861999903,1.51));
#4542=CARTESIAN_POINT('',(71.3613739999999,-127.688861999903,2.71));
#4543=CARTESIAN_POINT('',(71.3613739999999,-127.688861999903,2.71));
#4544=CARTESIAN_POINT('',(71.3613739999999,-127.688861999903,1.51));
#4545=CARTESIAN_POINT('Origin',(71.35924695422,-125.6888601552,1.51));
#4546=CARTESIAN_POINT('',(69.696872,-126.80085,1.51));
#4547=CARTESIAN_POINT('Origin',(71.35924695422,-125.6888601552,1.51));
#4548=CARTESIAN_POINT('',(69.696872,-126.80085,2.71));
#4549=CARTESIAN_POINT('Origin',(71.35924695422,-125.6888601552,2.71));
#4550=CARTESIAN_POINT('',(69.696872,-126.80085,1.51));
#4551=CARTESIAN_POINT('Origin',(61.2132630000096,-114.118206999994,1.51));
#4552=CARTESIAN_POINT('',(61.2132630000096,-114.118206999994,1.51));
#4553=CARTESIAN_POINT('',(61.2132630000096,-114.118206999994,1.51));
#4554=CARTESIAN_POINT('',(61.2132630000096,-114.118206999994,2.71));
#4555=CARTESIAN_POINT('',(61.2132630000096,-114.118206999994,2.71));
#4556=CARTESIAN_POINT('',(61.2132630000096,-114.118206999994,1.51));
#4557=CARTESIAN_POINT('Origin',(59.54166427822,-115.216294679,1.51));
#4558=CARTESIAN_POINT('',(59.541316,-113.216284999979,1.51));
#4559=CARTESIAN_POINT('Origin',(59.54166427822,-115.216294679,1.51));
#4560=CARTESIAN_POINT('',(59.541316,-113.216284999979,2.71));
#4561=CARTESIAN_POINT('Origin',(59.54166427822,-115.216294679,2.71));
#4562=CARTESIAN_POINT('',(59.541316,-113.216284999979,1.51));
#4563=CARTESIAN_POINT('Origin',(5.20632599999999,-113.225908999974,1.51));
#4564=CARTESIAN_POINT('',(5.20632599999999,-113.225908999974,1.51));
#4565=CARTESIAN_POINT('',(5.20632599999999,-113.225908999974,1.51));
#4566=CARTESIAN_POINT('',(5.206326,-113.225908999974,2.71));
#4567=CARTESIAN_POINT('',(5.20632599999999,-113.225908999974,2.71));
#4568=CARTESIAN_POINT('',(5.20632599999999,-113.225908999974,1.51));
#4569=CARTESIAN_POINT('Origin',(5.205981865496,-111.2259000447,1.51));
#4570=CARTESIAN_POINT('',(3.205973,-111.225209,1.51));
#4571=CARTESIAN_POINT('Origin',(5.205981865496,-111.2259000447,1.51));
#4572=CARTESIAN_POINT('',(3.205973,-111.225209,2.71));
#4573=CARTESIAN_POINT('Origin',(5.205981865496,-111.2259000447,2.71));
#4574=CARTESIAN_POINT('',(3.205973,-111.225209,1.51));
#4575=CARTESIAN_POINT('Origin',(3.24100400000042,-56.049314,1.51));
#4576=CARTESIAN_POINT('',(3.24100400000042,-56.049314,1.51));
#4577=CARTESIAN_POINT('',(3.24100400000042,-56.049314,1.51));
#4578=CARTESIAN_POINT('',(3.24100400000042,-56.049314,2.71));
#4579=CARTESIAN_POINT('',(3.24100400000042,-56.049314,2.71));
#4580=CARTESIAN_POINT('',(3.24100400000042,-56.049314,1.51));
#4581=CARTESIAN_POINT('Origin',(4.24101010663701,-56.04995531225,1.51));
#4582=CARTESIAN_POINT('',(4.241003,-55.049949,1.51));
#4583=CARTESIAN_POINT('Origin',(4.24101010663701,-56.04995531225,1.51));
#4584=CARTESIAN_POINT('',(4.241003,-55.049949,2.71));
#4585=CARTESIAN_POINT('Origin',(4.24101010663701,-56.04995531225,2.71));
#4586=CARTESIAN_POINT('',(4.241003,-55.049949,1.51));
#4587=CARTESIAN_POINT('Origin',(5.221029,-55.049949,1.51));
#4588=CARTESIAN_POINT('',(5.221029,-55.049949,1.51));
#4589=CARTESIAN_POINT('',(5.221029,-55.049949,1.51));
#4590=CARTESIAN_POINT('',(5.221029,-55.049949,2.71));
#4591=CARTESIAN_POINT('',(5.221029,-55.049949,2.71));
#4592=CARTESIAN_POINT('',(5.221029,-55.049949,1.51));
#4593=CARTESIAN_POINT('Origin',(41.341646,-55.0490259999989,1.51));
#4594=CARTESIAN_POINT('',(41.341646,-55.0490259999989,1.51));
#4595=CARTESIAN_POINT('',(41.341646,-55.0490259999989,1.51));
#4596=CARTESIAN_POINT('',(41.341646,-55.0490259999989,2.71));
#4597=CARTESIAN_POINT('',(41.341646,-55.0490259999989,2.71));
#4598=CARTESIAN_POINT('',(41.341646,-55.0490259999989,1.51));
#4599=CARTESIAN_POINT('Origin',(41.341583859534,-54.54897686098,1.51));
#4600=CARTESIAN_POINT('',(41.8416329999996,-54.549026,1.51));
#4601=CARTESIAN_POINT('Origin',(41.341583859534,-54.54897686098,1.51));
#4602=CARTESIAN_POINT('',(41.8416329999996,-54.549026,2.71));
#4603=CARTESIAN_POINT('Origin',(41.341583859534,-54.54897686098,2.71));
#4604=CARTESIAN_POINT('',(41.8416329999996,-54.549026,1.51));
#4605=CARTESIAN_POINT('Origin',(41.8416329999999,-50.800013,1.51));
#4606=CARTESIAN_POINT('',(41.8416329999999,-50.800013,1.51));
#4607=CARTESIAN_POINT('',(41.8416329999999,-50.800013,1.51));
#4608=CARTESIAN_POINT('',(41.8416329999999,-50.800013,2.71));
#4609=CARTESIAN_POINT('',(41.8416329999999,-50.800013,2.71));
#4610=CARTESIAN_POINT('',(41.8416329999999,-50.800013,1.51));
#4611=CARTESIAN_POINT('Origin',(42.341607021446,-50.79998702144,1.51));
#4612=CARTESIAN_POINT('',(42.341633,-50.300013,1.51));
#4613=CARTESIAN_POINT('Origin',(42.341607021446,-50.79998702144,1.51));
#4614=CARTESIAN_POINT('',(42.341633,-50.300013,2.71));
#4615=CARTESIAN_POINT('Origin',(42.341607021446,-50.79998702144,2.71));
#4616=CARTESIAN_POINT('',(42.341633,-50.300013,1.51));
#4617=CARTESIAN_POINT('Origin',(60.341633,-50.3000129999932,1.51));
#4618=CARTESIAN_POINT('',(60.341633,-50.3000129999932,1.51));
#4619=CARTESIAN_POINT('',(60.341633,-50.3000129999932,1.51));
#4620=CARTESIAN_POINT('',(60.341633,-50.3000129999932,2.71));
#4621=CARTESIAN_POINT('',(60.341633,-50.3000129999932,2.71));
#4622=CARTESIAN_POINT('',(60.341633,-50.3000129999932,1.51));
#4623=CARTESIAN_POINT('Origin',(60.341606058107,-49.7999860581,1.51));
#4624=CARTESIAN_POINT('',(60.8416330000002,-49.800013,1.51));
#4625=CARTESIAN_POINT('Origin',(60.341606058107,-49.7999860581,1.51));
#4626=CARTESIAN_POINT('',(60.8416330000002,-49.800013,2.71));
#4627=CARTESIAN_POINT('Origin',(60.341606058107,-49.7999860581,2.71));
#4628=CARTESIAN_POINT('',(60.8416330000002,-49.800013,1.51));
#4629=CARTESIAN_POINT('Origin',(60.8416329999999,-48.548013,1.51));
#4630=CARTESIAN_POINT('',(60.8416329999999,-48.548013,1.51));
#4631=CARTESIAN_POINT('',(60.8416329999999,-48.548013,1.51));
#4632=CARTESIAN_POINT('',(60.8416329999999,-48.548013,2.71));
#4633=CARTESIAN_POINT('',(60.8416329999999,-48.548013,2.71));
#4634=CARTESIAN_POINT('',(60.8416329999999,-48.548013,1.51));
#4635=CARTESIAN_POINT('Origin',(61.341607021446,-48.54798702144,1.51));
#4636=CARTESIAN_POINT('',(61.341633,-48.048013,1.51));
#4637=CARTESIAN_POINT('Origin',(61.341607021446,-48.54798702144,1.51));
#4638=CARTESIAN_POINT('',(61.341633,-48.048013,2.71));
#4639=CARTESIAN_POINT('Origin',(61.341607021446,-48.54798702144,2.71));
#4640=CARTESIAN_POINT('',(61.341633,-48.048013,1.51));
#4641=CARTESIAN_POINT('Origin',(79.8916380000001,-48.0499999999968,1.51));
#4642=CARTESIAN_POINT('',(79.8916380000001,-48.0499999999968,1.51));
#4643=CARTESIAN_POINT('',(79.8916380000001,-48.0499999999968,1.51));
#4644=CARTESIAN_POINT('',(79.8916380000001,-48.0499999999968,2.71));
#4645=CARTESIAN_POINT('',(79.8916380000001,-48.0499999999968,2.71));
#4646=CARTESIAN_POINT('',(79.8916380000001,-48.0499999999968,1.51));
#4647=CARTESIAN_POINT('Origin',(79.881637264854,-48.49400112054,1.51));
#4648=CARTESIAN_POINT('',(80.325751,-48.494,1.51));
#4649=CARTESIAN_POINT('Origin',(79.881637264854,-48.49400112054,1.51));
#4650=CARTESIAN_POINT('',(80.325751,-48.494,2.71));
#4651=CARTESIAN_POINT('Origin',(79.881637264854,-48.49400112054,2.71));
#4652=CARTESIAN_POINT('',(80.325751,-48.494,1.51));
#4653=CARTESIAN_POINT('Origin',(80.3257510000002,-49.746,1.51));
#4654=CARTESIAN_POINT('',(80.3257510000002,-49.746,1.51));
#4655=CARTESIAN_POINT('',(80.3257510000002,-49.746,1.51));
#4656=CARTESIAN_POINT('',(80.3257510000002,-49.746,2.71));
#4657=CARTESIAN_POINT('',(80.3257510000002,-49.746,2.71));
#4658=CARTESIAN_POINT('',(80.3257510000002,-49.746,1.51));
#4659=CARTESIAN_POINT('Origin',(80.825728435284,-49.74602256471,1.51));
#4660=CARTESIAN_POINT('',(80.825751,-50.2459999999938,1.51));
#4661=CARTESIAN_POINT('Origin',(80.825728435284,-49.74602256471,1.51));
#4662=CARTESIAN_POINT('',(80.825751,-50.2459999999938,2.71));
#4663=CARTESIAN_POINT('Origin',(80.825728435284,-49.74602256471,2.71));
#4664=CARTESIAN_POINT('',(80.825751,-50.2459999999938,1.51));
#4665=CARTESIAN_POINT('Origin',(98.768935,-50.246,1.51));
#4666=CARTESIAN_POINT('',(98.768935,-50.246,1.51));
#4667=CARTESIAN_POINT('',(98.768935,-50.246,1.51));
#4668=CARTESIAN_POINT('',(98.768935,-50.246,2.71));
#4669=CARTESIAN_POINT('',(98.768935,-50.246,2.71));
#4670=CARTESIAN_POINT('',(98.768935,-50.246,1.51));
#4671=CARTESIAN_POINT('Origin',(98.882476,-50.249225,1.51));
#4672=CARTESIAN_POINT('',(98.882476,-50.249225,1.51));
#4673=CARTESIAN_POINT('',(98.882476,-50.249225,1.51));
#4674=CARTESIAN_POINT('',(98.882476,-50.249225,2.71));
#4675=CARTESIAN_POINT('',(98.882476,-50.249225,2.71));
#4676=CARTESIAN_POINT('',(98.882476,-50.249225,1.51));
#4677=CARTESIAN_POINT('Origin',(130.494335,-52.046742,1.51));
#4678=CARTESIAN_POINT('',(130.494335,-52.046742,1.51));
#4679=CARTESIAN_POINT('',(130.494335,-52.046742,1.51));
#4680=CARTESIAN_POINT('',(130.494335,-52.046742,2.71));
#4681=CARTESIAN_POINT('',(130.494335,-52.046742,2.71));
#4682=CARTESIAN_POINT('',(130.494335,-52.046742,1.51));
#4683=CARTESIAN_POINT('Origin',(130.609032,-52.049967,1.51));
#4684=CARTESIAN_POINT('',(130.609032,-52.049967,1.51));
#4685=CARTESIAN_POINT('',(130.609032,-52.049967,1.51));
#4686=CARTESIAN_POINT('',(130.609032,-52.049967,2.71));
#4687=CARTESIAN_POINT('',(130.609032,-52.049967,2.71));
#4688=CARTESIAN_POINT('',(130.609032,-52.049967,1.51));
#4689=CARTESIAN_POINT('Origin',(151.539659,-52.0378649999936,1.51));
#4690=CARTESIAN_POINT('',(151.539659,-52.0378649999936,1.51));
#4691=CARTESIAN_POINT('',(151.539659,-52.0378649999936,1.51));
#4692=CARTESIAN_POINT('',(151.539659,-52.0378649999936,2.71));
#4693=CARTESIAN_POINT('',(151.539659,-52.0378649999936,2.71));
#4694=CARTESIAN_POINT('',(151.539659,-52.0378649999936,1.51));
#4695=CARTESIAN_POINT('Origin',(151.54080729758,-54.03787253819,1.51));
#4696=CARTESIAN_POINT('Origin',(151.54080729758,-54.03787253819,1.51));
#4697=CARTESIAN_POINT('Origin',(151.54080729758,-54.03787253819,2.71));
#4698=CARTESIAN_POINT('Origin',(78.3738054403074,-95.0121985759976,2.71));
#4699=CARTESIAN_POINT('Origin',(78.3738054403074,-95.0121985759976,1.51));
#4700=UNCERTAINTY_MEASURE_WITH_UNIT(LENGTH_MEASURE(0.01),#4704,
'DISTANCE_ACCURACY_VALUE',
'Maximum model space distance between geometric entities at asserted c
onnectivities');
#4701=UNCERTAINTY_MEASURE_WITH_UNIT(LENGTH_MEASURE(0.01),#4704,
'DISTANCE_ACCURACY_VALUE',
'Maximum model space distance between geometric entities at asserted c
onnectivities');
#4702=(
GEOMETRIC_REPRESENTATION_CONTEXT(3)
GLOBAL_UNCERTAINTY_ASSIGNED_CONTEXT((#4700))
GLOBAL_UNIT_ASSIGNED_CONTEXT((#4704,#4706,#4707))
REPRESENTATION_CONTEXT('','3D')
);
#4703=(
GEOMETRIC_REPRESENTATION_CONTEXT(3)
GLOBAL_UNCERTAINTY_ASSIGNED_CONTEXT((#4701))
GLOBAL_UNIT_ASSIGNED_CONTEXT((#4704,#4706,#4707))
REPRESENTATION_CONTEXT('','3D')
);
#4704=(
LENGTH_UNIT()
NAMED_UNIT(*)
SI_UNIT(.MILLI.,.METRE.)
);
#4705=(
LENGTH_UNIT()
NAMED_UNIT(*)
SI_UNIT($,.METRE.)
);
#4706=(
NAMED_UNIT(*)
PLANE_ANGLE_UNIT()
SI_UNIT($,.RADIAN.)
);
#4707=(
NAMED_UNIT(*)
SI_UNIT($,.STERADIAN.)
SOLID_ANGLE_UNIT()
);
#4708=SHAPE_DEFINITION_REPRESENTATION(#4709,#4710);
#4709=PRODUCT_DEFINITION_SHAPE('',$,#4712);
#4710=SHAPE_REPRESENTATION('',(#2960),#4702);
#4711=PRODUCT_DEFINITION_CONTEXT('part definition',#4716,'design');
#4712=PRODUCT_DEFINITION('chillboardplate (v3~recovered)',
'chillboardplate (v3~recovered)',#4713,#4711);
#4713=PRODUCT_DEFINITION_FORMATION('',$,#4718);
#4714=PRODUCT_RELATED_PRODUCT_CATEGORY('chillboardplate (v3~recovered)',
'chillboardplate (v3~recovered)',(#4718));
#4715=APPLICATION_PROTOCOL_DEFINITION('international standard',
'automotive_design',2009,#4716);
#4716=APPLICATION_CONTEXT(
'Core Data for Automotive Mechanical Design Process');
#4717=PRODUCT_CONTEXT('part definition',#4716,'mechanical');
#4718=PRODUCT('chillboardplate (v3~recovered)',
'chillboardplate (v3~recovered)',$,(#4717));
#4719=PRESENTATION_STYLE_ASSIGNMENT((#4720));
#4720=SURFACE_STYLE_USAGE(.BOTH.,#4721);
#4721=SURFACE_SIDE_STYLE('',(#4722));
#4722=SURFACE_STYLE_FILL_AREA(#4723);
#4723=FILL_AREA_STYLE('Steel - Satin',(#4724));
#4724=FILL_AREA_STYLE_COLOUR('Steel - Satin',#4725);
#4725=COLOUR_RGB('Steel - Satin',0.627450980392157,0.627450980392157,0.627450980392157);
ENDSEC;
END-ISO-10303-21;
