ISO-10303-21;
HEADER;
/* Generated by software containing ST-Developer
 * from STEP Tools, Inc. (www.steptools.com) 
 */

FILE_DESCRIPTION(
/* description */ ('KiCad electronic assembly'),
/* implementation_level */ '2;1');

FILE_NAME(
/* name */ 'chillboardbot.step',
/* time_stamp */ '2026-06-10T18:08:14+05:30',
/* author */ (''),
/* organization */ (''),
/* preprocessor_version */ 'ST-DEVELOPER v20.1',
/* originating_system */ 'Autodesk Translation Framework v15.8.0.0',
/* authorisation */ '');

FILE_SCHEMA (('AUTOMOTIVE_DESIGN { 1 0 10303 214 3 1 1 }'));
ENDSEC;

DATA;
#10=MECHANICAL_DESIGN_GEOMETRIC_PRESENTATION_REPRESENTATION('',(#17),#3229);
#11=SHAPE_REPRESENTATION_RELATIONSHIP('SRR','None',#3239,#12);
#12=ADVANCED_BREP_SHAPE_REPRESENTATION('',(#18),#3227);
#13=ITEM_DEFINED_TRANSFORMATION($,$,#1921,#2104);
#14=(
REPRESENTATION_RELATIONSHIP($,$,#3240,#3239)
REPRESENTATION_RELATIONSHIP_WITH_TRANSFORMATION(#13)
SHAPE_REPRESENTATION_RELATIONSHIP()
);
#15=CONTEXT_DEPENDENT_SHAPE_REPRESENTATION(#14,#3238);
#16=NEXT_ASSEMBLY_USAGE_OCCURRENCE('Chillboard_PCB:1',
'Chillboard_PCB:1','Chillboard_PCB:1',#3242,#3243,'Chillboard_PCB:1');
#17=STYLED_ITEM('',(#3253),#18);
#18=MANIFOLD_SOLID_BREP('Body3',#1907);
#19=CYLINDRICAL_SURFACE('',#1982,0.8115);
#20=CYLINDRICAL_SURFACE('',#1985,2.);
#21=CYLINDRICAL_SURFACE('',#2010,0.8115);
#22=CYLINDRICAL_SURFACE('',#2013,2.);
#23=CYLINDRICAL_SURFACE('',#2017,0.8115);
#24=CYLINDRICAL_SURFACE('',#2020,2.);
#25=CYLINDRICAL_SURFACE('',#2024,0.8115);
#26=CYLINDRICAL_SURFACE('',#2027,2.);
#27=CYLINDRICAL_SURFACE('',#2031,0.899999999999999);
#28=CYLINDRICAL_SURFACE('',#2035,0.500049142879999);
#29=CYLINDRICAL_SURFACE('',#2037,0.499974022114913);
#30=CYLINDRICAL_SURFACE('',#2039,0.500026942619003);
#31=CYLINDRICAL_SURFACE('',#2041,0.499974022114913);
#32=CYLINDRICAL_SURFACE('',#2043,0.444113735147421);
#33=CYLINDRICAL_SURFACE('',#2045,0.499977435793003);
#34=CYLINDRICAL_SURFACE('',#2050,2.0000078678494);
#35=CYLINDRICAL_SURFACE('',#2051,1.99980494914431);
#36=CYLINDRICAL_SURFACE('',#2053,1.00000631227527);
#37=CYLINDRICAL_SURFACE('',#2055,2.00000898488116);
#38=CYLINDRICAL_SURFACE('',#2057,2.000009709345);
#39=CYLINDRICAL_SURFACE('',#2059,2.00000297583685);
#40=CYLINDRICAL_SURFACE('',#2061,1.999995920556);
#41=CYLINDRICAL_SURFACE('',#2063,1.9999233544);
#42=CYLINDRICAL_SURFACE('',#2065,2.00007809297011);
#43=CYLINDRICAL_SURFACE('',#2067,2.00002114732949);
#44=CYLINDRICAL_SURFACE('',#2069,2.00011128078);
#45=CYLINDRICAL_SURFACE('',#2071,0.0101112806052345);
#46=CYLINDRICAL_SURFACE('',#2073,3.99002114732508);
#47=CYLINDRICAL_SURFACE('',#2075,3.99007809298107);
#48=CYLINDRICAL_SURFACE('',#2077,0.00992335438903696);
#49=CYLINDRICAL_SURFACE('',#2079,0.00999592053146561);
#50=CYLINDRICAL_SURFACE('',#2081,3.99000297583633);
#51=CYLINDRICAL_SURFACE('',#2083,0.0100097093449984);
#52=CYLINDRICAL_SURFACE('',#2085,3.99000899527);
#53=CYLINDRICAL_SURFACE('',#2087,2.99000631227527);
#54=CYLINDRICAL_SURFACE('',#2091,2.48997402265164);
#55=CYLINDRICAL_SURFACE('',#2093,2.48997402186141);
#56=CYLINDRICAL_SURFACE('',#2095,2.43411373514741);
#57=CYLINDRICAL_SURFACE('',#2101,3.99000786781101);
#58=CYLINDRICAL_SURFACE('',#2102,3.98980494931901);
#59=FACE_BOUND('',#260,.T.);
#60=FACE_BOUND('',#269,.T.);
#61=FACE_BOUND('',#271,.T.);
#62=FACE_BOUND('',#272,.T.);
#63=FACE_BOUND('',#273,.T.);
#64=FACE_BOUND('',#274,.T.);
#65=FACE_BOUND('',#278,.T.);
#66=FACE_BOUND('',#283,.T.);
#67=FACE_BOUND('',#288,.T.);
#68=FACE_BOUND('',#292,.T.);
#69=CIRCLE('',#1927,2.43411373514741);
#70=CIRCLE('',#1928,2.48997402186141);
#71=CIRCLE('',#1929,2.48997402265164);
#72=CIRCLE('',#1930,2.99000631227527);
#73=CIRCLE('',#1931,3.99000899527);
#74=CIRCLE('',#1932,0.0100097093449984);
#75=CIRCLE('',#1933,3.99000297583633);
#76=CIRCLE('',#1934,0.00999592053146561);
#77=CIRCLE('',#1935,0.00992335438903696);
#78=CIRCLE('',#1936,3.99007809298107);
#79=CIRCLE('',#1937,3.99002114732508);
#80=CIRCLE('',#1938,0.0101112806052345);
#81=CIRCLE('',#1939,3.98980494931901);
#82=CIRCLE('',#1940,1.99980494914431);
#83=CIRCLE('',#1941,2.00011128078);
#84=CIRCLE('',#1942,2.00002114732949);
#85=CIRCLE('',#1943,2.00007809297011);
#86=CIRCLE('',#1944,1.9999233544);
#87=CIRCLE('',#1945,1.999995920556);
#88=CIRCLE('',#1946,2.00000297583685);
#89=CIRCLE('',#1947,2.000009709345);
#90=CIRCLE('',#1948,2.00000898488116);
#91=CIRCLE('',#1949,1.00000631227527);
#92=CIRCLE('',#1950,0.500049142879999);
#93=CIRCLE('',#1951,0.499974022114913);
#94=CIRCLE('',#1952,0.500026942619003);
#95=CIRCLE('',#1953,0.499974022114913);
#96=CIRCLE('',#1954,0.444113735147421);
#97=CIRCLE('',#1955,0.499977435793003);
#98=CIRCLE('',#1960,3.98980494931901);
#99=CIRCLE('',#1961,0.0101112806052345);
#100=CIRCLE('',#1962,3.99002114732508);
#101=CIRCLE('',#1963,3.99007809298107);
#102=CIRCLE('',#1964,0.00992335438903696);
#103=CIRCLE('',#1965,0.00999592053146561);
#104=CIRCLE('',#1966,3.99000297583633);
#105=CIRCLE('',#1967,0.0100097093449984);
#106=CIRCLE('',#1968,3.99000899527);
#107=CIRCLE('',#1969,2.99000631227527);
#108=CIRCLE('',#1970,2.48997402265164);
#109=CIRCLE('',#1971,2.48997402186141);
#110=CIRCLE('',#1972,2.43411373514741);
#111=CIRCLE('',#1973,3.99000786781101);
#112=CIRCLE('',#1974,0.899999999999999);
#113=CIRCLE('',#1979,2.0000078678494);
#114=CIRCLE('',#1980,3.99000786781101);
#115=CIRCLE('',#1983,0.8115);
#116=CIRCLE('',#1984,0.8115);
#117=CIRCLE('',#1986,2.);
#118=CIRCLE('',#1987,2.);
#119=CIRCLE('',#1990,2.0000078678494);
#120=CIRCLE('',#1991,0.499977435793003);
#121=CIRCLE('',#1992,0.444113735147421);
#122=CIRCLE('',#1993,0.499974022114913);
#123=CIRCLE('',#1994,0.500026942619003);
#124=CIRCLE('',#1995,0.499974022114913);
#125=CIRCLE('',#1996,0.500049142879999);
#126=CIRCLE('',#1997,1.00000631227527);
#127=CIRCLE('',#1998,2.00000898488116);
#128=CIRCLE('',#1999,2.000009709345);
#129=CIRCLE('',#2000,2.00000297583685);
#130=CIRCLE('',#2001,1.999995920556);
#131=CIRCLE('',#2002,1.9999233544);
#132=CIRCLE('',#2003,2.00007809297011);
#133=CIRCLE('',#2004,2.00002114732949);
#134=CIRCLE('',#2005,2.00011128078);
#135=CIRCLE('',#2006,1.99980494914431);
#136=CIRCLE('',#2007,2.);
#137=CIRCLE('',#2008,2.);
#138=CIRCLE('',#2009,2.);
#139=CIRCLE('',#2011,0.8115);
#140=CIRCLE('',#2012,0.8115);
#141=CIRCLE('',#2014,2.);
#142=CIRCLE('',#2018,0.8115);
#143=CIRCLE('',#2019,0.8115);
#144=CIRCLE('',#2021,2.);
#145=CIRCLE('',#2025,0.8115);
#146=CIRCLE('',#2026,0.8115);
#147=CIRCLE('',#2028,2.);
#148=CIRCLE('',#2032,0.899999999999999);
#149=FACE_OUTER_BOUND('',#251,.T.);
#150=FACE_OUTER_BOUND('',#252,.T.);
#151=FACE_OUTER_BOUND('',#253,.T.);
#152=FACE_OUTER_BOUND('',#254,.T.);
#153=FACE_OUTER_BOUND('',#255,.T.);
#154=FACE_OUTER_BOUND('',#256,.T.);
#155=FACE_OUTER_BOUND('',#257,.T.);
#156=FACE_OUTER_BOUND('',#258,.T.);
#157=FACE_OUTER_BOUND('',#259,.T.);
#158=FACE_OUTER_BOUND('',#261,.T.);
#159=FACE_OUTER_BOUND('',#262,.T.);
#160=FACE_OUTER_BOUND('',#263,.T.);
#161=FACE_OUTER_BOUND('',#264,.T.);
#162=FACE_OUTER_BOUND('',#265,.T.);
#163=FACE_OUTER_BOUND('',#266,.T.);
#164=FACE_OUTER_BOUND('',#267,.T.);
#165=FACE_OUTER_BOUND('',#268,.T.);
#166=FACE_OUTER_BOUND('',#270,.T.);
#167=FACE_OUTER_BOUND('',#275,.T.);
#168=FACE_OUTER_BOUND('',#276,.T.);
#169=FACE_OUTER_BOUND('',#277,.T.);
#170=FACE_OUTER_BOUND('',#279,.T.);
#171=FACE_OUTER_BOUND('',#280,.T.);
#172=FACE_OUTER_BOUND('',#281,.T.);
#173=FACE_OUTER_BOUND('',#282,.T.);
#174=FACE_OUTER_BOUND('',#284,.T.);
#175=FACE_OUTER_BOUND('',#285,.T.);
#176=FACE_OUTER_BOUND('',#286,.T.);
#177=FACE_OUTER_BOUND('',#287,.T.);
#178=FACE_OUTER_BOUND('',#289,.T.);
#179=FACE_OUTER_BOUND('',#290,.T.);
#180=FACE_OUTER_BOUND('',#291,.T.);
#181=FACE_OUTER_BOUND('',#293,.T.);
#182=FACE_OUTER_BOUND('',#294,.T.);
#183=FACE_OUTER_BOUND('',#295,.T.);
#184=FACE_OUTER_BOUND('',#296,.T.);
#185=FACE_OUTER_BOUND('',#297,.T.);
#186=FACE_OUTER_BOUND('',#298,.T.);
#187=FACE_OUTER_BOUND('',#299,.T.);
#188=FACE_OUTER_BOUND('',#300,.T.);
#189=FACE_OUTER_BOUND('',#301,.T.);
#190=FACE_OUTER_BOUND('',#302,.T.);
#191=FACE_OUTER_BOUND('',#303,.T.);
#192=FACE_OUTER_BOUND('',#304,.T.);
#193=FACE_OUTER_BOUND('',#305,.T.);
#194=FACE_OUTER_BOUND('',#306,.T.);
#195=FACE_OUTER_BOUND('',#307,.T.);
#196=FACE_OUTER_BOUND('',#308,.T.);
#197=FACE_OUTER_BOUND('',#309,.T.);
#198=FACE_OUTER_BOUND('',#310,.T.);
#199=FACE_OUTER_BOUND('',#311,.T.);
#200=FACE_OUTER_BOUND('',#312,.T.);
#201=FACE_OUTER_BOUND('',#313,.T.);
#202=FACE_OUTER_BOUND('',#314,.T.);
#203=FACE_OUTER_BOUND('',#315,.T.);
#204=FACE_OUTER_BOUND('',#316,.T.);
#205=FACE_OUTER_BOUND('',#317,.T.);
#206=FACE_OUTER_BOUND('',#318,.T.);
#207=FACE_OUTER_BOUND('',#319,.T.);
#208=FACE_OUTER_BOUND('',#320,.T.);
#209=FACE_OUTER_BOUND('',#321,.T.);
#210=FACE_OUTER_BOUND('',#322,.T.);
#211=FACE_OUTER_BOUND('',#323,.T.);
#212=FACE_OUTER_BOUND('',#324,.T.);
#213=FACE_OUTER_BOUND('',#325,.T.);
#214=FACE_OUTER_BOUND('',#326,.T.);
#215=FACE_OUTER_BOUND('',#327,.T.);
#216=FACE_OUTER_BOUND('',#328,.T.);
#217=FACE_OUTER_BOUND('',#329,.T.);
#218=FACE_OUTER_BOUND('',#330,.T.);
#219=FACE_OUTER_BOUND('',#331,.T.);
#220=FACE_OUTER_BOUND('',#332,.T.);
#221=FACE_OUTER_BOUND('',#333,.T.);
#222=FACE_OUTER_BOUND('',#334,.T.);
#223=FACE_OUTER_BOUND('',#335,.T.);
#224=FACE_OUTER_BOUND('',#336,.T.);
#225=FACE_OUTER_BOUND('',#337,.T.);
#226=FACE_OUTER_BOUND('',#338,.T.);
#227=FACE_OUTER_BOUND('',#339,.T.);
#228=FACE_OUTER_BOUND('',#340,.T.);
#229=FACE_OUTER_BOUND('',#341,.T.);
#230=FACE_OUTER_BOUND('',#342,.T.);
#231=FACE_OUTER_BOUND('',#343,.T.);
#232=FACE_OUTER_BOUND('',#344,.T.);
#233=FACE_OUTER_BOUND('',#345,.T.);
#234=FACE_OUTER_BOUND('',#346,.T.);
#235=FACE_OUTER_BOUND('',#347,.T.);
#236=FACE_OUTER_BOUND('',#348,.T.);
#237=FACE_OUTER_BOUND('',#349,.T.);
#238=FACE_OUTER_BOUND('',#350,.T.);
#239=FACE_OUTER_BOUND('',#351,.T.);
#240=FACE_OUTER_BOUND('',#352,.T.);
#241=FACE_OUTER_BOUND('',#353,.T.);
#242=FACE_OUTER_BOUND('',#354,.T.);
#243=FACE_OUTER_BOUND('',#355,.T.);
#244=FACE_OUTER_BOUND('',#356,.T.);
#245=FACE_OUTER_BOUND('',#357,.T.);
#246=FACE_OUTER_BOUND('',#358,.T.);
#247=FACE_OUTER_BOUND('',#359,.T.);
#248=FACE_OUTER_BOUND('',#360,.T.);
#249=FACE_OUTER_BOUND('',#361,.T.);
#250=FACE_OUTER_BOUND('',#362,.T.);
#251=EDGE_LOOP('',(#1199,#1200,#1201,#1202));
#252=EDGE_LOOP('',(#1203,#1204,#1205,#1206));
#253=EDGE_LOOP('',(#1207,#1208,#1209,#1210));
#254=EDGE_LOOP('',(#1211,#1212,#1213,#1214,#1215,#1216));
#255=EDGE_LOOP('',(#1217,#1218,#1219,#1220,#1221,#1222,#1223,#1224,#1225,
#1226,#1227,#1228,#1229,#1230,#1231,#1232,#1233,#1234,#1235,#1236,#1237,
#1238,#1239,#1240,#1241,#1242,#1243,#1244,#1245,#1246,#1247,#1248,#1249,
#1250,#1251,#1252,#1253,#1254,#1255,#1256,#1257,#1258,#1259,#1260,#1261,
#1262,#1263,#1264,#1265,#1266,#1267,#1268,#1269,#1270,#1271,#1272,#1273,
#1274,#1275,#1276,#1277,#1278,#1279,#1280,#1281,#1282,#1283,#1284,#1285,
#1286,#1287,#1288));
#256=EDGE_LOOP('',(#1289,#1290,#1291,#1292));
#257=EDGE_LOOP('',(#1293,#1294,#1295,#1296));
#258=EDGE_LOOP('',(#1297,#1298,#1299,#1300));
#259=EDGE_LOOP('',(#1301,#1302,#1303,#1304,#1305,#1306,#1307,#1308,#1309,
#1310,#1311,#1312,#1313,#1314,#1315,#1316,#1317,#1318,#1319,#1320,#1321,
#1322,#1323,#1324,#1325,#1326,#1327,#1328,#1329,#1330,#1331,#1332,#1333,
#1334,#1335,#1336,#1337,#1338,#1339));
#260=EDGE_LOOP('',(#1340));
#261=EDGE_LOOP('',(#1341,#1342,#1343,#1344,#1345,#1346));
#262=EDGE_LOOP('',(#1347,#1348,#1349,#1350,#1351));
#263=EDGE_LOOP('',(#1352,#1353,#1354,#1355));
#264=EDGE_LOOP('',(#1356,#1357,#1358,#1359));
#265=EDGE_LOOP('',(#1360,#1361,#1362,#1363));
#266=EDGE_LOOP('',(#1364,#1365,#1366,#1367));
#267=EDGE_LOOP('',(#1368,#1369,#1370,#1371));
#268=EDGE_LOOP('',(#1372));
#269=EDGE_LOOP('',(#1373));
#270=EDGE_LOOP('',(#1374,#1375,#1376,#1377,#1378,#1379,#1380,#1381,#1382,
#1383,#1384,#1385,#1386,#1387,#1388,#1389,#1390,#1391,#1392,#1393,#1394,
#1395,#1396,#1397,#1398,#1399,#1400,#1401,#1402,#1403,#1404,#1405,#1406,
#1407,#1408,#1409,#1410,#1411,#1412,#1413,#1414,#1415,#1416));
#271=EDGE_LOOP('',(#1417));
#272=EDGE_LOOP('',(#1418));
#273=EDGE_LOOP('',(#1419));
#274=EDGE_LOOP('',(#1420));
#275=EDGE_LOOP('',(#1421,#1422,#1423,#1424));
#276=EDGE_LOOP('',(#1425,#1426,#1427,#1428));
#277=EDGE_LOOP('',(#1429));
#278=EDGE_LOOP('',(#1430));
#279=EDGE_LOOP('',(#1431));
#280=EDGE_LOOP('',(#1432,#1433,#1434,#1435));
#281=EDGE_LOOP('',(#1436,#1437,#1438,#1439));
#282=EDGE_LOOP('',(#1440));
#283=EDGE_LOOP('',(#1441));
#284=EDGE_LOOP('',(#1442));
#285=EDGE_LOOP('',(#1443,#1444,#1445,#1446));
#286=EDGE_LOOP('',(#1447,#1448,#1449,#1450));
#287=EDGE_LOOP('',(#1451));
#288=EDGE_LOOP('',(#1452));
#289=EDGE_LOOP('',(#1453));
#290=EDGE_LOOP('',(#1454,#1455,#1456,#1457));
#291=EDGE_LOOP('',(#1458));
#292=EDGE_LOOP('',(#1459));
#293=EDGE_LOOP('',(#1460,#1461,#1462,#1463));
#294=EDGE_LOOP('',(#1464,#1465,#1466,#1467));
#295=EDGE_LOOP('',(#1468,#1469,#1470,#1471));
#296=EDGE_LOOP('',(#1472,#1473,#1474,#1475));
#297=EDGE_LOOP('',(#1476,#1477,#1478,#1479));
#298=EDGE_LOOP('',(#1480,#1481,#1482,#1483));
#299=EDGE_LOOP('',(#1484,#1485,#1486,#1487));
#300=EDGE_LOOP('',(#1488,#1489,#1490,#1491));
#301=EDGE_LOOP('',(#1492,#1493,#1494,#1495));
#302=EDGE_LOOP('',(#1496,#1497,#1498,#1499));
#303=EDGE_LOOP('',(#1500,#1501,#1502,#1503));
#304=EDGE_LOOP('',(#1504,#1505,#1506,#1507));
#305=EDGE_LOOP('',(#1508,#1509,#1510,#1511));
#306=EDGE_LOOP('',(#1512,#1513,#1514,#1515));
#307=EDGE_LOOP('',(#1516,#1517,#1518,#1519));
#308=EDGE_LOOP('',(#1520,#1521,#1522,#1523));
#309=EDGE_LOOP('',(#1524,#1525,#1526,#1527,#1528));
#310=EDGE_LOOP('',(#1529,#1530,#1531,#1532));
#311=EDGE_LOOP('',(#1533,#1534,#1535,#1536));
#312=EDGE_LOOP('',(#1537,#1538,#1539,#1540));
#313=EDGE_LOOP('',(#1541,#1542,#1543,#1544));
#314=EDGE_LOOP('',(#1545,#1546,#1547,#1548));
#315=EDGE_LOOP('',(#1549,#1550,#1551,#1552));
#316=EDGE_LOOP('',(#1553,#1554,#1555,#1556));
#317=EDGE_LOOP('',(#1557,#1558,#1559,#1560));
#318=EDGE_LOOP('',(#1561,#1562,#1563,#1564));
#319=EDGE_LOOP('',(#1565,#1566,#1567,#1568));
#320=EDGE_LOOP('',(#1569,#1570,#1571,#1572));
#321=EDGE_LOOP('',(#1573,#1574,#1575,#1576));
#322=EDGE_LOOP('',(#1577,#1578,#1579,#1580));
#323=EDGE_LOOP('',(#1581,#1582,#1583,#1584));
#324=EDGE_LOOP('',(#1585,#1586,#1587,#1588));
#325=EDGE_LOOP('',(#1589,#1590,#1591,#1592));
#326=EDGE_LOOP('',(#1593,#1594,#1595,#1596));
#327=EDGE_LOOP('',(#1597,#1598,#1599,#1600));
#328=EDGE_LOOP('',(#1601,#1602,#1603,#1604));
#329=EDGE_LOOP('',(#1605,#1606,#1607,#1608));
#330=EDGE_LOOP('',(#1609,#1610,#1611,#1612));
#331=EDGE_LOOP('',(#1613,#1614,#1615,#1616));
#332=EDGE_LOOP('',(#1617,#1618,#1619,#1620));
#333=EDGE_LOOP('',(#1621,#1622,#1623,#1624));
#334=EDGE_LOOP('',(#1625,#1626,#1627,#1628));
#335=EDGE_LOOP('',(#1629,#1630,#1631,#1632));
#336=EDGE_LOOP('',(#1633,#1634,#1635,#1636));
#337=EDGE_LOOP('',(#1637,#1638,#1639,#1640));
#338=EDGE_LOOP('',(#1641,#1642,#1643,#1644));
#339=EDGE_LOOP('',(#1645,#1646,#1647,#1648));
#340=EDGE_LOOP('',(#1649,#1650,#1651,#1652));
#341=EDGE_LOOP('',(#1653,#1654,#1655,#1656));
#342=EDGE_LOOP('',(#1657,#1658,#1659,#1660));
#343=EDGE_LOOP('',(#1661,#1662,#1663,#1664));
#344=EDGE_LOOP('',(#1665,#1666,#1667,#1668));
#345=EDGE_LOOP('',(#1669,#1670,#1671,#1672));
#346=EDGE_LOOP('',(#1673,#1674,#1675,#1676));
#347=EDGE_LOOP('',(#1677,#1678,#1679,#1680));
#348=EDGE_LOOP('',(#1681,#1682,#1683,#1684));
#349=EDGE_LOOP('',(#1685,#1686,#1687,#1688));
#350=EDGE_LOOP('',(#1689,#1690,#1691,#1692));
#351=EDGE_LOOP('',(#1693,#1694,#1695,#1696));
#352=EDGE_LOOP('',(#1697,#1698,#1699,#1700));
#353=EDGE_LOOP('',(#1701,#1702,#1703,#1704));
#354=EDGE_LOOP('',(#1705,#1706,#1707,#1708));
#355=EDGE_LOOP('',(#1709,#1710,#1711,#1712));
#356=EDGE_LOOP('',(#1713,#1714,#1715,#1716));
#357=EDGE_LOOP('',(#1717,#1718,#1719,#1720));
#358=EDGE_LOOP('',(#1721,#1722,#1723,#1724,#1725));
#359=EDGE_LOOP('',(#1726,#1727,#1728,#1729));
#360=EDGE_LOOP('',(#1730,#1731,#1732,#1733,#1734));
#361=EDGE_LOOP('',(#1735,#1736,#1737,#1738));
#362=EDGE_LOOP('',(#1739,#1740,#1741,#1742));
#363=LINE('',#2672,#555);
#364=LINE('',#2674,#556);
#365=LINE('',#2676,#557);
#366=LINE('',#2677,#558);
#367=LINE('',#2680,#559);
#368=LINE('',#2682,#560);
#369=LINE('',#2683,#561);
#370=LINE('',#2686,#562);
#371=LINE('',#2688,#563);
#372=LINE('',#2689,#564);
#373=LINE('',#2692,#565);
#374=LINE('',#2694,#566);
#375=LINE('',#2696,#567);
#376=LINE('',#2697,#568);
#377=LINE('',#2700,#569);
#378=LINE('',#2702,#570);
#379=LINE('',#2704,#571);
#380=LINE('',#2706,#572);
#381=LINE('',#2710,#573);
#382=LINE('',#2714,#574);
#383=LINE('',#2718,#575);
#384=LINE('',#2720,#576);
#385=LINE('',#2722,#577);
#386=LINE('',#2726,#578);
#387=LINE('',#2730,#579);
#388=LINE('',#2734,#580);
#389=LINE('',#2738,#581);
#390=LINE('',#2742,#582);
#391=LINE('',#2746,#583);
#392=LINE('',#2750,#584);
#393=LINE('',#2754,#585);
#394=LINE('',#2758,#586);
#395=LINE('',#2762,#587);
#396=LINE('',#2764,#588);
#397=LINE('',#2766,#589);
#398=LINE('',#2770,#590);
#399=LINE('',#2774,#591);
#400=LINE('',#2778,#592);
#401=LINE('',#2782,#593);
#402=LINE('',#2786,#594);
#403=LINE('',#2790,#595);
#404=LINE('',#2794,#596);
#405=LINE('',#2798,#597);
#406=LINE('',#2802,#598);
#407=LINE('',#2806,#599);
#408=LINE('',#2808,#600);
#409=LINE('',#2812,#601);
#410=LINE('',#2816,#602);
#411=LINE('',#2820,#603);
#412=LINE('',#2824,#604);
#413=LINE('',#2828,#605);
#414=LINE('',#2832,#606);
#415=LINE('',#2834,#607);
#416=LINE('',#2836,#608);
#417=LINE('',#2837,#609);
#418=LINE('',#2841,#610);
#419=LINE('',#2843,#611);
#420=LINE('',#2845,#612);
#421=LINE('',#2846,#613);
#422=LINE('',#2849,#614);
#423=LINE('',#2851,#615);
#424=LINE('',#2852,#616);
#425=LINE('',#2855,#617);
#426=LINE('',#2857,#618);
#427=LINE('',#2858,#619);
#428=LINE('',#2861,#620);
#429=LINE('',#2863,#621);
#430=LINE('',#2867,#622);
#431=LINE('',#2871,#623);
#432=LINE('',#2875,#624);
#433=LINE('',#2879,#625);
#434=LINE('',#2883,#626);
#435=LINE('',#2887,#627);
#436=LINE('',#2891,#628);
#437=LINE('',#2895,#629);
#438=LINE('',#2899,#630);
#439=LINE('',#2903,#631);
#440=LINE('',#2905,#632);
#441=LINE('',#2907,#633);
#442=LINE('',#2911,#634);
#443=LINE('',#2915,#635);
#444=LINE('',#2919,#636);
#445=LINE('',#2921,#637);
#446=LINE('',#2923,#638);
#447=LINE('',#2925,#639);
#448=LINE('',#2927,#640);
#449=LINE('',#2930,#641);
#450=LINE('',#2934,#642);
#451=LINE('',#2936,#643);
#452=LINE('',#2937,#644);
#453=LINE('',#2940,#645);
#454=LINE('',#2942,#646);
#455=LINE('',#2943,#647);
#456=LINE('',#2945,#648);
#457=LINE('',#2951,#649);
#458=LINE('',#2952,#650);
#459=LINE('',#2957,#651);
#460=LINE('',#2963,#652);
#461=LINE('',#2969,#653);
#462=LINE('',#2971,#654);
#463=LINE('',#2973,#655);
#464=LINE('',#2975,#656);
#465=LINE('',#2979,#657);
#466=LINE('',#2983,#658);
#467=LINE('',#2987,#659);
#468=LINE('',#2991,#660);
#469=LINE('',#2995,#661);
#470=LINE('',#2999,#662);
#471=LINE('',#3001,#663);
#472=LINE('',#3005,#664);
#473=LINE('',#3009,#665);
#474=LINE('',#3013,#666);
#475=LINE('',#3017,#667);
#476=LINE('',#3021,#668);
#477=LINE('',#3025,#669);
#478=LINE('',#3029,#670);
#479=LINE('',#3033,#671);
#480=LINE('',#3037,#672);
#481=LINE('',#3049,#673);
#482=LINE('',#3054,#674);
#483=LINE('',#3061,#675);
#484=LINE('',#3066,#676);
#485=LINE('',#3073,#677);
#486=LINE('',#3078,#678);
#487=LINE('',#3084,#679);
#488=LINE('',#3087,#680);
#489=LINE('',#3088,#681);
#490=LINE('',#3090,#682);
#491=LINE('',#3092,#683);
#492=LINE('',#3094,#684);
#493=LINE('',#3096,#685);
#494=LINE('',#3098,#686);
#495=LINE('',#3100,#687);
#496=LINE('',#3102,#688);
#497=LINE('',#3104,#689);
#498=LINE('',#3106,#690);
#499=LINE('',#3108,#691);
#500=LINE('',#3110,#692);
#501=LINE('',#3112,#693);
#502=LINE('',#3114,#694);
#503=LINE('',#3116,#695);
#504=LINE('',#3120,#696);
#505=LINE('',#3122,#697);
#506=LINE('',#3124,#698);
#507=LINE('',#3126,#699);
#508=LINE('',#3128,#700);
#509=LINE('',#3130,#701);
#510=LINE('',#3132,#702);
#511=LINE('',#3134,#703);
#512=LINE('',#3136,#704);
#513=LINE('',#3138,#705);
#514=LINE('',#3140,#706);
#515=LINE('',#3142,#707);
#516=LINE('',#3144,#708);
#517=LINE('',#3146,#709);
#518=LINE('',#3148,#710);
#519=LINE('',#3150,#711);
#520=LINE('',#3152,#712);
#521=LINE('',#3154,#713);
#522=LINE('',#3156,#714);
#523=LINE('',#3159,#715);
#524=LINE('',#3160,#716);
#525=LINE('',#3162,#717);
#526=LINE('',#3164,#718);
#527=LINE('',#3166,#719);
#528=LINE('',#3168,#720);
#529=LINE('',#3170,#721);
#530=LINE('',#3172,#722);
#531=LINE('',#3174,#723);
#532=LINE('',#3176,#724);
#533=LINE('',#3178,#725);
#534=LINE('',#3180,#726);
#535=LINE('',#3182,#727);
#536=LINE('',#3184,#728);
#537=LINE('',#3186,#729);
#538=LINE('',#3188,#730);
#539=LINE('',#3190,#731);
#540=LINE('',#3192,#732);
#541=LINE('',#3194,#733);
#542=LINE('',#3196,#734);
#543=LINE('',#3198,#735);
#544=LINE('',#3200,#736);
#545=LINE('',#3202,#737);
#546=LINE('',#3204,#738);
#547=LINE('',#3206,#739);
#548=LINE('',#3208,#740);
#549=LINE('',#3210,#741);
#550=LINE('',#3212,#742);
#551=LINE('',#3214,#743);
#552=LINE('',#3216,#744);
#553=LINE('',#3218,#745);
#554=LINE('',#3221,#746);
#555=VECTOR('',#2111,10.);
#556=VECTOR('',#2112,10.);
#557=VECTOR('',#2113,10.);
#558=VECTOR('',#2114,10.);
#559=VECTOR('',#2117,10.);
#560=VECTOR('',#2118,10.);
#561=VECTOR('',#2119,10.);
#562=VECTOR('',#2122,10.);
#563=VECTOR('',#2123,10.);
#564=VECTOR('',#2124,10.);
#565=VECTOR('',#2127,10.);
#566=VECTOR('',#2128,10.);
#567=VECTOR('',#2129,10.);
#568=VECTOR('',#2130,10.);
#569=VECTOR('',#2133,10.);
#570=VECTOR('',#2134,10.);
#571=VECTOR('',#2135,10.);
#572=VECTOR('',#2136,10.);
#573=VECTOR('',#2139,10.);
#574=VECTOR('',#2142,10.);
#575=VECTOR('',#2145,10.);
#576=VECTOR('',#2146,10.);
#577=VECTOR('',#2147,10.);
#578=VECTOR('',#2150,10.);
#579=VECTOR('',#2153,10.);
#580=VECTOR('',#2156,10.);
#581=VECTOR('',#2159,10.);
#582=VECTOR('',#2162,10.);
#583=VECTOR('',#2165,10.);
#584=VECTOR('',#2168,10.);
#585=VECTOR('',#2171,10.);
#586=VECTOR('',#2174,10.);
#587=VECTOR('',#2177,10.);
#588=VECTOR('',#2178,10.);
#589=VECTOR('',#2179,10.);
#590=VECTOR('',#2182,10.);
#591=VECTOR('',#2185,10.);
#592=VECTOR('',#2188,10.);
#593=VECTOR('',#2191,10.);
#594=VECTOR('',#2194,10.);
#595=VECTOR('',#2197,10.);
#596=VECTOR('',#2200,10.);
#597=VECTOR('',#2203,10.);
#598=VECTOR('',#2206,10.);
#599=VECTOR('',#2209,10.);
#600=VECTOR('',#2210,10.);
#601=VECTOR('',#2213,10.);
#602=VECTOR('',#2216,10.);
#603=VECTOR('',#2219,10.);
#604=VECTOR('',#2222,10.);
#605=VECTOR('',#2225,10.);
#606=VECTOR('',#2228,10.);
#607=VECTOR('',#2229,10.);
#608=VECTOR('',#2230,10.);
#609=VECTOR('',#2231,10.);
#610=VECTOR('',#2234,10.);
#611=VECTOR('',#2235,10.);
#612=VECTOR('',#2236,10.);
#613=VECTOR('',#2237,10.);
#614=VECTOR('',#2240,10.);
#615=VECTOR('',#2241,10.);
#616=VECTOR('',#2242,10.);
#617=VECTOR('',#2245,10.);
#618=VECTOR('',#2246,10.);
#619=VECTOR('',#2247,10.);
#620=VECTOR('',#2250,10.);
#621=VECTOR('',#2251,10.);
#622=VECTOR('',#2254,10.);
#623=VECTOR('',#2257,10.);
#624=VECTOR('',#2260,10.);
#625=VECTOR('',#2263,10.);
#626=VECTOR('',#2266,10.);
#627=VECTOR('',#2269,10.);
#628=VECTOR('',#2272,10.);
#629=VECTOR('',#2275,10.);
#630=VECTOR('',#2278,10.);
#631=VECTOR('',#2281,10.);
#632=VECTOR('',#2282,10.);
#633=VECTOR('',#2283,10.);
#634=VECTOR('',#2286,10.);
#635=VECTOR('',#2289,10.);
#636=VECTOR('',#2292,10.);
#637=VECTOR('',#2293,10.);
#638=VECTOR('',#2294,10.);
#639=VECTOR('',#2295,10.);
#640=VECTOR('',#2296,10.);
#641=VECTOR('',#2299,10.);
#642=VECTOR('',#2304,10.);
#643=VECTOR('',#2305,10.);
#644=VECTOR('',#2306,10.);
#645=VECTOR('',#2309,10.);
#646=VECTOR('',#2310,10.);
#647=VECTOR('',#2311,10.);
#648=VECTOR('',#2314,10.);
#649=VECTOR('',#2323,10.);
#650=VECTOR('',#2324,10.);
#651=VECTOR('',#2329,2.);
#652=VECTOR('',#2336,2.);
#653=VECTOR('',#2345,10.);
#654=VECTOR('',#2346,10.);
#655=VECTOR('',#2347,10.);
#656=VECTOR('',#2348,10.);
#657=VECTOR('',#2351,10.);
#658=VECTOR('',#2354,10.);
#659=VECTOR('',#2357,10.);
#660=VECTOR('',#2360,10.);
#661=VECTOR('',#2363,10.);
#662=VECTOR('',#2366,10.);
#663=VECTOR('',#2367,10.);
#664=VECTOR('',#2370,10.);
#665=VECTOR('',#2373,10.);
#666=VECTOR('',#2376,10.);
#667=VECTOR('',#2379,10.);
#668=VECTOR('',#2382,10.);
#669=VECTOR('',#2385,10.);
#670=VECTOR('',#2388,10.);
#671=VECTOR('',#2391,10.);
#672=VECTOR('',#2394,10.);
#673=VECTOR('',#2407,2.);
#674=VECTOR('',#2414,2.);
#675=VECTOR('',#2423,2.);
#676=VECTOR('',#2430,2.);
#677=VECTOR('',#2439,2.);
#678=VECTOR('',#2446,2.);
#679=VECTOR('',#2455,0.899999999999999);
#680=VECTOR('',#2460,10.);
#681=VECTOR('',#2461,10.);
#682=VECTOR('',#2464,10.);
#683=VECTOR('',#2467,10.);
#684=VECTOR('',#2470,10.);
#685=VECTOR('',#2473,10.);
#686=VECTOR('',#2476,10.);
#687=VECTOR('',#2479,10.);
#688=VECTOR('',#2482,10.);
#689=VECTOR('',#2485,10.);
#690=VECTOR('',#2488,10.);
#691=VECTOR('',#2491,10.);
#692=VECTOR('',#2494,10.);
#693=VECTOR('',#2497,10.);
#694=VECTOR('',#2500,10.);
#695=VECTOR('',#2503,10.);
#696=VECTOR('',#2510,10.);
#697=VECTOR('',#2513,10.);
#698=VECTOR('',#2516,10.);
#699=VECTOR('',#2519,10.);
#700=VECTOR('',#2522,10.);
#701=VECTOR('',#2525,10.);
#702=VECTOR('',#2528,10.);
#703=VECTOR('',#2531,10.);
#704=VECTOR('',#2534,10.);
#705=VECTOR('',#2537,10.);
#706=VECTOR('',#2540,10.);
#707=VECTOR('',#2543,10.);
#708=VECTOR('',#2546,10.);
#709=VECTOR('',#2549,10.);
#710=VECTOR('',#2552,10.);
#711=VECTOR('',#2555,10.);
#712=VECTOR('',#2558,10.);
#713=VECTOR('',#2561,10.);
#714=VECTOR('',#2564,10.);
#715=VECTOR('',#2569,10.);
#716=VECTOR('',#2570,10.);
#717=VECTOR('',#2573,10.);
#718=VECTOR('',#2576,10.);
#719=VECTOR('',#2579,10.);
#720=VECTOR('',#2582,10.);
#721=VECTOR('',#2585,10.);
#722=VECTOR('',#2588,10.);
#723=VECTOR('',#2591,10.);
#724=VECTOR('',#2594,10.);
#725=VECTOR('',#2597,10.);
#726=VECTOR('',#2600,10.);
#727=VECTOR('',#2603,10.);
#728=VECTOR('',#2606,10.);
#729=VECTOR('',#2609,10.);
#730=VECTOR('',#2612,10.);
#731=VECTOR('',#2615,10.);
#732=VECTOR('',#2618,10.);
#733=VECTOR('',#2621,10.);
#734=VECTOR('',#2624,10.);
#735=VECTOR('',#2627,10.);
#736=VECTOR('',#2630,10.);
#737=VECTOR('',#2633,10.);
#738=VECTOR('',#2636,10.);
#739=VECTOR('',#2639,10.);
#740=VECTOR('',#2642,10.);
#741=VECTOR('',#2645,10.);
#742=VECTOR('',#2648,10.);
#743=VECTOR('',#2651,10.);
#744=VECTOR('',#2654,10.);
#745=VECTOR('',#2657,10.);
#746=VECTOR('',#2662,10.);
#747=VERTEX_POINT('',#2670);
#748=VERTEX_POINT('',#2671);
#749=VERTEX_POINT('',#2673);
#750=VERTEX_POINT('',#2675);
#751=VERTEX_POINT('',#2679);
#752=VERTEX_POINT('',#2681);
#753=VERTEX_POINT('',#2685);
#754=VERTEX_POINT('',#2687);
#755=VERTEX_POINT('',#2691);
#756=VERTEX_POINT('',#2693);
#757=VERTEX_POINT('',#2695);
#758=VERTEX_POINT('',#2699);
#759=VERTEX_POINT('',#2701);
#760=VERTEX_POINT('',#2703);
#761=VERTEX_POINT('',#2705);
#762=VERTEX_POINT('',#2707);
#763=VERTEX_POINT('',#2709);
#764=VERTEX_POINT('',#2711);
#765=VERTEX_POINT('',#2713);
#766=VERTEX_POINT('',#2715);
#767=VERTEX_POINT('',#2717);
#768=VERTEX_POINT('',#2719);
#769=VERTEX_POINT('',#2721);
#770=VERTEX_POINT('',#2723);
#771=VERTEX_POINT('',#2725);
#772=VERTEX_POINT('',#2727);
#773=VERTEX_POINT('',#2729);
#774=VERTEX_POINT('',#2731);
#775=VERTEX_POINT('',#2733);
#776=VERTEX_POINT('',#2735);
#777=VERTEX_POINT('',#2737);
#778=VERTEX_POINT('',#2739);
#779=VERTEX_POINT('',#2741);
#780=VERTEX_POINT('',#2743);
#781=VERTEX_POINT('',#2745);
#782=VERTEX_POINT('',#2747);
#783=VERTEX_POINT('',#2749);
#784=VERTEX_POINT('',#2751);
#785=VERTEX_POINT('',#2753);
#786=VERTEX_POINT('',#2755);
#787=VERTEX_POINT('',#2757);
#788=VERTEX_POINT('',#2759);
#789=VERTEX_POINT('',#2761);
#790=VERTEX_POINT('',#2763);
#791=VERTEX_POINT('',#2765);
#792=VERTEX_POINT('',#2767);
#793=VERTEX_POINT('',#2769);
#794=VERTEX_POINT('',#2771);
#795=VERTEX_POINT('',#2773);
#796=VERTEX_POINT('',#2775);
#797=VERTEX_POINT('',#2777);
#798=VERTEX_POINT('',#2779);
#799=VERTEX_POINT('',#2781);
#800=VERTEX_POINT('',#2783);
#801=VERTEX_POINT('',#2785);
#802=VERTEX_POINT('',#2787);
#803=VERTEX_POINT('',#2789);
#804=VERTEX_POINT('',#2791);
#805=VERTEX_POINT('',#2793);
#806=VERTEX_POINT('',#2795);
#807=VERTEX_POINT('',#2797);
#808=VERTEX_POINT('',#2799);
#809=VERTEX_POINT('',#2801);
#810=VERTEX_POINT('',#2803);
#811=VERTEX_POINT('',#2805);
#812=VERTEX_POINT('',#2807);
#813=VERTEX_POINT('',#2809);
#814=VERTEX_POINT('',#2811);
#815=VERTEX_POINT('',#2813);
#816=VERTEX_POINT('',#2815);
#817=VERTEX_POINT('',#2817);
#818=VERTEX_POINT('',#2819);
#819=VERTEX_POINT('',#2821);
#820=VERTEX_POINT('',#2823);
#821=VERTEX_POINT('',#2825);
#822=VERTEX_POINT('',#2827);
#823=VERTEX_POINT('',#2829);
#824=VERTEX_POINT('',#2831);
#825=VERTEX_POINT('',#2833);
#826=VERTEX_POINT('',#2835);
#827=VERTEX_POINT('',#2839);
#828=VERTEX_POINT('',#2840);
#829=VERTEX_POINT('',#2842);
#830=VERTEX_POINT('',#2844);
#831=VERTEX_POINT('',#2848);
#832=VERTEX_POINT('',#2850);
#833=VERTEX_POINT('',#2854);
#834=VERTEX_POINT('',#2856);
#835=VERTEX_POINT('',#2860);
#836=VERTEX_POINT('',#2862);
#837=VERTEX_POINT('',#2864);
#838=VERTEX_POINT('',#2866);
#839=VERTEX_POINT('',#2868);
#840=VERTEX_POINT('',#2870);
#841=VERTEX_POINT('',#2872);
#842=VERTEX_POINT('',#2874);
#843=VERTEX_POINT('',#2876);
#844=VERTEX_POINT('',#2878);
#845=VERTEX_POINT('',#2880);
#846=VERTEX_POINT('',#2882);
#847=VERTEX_POINT('',#2884);
#848=VERTEX_POINT('',#2886);
#849=VERTEX_POINT('',#2888);
#850=VERTEX_POINT('',#2890);
#851=VERTEX_POINT('',#2892);
#852=VERTEX_POINT('',#2894);
#853=VERTEX_POINT('',#2896);
#854=VERTEX_POINT('',#2898);
#855=VERTEX_POINT('',#2900);
#856=VERTEX_POINT('',#2902);
#857=VERTEX_POINT('',#2904);
#858=VERTEX_POINT('',#2906);
#859=VERTEX_POINT('',#2908);
#860=VERTEX_POINT('',#2910);
#861=VERTEX_POINT('',#2912);
#862=VERTEX_POINT('',#2914);
#863=VERTEX_POINT('',#2916);
#864=VERTEX_POINT('',#2918);
#865=VERTEX_POINT('',#2920);
#866=VERTEX_POINT('',#2922);
#867=VERTEX_POINT('',#2924);
#868=VERTEX_POINT('',#2926);
#869=VERTEX_POINT('',#2928);
#870=VERTEX_POINT('',#2931);
#871=VERTEX_POINT('',#2935);
#872=VERTEX_POINT('',#2939);
#873=VERTEX_POINT('',#2941);
#874=VERTEX_POINT('',#2950);
#875=VERTEX_POINT('',#2954);
#876=VERTEX_POINT('',#2956);
#877=VERTEX_POINT('',#2960);
#878=VERTEX_POINT('',#2962);
#879=VERTEX_POINT('',#2968);
#880=VERTEX_POINT('',#2970);
#881=VERTEX_POINT('',#2972);
#882=VERTEX_POINT('',#2974);
#883=VERTEX_POINT('',#2976);
#884=VERTEX_POINT('',#2978);
#885=VERTEX_POINT('',#2980);
#886=VERTEX_POINT('',#2982);
#887=VERTEX_POINT('',#2984);
#888=VERTEX_POINT('',#2986);
#889=VERTEX_POINT('',#2988);
#890=VERTEX_POINT('',#2990);
#891=VERTEX_POINT('',#2992);
#892=VERTEX_POINT('',#2994);
#893=VERTEX_POINT('',#2996);
#894=VERTEX_POINT('',#2998);
#895=VERTEX_POINT('',#3000);
#896=VERTEX_POINT('',#3002);
#897=VERTEX_POINT('',#3004);
#898=VERTEX_POINT('',#3006);
#899=VERTEX_POINT('',#3008);
#900=VERTEX_POINT('',#3010);
#901=VERTEX_POINT('',#3012);
#902=VERTEX_POINT('',#3014);
#903=VERTEX_POINT('',#3016);
#904=VERTEX_POINT('',#3018);
#905=VERTEX_POINT('',#3020);
#906=VERTEX_POINT('',#3022);
#907=VERTEX_POINT('',#3024);
#908=VERTEX_POINT('',#3026);
#909=VERTEX_POINT('',#3028);
#910=VERTEX_POINT('',#3030);
#911=VERTEX_POINT('',#3032);
#912=VERTEX_POINT('',#3034);
#913=VERTEX_POINT('',#3036);
#914=VERTEX_POINT('',#3039);
#915=VERTEX_POINT('',#3041);
#916=VERTEX_POINT('',#3043);
#917=VERTEX_POINT('',#3046);
#918=VERTEX_POINT('',#3048);
#919=VERTEX_POINT('',#3052);
#920=VERTEX_POINT('',#3058);
#921=VERTEX_POINT('',#3060);
#922=VERTEX_POINT('',#3064);
#923=VERTEX_POINT('',#3070);
#924=VERTEX_POINT('',#3072);
#925=VERTEX_POINT('',#3076);
#926=VERTEX_POINT('',#3082);
#927=EDGE_CURVE('',#747,#748,#363,.T.);
#928=EDGE_CURVE('',#747,#749,#364,.T.);
#929=EDGE_CURVE('',#750,#749,#365,.T.);
#930=EDGE_CURVE('',#748,#750,#366,.T.);
#931=EDGE_CURVE('',#747,#751,#367,.T.);
#932=EDGE_CURVE('',#752,#751,#368,.T.);
#933=EDGE_CURVE('',#749,#752,#369,.T.);
#934=EDGE_CURVE('',#748,#753,#370,.T.);
#935=EDGE_CURVE('',#750,#754,#371,.T.);
#936=EDGE_CURVE('',#753,#754,#372,.T.);
#937=EDGE_CURVE('',#755,#752,#373,.T.);
#938=EDGE_CURVE('',#756,#755,#374,.T.);
#939=EDGE_CURVE('',#756,#757,#375,.T.);
#940=EDGE_CURVE('',#757,#750,#376,.T.);
#941=EDGE_CURVE('',#751,#758,#377,.T.);
#942=EDGE_CURVE('',#758,#759,#378,.T.);
#943=EDGE_CURVE('',#759,#760,#379,.T.);
#944=EDGE_CURVE('',#760,#761,#380,.T.);
#945=EDGE_CURVE('',#761,#762,#69,.T.);
#946=EDGE_CURVE('',#762,#763,#381,.T.);
#947=EDGE_CURVE('',#763,#764,#70,.T.);
#948=EDGE_CURVE('',#764,#765,#382,.T.);
#949=EDGE_CURVE('',#765,#766,#71,.T.);
#950=EDGE_CURVE('',#766,#767,#383,.T.);
#951=EDGE_CURVE('',#767,#768,#384,.T.);
#952=EDGE_CURVE('',#768,#769,#385,.T.);
#953=EDGE_CURVE('',#769,#770,#72,.T.);
#954=EDGE_CURVE('',#770,#771,#386,.T.);
#955=EDGE_CURVE('',#771,#772,#73,.T.);
#956=EDGE_CURVE('',#772,#773,#387,.T.);
#957=EDGE_CURVE('',#773,#774,#74,.T.);
#958=EDGE_CURVE('',#774,#775,#388,.T.);
#959=EDGE_CURVE('',#775,#776,#75,.T.);
#960=EDGE_CURVE('',#776,#777,#389,.T.);
#961=EDGE_CURVE('',#777,#778,#76,.T.);
#962=EDGE_CURVE('',#778,#779,#390,.T.);
#963=EDGE_CURVE('',#779,#780,#77,.T.);
#964=EDGE_CURVE('',#780,#781,#391,.T.);
#965=EDGE_CURVE('',#781,#782,#78,.T.);
#966=EDGE_CURVE('',#782,#783,#392,.T.);
#967=EDGE_CURVE('',#783,#784,#79,.T.);
#968=EDGE_CURVE('',#784,#785,#393,.T.);
#969=EDGE_CURVE('',#785,#786,#80,.T.);
#970=EDGE_CURVE('',#786,#787,#394,.T.);
#971=EDGE_CURVE('',#787,#788,#81,.T.);
#972=EDGE_CURVE('',#788,#789,#395,.T.);
#973=EDGE_CURVE('',#789,#790,#396,.T.);
#974=EDGE_CURVE('',#790,#791,#397,.T.);
#975=EDGE_CURVE('',#791,#792,#82,.T.);
#976=EDGE_CURVE('',#792,#793,#398,.T.);
#977=EDGE_CURVE('',#793,#794,#83,.T.);
#978=EDGE_CURVE('',#794,#795,#399,.T.);
#979=EDGE_CURVE('',#795,#796,#84,.T.);
#980=EDGE_CURVE('',#796,#797,#400,.T.);
#981=EDGE_CURVE('',#797,#798,#85,.T.);
#982=EDGE_CURVE('',#798,#799,#401,.T.);
#983=EDGE_CURVE('',#799,#800,#86,.T.);
#984=EDGE_CURVE('',#800,#801,#402,.T.);
#985=EDGE_CURVE('',#801,#802,#87,.T.);
#986=EDGE_CURVE('',#802,#803,#403,.T.);
#987=EDGE_CURVE('',#803,#804,#88,.T.);
#988=EDGE_CURVE('',#804,#805,#404,.T.);
#989=EDGE_CURVE('',#805,#806,#89,.T.);
#990=EDGE_CURVE('',#806,#807,#405,.T.);
#991=EDGE_CURVE('',#807,#808,#90,.T.);
#992=EDGE_CURVE('',#808,#809,#406,.T.);
#993=EDGE_CURVE('',#809,#810,#91,.T.);
#994=EDGE_CURVE('',#810,#811,#407,.T.);
#995=EDGE_CURVE('',#811,#812,#408,.T.);
#996=EDGE_CURVE('',#812,#813,#92,.T.);
#997=EDGE_CURVE('',#813,#814,#409,.T.);
#998=EDGE_CURVE('',#814,#815,#93,.T.);
#999=EDGE_CURVE('',#815,#816,#410,.T.);
#1000=EDGE_CURVE('',#816,#817,#94,.T.);
#1001=EDGE_CURVE('',#817,#818,#411,.T.);
#1002=EDGE_CURVE('',#818,#819,#95,.T.);
#1003=EDGE_CURVE('',#819,#820,#412,.T.);
#1004=EDGE_CURVE('',#820,#821,#96,.T.);
#1005=EDGE_CURVE('',#821,#822,#413,.T.);
#1006=EDGE_CURVE('',#822,#823,#97,.T.);
#1007=EDGE_CURVE('',#823,#824,#414,.T.);
#1008=EDGE_CURVE('',#824,#825,#415,.T.);
#1009=EDGE_CURVE('',#825,#826,#416,.T.);
#1010=EDGE_CURVE('',#826,#755,#417,.T.);
#1011=EDGE_CURVE('',#827,#828,#418,.T.);
#1012=EDGE_CURVE('',#827,#829,#419,.T.);
#1013=EDGE_CURVE('',#830,#829,#420,.T.);
#1014=EDGE_CURVE('',#828,#830,#421,.T.);
#1015=EDGE_CURVE('',#831,#827,#422,.T.);
#1016=EDGE_CURVE('',#832,#831,#423,.T.);
#1017=EDGE_CURVE('',#829,#832,#424,.T.);
#1018=EDGE_CURVE('',#833,#830,#425,.T.);
#1019=EDGE_CURVE('',#834,#833,#426,.T.);
#1020=EDGE_CURVE('',#834,#828,#427,.T.);
#1021=EDGE_CURVE('',#832,#835,#428,.T.);
#1022=EDGE_CURVE('',#836,#835,#429,.T.);
#1023=EDGE_CURVE('',#837,#836,#98,.T.);
#1024=EDGE_CURVE('',#838,#837,#430,.T.);
#1025=EDGE_CURVE('',#838,#839,#99,.T.);
#1026=EDGE_CURVE('',#840,#839,#431,.T.);
#1027=EDGE_CURVE('',#841,#840,#100,.T.);
#1028=EDGE_CURVE('',#842,#841,#432,.T.);
#1029=EDGE_CURVE('',#843,#842,#101,.T.);
#1030=EDGE_CURVE('',#844,#843,#433,.T.);
#1031=EDGE_CURVE('',#844,#845,#102,.T.);
#1032=EDGE_CURVE('',#846,#845,#434,.T.);
#1033=EDGE_CURVE('',#846,#847,#103,.T.);
#1034=EDGE_CURVE('',#848,#847,#435,.T.);
#1035=EDGE_CURVE('',#849,#848,#104,.T.);
#1036=EDGE_CURVE('',#850,#849,#436,.T.);
#1037=EDGE_CURVE('',#850,#851,#105,.T.);
#1038=EDGE_CURVE('',#852,#851,#437,.T.);
#1039=EDGE_CURVE('',#853,#852,#106,.T.);
#1040=EDGE_CURVE('',#854,#853,#438,.T.);
#1041=EDGE_CURVE('',#855,#854,#107,.T.);
#1042=EDGE_CURVE('',#856,#855,#439,.T.);
#1043=EDGE_CURVE('',#857,#856,#440,.T.);
#1044=EDGE_CURVE('',#858,#857,#441,.T.);
#1045=EDGE_CURVE('',#859,#858,#108,.T.);
#1046=EDGE_CURVE('',#860,#859,#442,.T.);
#1047=EDGE_CURVE('',#861,#860,#109,.T.);
#1048=EDGE_CURVE('',#862,#861,#443,.T.);
#1049=EDGE_CURVE('',#863,#862,#110,.T.);
#1050=EDGE_CURVE('',#864,#863,#444,.T.);
#1051=EDGE_CURVE('',#865,#864,#445,.T.);
#1052=EDGE_CURVE('',#866,#865,#446,.T.);
#1053=EDGE_CURVE('',#867,#866,#447,.T.);
#1054=EDGE_CURVE('',#868,#867,#448,.T.);
#1055=EDGE_CURVE('',#869,#868,#111,.T.);
#1056=EDGE_CURVE('',#869,#833,#449,.T.);
#1057=EDGE_CURVE('',#870,#870,#112,.T.);
#1058=EDGE_CURVE('',#835,#789,#450,.T.);
#1059=EDGE_CURVE('',#871,#831,#451,.T.);
#1060=EDGE_CURVE('',#790,#871,#452,.T.);
#1061=EDGE_CURVE('',#869,#872,#453,.T.);
#1062=EDGE_CURVE('',#873,#872,#454,.T.);
#1063=EDGE_CURVE('',#834,#873,#455,.T.);
#1064=EDGE_CURVE('',#836,#788,#456,.T.);
#1065=EDGE_CURVE('',#754,#873,#113,.T.);
#1066=EDGE_CURVE('',#872,#753,#114,.T.);
#1067=EDGE_CURVE('',#871,#874,#457,.T.);
#1068=EDGE_CURVE('',#874,#791,#458,.T.);
#1069=EDGE_CURVE('',#875,#875,#115,.F.);
#1070=EDGE_CURVE('',#875,#876,#459,.T.);
#1071=EDGE_CURVE('',#876,#876,#116,.T.);
#1072=EDGE_CURVE('',#877,#877,#117,.T.);
#1073=EDGE_CURVE('',#877,#878,#460,.T.);
#1074=EDGE_CURVE('',#878,#878,#118,.T.);
#1075=EDGE_CURVE('',#757,#834,#119,.T.);
#1076=EDGE_CURVE('',#879,#756,#461,.T.);
#1077=EDGE_CURVE('',#880,#879,#462,.T.);
#1078=EDGE_CURVE('',#881,#880,#463,.T.);
#1079=EDGE_CURVE('',#882,#881,#464,.T.);
#1080=EDGE_CURVE('',#883,#882,#120,.T.);
#1081=EDGE_CURVE('',#884,#883,#465,.T.);
#1082=EDGE_CURVE('',#885,#884,#121,.T.);
#1083=EDGE_CURVE('',#886,#885,#466,.T.);
#1084=EDGE_CURVE('',#887,#886,#122,.T.);
#1085=EDGE_CURVE('',#888,#887,#467,.T.);
#1086=EDGE_CURVE('',#889,#888,#123,.T.);
#1087=EDGE_CURVE('',#890,#889,#468,.T.);
#1088=EDGE_CURVE('',#891,#890,#124,.T.);
#1089=EDGE_CURVE('',#892,#891,#469,.T.);
#1090=EDGE_CURVE('',#893,#892,#125,.T.);
#1091=EDGE_CURVE('',#894,#893,#470,.T.);
#1092=EDGE_CURVE('',#895,#894,#471,.T.);
#1093=EDGE_CURVE('',#896,#895,#126,.T.);
#1094=EDGE_CURVE('',#897,#896,#472,.T.);
#1095=EDGE_CURVE('',#898,#897,#127,.T.);
#1096=EDGE_CURVE('',#899,#898,#473,.T.);
#1097=EDGE_CURVE('',#900,#899,#128,.T.);
#1098=EDGE_CURVE('',#901,#900,#474,.T.);
#1099=EDGE_CURVE('',#902,#901,#129,.T.);
#1100=EDGE_CURVE('',#903,#902,#475,.T.);
#1101=EDGE_CURVE('',#904,#903,#130,.T.);
#1102=EDGE_CURVE('',#905,#904,#476,.T.);
#1103=EDGE_CURVE('',#906,#905,#131,.T.);
#1104=EDGE_CURVE('',#907,#906,#477,.T.);
#1105=EDGE_CURVE('',#908,#907,#132,.T.);
#1106=EDGE_CURVE('',#909,#908,#478,.T.);
#1107=EDGE_CURVE('',#910,#909,#133,.T.);
#1108=EDGE_CURVE('',#911,#910,#479,.T.);
#1109=EDGE_CURVE('',#912,#911,#134,.T.);
#1110=EDGE_CURVE('',#913,#912,#480,.T.);
#1111=EDGE_CURVE('',#874,#913,#135,.T.);
#1112=EDGE_CURVE('',#914,#914,#136,.T.);
#1113=EDGE_CURVE('',#915,#915,#137,.T.);
#1114=EDGE_CURVE('',#916,#916,#138,.T.);
#1115=EDGE_CURVE('',#917,#917,#139,.F.);
#1116=EDGE_CURVE('',#917,#918,#481,.T.);
#1117=EDGE_CURVE('',#918,#918,#140,.T.);
#1118=EDGE_CURVE('',#919,#919,#141,.T.);
#1119=EDGE_CURVE('',#919,#914,#482,.T.);
#1120=EDGE_CURVE('',#920,#920,#142,.F.);
#1121=EDGE_CURVE('',#920,#921,#483,.T.);
#1122=EDGE_CURVE('',#921,#921,#143,.T.);
#1123=EDGE_CURVE('',#922,#922,#144,.T.);
#1124=EDGE_CURVE('',#922,#916,#484,.T.);
#1125=EDGE_CURVE('',#923,#923,#145,.F.);
#1126=EDGE_CURVE('',#923,#924,#485,.T.);
#1127=EDGE_CURVE('',#924,#924,#146,.T.);
#1128=EDGE_CURVE('',#925,#925,#147,.T.);
#1129=EDGE_CURVE('',#925,#915,#486,.T.);
#1130=EDGE_CURVE('',#926,#926,#148,.T.);
#1131=EDGE_CURVE('',#926,#870,#487,.T.);
#1132=EDGE_CURVE('',#893,#812,#488,.T.);
#1133=EDGE_CURVE('',#894,#811,#489,.T.);
#1134=EDGE_CURVE('',#892,#813,#490,.T.);
#1135=EDGE_CURVE('',#891,#814,#491,.T.);
#1136=EDGE_CURVE('',#890,#815,#492,.T.);
#1137=EDGE_CURVE('',#889,#816,#493,.T.);
#1138=EDGE_CURVE('',#888,#817,#494,.T.);
#1139=EDGE_CURVE('',#887,#818,#495,.T.);
#1140=EDGE_CURVE('',#886,#819,#496,.T.);
#1141=EDGE_CURVE('',#885,#820,#497,.T.);
#1142=EDGE_CURVE('',#884,#821,#498,.T.);
#1143=EDGE_CURVE('',#883,#822,#499,.T.);
#1144=EDGE_CURVE('',#882,#823,#500,.T.);
#1145=EDGE_CURVE('',#881,#824,#501,.T.);
#1146=EDGE_CURVE('',#880,#825,#502,.T.);
#1147=EDGE_CURVE('',#879,#826,#503,.T.);
#1148=EDGE_CURVE('',#913,#792,#504,.T.);
#1149=EDGE_CURVE('',#895,#810,#505,.T.);
#1150=EDGE_CURVE('',#896,#809,#506,.T.);
#1151=EDGE_CURVE('',#897,#808,#507,.T.);
#1152=EDGE_CURVE('',#898,#807,#508,.T.);
#1153=EDGE_CURVE('',#899,#806,#509,.T.);
#1154=EDGE_CURVE('',#900,#805,#510,.T.);
#1155=EDGE_CURVE('',#901,#804,#511,.T.);
#1156=EDGE_CURVE('',#902,#803,#512,.T.);
#1157=EDGE_CURVE('',#903,#802,#513,.T.);
#1158=EDGE_CURVE('',#904,#801,#514,.T.);
#1159=EDGE_CURVE('',#905,#800,#515,.T.);
#1160=EDGE_CURVE('',#906,#799,#516,.T.);
#1161=EDGE_CURVE('',#907,#798,#517,.T.);
#1162=EDGE_CURVE('',#908,#797,#518,.T.);
#1163=EDGE_CURVE('',#909,#796,#519,.T.);
#1164=EDGE_CURVE('',#910,#795,#520,.T.);
#1165=EDGE_CURVE('',#911,#794,#521,.T.);
#1166=EDGE_CURVE('',#912,#793,#522,.T.);
#1167=EDGE_CURVE('',#838,#786,#523,.T.);
#1168=EDGE_CURVE('',#839,#785,#524,.T.);
#1169=EDGE_CURVE('',#840,#784,#525,.T.);
#1170=EDGE_CURVE('',#841,#783,#526,.T.);
#1171=EDGE_CURVE('',#842,#782,#527,.T.);
#1172=EDGE_CURVE('',#843,#781,#528,.T.);
#1173=EDGE_CURVE('',#844,#780,#529,.T.);
#1174=EDGE_CURVE('',#845,#779,#530,.T.);
#1175=EDGE_CURVE('',#846,#778,#531,.T.);
#1176=EDGE_CURVE('',#847,#777,#532,.T.);
#1177=EDGE_CURVE('',#848,#776,#533,.T.);
#1178=EDGE_CURVE('',#849,#775,#534,.T.);
#1179=EDGE_CURVE('',#850,#774,#535,.T.);
#1180=EDGE_CURVE('',#851,#773,#536,.T.);
#1181=EDGE_CURVE('',#852,#772,#537,.T.);
#1182=EDGE_CURVE('',#853,#771,#538,.T.);
#1183=EDGE_CURVE('',#854,#770,#539,.T.);
#1184=EDGE_CURVE('',#855,#769,#540,.T.);
#1185=EDGE_CURVE('',#856,#768,#541,.T.);
#1186=EDGE_CURVE('',#857,#767,#542,.T.);
#1187=EDGE_CURVE('',#858,#766,#543,.T.);
#1188=EDGE_CURVE('',#859,#765,#544,.T.);
#1189=EDGE_CURVE('',#860,#764,#545,.T.);
#1190=EDGE_CURVE('',#861,#763,#546,.T.);
#1191=EDGE_CURVE('',#862,#762,#547,.T.);
#1192=EDGE_CURVE('',#863,#761,#548,.T.);
#1193=EDGE_CURVE('',#864,#760,#549,.T.);
#1194=EDGE_CURVE('',#865,#759,#550,.T.);
#1195=EDGE_CURVE('',#866,#758,#551,.T.);
#1196=EDGE_CURVE('',#867,#747,#552,.T.);
#1197=EDGE_CURVE('',#868,#748,#553,.T.);
#1198=EDGE_CURVE('',#837,#787,#554,.T.);
#1199=ORIENTED_EDGE('',*,*,#927,.F.);
#1200=ORIENTED_EDGE('',*,*,#928,.T.);
#1201=ORIENTED_EDGE('',*,*,#929,.F.);
#1202=ORIENTED_EDGE('',*,*,#930,.F.);
#1203=ORIENTED_EDGE('',*,*,#931,.T.);
#1204=ORIENTED_EDGE('',*,*,#932,.F.);
#1205=ORIENTED_EDGE('',*,*,#933,.F.);
#1206=ORIENTED_EDGE('',*,*,#928,.F.);
#1207=ORIENTED_EDGE('',*,*,#934,.F.);
#1208=ORIENTED_EDGE('',*,*,#930,.T.);
#1209=ORIENTED_EDGE('',*,*,#935,.T.);
#1210=ORIENTED_EDGE('',*,*,#936,.F.);
#1211=ORIENTED_EDGE('',*,*,#929,.T.);
#1212=ORIENTED_EDGE('',*,*,#933,.T.);
#1213=ORIENTED_EDGE('',*,*,#937,.F.);
#1214=ORIENTED_EDGE('',*,*,#938,.F.);
#1215=ORIENTED_EDGE('',*,*,#939,.T.);
#1216=ORIENTED_EDGE('',*,*,#940,.T.);
#1217=ORIENTED_EDGE('',*,*,#932,.T.);
#1218=ORIENTED_EDGE('',*,*,#941,.T.);
#1219=ORIENTED_EDGE('',*,*,#942,.T.);
#1220=ORIENTED_EDGE('',*,*,#943,.T.);
#1221=ORIENTED_EDGE('',*,*,#944,.T.);
#1222=ORIENTED_EDGE('',*,*,#945,.T.);
#1223=ORIENTED_EDGE('',*,*,#946,.T.);
#1224=ORIENTED_EDGE('',*,*,#947,.T.);
#1225=ORIENTED_EDGE('',*,*,#948,.T.);
#1226=ORIENTED_EDGE('',*,*,#949,.T.);
#1227=ORIENTED_EDGE('',*,*,#950,.T.);
#1228=ORIENTED_EDGE('',*,*,#951,.T.);
#1229=ORIENTED_EDGE('',*,*,#952,.T.);
#1230=ORIENTED_EDGE('',*,*,#953,.T.);
#1231=ORIENTED_EDGE('',*,*,#954,.T.);
#1232=ORIENTED_EDGE('',*,*,#955,.T.);
#1233=ORIENTED_EDGE('',*,*,#956,.T.);
#1234=ORIENTED_EDGE('',*,*,#957,.T.);
#1235=ORIENTED_EDGE('',*,*,#958,.T.);
#1236=ORIENTED_EDGE('',*,*,#959,.T.);
#1237=ORIENTED_EDGE('',*,*,#960,.T.);
#1238=ORIENTED_EDGE('',*,*,#961,.T.);
#1239=ORIENTED_EDGE('',*,*,#962,.T.);
#1240=ORIENTED_EDGE('',*,*,#963,.T.);
#1241=ORIENTED_EDGE('',*,*,#964,.T.);
#1242=ORIENTED_EDGE('',*,*,#965,.T.);
#1243=ORIENTED_EDGE('',*,*,#966,.T.);
#1244=ORIENTED_EDGE('',*,*,#967,.T.);
#1245=ORIENTED_EDGE('',*,*,#968,.T.);
#1246=ORIENTED_EDGE('',*,*,#969,.T.);
#1247=ORIENTED_EDGE('',*,*,#970,.T.);
#1248=ORIENTED_EDGE('',*,*,#971,.T.);
#1249=ORIENTED_EDGE('',*,*,#972,.T.);
#1250=ORIENTED_EDGE('',*,*,#973,.T.);
#1251=ORIENTED_EDGE('',*,*,#974,.T.);
#1252=ORIENTED_EDGE('',*,*,#975,.T.);
#1253=ORIENTED_EDGE('',*,*,#976,.T.);
#1254=ORIENTED_EDGE('',*,*,#977,.T.);
#1255=ORIENTED_EDGE('',*,*,#978,.T.);
#1256=ORIENTED_EDGE('',*,*,#979,.T.);
#1257=ORIENTED_EDGE('',*,*,#980,.T.);
#1258=ORIENTED_EDGE('',*,*,#981,.T.);
#1259=ORIENTED_EDGE('',*,*,#982,.T.);
#1260=ORIENTED_EDGE('',*,*,#983,.T.);
#1261=ORIENTED_EDGE('',*,*,#984,.T.);
#1262=ORIENTED_EDGE('',*,*,#985,.T.);
#1263=ORIENTED_EDGE('',*,*,#986,.T.);
#1264=ORIENTED_EDGE('',*,*,#987,.T.);
#1265=ORIENTED_EDGE('',*,*,#988,.T.);
#1266=ORIENTED_EDGE('',*,*,#989,.T.);
#1267=ORIENTED_EDGE('',*,*,#990,.T.);
#1268=ORIENTED_EDGE('',*,*,#991,.T.);
#1269=ORIENTED_EDGE('',*,*,#992,.T.);
#1270=ORIENTED_EDGE('',*,*,#993,.T.);
#1271=ORIENTED_EDGE('',*,*,#994,.T.);
#1272=ORIENTED_EDGE('',*,*,#995,.T.);
#1273=ORIENTED_EDGE('',*,*,#996,.T.);
#1274=ORIENTED_EDGE('',*,*,#997,.T.);
#1275=ORIENTED_EDGE('',*,*,#998,.T.);
#1276=ORIENTED_EDGE('',*,*,#999,.T.);
#1277=ORIENTED_EDGE('',*,*,#1000,.T.);
#1278=ORIENTED_EDGE('',*,*,#1001,.T.);
#1279=ORIENTED_EDGE('',*,*,#1002,.T.);
#1280=ORIENTED_EDGE('',*,*,#1003,.T.);
#1281=ORIENTED_EDGE('',*,*,#1004,.T.);
#1282=ORIENTED_EDGE('',*,*,#1005,.T.);
#1283=ORIENTED_EDGE('',*,*,#1006,.T.);
#1284=ORIENTED_EDGE('',*,*,#1007,.T.);
#1285=ORIENTED_EDGE('',*,*,#1008,.T.);
#1286=ORIENTED_EDGE('',*,*,#1009,.T.);
#1287=ORIENTED_EDGE('',*,*,#1010,.T.);
#1288=ORIENTED_EDGE('',*,*,#937,.T.);
#1289=ORIENTED_EDGE('',*,*,#1011,.F.);
#1290=ORIENTED_EDGE('',*,*,#1012,.T.);
#1291=ORIENTED_EDGE('',*,*,#1013,.F.);
#1292=ORIENTED_EDGE('',*,*,#1014,.F.);
#1293=ORIENTED_EDGE('',*,*,#1015,.F.);
#1294=ORIENTED_EDGE('',*,*,#1016,.F.);
#1295=ORIENTED_EDGE('',*,*,#1017,.F.);
#1296=ORIENTED_EDGE('',*,*,#1012,.F.);
#1297=ORIENTED_EDGE('',*,*,#1014,.T.);
#1298=ORIENTED_EDGE('',*,*,#1018,.F.);
#1299=ORIENTED_EDGE('',*,*,#1019,.F.);
#1300=ORIENTED_EDGE('',*,*,#1020,.T.);
#1301=ORIENTED_EDGE('',*,*,#1013,.T.);
#1302=ORIENTED_EDGE('',*,*,#1017,.T.);
#1303=ORIENTED_EDGE('',*,*,#1021,.T.);
#1304=ORIENTED_EDGE('',*,*,#1022,.F.);
#1305=ORIENTED_EDGE('',*,*,#1023,.F.);
#1306=ORIENTED_EDGE('',*,*,#1024,.F.);
#1307=ORIENTED_EDGE('',*,*,#1025,.T.);
#1308=ORIENTED_EDGE('',*,*,#1026,.F.);
#1309=ORIENTED_EDGE('',*,*,#1027,.F.);
#1310=ORIENTED_EDGE('',*,*,#1028,.F.);
#1311=ORIENTED_EDGE('',*,*,#1029,.F.);
#1312=ORIENTED_EDGE('',*,*,#1030,.F.);
#1313=ORIENTED_EDGE('',*,*,#1031,.T.);
#1314=ORIENTED_EDGE('',*,*,#1032,.F.);
#1315=ORIENTED_EDGE('',*,*,#1033,.T.);
#1316=ORIENTED_EDGE('',*,*,#1034,.F.);
#1317=ORIENTED_EDGE('',*,*,#1035,.F.);
#1318=ORIENTED_EDGE('',*,*,#1036,.F.);
#1319=ORIENTED_EDGE('',*,*,#1037,.T.);
#1320=ORIENTED_EDGE('',*,*,#1038,.F.);
#1321=ORIENTED_EDGE('',*,*,#1039,.F.);
#1322=ORIENTED_EDGE('',*,*,#1040,.F.);
#1323=ORIENTED_EDGE('',*,*,#1041,.F.);
#1324=ORIENTED_EDGE('',*,*,#1042,.F.);
#1325=ORIENTED_EDGE('',*,*,#1043,.F.);
#1326=ORIENTED_EDGE('',*,*,#1044,.F.);
#1327=ORIENTED_EDGE('',*,*,#1045,.F.);
#1328=ORIENTED_EDGE('',*,*,#1046,.F.);
#1329=ORIENTED_EDGE('',*,*,#1047,.F.);
#1330=ORIENTED_EDGE('',*,*,#1048,.F.);
#1331=ORIENTED_EDGE('',*,*,#1049,.F.);
#1332=ORIENTED_EDGE('',*,*,#1050,.F.);
#1333=ORIENTED_EDGE('',*,*,#1051,.F.);
#1334=ORIENTED_EDGE('',*,*,#1052,.F.);
#1335=ORIENTED_EDGE('',*,*,#1053,.F.);
#1336=ORIENTED_EDGE('',*,*,#1054,.F.);
#1337=ORIENTED_EDGE('',*,*,#1055,.F.);
#1338=ORIENTED_EDGE('',*,*,#1056,.T.);
#1339=ORIENTED_EDGE('',*,*,#1018,.T.);
#1340=ORIENTED_EDGE('',*,*,#1057,.F.);
#1341=ORIENTED_EDGE('',*,*,#1058,.F.);
#1342=ORIENTED_EDGE('',*,*,#1021,.F.);
#1343=ORIENTED_EDGE('',*,*,#1016,.T.);
#1344=ORIENTED_EDGE('',*,*,#1059,.F.);
#1345=ORIENTED_EDGE('',*,*,#1060,.F.);
#1346=ORIENTED_EDGE('',*,*,#973,.F.);
#1347=ORIENTED_EDGE('',*,*,#1061,.T.);
#1348=ORIENTED_EDGE('',*,*,#1062,.F.);
#1349=ORIENTED_EDGE('',*,*,#1063,.F.);
#1350=ORIENTED_EDGE('',*,*,#1019,.T.);
#1351=ORIENTED_EDGE('',*,*,#1056,.F.);
#1352=ORIENTED_EDGE('',*,*,#1058,.T.);
#1353=ORIENTED_EDGE('',*,*,#972,.F.);
#1354=ORIENTED_EDGE('',*,*,#1064,.F.);
#1355=ORIENTED_EDGE('',*,*,#1022,.T.);
#1356=ORIENTED_EDGE('',*,*,#936,.T.);
#1357=ORIENTED_EDGE('',*,*,#1065,.T.);
#1358=ORIENTED_EDGE('',*,*,#1062,.T.);
#1359=ORIENTED_EDGE('',*,*,#1066,.T.);
#1360=ORIENTED_EDGE('',*,*,#1060,.T.);
#1361=ORIENTED_EDGE('',*,*,#1067,.T.);
#1362=ORIENTED_EDGE('',*,*,#1068,.T.);
#1363=ORIENTED_EDGE('',*,*,#974,.F.);
#1364=ORIENTED_EDGE('',*,*,#1069,.F.);
#1365=ORIENTED_EDGE('',*,*,#1070,.T.);
#1366=ORIENTED_EDGE('',*,*,#1071,.F.);
#1367=ORIENTED_EDGE('',*,*,#1070,.F.);
#1368=ORIENTED_EDGE('',*,*,#1072,.F.);
#1369=ORIENTED_EDGE('',*,*,#1073,.T.);
#1370=ORIENTED_EDGE('',*,*,#1074,.F.);
#1371=ORIENTED_EDGE('',*,*,#1073,.F.);
#1372=ORIENTED_EDGE('',*,*,#1072,.T.);
#1373=ORIENTED_EDGE('',*,*,#1071,.T.);
#1374=ORIENTED_EDGE('',*,*,#1011,.T.);
#1375=ORIENTED_EDGE('',*,*,#1020,.F.);
#1376=ORIENTED_EDGE('',*,*,#1075,.F.);
#1377=ORIENTED_EDGE('',*,*,#939,.F.);
#1378=ORIENTED_EDGE('',*,*,#1076,.F.);
#1379=ORIENTED_EDGE('',*,*,#1077,.F.);
#1380=ORIENTED_EDGE('',*,*,#1078,.F.);
#1381=ORIENTED_EDGE('',*,*,#1079,.F.);
#1382=ORIENTED_EDGE('',*,*,#1080,.F.);
#1383=ORIENTED_EDGE('',*,*,#1081,.F.);
#1384=ORIENTED_EDGE('',*,*,#1082,.F.);
#1385=ORIENTED_EDGE('',*,*,#1083,.F.);
#1386=ORIENTED_EDGE('',*,*,#1084,.F.);
#1387=ORIENTED_EDGE('',*,*,#1085,.F.);
#1388=ORIENTED_EDGE('',*,*,#1086,.F.);
#1389=ORIENTED_EDGE('',*,*,#1087,.F.);
#1390=ORIENTED_EDGE('',*,*,#1088,.F.);
#1391=ORIENTED_EDGE('',*,*,#1089,.F.);
#1392=ORIENTED_EDGE('',*,*,#1090,.F.);
#1393=ORIENTED_EDGE('',*,*,#1091,.F.);
#1394=ORIENTED_EDGE('',*,*,#1092,.F.);
#1395=ORIENTED_EDGE('',*,*,#1093,.F.);
#1396=ORIENTED_EDGE('',*,*,#1094,.F.);
#1397=ORIENTED_EDGE('',*,*,#1095,.F.);
#1398=ORIENTED_EDGE('',*,*,#1096,.F.);
#1399=ORIENTED_EDGE('',*,*,#1097,.F.);
#1400=ORIENTED_EDGE('',*,*,#1098,.F.);
#1401=ORIENTED_EDGE('',*,*,#1099,.F.);
#1402=ORIENTED_EDGE('',*,*,#1100,.F.);
#1403=ORIENTED_EDGE('',*,*,#1101,.F.);
#1404=ORIENTED_EDGE('',*,*,#1102,.F.);
#1405=ORIENTED_EDGE('',*,*,#1103,.F.);
#1406=ORIENTED_EDGE('',*,*,#1104,.F.);
#1407=ORIENTED_EDGE('',*,*,#1105,.F.);
#1408=ORIENTED_EDGE('',*,*,#1106,.F.);
#1409=ORIENTED_EDGE('',*,*,#1107,.F.);
#1410=ORIENTED_EDGE('',*,*,#1108,.F.);
#1411=ORIENTED_EDGE('',*,*,#1109,.F.);
#1412=ORIENTED_EDGE('',*,*,#1110,.F.);
#1413=ORIENTED_EDGE('',*,*,#1111,.F.);
#1414=ORIENTED_EDGE('',*,*,#1067,.F.);
#1415=ORIENTED_EDGE('',*,*,#1059,.T.);
#1416=ORIENTED_EDGE('',*,*,#1015,.T.);
#1417=ORIENTED_EDGE('',*,*,#1112,.T.);
#1418=ORIENTED_EDGE('',*,*,#1113,.T.);
#1419=ORIENTED_EDGE('',*,*,#1114,.T.);
#1420=ORIENTED_EDGE('',*,*,#1074,.T.);
#1421=ORIENTED_EDGE('',*,*,#1115,.F.);
#1422=ORIENTED_EDGE('',*,*,#1116,.T.);
#1423=ORIENTED_EDGE('',*,*,#1117,.F.);
#1424=ORIENTED_EDGE('',*,*,#1116,.F.);
#1425=ORIENTED_EDGE('',*,*,#1118,.F.);
#1426=ORIENTED_EDGE('',*,*,#1119,.T.);
#1427=ORIENTED_EDGE('',*,*,#1112,.F.);
#1428=ORIENTED_EDGE('',*,*,#1119,.F.);
#1429=ORIENTED_EDGE('',*,*,#1118,.T.);
#1430=ORIENTED_EDGE('',*,*,#1117,.T.);
#1431=ORIENTED_EDGE('',*,*,#1069,.T.);
#1432=ORIENTED_EDGE('',*,*,#1120,.F.);
#1433=ORIENTED_EDGE('',*,*,#1121,.T.);
#1434=ORIENTED_EDGE('',*,*,#1122,.F.);
#1435=ORIENTED_EDGE('',*,*,#1121,.F.);
#1436=ORIENTED_EDGE('',*,*,#1123,.F.);
#1437=ORIENTED_EDGE('',*,*,#1124,.T.);
#1438=ORIENTED_EDGE('',*,*,#1114,.F.);
#1439=ORIENTED_EDGE('',*,*,#1124,.F.);
#1440=ORIENTED_EDGE('',*,*,#1123,.T.);
#1441=ORIENTED_EDGE('',*,*,#1122,.T.);
#1442=ORIENTED_EDGE('',*,*,#1115,.T.);
#1443=ORIENTED_EDGE('',*,*,#1125,.F.);
#1444=ORIENTED_EDGE('',*,*,#1126,.T.);
#1445=ORIENTED_EDGE('',*,*,#1127,.F.);
#1446=ORIENTED_EDGE('',*,*,#1126,.F.);
#1447=ORIENTED_EDGE('',*,*,#1128,.F.);
#1448=ORIENTED_EDGE('',*,*,#1129,.T.);
#1449=ORIENTED_EDGE('',*,*,#1113,.F.);
#1450=ORIENTED_EDGE('',*,*,#1129,.F.);
#1451=ORIENTED_EDGE('',*,*,#1128,.T.);
#1452=ORIENTED_EDGE('',*,*,#1127,.T.);
#1453=ORIENTED_EDGE('',*,*,#1120,.T.);
#1454=ORIENTED_EDGE('',*,*,#1130,.F.);
#1455=ORIENTED_EDGE('',*,*,#1131,.T.);
#1456=ORIENTED_EDGE('',*,*,#1057,.T.);
#1457=ORIENTED_EDGE('',*,*,#1131,.F.);
#1458=ORIENTED_EDGE('',*,*,#1130,.T.);
#1459=ORIENTED_EDGE('',*,*,#1125,.T.);
#1460=ORIENTED_EDGE('',*,*,#1091,.T.);
#1461=ORIENTED_EDGE('',*,*,#1132,.T.);
#1462=ORIENTED_EDGE('',*,*,#995,.F.);
#1463=ORIENTED_EDGE('',*,*,#1133,.F.);
#1464=ORIENTED_EDGE('',*,*,#1090,.T.);
#1465=ORIENTED_EDGE('',*,*,#1134,.T.);
#1466=ORIENTED_EDGE('',*,*,#996,.F.);
#1467=ORIENTED_EDGE('',*,*,#1132,.F.);
#1468=ORIENTED_EDGE('',*,*,#1089,.T.);
#1469=ORIENTED_EDGE('',*,*,#1135,.T.);
#1470=ORIENTED_EDGE('',*,*,#997,.F.);
#1471=ORIENTED_EDGE('',*,*,#1134,.F.);
#1472=ORIENTED_EDGE('',*,*,#1088,.T.);
#1473=ORIENTED_EDGE('',*,*,#1136,.T.);
#1474=ORIENTED_EDGE('',*,*,#998,.F.);
#1475=ORIENTED_EDGE('',*,*,#1135,.F.);
#1476=ORIENTED_EDGE('',*,*,#1087,.T.);
#1477=ORIENTED_EDGE('',*,*,#1137,.T.);
#1478=ORIENTED_EDGE('',*,*,#999,.F.);
#1479=ORIENTED_EDGE('',*,*,#1136,.F.);
#1480=ORIENTED_EDGE('',*,*,#1086,.T.);
#1481=ORIENTED_EDGE('',*,*,#1138,.T.);
#1482=ORIENTED_EDGE('',*,*,#1000,.F.);
#1483=ORIENTED_EDGE('',*,*,#1137,.F.);
#1484=ORIENTED_EDGE('',*,*,#1085,.T.);
#1485=ORIENTED_EDGE('',*,*,#1139,.T.);
#1486=ORIENTED_EDGE('',*,*,#1001,.F.);
#1487=ORIENTED_EDGE('',*,*,#1138,.F.);
#1488=ORIENTED_EDGE('',*,*,#1084,.T.);
#1489=ORIENTED_EDGE('',*,*,#1140,.T.);
#1490=ORIENTED_EDGE('',*,*,#1002,.F.);
#1491=ORIENTED_EDGE('',*,*,#1139,.F.);
#1492=ORIENTED_EDGE('',*,*,#1083,.T.);
#1493=ORIENTED_EDGE('',*,*,#1141,.T.);
#1494=ORIENTED_EDGE('',*,*,#1003,.F.);
#1495=ORIENTED_EDGE('',*,*,#1140,.F.);
#1496=ORIENTED_EDGE('',*,*,#1082,.T.);
#1497=ORIENTED_EDGE('',*,*,#1142,.T.);
#1498=ORIENTED_EDGE('',*,*,#1004,.F.);
#1499=ORIENTED_EDGE('',*,*,#1141,.F.);
#1500=ORIENTED_EDGE('',*,*,#1081,.T.);
#1501=ORIENTED_EDGE('',*,*,#1143,.T.);
#1502=ORIENTED_EDGE('',*,*,#1005,.F.);
#1503=ORIENTED_EDGE('',*,*,#1142,.F.);
#1504=ORIENTED_EDGE('',*,*,#1080,.T.);
#1505=ORIENTED_EDGE('',*,*,#1144,.T.);
#1506=ORIENTED_EDGE('',*,*,#1006,.F.);
#1507=ORIENTED_EDGE('',*,*,#1143,.F.);
#1508=ORIENTED_EDGE('',*,*,#1079,.T.);
#1509=ORIENTED_EDGE('',*,*,#1145,.T.);
#1510=ORIENTED_EDGE('',*,*,#1007,.F.);
#1511=ORIENTED_EDGE('',*,*,#1144,.F.);
#1512=ORIENTED_EDGE('',*,*,#1078,.T.);
#1513=ORIENTED_EDGE('',*,*,#1146,.T.);
#1514=ORIENTED_EDGE('',*,*,#1008,.F.);
#1515=ORIENTED_EDGE('',*,*,#1145,.F.);
#1516=ORIENTED_EDGE('',*,*,#1077,.T.);
#1517=ORIENTED_EDGE('',*,*,#1147,.T.);
#1518=ORIENTED_EDGE('',*,*,#1009,.F.);
#1519=ORIENTED_EDGE('',*,*,#1146,.F.);
#1520=ORIENTED_EDGE('',*,*,#1076,.T.);
#1521=ORIENTED_EDGE('',*,*,#938,.T.);
#1522=ORIENTED_EDGE('',*,*,#1010,.F.);
#1523=ORIENTED_EDGE('',*,*,#1147,.F.);
#1524=ORIENTED_EDGE('',*,*,#1075,.T.);
#1525=ORIENTED_EDGE('',*,*,#1063,.T.);
#1526=ORIENTED_EDGE('',*,*,#1065,.F.);
#1527=ORIENTED_EDGE('',*,*,#935,.F.);
#1528=ORIENTED_EDGE('',*,*,#940,.F.);
#1529=ORIENTED_EDGE('',*,*,#1111,.T.);
#1530=ORIENTED_EDGE('',*,*,#1148,.T.);
#1531=ORIENTED_EDGE('',*,*,#975,.F.);
#1532=ORIENTED_EDGE('',*,*,#1068,.F.);
#1533=ORIENTED_EDGE('',*,*,#1092,.T.);
#1534=ORIENTED_EDGE('',*,*,#1133,.T.);
#1535=ORIENTED_EDGE('',*,*,#994,.F.);
#1536=ORIENTED_EDGE('',*,*,#1149,.F.);
#1537=ORIENTED_EDGE('',*,*,#1093,.T.);
#1538=ORIENTED_EDGE('',*,*,#1149,.T.);
#1539=ORIENTED_EDGE('',*,*,#993,.F.);
#1540=ORIENTED_EDGE('',*,*,#1150,.F.);
#1541=ORIENTED_EDGE('',*,*,#1094,.T.);
#1542=ORIENTED_EDGE('',*,*,#1150,.T.);
#1543=ORIENTED_EDGE('',*,*,#992,.F.);
#1544=ORIENTED_EDGE('',*,*,#1151,.F.);
#1545=ORIENTED_EDGE('',*,*,#1095,.T.);
#1546=ORIENTED_EDGE('',*,*,#1151,.T.);
#1547=ORIENTED_EDGE('',*,*,#991,.F.);
#1548=ORIENTED_EDGE('',*,*,#1152,.F.);
#1549=ORIENTED_EDGE('',*,*,#1096,.T.);
#1550=ORIENTED_EDGE('',*,*,#1152,.T.);
#1551=ORIENTED_EDGE('',*,*,#990,.F.);
#1552=ORIENTED_EDGE('',*,*,#1153,.F.);
#1553=ORIENTED_EDGE('',*,*,#1097,.T.);
#1554=ORIENTED_EDGE('',*,*,#1153,.T.);
#1555=ORIENTED_EDGE('',*,*,#989,.F.);
#1556=ORIENTED_EDGE('',*,*,#1154,.F.);
#1557=ORIENTED_EDGE('',*,*,#1098,.T.);
#1558=ORIENTED_EDGE('',*,*,#1154,.T.);
#1559=ORIENTED_EDGE('',*,*,#988,.F.);
#1560=ORIENTED_EDGE('',*,*,#1155,.F.);
#1561=ORIENTED_EDGE('',*,*,#1099,.T.);
#1562=ORIENTED_EDGE('',*,*,#1155,.T.);
#1563=ORIENTED_EDGE('',*,*,#987,.F.);
#1564=ORIENTED_EDGE('',*,*,#1156,.F.);
#1565=ORIENTED_EDGE('',*,*,#1100,.T.);
#1566=ORIENTED_EDGE('',*,*,#1156,.T.);
#1567=ORIENTED_EDGE('',*,*,#986,.F.);
#1568=ORIENTED_EDGE('',*,*,#1157,.F.);
#1569=ORIENTED_EDGE('',*,*,#1101,.T.);
#1570=ORIENTED_EDGE('',*,*,#1157,.T.);
#1571=ORIENTED_EDGE('',*,*,#985,.F.);
#1572=ORIENTED_EDGE('',*,*,#1158,.F.);
#1573=ORIENTED_EDGE('',*,*,#1102,.T.);
#1574=ORIENTED_EDGE('',*,*,#1158,.T.);
#1575=ORIENTED_EDGE('',*,*,#984,.F.);
#1576=ORIENTED_EDGE('',*,*,#1159,.F.);
#1577=ORIENTED_EDGE('',*,*,#1103,.T.);
#1578=ORIENTED_EDGE('',*,*,#1159,.T.);
#1579=ORIENTED_EDGE('',*,*,#983,.F.);
#1580=ORIENTED_EDGE('',*,*,#1160,.F.);
#1581=ORIENTED_EDGE('',*,*,#1104,.T.);
#1582=ORIENTED_EDGE('',*,*,#1160,.T.);
#1583=ORIENTED_EDGE('',*,*,#982,.F.);
#1584=ORIENTED_EDGE('',*,*,#1161,.F.);
#1585=ORIENTED_EDGE('',*,*,#1105,.T.);
#1586=ORIENTED_EDGE('',*,*,#1161,.T.);
#1587=ORIENTED_EDGE('',*,*,#981,.F.);
#1588=ORIENTED_EDGE('',*,*,#1162,.F.);
#1589=ORIENTED_EDGE('',*,*,#1106,.T.);
#1590=ORIENTED_EDGE('',*,*,#1162,.T.);
#1591=ORIENTED_EDGE('',*,*,#980,.F.);
#1592=ORIENTED_EDGE('',*,*,#1163,.F.);
#1593=ORIENTED_EDGE('',*,*,#1107,.T.);
#1594=ORIENTED_EDGE('',*,*,#1163,.T.);
#1595=ORIENTED_EDGE('',*,*,#979,.F.);
#1596=ORIENTED_EDGE('',*,*,#1164,.F.);
#1597=ORIENTED_EDGE('',*,*,#1108,.T.);
#1598=ORIENTED_EDGE('',*,*,#1164,.T.);
#1599=ORIENTED_EDGE('',*,*,#978,.F.);
#1600=ORIENTED_EDGE('',*,*,#1165,.F.);
#1601=ORIENTED_EDGE('',*,*,#1109,.T.);
#1602=ORIENTED_EDGE('',*,*,#1165,.T.);
#1603=ORIENTED_EDGE('',*,*,#977,.F.);
#1604=ORIENTED_EDGE('',*,*,#1166,.F.);
#1605=ORIENTED_EDGE('',*,*,#1110,.T.);
#1606=ORIENTED_EDGE('',*,*,#1166,.T.);
#1607=ORIENTED_EDGE('',*,*,#976,.F.);
#1608=ORIENTED_EDGE('',*,*,#1148,.F.);
#1609=ORIENTED_EDGE('',*,*,#1025,.F.);
#1610=ORIENTED_EDGE('',*,*,#1167,.T.);
#1611=ORIENTED_EDGE('',*,*,#969,.F.);
#1612=ORIENTED_EDGE('',*,*,#1168,.F.);
#1613=ORIENTED_EDGE('',*,*,#1026,.T.);
#1614=ORIENTED_EDGE('',*,*,#1168,.T.);
#1615=ORIENTED_EDGE('',*,*,#968,.F.);
#1616=ORIENTED_EDGE('',*,*,#1169,.F.);
#1617=ORIENTED_EDGE('',*,*,#1027,.T.);
#1618=ORIENTED_EDGE('',*,*,#1169,.T.);
#1619=ORIENTED_EDGE('',*,*,#967,.F.);
#1620=ORIENTED_EDGE('',*,*,#1170,.F.);
#1621=ORIENTED_EDGE('',*,*,#1028,.T.);
#1622=ORIENTED_EDGE('',*,*,#1170,.T.);
#1623=ORIENTED_EDGE('',*,*,#966,.F.);
#1624=ORIENTED_EDGE('',*,*,#1171,.F.);
#1625=ORIENTED_EDGE('',*,*,#1029,.T.);
#1626=ORIENTED_EDGE('',*,*,#1171,.T.);
#1627=ORIENTED_EDGE('',*,*,#965,.F.);
#1628=ORIENTED_EDGE('',*,*,#1172,.F.);
#1629=ORIENTED_EDGE('',*,*,#1030,.T.);
#1630=ORIENTED_EDGE('',*,*,#1172,.T.);
#1631=ORIENTED_EDGE('',*,*,#964,.F.);
#1632=ORIENTED_EDGE('',*,*,#1173,.F.);
#1633=ORIENTED_EDGE('',*,*,#1031,.F.);
#1634=ORIENTED_EDGE('',*,*,#1173,.T.);
#1635=ORIENTED_EDGE('',*,*,#963,.F.);
#1636=ORIENTED_EDGE('',*,*,#1174,.F.);
#1637=ORIENTED_EDGE('',*,*,#1032,.T.);
#1638=ORIENTED_EDGE('',*,*,#1174,.T.);
#1639=ORIENTED_EDGE('',*,*,#962,.F.);
#1640=ORIENTED_EDGE('',*,*,#1175,.F.);
#1641=ORIENTED_EDGE('',*,*,#1033,.F.);
#1642=ORIENTED_EDGE('',*,*,#1175,.T.);
#1643=ORIENTED_EDGE('',*,*,#961,.F.);
#1644=ORIENTED_EDGE('',*,*,#1176,.F.);
#1645=ORIENTED_EDGE('',*,*,#1034,.T.);
#1646=ORIENTED_EDGE('',*,*,#1176,.T.);
#1647=ORIENTED_EDGE('',*,*,#960,.F.);
#1648=ORIENTED_EDGE('',*,*,#1177,.F.);
#1649=ORIENTED_EDGE('',*,*,#1035,.T.);
#1650=ORIENTED_EDGE('',*,*,#1177,.T.);
#1651=ORIENTED_EDGE('',*,*,#959,.F.);
#1652=ORIENTED_EDGE('',*,*,#1178,.F.);
#1653=ORIENTED_EDGE('',*,*,#1036,.T.);
#1654=ORIENTED_EDGE('',*,*,#1178,.T.);
#1655=ORIENTED_EDGE('',*,*,#958,.F.);
#1656=ORIENTED_EDGE('',*,*,#1179,.F.);
#1657=ORIENTED_EDGE('',*,*,#1037,.F.);
#1658=ORIENTED_EDGE('',*,*,#1179,.T.);
#1659=ORIENTED_EDGE('',*,*,#957,.F.);
#1660=ORIENTED_EDGE('',*,*,#1180,.F.);
#1661=ORIENTED_EDGE('',*,*,#1038,.T.);
#1662=ORIENTED_EDGE('',*,*,#1180,.T.);
#1663=ORIENTED_EDGE('',*,*,#956,.F.);
#1664=ORIENTED_EDGE('',*,*,#1181,.F.);
#1665=ORIENTED_EDGE('',*,*,#1039,.T.);
#1666=ORIENTED_EDGE('',*,*,#1181,.T.);
#1667=ORIENTED_EDGE('',*,*,#955,.F.);
#1668=ORIENTED_EDGE('',*,*,#1182,.F.);
#1669=ORIENTED_EDGE('',*,*,#1040,.T.);
#1670=ORIENTED_EDGE('',*,*,#1182,.T.);
#1671=ORIENTED_EDGE('',*,*,#954,.F.);
#1672=ORIENTED_EDGE('',*,*,#1183,.F.);
#1673=ORIENTED_EDGE('',*,*,#1041,.T.);
#1674=ORIENTED_EDGE('',*,*,#1183,.T.);
#1675=ORIENTED_EDGE('',*,*,#953,.F.);
#1676=ORIENTED_EDGE('',*,*,#1184,.F.);
#1677=ORIENTED_EDGE('',*,*,#1042,.T.);
#1678=ORIENTED_EDGE('',*,*,#1184,.T.);
#1679=ORIENTED_EDGE('',*,*,#952,.F.);
#1680=ORIENTED_EDGE('',*,*,#1185,.F.);
#1681=ORIENTED_EDGE('',*,*,#1043,.T.);
#1682=ORIENTED_EDGE('',*,*,#1185,.T.);
#1683=ORIENTED_EDGE('',*,*,#951,.F.);
#1684=ORIENTED_EDGE('',*,*,#1186,.F.);
#1685=ORIENTED_EDGE('',*,*,#1044,.T.);
#1686=ORIENTED_EDGE('',*,*,#1186,.T.);
#1687=ORIENTED_EDGE('',*,*,#950,.F.);
#1688=ORIENTED_EDGE('',*,*,#1187,.F.);
#1689=ORIENTED_EDGE('',*,*,#1045,.T.);
#1690=ORIENTED_EDGE('',*,*,#1187,.T.);
#1691=ORIENTED_EDGE('',*,*,#949,.F.);
#1692=ORIENTED_EDGE('',*,*,#1188,.F.);
#1693=ORIENTED_EDGE('',*,*,#1046,.T.);
#1694=ORIENTED_EDGE('',*,*,#1188,.T.);
#1695=ORIENTED_EDGE('',*,*,#948,.F.);
#1696=ORIENTED_EDGE('',*,*,#1189,.F.);
#1697=ORIENTED_EDGE('',*,*,#1047,.T.);
#1698=ORIENTED_EDGE('',*,*,#1189,.T.);
#1699=ORIENTED_EDGE('',*,*,#947,.F.);
#1700=ORIENTED_EDGE('',*,*,#1190,.F.);
#1701=ORIENTED_EDGE('',*,*,#1048,.T.);
#1702=ORIENTED_EDGE('',*,*,#1190,.T.);
#1703=ORIENTED_EDGE('',*,*,#946,.F.);
#1704=ORIENTED_EDGE('',*,*,#1191,.F.);
#1705=ORIENTED_EDGE('',*,*,#1049,.T.);
#1706=ORIENTED_EDGE('',*,*,#1191,.T.);
#1707=ORIENTED_EDGE('',*,*,#945,.F.);
#1708=ORIENTED_EDGE('',*,*,#1192,.F.);
#1709=ORIENTED_EDGE('',*,*,#1050,.T.);
#1710=ORIENTED_EDGE('',*,*,#1192,.T.);
#1711=ORIENTED_EDGE('',*,*,#944,.F.);
#1712=ORIENTED_EDGE('',*,*,#1193,.F.);
#1713=ORIENTED_EDGE('',*,*,#1051,.T.);
#1714=ORIENTED_EDGE('',*,*,#1193,.T.);
#1715=ORIENTED_EDGE('',*,*,#943,.F.);
#1716=ORIENTED_EDGE('',*,*,#1194,.F.);
#1717=ORIENTED_EDGE('',*,*,#1052,.T.);
#1718=ORIENTED_EDGE('',*,*,#1194,.T.);
#1719=ORIENTED_EDGE('',*,*,#942,.F.);
#1720=ORIENTED_EDGE('',*,*,#1195,.F.);
#1721=ORIENTED_EDGE('',*,*,#1053,.T.);
#1722=ORIENTED_EDGE('',*,*,#1195,.T.);
#1723=ORIENTED_EDGE('',*,*,#941,.F.);
#1724=ORIENTED_EDGE('',*,*,#931,.F.);
#1725=ORIENTED_EDGE('',*,*,#1196,.F.);
#1726=ORIENTED_EDGE('',*,*,#927,.T.);
#1727=ORIENTED_EDGE('',*,*,#1197,.F.);
#1728=ORIENTED_EDGE('',*,*,#1054,.T.);
#1729=ORIENTED_EDGE('',*,*,#1196,.T.);
#1730=ORIENTED_EDGE('',*,*,#1055,.T.);
#1731=ORIENTED_EDGE('',*,*,#1197,.T.);
#1732=ORIENTED_EDGE('',*,*,#934,.T.);
#1733=ORIENTED_EDGE('',*,*,#1066,.F.);
#1734=ORIENTED_EDGE('',*,*,#1061,.F.);
#1735=ORIENTED_EDGE('',*,*,#1023,.T.);
#1736=ORIENTED_EDGE('',*,*,#1064,.T.);
#1737=ORIENTED_EDGE('',*,*,#971,.F.);
#1738=ORIENTED_EDGE('',*,*,#1198,.F.);
#1739=ORIENTED_EDGE('',*,*,#1024,.T.);
#1740=ORIENTED_EDGE('',*,*,#1198,.T.);
#1741=ORIENTED_EDGE('',*,*,#970,.F.);
#1742=ORIENTED_EDGE('',*,*,#1167,.F.);
#1743=PLANE('',#1922);
#1744=PLANE('',#1923);
#1745=PLANE('',#1924);
#1746=PLANE('',#1925);
#1747=PLANE('',#1926);
#1748=PLANE('',#1956);
#1749=PLANE('',#1957);
#1750=PLANE('',#1958);
#1751=PLANE('',#1959);
#1752=PLANE('',#1975);
#1753=PLANE('',#1976);
#1754=PLANE('',#1977);
#1755=PLANE('',#1978);
#1756=PLANE('',#1981);
#1757=PLANE('',#1988);
#1758=PLANE('',#1989);
#1759=PLANE('',#2015);
#1760=PLANE('',#2016);
#1761=PLANE('',#2022);
#1762=PLANE('',#2023);
#1763=PLANE('',#2029);
#1764=PLANE('',#2030);
#1765=PLANE('',#2033);
#1766=PLANE('',#2034);
#1767=PLANE('',#2036);
#1768=PLANE('',#2038);
#1769=PLANE('',#2040);
#1770=PLANE('',#2042);
#1771=PLANE('',#2044);
#1772=PLANE('',#2046);
#1773=PLANE('',#2047);
#1774=PLANE('',#2048);
#1775=PLANE('',#2049);
#1776=PLANE('',#2052);
#1777=PLANE('',#2054);
#1778=PLANE('',#2056);
#1779=PLANE('',#2058);
#1780=PLANE('',#2060);
#1781=PLANE('',#2062);
#1782=PLANE('',#2064);
#1783=PLANE('',#2066);
#1784=PLANE('',#2068);
#1785=PLANE('',#2070);
#1786=PLANE('',#2072);
#1787=PLANE('',#2074);
#1788=PLANE('',#2076);
#1789=PLANE('',#2078);
#1790=PLANE('',#2080);
#1791=PLANE('',#2082);
#1792=PLANE('',#2084);
#1793=PLANE('',#2086);
#1794=PLANE('',#2088);
#1795=PLANE('',#2089);
#1796=PLANE('',#2090);
#1797=PLANE('',#2092);
#1798=PLANE('',#2094);
#1799=PLANE('',#2096);
#1800=PLANE('',#2097);
#1801=PLANE('',#2098);
#1802=PLANE('',#2099);
#1803=PLANE('',#2100);
#1804=PLANE('',#2103);
#1805=ADVANCED_FACE('',(#149),#1743,.F.);
#1806=ADVANCED_FACE('',(#150),#1744,.F.);
#1807=ADVANCED_FACE('',(#151),#1745,.F.);
#1808=ADVANCED_FACE('',(#152),#1746,.T.);
#1809=ADVANCED_FACE('',(#153),#1747,.T.);
#1810=ADVANCED_FACE('',(#154),#1748,.F.);
#1811=ADVANCED_FACE('',(#155),#1749,.F.);
#1812=ADVANCED_FACE('',(#156),#1750,.F.);
#1813=ADVANCED_FACE('',(#157,#59),#1751,.F.);
#1814=ADVANCED_FACE('',(#158),#1752,.F.);
#1815=ADVANCED_FACE('',(#159),#1753,.F.);
#1816=ADVANCED_FACE('',(#160),#1754,.T.);
#1817=ADVANCED_FACE('',(#161),#1755,.T.);
#1818=ADVANCED_FACE('',(#162),#1756,.T.);
#1819=ADVANCED_FACE('',(#163),#19,.F.);
#1820=ADVANCED_FACE('',(#164),#20,.T.);
#1821=ADVANCED_FACE('',(#165,#60),#1757,.T.);
#1822=ADVANCED_FACE('',(#166,#61,#62,#63,#64),#1758,.T.);
#1823=ADVANCED_FACE('',(#167),#21,.F.);
#1824=ADVANCED_FACE('',(#168),#22,.T.);
#1825=ADVANCED_FACE('',(#169,#65),#1759,.T.);
#1826=ADVANCED_FACE('',(#170),#1760,.T.);
#1827=ADVANCED_FACE('',(#171),#23,.F.);
#1828=ADVANCED_FACE('',(#172),#24,.T.);
#1829=ADVANCED_FACE('',(#173,#66),#1761,.T.);
#1830=ADVANCED_FACE('',(#174),#1762,.T.);
#1831=ADVANCED_FACE('',(#175),#25,.F.);
#1832=ADVANCED_FACE('',(#176),#26,.T.);
#1833=ADVANCED_FACE('',(#177,#67),#1763,.T.);
#1834=ADVANCED_FACE('',(#178),#1764,.T.);
#1835=ADVANCED_FACE('',(#179),#27,.F.);
#1836=ADVANCED_FACE('',(#180,#68),#1765,.F.);
#1837=ADVANCED_FACE('',(#181),#1766,.T.);
#1838=ADVANCED_FACE('',(#182),#28,.T.);
#1839=ADVANCED_FACE('',(#183),#1767,.T.);
#1840=ADVANCED_FACE('',(#184),#29,.F.);
#1841=ADVANCED_FACE('',(#185),#1768,.T.);
#1842=ADVANCED_FACE('',(#186),#30,.T.);
#1843=ADVANCED_FACE('',(#187),#1769,.T.);
#1844=ADVANCED_FACE('',(#188),#31,.F.);
#1845=ADVANCED_FACE('',(#189),#1770,.T.);
#1846=ADVANCED_FACE('',(#190),#32,.F.);
#1847=ADVANCED_FACE('',(#191),#1771,.T.);
#1848=ADVANCED_FACE('',(#192),#33,.T.);
#1849=ADVANCED_FACE('',(#193),#1772,.T.);
#1850=ADVANCED_FACE('',(#194),#1773,.T.);
#1851=ADVANCED_FACE('',(#195),#1774,.T.);
#1852=ADVANCED_FACE('',(#196),#1775,.T.);
#1853=ADVANCED_FACE('',(#197),#34,.F.);
#1854=ADVANCED_FACE('',(#198),#35,.F.);
#1855=ADVANCED_FACE('',(#199),#1776,.T.);
#1856=ADVANCED_FACE('',(#200),#36,.F.);
#1857=ADVANCED_FACE('',(#201),#1777,.T.);
#1858=ADVANCED_FACE('',(#202),#37,.F.);
#1859=ADVANCED_FACE('',(#203),#1778,.T.);
#1860=ADVANCED_FACE('',(#204),#38,.T.);
#1861=ADVANCED_FACE('',(#205),#1779,.T.);
#1862=ADVANCED_FACE('',(#206),#39,.F.);
#1863=ADVANCED_FACE('',(#207),#1780,.T.);
#1864=ADVANCED_FACE('',(#208),#40,.T.);
#1865=ADVANCED_FACE('',(#209),#1781,.T.);
#1866=ADVANCED_FACE('',(#210),#41,.T.);
#1867=ADVANCED_FACE('',(#211),#1782,.T.);
#1868=ADVANCED_FACE('',(#212),#42,.F.);
#1869=ADVANCED_FACE('',(#213),#1783,.T.);
#1870=ADVANCED_FACE('',(#214),#43,.F.);
#1871=ADVANCED_FACE('',(#215),#1784,.T.);
#1872=ADVANCED_FACE('',(#216),#44,.T.);
#1873=ADVANCED_FACE('',(#217),#1785,.T.);
#1874=ADVANCED_FACE('',(#218),#45,.F.);
#1875=ADVANCED_FACE('',(#219),#1786,.T.);
#1876=ADVANCED_FACE('',(#220),#46,.T.);
#1877=ADVANCED_FACE('',(#221),#1787,.T.);
#1878=ADVANCED_FACE('',(#222),#47,.T.);
#1879=ADVANCED_FACE('',(#223),#1788,.T.);
#1880=ADVANCED_FACE('',(#224),#48,.F.);
#1881=ADVANCED_FACE('',(#225),#1789,.T.);
#1882=ADVANCED_FACE('',(#226),#49,.F.);
#1883=ADVANCED_FACE('',(#227),#1790,.T.);
#1884=ADVANCED_FACE('',(#228),#50,.T.);
#1885=ADVANCED_FACE('',(#229),#1791,.T.);
#1886=ADVANCED_FACE('',(#230),#51,.F.);
#1887=ADVANCED_FACE('',(#231),#1792,.T.);
#1888=ADVANCED_FACE('',(#232),#52,.T.);
#1889=ADVANCED_FACE('',(#233),#1793,.T.);
#1890=ADVANCED_FACE('',(#234),#53,.T.);
#1891=ADVANCED_FACE('',(#235),#1794,.T.);
#1892=ADVANCED_FACE('',(#236),#1795,.T.);
#1893=ADVANCED_FACE('',(#237),#1796,.T.);
#1894=ADVANCED_FACE('',(#238),#54,.T.);
#1895=ADVANCED_FACE('',(#239),#1797,.T.);
#1896=ADVANCED_FACE('',(#240),#55,.T.);
#1897=ADVANCED_FACE('',(#241),#1798,.T.);
#1898=ADVANCED_FACE('',(#242),#56,.T.);
#1899=ADVANCED_FACE('',(#243),#1799,.T.);
#1900=ADVANCED_FACE('',(#244),#1800,.T.);
#1901=ADVANCED_FACE('',(#245),#1801,.T.);
#1902=ADVANCED_FACE('',(#246),#1802,.T.);
#1903=ADVANCED_FACE('',(#247),#1803,.T.);
#1904=ADVANCED_FACE('',(#248),#57,.T.);
#1905=ADVANCED_FACE('',(#249),#58,.T.);
#1906=ADVANCED_FACE('',(#250),#1804,.T.);
#1907=CLOSED_SHELL('',(#1805,#1806,#1807,#1808,#1809,#1810,#1811,#1812,
#1813,#1814,#1815,#1816,#1817,#1818,#1819,#1820,#1821,#1822,#1823,#1824,
#1825,#1826,#1827,#1828,#1829,#1830,#1831,#1832,#1833,#1834,#1835,#1836,
#1837,#1838,#1839,#1840,#1841,#1842,#1843,#1844,#1845,#1846,#1847,#1848,
#1849,#1850,#1851,#1852,#1853,#1854,#1855,#1856,#1857,#1858,#1859,#1860,
#1861,#1862,#1863,#1864,#1865,#1866,#1867,#1868,#1869,#1870,#1871,#1872,
#1873,#1874,#1875,#1876,#1877,#1878,#1879,#1880,#1881,#1882,#1883,#1884,
#1885,#1886,#1887,#1888,#1889,#1890,#1891,#1892,#1893,#1894,#1895,#1896,
#1897,#1898,#1899,#1900,#1901,#1902,#1903,#1904,#1905,#1906));
#1908=DERIVED_UNIT_ELEMENT(#1910,1.);
#1909=DERIVED_UNIT_ELEMENT(#3231,-3.);
#1910=(
MASS_UNIT()
NAMED_UNIT(*)
SI_UNIT(.KILO.,.GRAM.)
);
#1911=DERIVED_UNIT((#1908,#1909));
#1912=MEASURE_REPRESENTATION_ITEM('density measure',
POSITIVE_RATIO_MEASURE(7850.),#1911);
#1913=PROPERTY_DEFINITION_REPRESENTATION(#1918,#1915);
#1914=PROPERTY_DEFINITION_REPRESENTATION(#1919,#1916);
#1915=REPRESENTATION('material name',(#1917),#3228);
#1916=REPRESENTATION('density',(#1912),#3228);
#1917=DESCRIPTIVE_REPRESENTATION_ITEM('Steel','Steel');
#1918=PROPERTY_DEFINITION('material property','material name',#3243);
#1919=PROPERTY_DEFINITION('material property','density of part',#3243);
#1920=AXIS2_PLACEMENT_3D('',#2667,#2105,#2106);
#1921=AXIS2_PLACEMENT_3D('',#2668,#2107,#2108);
#1922=AXIS2_PLACEMENT_3D('',#2669,#2109,#2110);
#1923=AXIS2_PLACEMENT_3D('',#2678,#2115,#2116);
#1924=AXIS2_PLACEMENT_3D('',#2684,#2120,#2121);
#1925=AXIS2_PLACEMENT_3D('',#2690,#2125,#2126);
#1926=AXIS2_PLACEMENT_3D('',#2698,#2131,#2132);
#1927=AXIS2_PLACEMENT_3D('',#2708,#2137,#2138);
#1928=AXIS2_PLACEMENT_3D('',#2712,#2140,#2141);
#1929=AXIS2_PLACEMENT_3D('',#2716,#2143,#2144);
#1930=AXIS2_PLACEMENT_3D('',#2724,#2148,#2149);
#1931=AXIS2_PLACEMENT_3D('',#2728,#2151,#2152);
#1932=AXIS2_PLACEMENT_3D('',#2732,#2154,#2155);
#1933=AXIS2_PLACEMENT_3D('',#2736,#2157,#2158);
#1934=AXIS2_PLACEMENT_3D('',#2740,#2160,#2161);
#1935=AXIS2_PLACEMENT_3D('',#2744,#2163,#2164);
#1936=AXIS2_PLACEMENT_3D('',#2748,#2166,#2167);
#1937=AXIS2_PLACEMENT_3D('',#2752,#2169,#2170);
#1938=AXIS2_PLACEMENT_3D('',#2756,#2172,#2173);
#1939=AXIS2_PLACEMENT_3D('',#2760,#2175,#2176);
#1940=AXIS2_PLACEMENT_3D('',#2768,#2180,#2181);
#1941=AXIS2_PLACEMENT_3D('',#2772,#2183,#2184);
#1942=AXIS2_PLACEMENT_3D('',#2776,#2186,#2187);
#1943=AXIS2_PLACEMENT_3D('',#2780,#2189,#2190);
#1944=AXIS2_PLACEMENT_3D('',#2784,#2192,#2193);
#1945=AXIS2_PLACEMENT_3D('',#2788,#2195,#2196);
#1946=AXIS2_PLACEMENT_3D('',#2792,#2198,#2199);
#1947=AXIS2_PLACEMENT_3D('',#2796,#2201,#2202);
#1948=AXIS2_PLACEMENT_3D('',#2800,#2204,#2205);
#1949=AXIS2_PLACEMENT_3D('',#2804,#2207,#2208);
#1950=AXIS2_PLACEMENT_3D('',#2810,#2211,#2212);
#1951=AXIS2_PLACEMENT_3D('',#2814,#2214,#2215);
#1952=AXIS2_PLACEMENT_3D('',#2818,#2217,#2218);
#1953=AXIS2_PLACEMENT_3D('',#2822,#2220,#2221);
#1954=AXIS2_PLACEMENT_3D('',#2826,#2223,#2224);
#1955=AXIS2_PLACEMENT_3D('',#2830,#2226,#2227);
#1956=AXIS2_PLACEMENT_3D('',#2838,#2232,#2233);
#1957=AXIS2_PLACEMENT_3D('',#2847,#2238,#2239);
#1958=AXIS2_PLACEMENT_3D('',#2853,#2243,#2244);
#1959=AXIS2_PLACEMENT_3D('',#2859,#2248,#2249);
#1960=AXIS2_PLACEMENT_3D('',#2865,#2252,#2253);
#1961=AXIS2_PLACEMENT_3D('',#2869,#2255,#2256);
#1962=AXIS2_PLACEMENT_3D('',#2873,#2258,#2259);
#1963=AXIS2_PLACEMENT_3D('',#2877,#2261,#2262);
#1964=AXIS2_PLACEMENT_3D('',#2881,#2264,#2265);
#1965=AXIS2_PLACEMENT_3D('',#2885,#2267,#2268);
#1966=AXIS2_PLACEMENT_3D('',#2889,#2270,#2271);
#1967=AXIS2_PLACEMENT_3D('',#2893,#2273,#2274);
#1968=AXIS2_PLACEMENT_3D('',#2897,#2276,#2277);
#1969=AXIS2_PLACEMENT_3D('',#2901,#2279,#2280);
#1970=AXIS2_PLACEMENT_3D('',#2909,#2284,#2285);
#1971=AXIS2_PLACEMENT_3D('',#2913,#2287,#2288);
#1972=AXIS2_PLACEMENT_3D('',#2917,#2290,#2291);
#1973=AXIS2_PLACEMENT_3D('',#2929,#2297,#2298);
#1974=AXIS2_PLACEMENT_3D('',#2932,#2300,#2301);
#1975=AXIS2_PLACEMENT_3D('',#2933,#2302,#2303);
#1976=AXIS2_PLACEMENT_3D('',#2938,#2307,#2308);
#1977=AXIS2_PLACEMENT_3D('',#2944,#2312,#2313);
#1978=AXIS2_PLACEMENT_3D('',#2946,#2315,#2316);
#1979=AXIS2_PLACEMENT_3D('',#2947,#2317,#2318);
#1980=AXIS2_PLACEMENT_3D('',#2948,#2319,#2320);
#1981=AXIS2_PLACEMENT_3D('',#2949,#2321,#2322);
#1982=AXIS2_PLACEMENT_3D('',#2953,#2325,#2326);
#1983=AXIS2_PLACEMENT_3D('',#2955,#2327,#2328);
#1984=AXIS2_PLACEMENT_3D('',#2958,#2330,#2331);
#1985=AXIS2_PLACEMENT_3D('',#2959,#2332,#2333);
#1986=AXIS2_PLACEMENT_3D('',#2961,#2334,#2335);
#1987=AXIS2_PLACEMENT_3D('',#2964,#2337,#2338);
#1988=AXIS2_PLACEMENT_3D('',#2965,#2339,#2340);
#1989=AXIS2_PLACEMENT_3D('',#2966,#2341,#2342);
#1990=AXIS2_PLACEMENT_3D('',#2967,#2343,#2344);
#1991=AXIS2_PLACEMENT_3D('',#2977,#2349,#2350);
#1992=AXIS2_PLACEMENT_3D('',#2981,#2352,#2353);
#1993=AXIS2_PLACEMENT_3D('',#2985,#2355,#2356);
#1994=AXIS2_PLACEMENT_3D('',#2989,#2358,#2359);
#1995=AXIS2_PLACEMENT_3D('',#2993,#2361,#2362);
#1996=AXIS2_PLACEMENT_3D('',#2997,#2364,#2365);
#1997=AXIS2_PLACEMENT_3D('',#3003,#2368,#2369);
#1998=AXIS2_PLACEMENT_3D('',#3007,#2371,#2372);
#1999=AXIS2_PLACEMENT_3D('',#3011,#2374,#2375);
#2000=AXIS2_PLACEMENT_3D('',#3015,#2377,#2378);
#2001=AXIS2_PLACEMENT_3D('',#3019,#2380,#2381);
#2002=AXIS2_PLACEMENT_3D('',#3023,#2383,#2384);
#2003=AXIS2_PLACEMENT_3D('',#3027,#2386,#2387);
#2004=AXIS2_PLACEMENT_3D('',#3031,#2389,#2390);
#2005=AXIS2_PLACEMENT_3D('',#3035,#2392,#2393);
#2006=AXIS2_PLACEMENT_3D('',#3038,#2395,#2396);
#2007=AXIS2_PLACEMENT_3D('',#3040,#2397,#2398);
#2008=AXIS2_PLACEMENT_3D('',#3042,#2399,#2400);
#2009=AXIS2_PLACEMENT_3D('',#3044,#2401,#2402);
#2010=AXIS2_PLACEMENT_3D('',#3045,#2403,#2404);
#2011=AXIS2_PLACEMENT_3D('',#3047,#2405,#2406);
#2012=AXIS2_PLACEMENT_3D('',#3050,#2408,#2409);
#2013=AXIS2_PLACEMENT_3D('',#3051,#2410,#2411);
#2014=AXIS2_PLACEMENT_3D('',#3053,#2412,#2413);
#2015=AXIS2_PLACEMENT_3D('',#3055,#2415,#2416);
#2016=AXIS2_PLACEMENT_3D('',#3056,#2417,#2418);
#2017=AXIS2_PLACEMENT_3D('',#3057,#2419,#2420);
#2018=AXIS2_PLACEMENT_3D('',#3059,#2421,#2422);
#2019=AXIS2_PLACEMENT_3D('',#3062,#2424,#2425);
#2020=AXIS2_PLACEMENT_3D('',#3063,#2426,#2427);
#2021=AXIS2_PLACEMENT_3D('',#3065,#2428,#2429);
#2022=AXIS2_PLACEMENT_3D('',#3067,#2431,#2432);
#2023=AXIS2_PLACEMENT_3D('',#3068,#2433,#2434);
#2024=AXIS2_PLACEMENT_3D('',#3069,#2435,#2436);
#2025=AXIS2_PLACEMENT_3D('',#3071,#2437,#2438);
#2026=AXIS2_PLACEMENT_3D('',#3074,#2440,#2441);
#2027=AXIS2_PLACEMENT_3D('',#3075,#2442,#2443);
#2028=AXIS2_PLACEMENT_3D('',#3077,#2444,#2445);
#2029=AXIS2_PLACEMENT_3D('',#3079,#2447,#2448);
#2030=AXIS2_PLACEMENT_3D('',#3080,#2449,#2450);
#2031=AXIS2_PLACEMENT_3D('',#3081,#2451,#2452);
#2032=AXIS2_PLACEMENT_3D('',#3083,#2453,#2454);
#2033=AXIS2_PLACEMENT_3D('',#3085,#2456,#2457);
#2034=AXIS2_PLACEMENT_3D('',#3086,#2458,#2459);
#2035=AXIS2_PLACEMENT_3D('',#3089,#2462,#2463);
#2036=AXIS2_PLACEMENT_3D('',#3091,#2465,#2466);
#2037=AXIS2_PLACEMENT_3D('',#3093,#2468,#2469);
#2038=AXIS2_PLACEMENT_3D('',#3095,#2471,#2472);
#2039=AXIS2_PLACEMENT_3D('',#3097,#2474,#2475);
#2040=AXIS2_PLACEMENT_3D('',#3099,#2477,#2478);
#2041=AXIS2_PLACEMENT_3D('',#3101,#2480,#2481);
#2042=AXIS2_PLACEMENT_3D('',#3103,#2483,#2484);
#2043=AXIS2_PLACEMENT_3D('',#3105,#2486,#2487);
#2044=AXIS2_PLACEMENT_3D('',#3107,#2489,#2490);
#2045=AXIS2_PLACEMENT_3D('',#3109,#2492,#2493);
#2046=AXIS2_PLACEMENT_3D('',#3111,#2495,#2496);
#2047=AXIS2_PLACEMENT_3D('',#3113,#2498,#2499);
#2048=AXIS2_PLACEMENT_3D('',#3115,#2501,#2502);
#2049=AXIS2_PLACEMENT_3D('',#3117,#2504,#2505);
#2050=AXIS2_PLACEMENT_3D('',#3118,#2506,#2507);
#2051=AXIS2_PLACEMENT_3D('',#3119,#2508,#2509);
#2052=AXIS2_PLACEMENT_3D('',#3121,#2511,#2512);
#2053=AXIS2_PLACEMENT_3D('',#3123,#2514,#2515);
#2054=AXIS2_PLACEMENT_3D('',#3125,#2517,#2518);
#2055=AXIS2_PLACEMENT_3D('',#3127,#2520,#2521);
#2056=AXIS2_PLACEMENT_3D('',#3129,#2523,#2524);
#2057=AXIS2_PLACEMENT_3D('',#3131,#2526,#2527);
#2058=AXIS2_PLACEMENT_3D('',#3133,#2529,#2530);
#2059=AXIS2_PLACEMENT_3D('',#3135,#2532,#2533);
#2060=AXIS2_PLACEMENT_3D('',#3137,#2535,#2536);
#2061=AXIS2_PLACEMENT_3D('',#3139,#2538,#2539);
#2062=AXIS2_PLACEMENT_3D('',#3141,#2541,#2542);
#2063=AXIS2_PLACEMENT_3D('',#3143,#2544,#2545);
#2064=AXIS2_PLACEMENT_3D('',#3145,#2547,#2548);
#2065=AXIS2_PLACEMENT_3D('',#3147,#2550,#2551);
#2066=AXIS2_PLACEMENT_3D('',#3149,#2553,#2554);
#2067=AXIS2_PLACEMENT_3D('',#3151,#2556,#2557);
#2068=AXIS2_PLACEMENT_3D('',#3153,#2559,#2560);
#2069=AXIS2_PLACEMENT_3D('',#3155,#2562,#2563);
#2070=AXIS2_PLACEMENT_3D('',#3157,#2565,#2566);
#2071=AXIS2_PLACEMENT_3D('',#3158,#2567,#2568);
#2072=AXIS2_PLACEMENT_3D('',#3161,#2571,#2572);
#2073=AXIS2_PLACEMENT_3D('',#3163,#2574,#2575);
#2074=AXIS2_PLACEMENT_3D('',#3165,#2577,#2578);
#2075=AXIS2_PLACEMENT_3D('',#3167,#2580,#2581);
#2076=AXIS2_PLACEMENT_3D('',#3169,#2583,#2584);
#2077=AXIS2_PLACEMENT_3D('',#3171,#2586,#2587);
#2078=AXIS2_PLACEMENT_3D('',#3173,#2589,#2590);
#2079=AXIS2_PLACEMENT_3D('',#3175,#2592,#2593);
#2080=AXIS2_PLACEMENT_3D('',#3177,#2595,#2596);
#2081=AXIS2_PLACEMENT_3D('',#3179,#2598,#2599);
#2082=AXIS2_PLACEMENT_3D('',#3181,#2601,#2602);
#2083=AXIS2_PLACEMENT_3D('',#3183,#2604,#2605);
#2084=AXIS2_PLACEMENT_3D('',#3185,#2607,#2608);
#2085=AXIS2_PLACEMENT_3D('',#3187,#2610,#2611);
#2086=AXIS2_PLACEMENT_3D('',#3189,#2613,#2614);
#2087=AXIS2_PLACEMENT_3D('',#3191,#2616,#2617);
#2088=AXIS2_PLACEMENT_3D('',#3193,#2619,#2620);
#2089=AXIS2_PLACEMENT_3D('',#3195,#2622,#2623);
#2090=AXIS2_PLACEMENT_3D('',#3197,#2625,#2626);
#2091=AXIS2_PLACEMENT_3D('',#3199,#2628,#2629);
#2092=AXIS2_PLACEMENT_3D('',#3201,#2631,#2632);
#2093=AXIS2_PLACEMENT_3D('',#3203,#2634,#2635);
#2094=AXIS2_PLACEMENT_3D('',#3205,#2637,#2638);
#2095=AXIS2_PLACEMENT_3D('',#3207,#2640,#2641);
#2096=AXIS2_PLACEMENT_3D('',#3209,#2643,#2644);
#2097=AXIS2_PLACEMENT_3D('',#3211,#2646,#2647);
#2098=AXIS2_PLACEMENT_3D('',#3213,#2649,#2650);
#2099=AXIS2_PLACEMENT_3D('',#3215,#2652,#2653);
#2100=AXIS2_PLACEMENT_3D('',#3217,#2655,#2656);
#2101=AXIS2_PLACEMENT_3D('',#3219,#2658,#2659);
#2102=AXIS2_PLACEMENT_3D('',#3220,#2660,#2661);
#2103=AXIS2_PLACEMENT_3D('',#3222,#2663,#2664);
#2104=AXIS2_PLACEMENT_3D('',#3223,#2665,#2666);
#2105=DIRECTION('axis',(0.,0.,1.));
#2106=DIRECTION('refdir',(1.,0.,0.));
#2107=DIRECTION('axis',(0.,0.,1.));
#2108=DIRECTION('refdir',(1.,0.,0.));
#2109=DIRECTION('center_axis',(0.,0.,-1.));
#2110=DIRECTION('ref_axis',(0.99999983284488,0.000578195651327737,0.));
#2111=DIRECTION('',(0.99999983284488,0.000578195651327737,0.));
#2112=DIRECTION('',(0.000578195651330527,-0.99999983284488,0.));
#2113=DIRECTION('',(-0.999999832844867,-0.000578195673905864,0.));
#2114=DIRECTION('',(0.000578195651330527,-0.99999983284488,0.));
#2115=DIRECTION('center_axis',(-0.99999983284488,-0.000578195651330527,
0.));
#2116=DIRECTION('ref_axis',(0.,0.,-1.));
#2117=DIRECTION('',(0.,0.,1.));
#2118=DIRECTION('',(-0.000578195651330527,0.99999983284488,0.));
#2119=DIRECTION('',(0.,0.,1.));
#2120=DIRECTION('center_axis',(0.99999983284488,0.000578195651330527,0.));
#2121=DIRECTION('ref_axis',(0.,0.,1.));
#2122=DIRECTION('',(0.,0.,1.));
#2123=DIRECTION('',(0.,0.,1.));
#2124=DIRECTION('',(0.000578195651330527,-0.99999983284488,0.));
#2125=DIRECTION('center_axis',(0.000578195673905864,-0.999999832844867,
0.));
#2126=DIRECTION('ref_axis',(0.999999832844867,0.000578195673905864,0.));
#2127=DIRECTION('',(0.999999832844867,0.000578195673905864,0.));
#2128=DIRECTION('',(0.,0.,1.));
#2129=DIRECTION('',(0.999999832844867,0.000578195673905864,0.));
#2130=DIRECTION('',(0.,0.,1.));
#2131=DIRECTION('center_axis',(0.,0.,1.));
#2132=DIRECTION('ref_axis',(1.,0.,0.));
#2133=DIRECTION('',(-0.999604935625132,0.028106452530959,0.));
#2134=DIRECTION('',(-0.998387260031495,0.0567704060827737,0.));
#2135=DIRECTION('',(-0.999596854951813,0.0283923857828756,0.));
#2136=DIRECTION('',(-1.,-2.31561463061807E-14,0.));
#2137=DIRECTION('center_axis',(0.,0.,1.));
#2138=DIRECTION('ref_axis',(0.995208317618604,0.0977773212086943,0.));
#2139=DIRECTION('',(-0.999999994263092,0.000107115900615941,0.));
#2140=DIRECTION('center_axis',(0.,0.,1.));
#2141=DIRECTION('ref_axis',(9.28463545022135E-5,0.999999995689777,0.));
#2142=DIRECTION('',(-1.,-3.79541686355802E-13,0.));
#2143=DIRECTION('center_axis',(0.,0.,1.));
#2144=DIRECTION('ref_axis',(3.11965352053438E-5,0.999999999513388,0.));
#2145=DIRECTION('',(-2.40262355023243E-10,-1.,0.));
#2146=DIRECTION('',(-0.999999999673515,-2.55532733771753E-5,0.));
#2147=DIRECTION('',(-1.,1.71835236346073E-11,0.));
#2148=DIRECTION('center_axis',(0.,0.,1.));
#2149=DIRECTION('ref_axis',(-2.37300932008774E-6,0.999999999997184,0.));
#2150=DIRECTION('',(-0.000634896687177974,-0.999999798453078,0.));
#2151=DIRECTION('center_axis',(0.,0.,1.));
#2152=DIRECTION('ref_axis',(-0.999999912770327,0.000417683299912027,0.));
#2153=DIRECTION('',(0.999999984313645,0.000177123430779578,0.));
#2154=DIRECTION('center_axis',(0.,0.,-1.));
#2155=DIRECTION('ref_axis',(0.89084763970374,0.454302193296791,0.));
#2156=DIRECTION('',(0.555993248108033,-0.831186806956342,0.));
#2157=DIRECTION('center_axis',(0.,0.,1.));
#2158=DIRECTION('ref_axis',(-0.831186522954403,-0.555993672678898,0.));
#2159=DIRECTION('',(0.9999994340022,0.00106395266778215,0.));
#2160=DIRECTION('center_axis',(0.,0.,-1.));
#2161=DIRECTION('ref_axis',(0.256945361693687,0.966425931514723,0.));
#2162=DIRECTION('',(0.966426162787183,-0.2569444918274,0.));
#2163=DIRECTION('center_axis',(0.,0.,-1.));
#2164=DIRECTION('ref_axis',(0.514369655487018,0.857568573068164,0.));
#2165=DIRECTION('',(0.857544771423922,-0.514409336038425,0.));
#2166=DIRECTION('center_axis',(0.,0.,1.));
#2167=DIRECTION('ref_axis',(-0.507270426457656,-0.86178693099946,0.));
#2168=DIRECTION('',(0.521982828204967,0.852955993624023,0.));
#2169=DIRECTION('center_axis',(0.,0.,1.));
#2170=DIRECTION('ref_axis',(0.852956770275129,-0.521981559101297,0.));
#2171=DIRECTION('',(-0.000156212597330909,0.999999987798812,0.));
#2172=DIRECTION('center_axis',(0.,0.,-1.));
#2173=DIRECTION('ref_axis',(-0.706319517633558,0.707893169206977,0.));
#2174=DIRECTION('',(0.707761832440208,0.706451122542019,0.));
#2175=DIRECTION('center_axis',(0.,0.,1.));
#2176=DIRECTION('ref_axis',(0.726008286251213,-0.687685951793823,0.));
#2177=DIRECTION('',(0.000411115156631478,0.99999991549216,0.));
#2178=DIRECTION('',(-0.99999991549216,0.000411115156631293,0.));
#2179=DIRECTION('',(-0.000411112286292336,-0.999999915493341,0.));
#2180=DIRECTION('center_axis',(0.,0.,-1.));
#2181=DIRECTION('ref_axis',(0.733910811045835,-0.679245847561871,0.));
#2182=DIRECTION('',(-0.707761832424583,-0.706451122557673,0.));
#2183=DIRECTION('center_axis',(0.,0.,1.));
#2184=DIRECTION('ref_axis',(-0.706467328084859,0.707745656538166,0.));
#2185=DIRECTION('',(0.000156210530450402,-0.999999987799135,0.));
#2186=DIRECTION('center_axis',(0.,0.,-1.));
#2187=DIRECTION('ref_axis',(0.852957543032934,-0.521980296355351,0.));
#2188=DIRECTION('',(-0.521982828204967,-0.852955993624023,0.));
#2189=DIRECTION('center_axis',(0.,0.,-1.));
#2190=DIRECTION('ref_axis',(-0.504315873352797,-0.863519252758389,0.));
#2191=DIRECTION('',(-0.857544771424522,0.514409336037425,0.));
#2192=DIRECTION('center_axis',(0.,0.,1.));
#2193=DIRECTION('ref_axis',(0.514414176366444,0.857541867871903,0.));
#2194=DIRECTION('',(-0.966426162786516,0.25694449182991,0.));
#2195=DIRECTION('center_axis',(0.,0.,1.));
#2196=DIRECTION('ref_axis',(0.256945361687557,0.966425931516353,0.));
#2197=DIRECTION('',(-0.999999434047525,-0.00106391006680035,0.));
#2198=DIRECTION('center_axis',(0.,0.,-1.));
#2199=DIRECTION('ref_axis',(-0.831186240372677,-0.555994095126139,0.));
#2200=DIRECTION('',(-0.55599324810803,0.831186806956344,0.));
#2201=DIRECTION('center_axis',(0.,0.,1.));
#2202=DIRECTION('ref_axis',(0.835795303382345,0.549041174088077,0.));
#2203=DIRECTION('',(-0.999999984313645,-0.000177123430463809,0.));
#2204=DIRECTION('center_axis',(0.,0.,-1.));
#2205=DIRECTION('ref_axis',(-0.999999940307687,0.00034552079776209,0.));
#2206=DIRECTION('',(0.00063489668704113,0.999999798453078,0.));
#2207=DIRECTION('center_axis',(0.,0.,-1.));
#2208=DIRECTION('ref_axis',(-7.10659215121338E-6,0.999999999974748,0.));
#2209=DIRECTION('',(1.,0.,0.));
#2210=DIRECTION('',(0.999999999673515,2.55532733770989E-5,0.));
#2211=DIRECTION('center_axis',(0.,0.,1.));
#2212=DIRECTION('ref_axis',(0.000124268718153602,-0.999999992278643,0.));
#2213=DIRECTION('',(-2.36909933281139E-14,1.,0.));
#2214=DIRECTION('center_axis',(0.,0.,-1.));
#2215=DIRECTION('ref_axis',(5.19598076500054E-5,0.999999998650089,0.));
#2216=DIRECTION('',(1.,3.79449558194109E-13,0.));
#2217=DIRECTION('center_axis',(0.,0.,1.));
#2218=DIRECTION('ref_axis',(5.38808826178342E-5,-0.999999998548425,0.));
#2219=DIRECTION('',(-5.67526146773241E-14,1.,0.));
#2220=DIRECTION('center_axis',(0.,0.,-1.));
#2221=DIRECTION('ref_axis',(5.19598076322409E-5,0.999999998650089,0.));
#2222=DIRECTION('',(0.999999994263095,-0.000107115873303657,0.));
#2223=DIRECTION('center_axis',(0.,0.,-1.));
#2224=DIRECTION('ref_axis',(0.999999999996817,2.52309243954549E-6,0.));
#2225=DIRECTION('',(1.56069690362641E-13,-1.,0.));
#2226=DIRECTION('center_axis',(0.,0.,1.));
#2227=DIRECTION('ref_axis',(-0.999999998981576,4.51314567165148E-5,0.));
#2228=DIRECTION('',(1.,0.,0.));
#2229=DIRECTION('',(0.99959685495605,-0.0283923856337004,0.));
#2230=DIRECTION('',(0.998387260031444,-0.0567704060836769,0.));
#2231=DIRECTION('',(0.999604935592933,-0.0281064536761134,0.));
#2232=DIRECTION('center_axis',(0.000411115156633278,0.99999991549216,0.));
#2233=DIRECTION('ref_axis',(0.,0.,-1.));
#2234=DIRECTION('',(0.99999991549216,-0.000411115156633278,0.));
#2235=DIRECTION('',(0.,0.,-1.));
#2236=DIRECTION('',(-0.99999991549216,0.000411115156633278,0.));
#2237=DIRECTION('',(0.,0.,-1.));
#2238=DIRECTION('center_axis',(-0.99999991549216,0.000411115156633278,0.));
#2239=DIRECTION('ref_axis',(0.,0.,1.));
#2240=DIRECTION('',(0.000411115156633278,0.99999991549216,0.));
#2241=DIRECTION('',(0.,0.,1.));
#2242=DIRECTION('',(-0.000411115156633278,-0.99999991549216,0.));
#2243=DIRECTION('center_axis',(-0.99999991549216,0.000411115156631293,0.));
#2244=DIRECTION('ref_axis',(0.,0.,1.));
#2245=DIRECTION('',(-0.000411115156631293,-0.99999991549216,0.));
#2246=DIRECTION('',(0.,0.,-1.));
#2247=DIRECTION('',(-0.000411112286292336,-0.999999915493341,0.));
#2248=DIRECTION('center_axis',(0.,0.,1.));
#2249=DIRECTION('ref_axis',(1.,0.,0.));
#2250=DIRECTION('',(0.99999991549216,-0.000411115156631293,0.));
#2251=DIRECTION('',(0.000411115156631478,0.99999991549216,0.));
#2252=DIRECTION('center_axis',(0.,0.,1.));
#2253=DIRECTION('ref_axis',(0.726008286251213,-0.687685951793823,0.));
#2254=DIRECTION('',(0.707761832440208,0.706451122542019,0.));
#2255=DIRECTION('center_axis',(0.,0.,1.));
#2256=DIRECTION('ref_axis',(-0.706319517633558,0.707893169206977,0.));
#2257=DIRECTION('',(-0.000156212597330909,0.999999987798812,0.));
#2258=DIRECTION('center_axis',(0.,0.,1.));
#2259=DIRECTION('ref_axis',(0.852956770275129,-0.521981559101297,0.));
#2260=DIRECTION('',(0.521982828204967,0.852955993624023,0.));
#2261=DIRECTION('center_axis',(0.,0.,1.));
#2262=DIRECTION('ref_axis',(-0.507270426457656,-0.86178693099946,0.));
#2263=DIRECTION('',(0.857544771423922,-0.514409336038425,0.));
#2264=DIRECTION('center_axis',(0.,0.,1.));
#2265=DIRECTION('ref_axis',(0.514369655487018,0.857568573068164,0.));
#2266=DIRECTION('',(0.966426162787183,-0.2569444918274,0.));
#2267=DIRECTION('center_axis',(0.,0.,1.));
#2268=DIRECTION('ref_axis',(0.256945361693687,0.966425931514723,0.));
#2269=DIRECTION('',(0.9999994340022,0.00106395266778215,0.));
#2270=DIRECTION('center_axis',(0.,0.,1.));
#2271=DIRECTION('ref_axis',(-0.831186522954403,-0.555993672678898,0.));
#2272=DIRECTION('',(0.555993248108033,-0.831186806956342,0.));
#2273=DIRECTION('center_axis',(0.,0.,1.));
#2274=DIRECTION('ref_axis',(0.89084763970374,0.454302193296791,0.));
#2275=DIRECTION('',(0.999999984313645,0.000177123430779578,0.));
#2276=DIRECTION('center_axis',(0.,0.,1.));
#2277=DIRECTION('ref_axis',(-0.999999912770327,0.000417683299912027,0.));
#2278=DIRECTION('',(-0.000634896687177974,-0.999999798453078,0.));
#2279=DIRECTION('center_axis',(0.,0.,1.));
#2280=DIRECTION('ref_axis',(-2.37300932008774E-6,0.999999999997184,0.));
#2281=DIRECTION('',(-1.,1.71835236346073E-11,0.));
#2282=DIRECTION('',(-0.999999999673515,-2.55532733771753E-5,0.));
#2283=DIRECTION('',(-2.40262355023243E-10,-1.,0.));
#2284=DIRECTION('center_axis',(0.,0.,1.));
#2285=DIRECTION('ref_axis',(3.11965352053438E-5,0.999999999513388,0.));
#2286=DIRECTION('',(-1.,-3.79541686355802E-13,0.));
#2287=DIRECTION('center_axis',(0.,0.,1.));
#2288=DIRECTION('ref_axis',(9.28463545022135E-5,0.999999995689777,0.));
#2289=DIRECTION('',(-0.999999994263092,0.000107115900615941,0.));
#2290=DIRECTION('center_axis',(0.,0.,1.));
#2291=DIRECTION('ref_axis',(0.995208317618604,0.0977773212086943,0.));
#2292=DIRECTION('',(-1.,-2.31561463061807E-14,0.));
#2293=DIRECTION('',(-0.999596854951813,0.0283923857828756,0.));
#2294=DIRECTION('',(-0.998387260031495,0.0567704060827737,0.));
#2295=DIRECTION('',(-0.999604935625132,0.028106452530959,0.));
#2296=DIRECTION('',(-0.99999983284488,-0.000578195651327737,0.));
#2297=DIRECTION('center_axis',(0.,0.,1.));
#2298=DIRECTION('ref_axis',(0.99999991549216,-0.000411115156632463,0.));
#2299=DIRECTION('',(-0.99999991549216,0.000411115156631293,0.));
#2300=DIRECTION('center_axis',(0.,0.,-1.));
#2301=DIRECTION('ref_axis',(1.,0.,0.));
#2302=DIRECTION('center_axis',(-0.000411115156631293,-0.99999991549216,
0.));
#2303=DIRECTION('ref_axis',(0.,0.,1.));
#2304=DIRECTION('',(0.,0.,1.));
#2305=DIRECTION('',(-0.99999991549216,0.000411115156633278,0.));
#2306=DIRECTION('',(0.,0.,-1.));
#2307=DIRECTION('center_axis',(0.000411115156631293,0.99999991549216,0.));
#2308=DIRECTION('ref_axis',(0.,0.,-1.));
#2309=DIRECTION('',(0.,0.,1.));
#2310=DIRECTION('',(0.99999991549216,-0.000411115156631293,0.));
#2311=DIRECTION('',(0.,0.,1.));
#2312=DIRECTION('center_axis',(0.99999991549216,-0.000411115156631478,0.));
#2313=DIRECTION('ref_axis',(0.000411115156631478,0.99999991549216,0.));
#2314=DIRECTION('',(0.,0.,1.));
#2315=DIRECTION('center_axis',(0.,0.,1.));
#2316=DIRECTION('ref_axis',(1.,0.,0.));
#2317=DIRECTION('center_axis',(0.,0.,-1.));
#2318=DIRECTION('ref_axis',(0.999999917285633,-0.000406729304966853,0.));
#2319=DIRECTION('center_axis',(0.,0.,1.));
#2320=DIRECTION('ref_axis',(0.99999991549216,-0.000411115156632463,0.));
#2321=DIRECTION('center_axis',(-0.999999915493341,0.000411112286292336,
0.));
#2322=DIRECTION('ref_axis',(-0.000411112286292336,-0.999999915493341,0.));
#2323=DIRECTION('',(-0.000411112286292336,-0.999999915493341,0.));
#2324=DIRECTION('',(0.,0.,1.));
#2325=DIRECTION('center_axis',(0.,0.,1.));
#2326=DIRECTION('ref_axis',(1.,0.,0.));
#2327=DIRECTION('center_axis',(0.,0.,-1.));
#2328=DIRECTION('ref_axis',(1.,0.,0.));
#2329=DIRECTION('',(0.,0.,1.));
#2330=DIRECTION('center_axis',(0.,0.,-1.));
#2331=DIRECTION('ref_axis',(1.,0.,0.));
#2332=DIRECTION('center_axis',(0.,0.,1.));
#2333=DIRECTION('ref_axis',(1.,0.,0.));
#2334=DIRECTION('center_axis',(0.,0.,1.));
#2335=DIRECTION('ref_axis',(1.,0.,0.));
#2336=DIRECTION('',(0.,0.,-1.));
#2337=DIRECTION('center_axis',(0.,0.,-1.));
#2338=DIRECTION('ref_axis',(1.,0.,0.));
#2339=DIRECTION('center_axis',(0.,0.,1.));
#2340=DIRECTION('ref_axis',(1.,0.,0.));
#2341=DIRECTION('center_axis',(0.,0.,1.));
#2342=DIRECTION('ref_axis',(1.,0.,0.));
#2343=DIRECTION('center_axis',(0.,0.,-1.));
#2344=DIRECTION('ref_axis',(0.999999917285633,-0.000406729304966853,0.));
#2345=DIRECTION('',(0.999604935592933,-0.0281064536761134,0.));
#2346=DIRECTION('',(0.998387260031444,-0.0567704060836769,0.));
#2347=DIRECTION('',(0.99959685495605,-0.0283923856337004,0.));
#2348=DIRECTION('',(1.,0.,0.));
#2349=DIRECTION('center_axis',(0.,0.,1.));
#2350=DIRECTION('ref_axis',(-0.999999998981576,4.51314567165148E-5,0.));
#2351=DIRECTION('',(1.56069690362641E-13,-1.,0.));
#2352=DIRECTION('center_axis',(0.,0.,-1.));
#2353=DIRECTION('ref_axis',(0.999999999996817,2.52309243954549E-6,0.));
#2354=DIRECTION('',(0.999999994263095,-0.000107115873303657,0.));
#2355=DIRECTION('center_axis',(0.,0.,-1.));
#2356=DIRECTION('ref_axis',(5.19598076322409E-5,0.999999998650089,0.));
#2357=DIRECTION('',(-5.67526146773241E-14,1.,0.));
#2358=DIRECTION('center_axis',(0.,0.,1.));
#2359=DIRECTION('ref_axis',(5.38808826178342E-5,-0.999999998548425,0.));
#2360=DIRECTION('',(1.,3.79449558194109E-13,0.));
#2361=DIRECTION('center_axis',(0.,0.,-1.));
#2362=DIRECTION('ref_axis',(5.19598076500054E-5,0.999999998650089,0.));
#2363=DIRECTION('',(-2.36909933281139E-14,1.,0.));
#2364=DIRECTION('center_axis',(0.,0.,1.));
#2365=DIRECTION('ref_axis',(0.000124268718153602,-0.999999992278643,0.));
#2366=DIRECTION('',(0.999999999673515,2.55532733770989E-5,0.));
#2367=DIRECTION('',(1.,0.,0.));
#2368=DIRECTION('center_axis',(0.,0.,-1.));
#2369=DIRECTION('ref_axis',(-7.10659215121338E-6,0.999999999974748,0.));
#2370=DIRECTION('',(0.00063489668704113,0.999999798453078,0.));
#2371=DIRECTION('center_axis',(0.,0.,-1.));
#2372=DIRECTION('ref_axis',(-0.999999940307687,0.00034552079776209,0.));
#2373=DIRECTION('',(-0.999999984313645,-0.000177123430463809,0.));
#2374=DIRECTION('center_axis',(0.,0.,1.));
#2375=DIRECTION('ref_axis',(0.835795303382345,0.549041174088077,0.));
#2376=DIRECTION('',(-0.55599324810803,0.831186806956344,0.));
#2377=DIRECTION('center_axis',(0.,0.,-1.));
#2378=DIRECTION('ref_axis',(-0.831186240372677,-0.555994095126139,0.));
#2379=DIRECTION('',(-0.999999434047525,-0.00106391006680035,0.));
#2380=DIRECTION('center_axis',(0.,0.,1.));
#2381=DIRECTION('ref_axis',(0.256945361687557,0.966425931516353,0.));
#2382=DIRECTION('',(-0.966426162786516,0.25694449182991,0.));
#2383=DIRECTION('center_axis',(0.,0.,1.));
#2384=DIRECTION('ref_axis',(0.514414176366444,0.857541867871903,0.));
#2385=DIRECTION('',(-0.857544771424522,0.514409336037425,0.));
#2386=DIRECTION('center_axis',(0.,0.,-1.));
#2387=DIRECTION('ref_axis',(-0.504315873352797,-0.863519252758389,0.));
#2388=DIRECTION('',(-0.521982828204967,-0.852955993624023,0.));
#2389=DIRECTION('center_axis',(0.,0.,-1.));
#2390=DIRECTION('ref_axis',(0.852957543032934,-0.521980296355351,0.));
#2391=DIRECTION('',(0.000156210530450402,-0.999999987799135,0.));
#2392=DIRECTION('center_axis',(0.,0.,1.));
#2393=DIRECTION('ref_axis',(-0.706467328084859,0.707745656538166,0.));
#2394=DIRECTION('',(-0.707761832424583,-0.706451122557673,0.));
#2395=DIRECTION('center_axis',(0.,0.,-1.));
#2396=DIRECTION('ref_axis',(0.733910811045835,-0.679245847561871,0.));
#2397=DIRECTION('center_axis',(0.,0.,-1.));
#2398=DIRECTION('ref_axis',(1.,0.,0.));
#2399=DIRECTION('center_axis',(0.,0.,-1.));
#2400=DIRECTION('ref_axis',(1.,0.,0.));
#2401=DIRECTION('center_axis',(0.,0.,-1.));
#2402=DIRECTION('ref_axis',(1.,0.,0.));
#2403=DIRECTION('center_axis',(0.,0.,1.));
#2404=DIRECTION('ref_axis',(1.,0.,0.));
#2405=DIRECTION('center_axis',(0.,0.,-1.));
#2406=DIRECTION('ref_axis',(1.,0.,0.));
#2407=DIRECTION('',(0.,0.,1.));
#2408=DIRECTION('center_axis',(0.,0.,-1.));
#2409=DIRECTION('ref_axis',(1.,0.,0.));
#2410=DIRECTION('center_axis',(0.,0.,1.));
#2411=DIRECTION('ref_axis',(1.,0.,0.));
#2412=DIRECTION('center_axis',(0.,0.,1.));
#2413=DIRECTION('ref_axis',(1.,0.,0.));
#2414=DIRECTION('',(0.,0.,-1.));
#2415=DIRECTION('center_axis',(0.,0.,1.));
#2416=DIRECTION('ref_axis',(1.,0.,0.));
#2417=DIRECTION('center_axis',(0.,0.,1.));
#2418=DIRECTION('ref_axis',(1.,0.,0.));
#2419=DIRECTION('center_axis',(0.,0.,1.));
#2420=DIRECTION('ref_axis',(1.,0.,0.));
#2421=DIRECTION('center_axis',(0.,0.,-1.));
#2422=DIRECTION('ref_axis',(1.,0.,0.));
#2423=DIRECTION('',(0.,0.,1.));
#2424=DIRECTION('center_axis',(0.,0.,-1.));
#2425=DIRECTION('ref_axis',(1.,0.,0.));
#2426=DIRECTION('center_axis',(0.,0.,1.));
#2427=DIRECTION('ref_axis',(1.,0.,0.));
#2428=DIRECTION('center_axis',(0.,0.,1.));
#2429=DIRECTION('ref_axis',(1.,0.,0.));
#2430=DIRECTION('',(0.,0.,-1.));
#2431=DIRECTION('center_axis',(0.,0.,1.));
#2432=DIRECTION('ref_axis',(1.,0.,0.));
#2433=DIRECTION('center_axis',(0.,0.,1.));
#2434=DIRECTION('ref_axis',(1.,0.,0.));
#2435=DIRECTION('center_axis',(0.,0.,1.));
#2436=DIRECTION('ref_axis',(1.,0.,0.));
#2437=DIRECTION('center_axis',(0.,0.,-1.));
#2438=DIRECTION('ref_axis',(1.,0.,0.));
#2439=DIRECTION('',(0.,0.,1.));
#2440=DIRECTION('center_axis',(0.,0.,-1.));
#2441=DIRECTION('ref_axis',(1.,0.,0.));
#2442=DIRECTION('center_axis',(0.,0.,1.));
#2443=DIRECTION('ref_axis',(1.,0.,0.));
#2444=DIRECTION('center_axis',(0.,0.,1.));
#2445=DIRECTION('ref_axis',(1.,0.,0.));
#2446=DIRECTION('',(0.,0.,-1.));
#2447=DIRECTION('center_axis',(0.,0.,1.));
#2448=DIRECTION('ref_axis',(1.,0.,0.));
#2449=DIRECTION('center_axis',(0.,0.,1.));
#2450=DIRECTION('ref_axis',(1.,0.,0.));
#2451=DIRECTION('center_axis',(0.,0.,1.));
#2452=DIRECTION('ref_axis',(1.,0.,0.));
#2453=DIRECTION('center_axis',(0.,0.,-1.));
#2454=DIRECTION('ref_axis',(1.,0.,0.));
#2455=DIRECTION('',(0.,0.,-1.));
#2456=DIRECTION('center_axis',(0.,0.,1.));
#2457=DIRECTION('ref_axis',(1.,0.,0.));
#2458=DIRECTION('center_axis',(2.55532733770989E-5,-0.999999999673515,0.));
#2459=DIRECTION('ref_axis',(0.999999999673515,2.55532733770989E-5,0.));
#2460=DIRECTION('',(0.,0.,1.));
#2461=DIRECTION('',(0.,0.,1.));
#2462=DIRECTION('center_axis',(0.,0.,1.));
#2463=DIRECTION('ref_axis',(0.000124268718153602,-0.999999992278643,0.));
#2464=DIRECTION('',(0.,0.,1.));
#2465=DIRECTION('center_axis',(1.,2.36909933281139E-14,0.));
#2466=DIRECTION('ref_axis',(-2.36909933281139E-14,1.,0.));
#2467=DIRECTION('',(0.,0.,1.));
#2468=DIRECTION('center_axis',(0.,0.,1.));
#2469=DIRECTION('ref_axis',(5.19598076500054E-5,0.999999998650089,0.));
#2470=DIRECTION('',(0.,0.,1.));
#2471=DIRECTION('center_axis',(3.79449558194109E-13,-1.,0.));
#2472=DIRECTION('ref_axis',(1.,3.79449558194109E-13,0.));
#2473=DIRECTION('',(0.,0.,1.));
#2474=DIRECTION('center_axis',(0.,0.,1.));
#2475=DIRECTION('ref_axis',(5.38808826178342E-5,-0.999999998548425,0.));
#2476=DIRECTION('',(0.,0.,1.));
#2477=DIRECTION('center_axis',(1.,5.67526146773241E-14,0.));
#2478=DIRECTION('ref_axis',(-5.67526146773241E-14,1.,0.));
#2479=DIRECTION('',(0.,0.,1.));
#2480=DIRECTION('center_axis',(0.,0.,1.));
#2481=DIRECTION('ref_axis',(5.19598076322409E-5,0.999999998650089,0.));
#2482=DIRECTION('',(0.,0.,1.));
#2483=DIRECTION('center_axis',(-0.000107115873303657,-0.999999994263095,
0.));
#2484=DIRECTION('ref_axis',(0.999999994263095,-0.000107115873303657,0.));
#2485=DIRECTION('',(0.,0.,1.));
#2486=DIRECTION('center_axis',(0.,0.,1.));
#2487=DIRECTION('ref_axis',(0.999999999996817,2.52309243954549E-6,0.));
#2488=DIRECTION('',(0.,0.,1.));
#2489=DIRECTION('center_axis',(-1.,-1.56069690362641E-13,0.));
#2490=DIRECTION('ref_axis',(1.56069690362641E-13,-1.,0.));
#2491=DIRECTION('',(0.,0.,1.));
#2492=DIRECTION('center_axis',(0.,0.,1.));
#2493=DIRECTION('ref_axis',(-0.999999998981576,4.51314567165148E-5,0.));
#2494=DIRECTION('',(0.,0.,1.));
#2495=DIRECTION('center_axis',(0.,-1.,0.));
#2496=DIRECTION('ref_axis',(1.,0.,0.));
#2497=DIRECTION('',(0.,0.,1.));
#2498=DIRECTION('center_axis',(-0.0283923856337004,-0.99959685495605,0.));
#2499=DIRECTION('ref_axis',(0.99959685495605,-0.0283923856337004,0.));
#2500=DIRECTION('',(0.,0.,1.));
#2501=DIRECTION('center_axis',(-0.0567704060836769,-0.998387260031444,0.));
#2502=DIRECTION('ref_axis',(0.998387260031444,-0.0567704060836769,0.));
#2503=DIRECTION('',(0.,0.,1.));
#2504=DIRECTION('center_axis',(-0.0281064536761134,-0.999604935592933,0.));
#2505=DIRECTION('ref_axis',(0.999604935592933,-0.0281064536761134,0.));
#2506=DIRECTION('center_axis',(0.,0.,1.));
#2507=DIRECTION('ref_axis',(0.999999917285633,-0.000406729304966853,0.));
#2508=DIRECTION('center_axis',(0.,0.,1.));
#2509=DIRECTION('ref_axis',(0.733910811045835,-0.679245847561871,0.));
#2510=DIRECTION('',(0.,0.,1.));
#2511=DIRECTION('center_axis',(0.,-1.,0.));
#2512=DIRECTION('ref_axis',(1.,0.,0.));
#2513=DIRECTION('',(0.,0.,1.));
#2514=DIRECTION('center_axis',(0.,0.,1.));
#2515=DIRECTION('ref_axis',(-7.10659215121338E-6,0.999999999974748,0.));
#2516=DIRECTION('',(0.,0.,1.));
#2517=DIRECTION('center_axis',(0.999999798453078,-0.00063489668704113,0.));
#2518=DIRECTION('ref_axis',(0.00063489668704113,0.999999798453078,0.));
#2519=DIRECTION('',(0.,0.,1.));
#2520=DIRECTION('center_axis',(0.,0.,1.));
#2521=DIRECTION('ref_axis',(-0.999999940307687,0.00034552079776209,0.));
#2522=DIRECTION('',(0.,0.,1.));
#2523=DIRECTION('center_axis',(-0.000177123430463809,0.999999984313645,
0.));
#2524=DIRECTION('ref_axis',(-0.999999984313645,-0.000177123430463809,0.));
#2525=DIRECTION('',(0.,0.,1.));
#2526=DIRECTION('center_axis',(0.,0.,1.));
#2527=DIRECTION('ref_axis',(0.835795303382345,0.549041174088077,0.));
#2528=DIRECTION('',(0.,0.,1.));
#2529=DIRECTION('center_axis',(0.831186806956344,0.555993248108031,0.));
#2530=DIRECTION('ref_axis',(-0.55599324810803,0.831186806956344,0.));
#2531=DIRECTION('',(0.,0.,1.));
#2532=DIRECTION('center_axis',(0.,0.,1.));
#2533=DIRECTION('ref_axis',(-0.831186240372677,-0.555994095126139,0.));
#2534=DIRECTION('',(0.,0.,1.));
#2535=DIRECTION('center_axis',(-0.00106391006680035,0.999999434047525,0.));
#2536=DIRECTION('ref_axis',(-0.999999434047525,-0.00106391006680035,0.));
#2537=DIRECTION('',(0.,0.,1.));
#2538=DIRECTION('center_axis',(0.,0.,1.));
#2539=DIRECTION('ref_axis',(0.256945361687557,0.966425931516353,0.));
#2540=DIRECTION('',(0.,0.,1.));
#2541=DIRECTION('center_axis',(0.25694449182991,0.966426162786516,0.));
#2542=DIRECTION('ref_axis',(-0.966426162786516,0.25694449182991,0.));
#2543=DIRECTION('',(0.,0.,1.));
#2544=DIRECTION('center_axis',(0.,0.,1.));
#2545=DIRECTION('ref_axis',(0.514414176366444,0.857541867871903,0.));
#2546=DIRECTION('',(0.,0.,1.));
#2547=DIRECTION('center_axis',(0.514409336037425,0.857544771424522,0.));
#2548=DIRECTION('ref_axis',(-0.857544771424522,0.514409336037425,0.));
#2549=DIRECTION('',(0.,0.,1.));
#2550=DIRECTION('center_axis',(0.,0.,1.));
#2551=DIRECTION('ref_axis',(-0.504315873352797,-0.863519252758389,0.));
#2552=DIRECTION('',(0.,0.,1.));
#2553=DIRECTION('center_axis',(-0.852955993624023,0.521982828204967,0.));
#2554=DIRECTION('ref_axis',(-0.521982828204967,-0.852955993624023,0.));
#2555=DIRECTION('',(0.,0.,1.));
#2556=DIRECTION('center_axis',(0.,0.,1.));
#2557=DIRECTION('ref_axis',(0.852957543032934,-0.521980296355351,0.));
#2558=DIRECTION('',(0.,0.,1.));
#2559=DIRECTION('center_axis',(-0.999999987799135,-0.000156210530450402,
0.));
#2560=DIRECTION('ref_axis',(0.000156210530450402,-0.999999987799135,0.));
#2561=DIRECTION('',(0.,0.,1.));
#2562=DIRECTION('center_axis',(0.,0.,1.));
#2563=DIRECTION('ref_axis',(-0.706467328084859,0.707745656538166,0.));
#2564=DIRECTION('',(0.,0.,1.));
#2565=DIRECTION('center_axis',(-0.706451122557673,0.707761832424583,0.));
#2566=DIRECTION('ref_axis',(-0.707761832424583,-0.706451122557673,0.));
#2567=DIRECTION('center_axis',(0.,0.,1.));
#2568=DIRECTION('ref_axis',(-0.706319517633558,0.707893169206977,0.));
#2569=DIRECTION('',(0.,0.,1.));
#2570=DIRECTION('',(0.,0.,1.));
#2571=DIRECTION('center_axis',(0.999999987798812,0.000156212597330909,0.));
#2572=DIRECTION('ref_axis',(-0.000156212597330909,0.999999987798812,0.));
#2573=DIRECTION('',(0.,0.,1.));
#2574=DIRECTION('center_axis',(0.,0.,1.));
#2575=DIRECTION('ref_axis',(0.852956770275129,-0.521981559101297,0.));
#2576=DIRECTION('',(0.,0.,1.));
#2577=DIRECTION('center_axis',(0.852955993624023,-0.521982828204967,0.));
#2578=DIRECTION('ref_axis',(0.521982828204967,0.852955993624023,0.));
#2579=DIRECTION('',(0.,0.,1.));
#2580=DIRECTION('center_axis',(0.,0.,1.));
#2581=DIRECTION('ref_axis',(-0.507270426457656,-0.86178693099946,0.));
#2582=DIRECTION('',(0.,0.,1.));
#2583=DIRECTION('center_axis',(-0.514409336038425,-0.857544771423922,0.));
#2584=DIRECTION('ref_axis',(0.857544771423922,-0.514409336038425,0.));
#2585=DIRECTION('',(0.,0.,1.));
#2586=DIRECTION('center_axis',(0.,0.,1.));
#2587=DIRECTION('ref_axis',(0.514369655487018,0.857568573068164,0.));
#2588=DIRECTION('',(0.,0.,1.));
#2589=DIRECTION('center_axis',(-0.2569444918274,-0.966426162787183,0.));
#2590=DIRECTION('ref_axis',(0.966426162787183,-0.2569444918274,0.));
#2591=DIRECTION('',(0.,0.,1.));
#2592=DIRECTION('center_axis',(0.,0.,1.));
#2593=DIRECTION('ref_axis',(0.256945361693687,0.966425931514723,0.));
#2594=DIRECTION('',(0.,0.,1.));
#2595=DIRECTION('center_axis',(0.00106395266778215,-0.9999994340022,0.));
#2596=DIRECTION('ref_axis',(0.9999994340022,0.00106395266778215,0.));
#2597=DIRECTION('',(0.,0.,1.));
#2598=DIRECTION('center_axis',(0.,0.,1.));
#2599=DIRECTION('ref_axis',(-0.831186522954403,-0.555993672678898,0.));
#2600=DIRECTION('',(0.,0.,1.));
#2601=DIRECTION('center_axis',(-0.831186806956342,-0.555993248108033,0.));
#2602=DIRECTION('ref_axis',(0.555993248108033,-0.831186806956342,0.));
#2603=DIRECTION('',(0.,0.,1.));
#2604=DIRECTION('center_axis',(0.,0.,1.));
#2605=DIRECTION('ref_axis',(0.89084763970374,0.454302193296791,0.));
#2606=DIRECTION('',(0.,0.,1.));
#2607=DIRECTION('center_axis',(0.000177123430779578,-0.999999984313645,
0.));
#2608=DIRECTION('ref_axis',(0.999999984313645,0.000177123430779578,0.));
#2609=DIRECTION('',(0.,0.,1.));
#2610=DIRECTION('center_axis',(0.,0.,1.));
#2611=DIRECTION('ref_axis',(-0.999999912770327,0.000417683299912027,0.));
#2612=DIRECTION('',(0.,0.,1.));
#2613=DIRECTION('center_axis',(-0.999999798453078,0.000634896687177974,
0.));
#2614=DIRECTION('ref_axis',(-0.000634896687177974,-0.999999798453078,0.));
#2615=DIRECTION('',(0.,0.,1.));
#2616=DIRECTION('center_axis',(0.,0.,1.));
#2617=DIRECTION('ref_axis',(-2.37300932008774E-6,0.999999999997184,0.));
#2618=DIRECTION('',(0.,0.,1.));
#2619=DIRECTION('center_axis',(1.71835236346073E-11,1.,0.));
#2620=DIRECTION('ref_axis',(-1.,1.71835236346073E-11,0.));
#2621=DIRECTION('',(0.,0.,1.));
#2622=DIRECTION('center_axis',(-2.55532733771753E-5,0.999999999673515,0.));
#2623=DIRECTION('ref_axis',(-0.999999999673515,-2.55532733771753E-5,0.));
#2624=DIRECTION('',(0.,0.,1.));
#2625=DIRECTION('center_axis',(-1.,2.40262355023243E-10,0.));
#2626=DIRECTION('ref_axis',(-2.40262355023243E-10,-1.,0.));
#2627=DIRECTION('',(0.,0.,1.));
#2628=DIRECTION('center_axis',(0.,0.,1.));
#2629=DIRECTION('ref_axis',(3.11965352053438E-5,0.999999999513388,0.));
#2630=DIRECTION('',(0.,0.,1.));
#2631=DIRECTION('center_axis',(-3.79541686355802E-13,1.,0.));
#2632=DIRECTION('ref_axis',(-1.,-3.79541686355802E-13,0.));
#2633=DIRECTION('',(0.,0.,1.));
#2634=DIRECTION('center_axis',(0.,0.,1.));
#2635=DIRECTION('ref_axis',(9.28463545022135E-5,0.999999995689777,0.));
#2636=DIRECTION('',(0.,0.,1.));
#2637=DIRECTION('center_axis',(0.000107115900615941,0.999999994263092,0.));
#2638=DIRECTION('ref_axis',(-0.999999994263092,0.000107115900615941,0.));
#2639=DIRECTION('',(0.,0.,1.));
#2640=DIRECTION('center_axis',(0.,0.,1.));
#2641=DIRECTION('ref_axis',(0.995208317618604,0.0977773212086943,0.));
#2642=DIRECTION('',(0.,0.,1.));
#2643=DIRECTION('center_axis',(-2.31561463061807E-14,1.,0.));
#2644=DIRECTION('ref_axis',(-1.,-2.31561463061807E-14,0.));
#2645=DIRECTION('',(0.,0.,1.));
#2646=DIRECTION('center_axis',(0.0283923857828756,0.999596854951813,0.));
#2647=DIRECTION('ref_axis',(-0.999596854951813,0.0283923857828756,0.));
#2648=DIRECTION('',(0.,0.,1.));
#2649=DIRECTION('center_axis',(0.0567704060827737,0.998387260031495,0.));
#2650=DIRECTION('ref_axis',(-0.998387260031495,0.0567704060827737,0.));
#2651=DIRECTION('',(0.,0.,1.));
#2652=DIRECTION('center_axis',(0.028106452530959,0.999604935625132,0.));
#2653=DIRECTION('ref_axis',(-0.999604935625132,0.028106452530959,0.));
#2654=DIRECTION('',(0.,0.,1.));
#2655=DIRECTION('center_axis',(-0.000578195651327737,0.99999983284488,0.));
#2656=DIRECTION('ref_axis',(-0.99999983284488,-0.000578195651327737,0.));
#2657=DIRECTION('',(0.,0.,1.));
#2658=DIRECTION('center_axis',(0.,0.,1.));
#2659=DIRECTION('ref_axis',(0.99999991549216,-0.000411115156632463,0.));
#2660=DIRECTION('center_axis',(0.,0.,1.));
#2661=DIRECTION('ref_axis',(0.726008286251213,-0.687685951793823,0.));
#2662=DIRECTION('',(0.,0.,1.));
#2663=DIRECTION('center_axis',(0.706451122542019,-0.707761832440208,0.));
#2664=DIRECTION('ref_axis',(0.707761832440208,0.706451122542019,0.));
#2665=DIRECTION('',(0.,0.,1.));
#2666=DIRECTION('',(1.,0.,0.));
#2667=CARTESIAN_POINT('',(0.,0.,0.));
#2668=CARTESIAN_POINT('',(0.,0.,0.));
#2669=CARTESIAN_POINT('Origin',(130.636428237128,-50.0599508265098,5.16776929612107));
#2670=CARTESIAN_POINT('',(130.636428237128,-50.0599508265098,5.16776929612107));
#2671=CARTESIAN_POINT('',(151.538516448403,-50.0478653279822,5.16776929612107));
#2672=CARTESIAN_POINT('',(141.087472342765,-50.053908077246,5.16776929612107));
#2673=CARTESIAN_POINT('',(130.637578846474,-52.0499504938711,5.16776929612107));
#2674=CARTESIAN_POINT('',(130.636428237128,-50.0599508265098,5.16776929612107));
#2675=CARTESIAN_POINT('',(151.539667057749,-52.0378649953435,5.16776929612107));
#2676=CARTESIAN_POINT('',(130.623305423259,-52.049958747167,5.16776929612107));
#2677=CARTESIAN_POINT('',(151.538516448403,-50.0478653279822,5.16776929612107));
#2678=CARTESIAN_POINT('Origin',(130.636428237128,-50.0599508265098,13.));
#2679=CARTESIAN_POINT('',(130.636428237128,-50.0599508265098,13.));
#2680=CARTESIAN_POINT('',(130.636428237128,-50.0599508265098,0.));
#2681=CARTESIAN_POINT('',(130.637578846474,-52.0499504938711,13.));
#2682=CARTESIAN_POINT('',(130.649415096005,-72.5209580602922,13.));
#2683=CARTESIAN_POINT('',(130.637578846474,-52.0499504943341,6.5));
#2684=CARTESIAN_POINT('Origin',(151.538516448403,-50.0478653279822,5.16776929612107));
#2685=CARTESIAN_POINT('',(151.538516448403,-50.0478653279822,13.));
#2686=CARTESIAN_POINT('',(151.538516448403,-50.0478653279822,0.));
#2687=CARTESIAN_POINT('',(151.539659,-52.0378649999936,13.));
#2688=CARTESIAN_POINT('',(151.539659,-52.0378649999936,0.));
#2689=CARTESIAN_POINT('',(151.55150330728,-72.5088725617646,13.));
#2690=CARTESIAN_POINT('Origin',(130.609032,-52.049967,0.));
#2691=CARTESIAN_POINT('',(130.609032,-52.049967,13.));
#2692=CARTESIAN_POINT('',(151.539659,-52.0378649999936,13.));
#2693=CARTESIAN_POINT('',(130.609032,-52.049967,3.));
#2694=CARTESIAN_POINT('',(130.609032,-52.049967,0.));
#2695=CARTESIAN_POINT('',(151.539659,-52.0378649999936,3.));
#2696=CARTESIAN_POINT('',(104.478801456822,-52.0650753887837,3.));
#2697=CARTESIAN_POINT('',(151.539659,-52.0378649999936,0.));
#2698=CARTESIAN_POINT('Origin',(78.3733940178085,-95.0121985761298,13.));
#2699=CARTESIAN_POINT('',(130.578804859659,-50.0583305976916,13.));
#2700=CARTESIAN_POINT('',(130.636428237128,-50.0599508265098,13.));
#2701=CARTESIAN_POINT('',(98.9672300711401,-48.2608297585848,13.));
#2702=CARTESIAN_POINT('',(130.578804859659,-50.0583305976916,13.));
#2703=CARTESIAN_POINT('',(98.7971911202464,-48.2559999999996,13.));
#2704=CARTESIAN_POINT('',(98.9672300711401,-48.2608297585848,13.));
#2705=CARTESIAN_POINT('',(82.3040875001024,-48.256,13.));
#2706=CARTESIAN_POINT('',(98.7971911202464,-48.2559999999996,13.));
#2707=CARTESIAN_POINT('',(79.9052007410446,-46.0600014416187,13.));
#2708=CARTESIAN_POINT('Origin',(79.881637264854,-48.49400112054,13.));
#2709=CARTESIAN_POINT('',(61.3418382064567,-46.0580130103109,13.));
#2710=CARTESIAN_POINT('',(79.9052007410446,-46.0600014416187,13.));
#2711=CARTESIAN_POINT('',(58.8630310198023,-48.3100129999937,13.));
#2712=CARTESIAN_POINT('Origin',(61.341607021446,-48.54798702144,13.));
#2713=CARTESIAN_POINT('',(42.3416847000082,-48.310013,13.));
#2714=CARTESIAN_POINT('',(58.8630310198023,-48.3100129999937,13.));
#2715=CARTESIAN_POINT('',(39.8516330002713,-50.8000647000206,13.));
#2716=CARTESIAN_POINT('Origin',(42.341607021446,-50.79998702144,13.));
#2717=CARTESIAN_POINT('',(39.8516329997286,-53.0590640740588,13.));
#2718=CARTESIAN_POINT('',(39.8516330002713,-50.8000647000206,13.));
#2719=CARTESIAN_POINT('',(5.22100357439838,-53.059949,13.));
#2720=CARTESIAN_POINT('',(39.8516329997286,-53.0590640740588,13.));
#2721=CARTESIAN_POINT('',(4.24100301132416,-53.0599489999832,13.));
#2722=CARTESIAN_POINT('',(5.22100357439839,-53.059949,13.));
#2723=CARTESIAN_POINT('',(1.25100440513664,-56.0480441761355,13.));
#2724=CARTESIAN_POINT('Origin',(4.24101010663701,-56.04995531225,13.));
#2725=CARTESIAN_POINT('',(1.21597321827318,-111.224233484576,13.));
#2726=CARTESIAN_POINT('',(1.25100440513664,-56.0480441761355,13.));
#2727=CARTESIAN_POINT('',(5.20668031551955,-115.215908968449,13.));
#2728=CARTESIAN_POINT('Origin',(5.205981865496,-111.2259000447,13.));
#2729=CARTESIAN_POINT('',(59.5416684756259,-115.206284970535,13.));
#2730=CARTESIAN_POINT('',(5.20668031551954,-115.215908968449,13.));
#2731=CARTESIAN_POINT('',(59.5505814041641,-115.21174724609,13.));
#2732=CARTESIAN_POINT('Origin',(59.54166427822,-115.216294679,13.));
#2733=CARTESIAN_POINT('',(68.0428102541569,-127.907276563735,13.));
#2734=CARTESIAN_POINT('',(59.5505814041641,-115.21174724609,13.));
#2735=CARTESIAN_POINT('',(71.3634904078037,-129.678861252069,13.));
#2736=CARTESIAN_POINT('Origin',(71.35924695422,-125.6888601552,13.));
#2737=CARTESIAN_POINT('',(89.0902078088122,-129.660000475643,13.));
#2738=CARTESIAN_POINT('',(71.3634904078037,-129.678861252069,13.));
#2739=CARTESIAN_POINT('',(89.0928737302494,-129.660335603689,13.));
#2740=CARTESIAN_POINT('Origin',(89.090305324833,-129.6699959205,13.));
#2741=CARTESIAN_POINT('',(106.736174494714,-134.35117399738,13.));
#2742=CARTESIAN_POINT('',(89.0928737302494,-129.660335603689,13.));
#2743=CARTESIAN_POINT('',(106.738728347248,-134.352254052037,13.));
#2744=CARTESIAN_POINT('Origin',(106.73362407487,-134.3607640089,13.));
#2745=CARTESIAN_POINT('',(121.846594514404,-143.414903213898,13.));
#2746=CARTESIAN_POINT('',(106.738728347248,-134.352254052037,13.));
#2747=CARTESIAN_POINT('',(127.30840888433,-142.001766453767,13.));
#2748=CARTESIAN_POINT('Origin',(123.87064313023,-139.9763060597,13.));
#2749=CARTESIAN_POINT('',(142.654844427312,-116.924630828128,13.));
#2750=CARTESIAN_POINT('',(127.30840888433,-142.001766453767,13.));
#2751=CARTESIAN_POINT('',(143.241549997129,-114.841302166264,13.));
#2752=CARTESIAN_POINT('Origin',(139.25152887616,-114.8419133688,13.));
#2753=CARTESIAN_POINT('',(143.238456015556,-95.0352089921313,13.));
#2754=CARTESIAN_POINT('',(143.241549997129,-114.841302166264,13.));
#2755=CARTESIAN_POINT('',(143.24142547756,-95.0280293650876,13.));
#2756=CARTESIAN_POINT('Origin',(143.2485672724,-95.03518707156,13.));
#2757=CARTESIAN_POINT('',(154.426507981572,-83.8636606064042,13.));
#2758=CARTESIAN_POINT('',(143.24142547756,-95.0280293650876,13.));
#2759=CARTESIAN_POINT('',(155.519680525363,-81.1226834356442,13.));
#2760=CARTESIAN_POINT('Origin',(151.52987652784,-81.11992779236,13.));
#2761=CARTESIAN_POINT('',(155.525916429232,-65.9544191634189,13.));
#2762=CARTESIAN_POINT('',(155.519680525363,-81.1226834356442,13.));
#2763=CARTESIAN_POINT('',(153.535916597402,-65.9536010442572,13.));
#2764=CARTESIAN_POINT('',(116.955634789775,-65.9385623347013,13.));
#2765=CARTESIAN_POINT('',(153.529680999999,-81.121309,13.));
#2766=CARTESIAN_POINT('',(153.529680999999,-81.121309,13.));
#2767=CARTESIAN_POINT('',(152.997555,-82.478287,13.));
#2768=CARTESIAN_POINT('Origin',(151.52987652784,-81.11992779236,13.));
#2769=CARTESIAN_POINT('',(141.835553999995,-93.619616999995,13.));
#2770=CARTESIAN_POINT('',(141.835553999995,-93.619616999995,13.));
#2771=CARTESIAN_POINT('',(141.248455999998,-95.035004,13.));
#2772=CARTESIAN_POINT('Origin',(143.2485672724,-95.03518707156,13.));
#2773=CARTESIAN_POINT('',(141.251549999999,-114.841607,13.));
#2774=CARTESIAN_POINT('',(141.251549999999,-114.841607,13.));
#2775=CARTESIAN_POINT('',(140.957462,-115.885885,13.));
#2776=CARTESIAN_POINT('Origin',(139.25152887616,-114.8419133688,13.));
#2777=CARTESIAN_POINT('',(125.600839999985,-140.979665999991,13.));
#2778=CARTESIAN_POINT('',(125.600839999985,-140.979665999991,13.));
#2779=CARTESIAN_POINT('',(122.861972,-141.703412,13.));
#2780=CARTESIAN_POINT('Origin',(123.87064313023,-139.9763060597,13.));
#2781=CARTESIAN_POINT('',(107.76241300002,-132.645745999967,13.));
#2782=CARTESIAN_POINT('',(107.76241300002,-132.645745999967,13.));
#2783=CARTESIAN_POINT('',(107.247483000011,-132.427982999958,13.));
#2784=CARTESIAN_POINT('Origin',(106.73362407487,-134.3607640089,13.));
#2785=CARTESIAN_POINT('',(89.6041950000139,-127.737147999948,13.));
#2786=CARTESIAN_POINT('',(89.6041950000139,-127.737147999948,13.));
#2787=CARTESIAN_POINT('',(89.090306,-127.669999999944,13.));
#2788=CARTESIAN_POINT('Origin',(89.090305324833,-129.6699959205,13.));
#2789=CARTESIAN_POINT('',(71.3613739999999,-127.688861999903,13.));
#2790=CARTESIAN_POINT('',(71.3613739999999,-127.688861999903,13.));
#2791=CARTESIAN_POINT('',(69.696872,-126.80085,13.));
#2792=CARTESIAN_POINT('Origin',(71.35924695422,-125.6888601552,13.));
#2793=CARTESIAN_POINT('',(61.2132630000096,-114.118206999994,13.));
#2794=CARTESIAN_POINT('',(61.2132630000096,-114.118206999994,13.));
#2795=CARTESIAN_POINT('',(59.541316,-113.216284999979,13.));
#2796=CARTESIAN_POINT('Origin',(59.54166427822,-115.216294679,13.));
#2797=CARTESIAN_POINT('',(5.20632599999999,-113.225908999974,13.));
#2798=CARTESIAN_POINT('',(5.20632599999999,-113.225908999974,13.));
#2799=CARTESIAN_POINT('',(3.20597299999999,-111.225209,13.));
#2800=CARTESIAN_POINT('Origin',(5.205981865496,-111.2259000447,13.));
#2801=CARTESIAN_POINT('',(3.24100400000042,-56.049314,13.));
#2802=CARTESIAN_POINT('',(3.24100400000042,-56.049314,13.));
#2803=CARTESIAN_POINT('',(4.24100299999999,-55.049949,13.));
#2804=CARTESIAN_POINT('Origin',(4.24101010663701,-56.04995531225,13.));
#2805=CARTESIAN_POINT('',(5.221029,-55.049949,13.));
#2806=CARTESIAN_POINT('',(5.221029,-55.049949,13.));
#2807=CARTESIAN_POINT('',(41.341646,-55.0490259999989,13.));
#2808=CARTESIAN_POINT('',(41.341646,-55.0490259999989,13.));
#2809=CARTESIAN_POINT('',(41.8416329999996,-54.549026,13.));
#2810=CARTESIAN_POINT('Origin',(41.341583859534,-54.54897686098,13.));
#2811=CARTESIAN_POINT('',(41.8416329999999,-50.800013,13.));
#2812=CARTESIAN_POINT('',(41.8416329999999,-50.800013,13.));
#2813=CARTESIAN_POINT('',(42.341633,-50.300013,13.));
#2814=CARTESIAN_POINT('Origin',(42.341607021446,-50.79998702144,13.));
#2815=CARTESIAN_POINT('',(60.341633,-50.3000129999932,13.));
#2816=CARTESIAN_POINT('',(60.341633,-50.3000129999932,13.));
#2817=CARTESIAN_POINT('',(60.8416330000002,-49.800013,13.));
#2818=CARTESIAN_POINT('Origin',(60.341606058107,-49.7999860581,13.));
#2819=CARTESIAN_POINT('',(60.8416329999999,-48.548013,13.));
#2820=CARTESIAN_POINT('',(60.8416329999999,-48.548013,13.));
#2821=CARTESIAN_POINT('',(61.341633,-48.048013,13.));
#2822=CARTESIAN_POINT('Origin',(61.341607021446,-48.54798702144,13.));
#2823=CARTESIAN_POINT('',(79.8916380000001,-48.0499999999968,13.));
#2824=CARTESIAN_POINT('',(79.8916380000001,-48.0499999999968,13.));
#2825=CARTESIAN_POINT('',(80.325751,-48.494,13.));
#2826=CARTESIAN_POINT('Origin',(79.881637264854,-48.49400112054,13.));
#2827=CARTESIAN_POINT('',(80.3257510000002,-49.746,13.));
#2828=CARTESIAN_POINT('',(80.3257510000002,-49.746,13.));
#2829=CARTESIAN_POINT('',(80.825751,-50.2459999999938,13.));
#2830=CARTESIAN_POINT('Origin',(80.825728435284,-49.74602256471,13.));
#2831=CARTESIAN_POINT('',(98.768935,-50.246,13.));
#2832=CARTESIAN_POINT('',(98.768935,-50.246,13.));
#2833=CARTESIAN_POINT('',(98.882476,-50.249225,13.));
#2834=CARTESIAN_POINT('',(98.882476,-50.249225,13.));
#2835=CARTESIAN_POINT('',(130.494335,-52.046742,13.));
#2836=CARTESIAN_POINT('',(130.494335,-52.046742,13.));
#2837=CARTESIAN_POINT('',(130.609032,-52.049967,13.));
#2838=CARTESIAN_POINT('Origin',(155.527175052544,-62.8929333831989,13.));
#2839=CARTESIAN_POINT('',(153.52717522156,-62.8921111528857,3.));
#2840=CARTESIAN_POINT('',(153.537175246146,-62.8921152640477,3.));
#2841=CARTESIAN_POINT('',(116.956893415695,-62.8770765544824,3.));
#2842=CARTESIAN_POINT('',(153.52717522156,-62.8921111528857,-4.44089209850063E-15));
#2843=CARTESIAN_POINT('',(153.52717522156,-62.8921111528857,0.));
#2844=CARTESIAN_POINT('',(153.537175220715,-62.8921152640372,0.));
#2845=CARTESIAN_POINT('',(116.956893413088,-62.8770765544813,0.));
#2846=CARTESIAN_POINT('',(153.537175220715,-62.8921152640372,9.75));
#2847=CARTESIAN_POINT('Origin',(153.525247845799,-67.5802759329586,6.5));
#2848=CARTESIAN_POINT('',(153.525916598247,-65.9535969331056,3.));
#2849=CARTESIAN_POINT('',(153.519602655768,-81.311682968038,3.));
#2850=CARTESIAN_POINT('',(153.525916598247,-65.9535969331056,-4.44089209850063E-15));
#2851=CARTESIAN_POINT('',(153.525916598247,-65.9535969331056,13.));
#2852=CARTESIAN_POINT('',(153.519602655768,-81.3116829681052,0.));
#2853=CARTESIAN_POINT('Origin',(153.538365796888,-59.9961479079975,6.5));
#2854=CARTESIAN_POINT('',(153.540814996375,-54.0386947717379,0.));
#2855=CARTESIAN_POINT('',(153.53116163089,-77.5196210112004,-5.55111512312578E-16));
#2856=CARTESIAN_POINT('',(153.540815,-54.038686,3.));
#2857=CARTESIAN_POINT('',(153.540814996375,-54.0386947717378,13.));
#2858=CARTESIAN_POINT('',(153.532386291348,-74.5408899493048,3.));
#2859=CARTESIAN_POINT('Origin',(78.3733940178085,-95.0121985761298,0.));
#2860=CARTESIAN_POINT('',(155.525916429232,-65.9544191634189,0.));
#2861=CARTESIAN_POINT('',(116.955634789775,-65.9385623347013,0.));
#2862=CARTESIAN_POINT('',(155.519680525363,-81.1226834356442,0.));
#2863=CARTESIAN_POINT('',(155.519680525363,-81.1226834356442,0.));
#2864=CARTESIAN_POINT('',(154.426507981572,-83.8636606064042,0.));
#2865=CARTESIAN_POINT('Origin',(151.52987652784,-81.11992779236,0.));
#2866=CARTESIAN_POINT('',(143.24142547756,-95.0280293650876,0.));
#2867=CARTESIAN_POINT('',(143.24142547756,-95.0280293650876,0.));
#2868=CARTESIAN_POINT('',(143.238456015556,-95.0352089921313,0.));
#2869=CARTESIAN_POINT('Origin',(143.2485672724,-95.03518707156,0.));
#2870=CARTESIAN_POINT('',(143.241549997129,-114.841302166264,0.));
#2871=CARTESIAN_POINT('',(143.241549997129,-114.841302166264,0.));
#2872=CARTESIAN_POINT('',(142.654844427312,-116.924630828128,0.));
#2873=CARTESIAN_POINT('Origin',(139.25152887616,-114.8419133688,0.));
#2874=CARTESIAN_POINT('',(127.30840888433,-142.001766453767,0.));
#2875=CARTESIAN_POINT('',(127.30840888433,-142.001766453767,0.));
#2876=CARTESIAN_POINT('',(121.846594514404,-143.414903213898,0.));
#2877=CARTESIAN_POINT('Origin',(123.87064313023,-139.9763060597,0.));
#2878=CARTESIAN_POINT('',(106.738728347248,-134.352254052037,0.));
#2879=CARTESIAN_POINT('',(106.738728347248,-134.352254052037,0.));
#2880=CARTESIAN_POINT('',(106.736174494714,-134.35117399738,0.));
#2881=CARTESIAN_POINT('Origin',(106.73362407487,-134.3607640089,0.));
#2882=CARTESIAN_POINT('',(89.0928737302494,-129.660335603689,0.));
#2883=CARTESIAN_POINT('',(89.0928737302494,-129.660335603689,0.));
#2884=CARTESIAN_POINT('',(89.0902078088122,-129.660000475643,0.));
#2885=CARTESIAN_POINT('Origin',(89.090305324833,-129.6699959205,0.));
#2886=CARTESIAN_POINT('',(71.3634904078037,-129.678861252069,0.));
#2887=CARTESIAN_POINT('',(71.3634904078037,-129.678861252069,0.));
#2888=CARTESIAN_POINT('',(68.0428102541569,-127.907276563735,0.));
#2889=CARTESIAN_POINT('Origin',(71.35924695422,-125.6888601552,0.));
#2890=CARTESIAN_POINT('',(59.5505814041641,-115.21174724609,0.));
#2891=CARTESIAN_POINT('',(59.5505814041641,-115.21174724609,0.));
#2892=CARTESIAN_POINT('',(59.5416684756259,-115.206284970535,0.));
#2893=CARTESIAN_POINT('Origin',(59.54166427822,-115.216294679,0.));
#2894=CARTESIAN_POINT('',(5.20668031551954,-115.215908968449,0.));
#2895=CARTESIAN_POINT('',(5.20668031551954,-115.215908968449,0.));
#2896=CARTESIAN_POINT('',(1.21597321827318,-111.224233484576,0.));
#2897=CARTESIAN_POINT('Origin',(5.205981865496,-111.2259000447,0.));
#2898=CARTESIAN_POINT('',(1.25100440513664,-56.0480441761355,0.));
#2899=CARTESIAN_POINT('',(1.25100440513664,-56.0480441761355,0.));
#2900=CARTESIAN_POINT('',(4.24100301132416,-53.0599489999832,0.));
#2901=CARTESIAN_POINT('Origin',(4.24101010663701,-56.04995531225,0.));
#2902=CARTESIAN_POINT('',(5.22100357439839,-53.059949,0.));
#2903=CARTESIAN_POINT('',(5.22100357439839,-53.059949,0.));
#2904=CARTESIAN_POINT('',(39.8516329997286,-53.0590640740588,0.));
#2905=CARTESIAN_POINT('',(39.8516329997286,-53.0590640740588,0.));
#2906=CARTESIAN_POINT('',(39.8516330002713,-50.8000647000206,0.));
#2907=CARTESIAN_POINT('',(39.8516330002713,-50.8000647000206,0.));
#2908=CARTESIAN_POINT('',(42.3416847000082,-48.310013,0.));
#2909=CARTESIAN_POINT('Origin',(42.341607021446,-50.79998702144,0.));
#2910=CARTESIAN_POINT('',(58.8630310198023,-48.3100129999937,0.));
#2911=CARTESIAN_POINT('',(58.8630310198023,-48.3100129999937,0.));
#2912=CARTESIAN_POINT('',(61.3418382064567,-46.0580130103109,0.));
#2913=CARTESIAN_POINT('Origin',(61.341607021446,-48.54798702144,0.));
#2914=CARTESIAN_POINT('',(79.9052007410446,-46.0600014416187,0.));
#2915=CARTESIAN_POINT('',(79.9052007410446,-46.0600014416187,0.));
#2916=CARTESIAN_POINT('',(82.3040875001024,-48.256,0.));
#2917=CARTESIAN_POINT('Origin',(79.881637264854,-48.49400112054,0.));
#2918=CARTESIAN_POINT('',(98.7971911202464,-48.2559999999996,0.));
#2919=CARTESIAN_POINT('',(98.7971911202464,-48.2559999999996,0.));
#2920=CARTESIAN_POINT('',(98.9672300711401,-48.2608297585848,0.));
#2921=CARTESIAN_POINT('',(98.9672300711401,-48.2608297585848,0.));
#2922=CARTESIAN_POINT('',(130.578804859659,-50.0583305976916,0.));
#2923=CARTESIAN_POINT('',(130.578804859659,-50.0583305976916,0.));
#2924=CARTESIAN_POINT('',(130.636428237128,-50.0599508265098,0.));
#2925=CARTESIAN_POINT('',(130.636428237128,-50.0599508265098,0.));
#2926=CARTESIAN_POINT('',(151.538516448403,-50.0478653279822,0.));
#2927=CARTESIAN_POINT('',(151.538516448403,-50.0478653279822,0.));
#2928=CARTESIAN_POINT('',(155.530814828204,-54.0395128908995,0.));
#2929=CARTESIAN_POINT('Origin',(151.54080729758,-54.03787253819,0.));
#2930=CARTESIAN_POINT('',(116.960533188748,-54.023656062182,-1.11022302462516E-15));
#2931=CARTESIAN_POINT('',(22.101638,-93.46,0.));
#2932=CARTESIAN_POINT('Origin',(23.001638,-93.46,0.));
#2933=CARTESIAN_POINT('Origin',(155.525916429232,-65.9544191634189,0.));
#2934=CARTESIAN_POINT('',(155.525916429232,-65.9544191634189,0.));
#2935=CARTESIAN_POINT('',(153.535916597402,-65.9536010442572,3.));
#2936=CARTESIAN_POINT('',(116.955634792382,-65.9385623347023,3.));
#2937=CARTESIAN_POINT('',(153.535916631621,-65.9536010442712,0.));
#2938=CARTESIAN_POINT('Origin',(155.530814828204,-54.0395128908995,13.));
#2939=CARTESIAN_POINT('',(155.530814828204,-54.0395128908995,13.));
#2940=CARTESIAN_POINT('',(155.530814828204,-54.0395128908995,0.));
#2941=CARTESIAN_POINT('',(153.540815,-54.038686,13.));
#2942=CARTESIAN_POINT('',(116.960533188748,-54.023656062182,13.));
#2943=CARTESIAN_POINT('',(153.540815,-54.038686,0.));
#2944=CARTESIAN_POINT('Origin',(155.519680525363,-81.1226834356442,0.));
#2945=CARTESIAN_POINT('',(155.519680525363,-81.1226834356442,0.));
#2946=CARTESIAN_POINT('Origin',(78.3733940178085,-95.0121985761298,13.));
#2947=CARTESIAN_POINT('Origin',(151.54080729758,-54.03787253819,13.));
#2948=CARTESIAN_POINT('Origin',(151.54080729758,-54.03787253819,13.));
#2949=CARTESIAN_POINT('Origin',(153.540815,-54.038686,0.));
#2950=CARTESIAN_POINT('',(153.529680999999,-81.121309,3.));
#2951=CARTESIAN_POINT('',(153.532386291348,-74.5408899493048,3.));
#2952=CARTESIAN_POINT('',(153.529680999999,-81.121309,0.));
#2953=CARTESIAN_POINT('Origin',(79.2324478197794,-69.549929513608,0.));
#2954=CARTESIAN_POINT('',(78.4209478197794,-69.549929513608,3.));
#2955=CARTESIAN_POINT('Origin',(79.2324478197794,-69.549929513608,3.));
#2956=CARTESIAN_POINT('',(78.4209478197794,-69.549929513608,7.));
#2957=CARTESIAN_POINT('',(78.4209478197794,-69.549929513608,0.));
#2958=CARTESIAN_POINT('Origin',(79.2324478197794,-69.549929513608,7.));
#2959=CARTESIAN_POINT('Origin',(79.2324478197794,-69.549929513608,0.));
#2960=CARTESIAN_POINT('',(77.2324478197794,-69.549929513608,7.));
#2961=CARTESIAN_POINT('Origin',(79.2324478197794,-69.549929513608,7.));
#2962=CARTESIAN_POINT('',(77.2324478197794,-69.549929513608,3.));
#2963=CARTESIAN_POINT('',(77.2324478197794,-69.549929513608,0.));
#2964=CARTESIAN_POINT('Origin',(79.2324478197794,-69.549929513608,3.));
#2965=CARTESIAN_POINT('Origin',(79.2324478197794,-69.549929513608,7.));
#2966=CARTESIAN_POINT('Origin',(78.3733940230221,-95.0121985759976,3.));
#2967=CARTESIAN_POINT('Origin',(151.54080729758,-54.03787253819,3.));
#2968=CARTESIAN_POINT('',(130.494335,-52.046742,3.));
#2969=CARTESIAN_POINT('',(105.05801633901,-51.3315347349299,3.));
#2970=CARTESIAN_POINT('',(98.882476,-50.249225,3.));
#2971=CARTESIAN_POINT('',(89.9295410928678,-49.7401422315534,3.));
#2972=CARTESIAN_POINT('',(98.768935,-50.246,3.));
#2973=CARTESIAN_POINT('',(89.2146385994945,-49.9746213271712,3.));
#2974=CARTESIAN_POINT('',(80.825751,-50.2459999999938,3.));
#2975=CARTESIAN_POINT('',(79.5995725115111,-50.246,3.));
#2976=CARTESIAN_POINT('',(80.3257510000002,-49.746,3.));
#2977=CARTESIAN_POINT('Origin',(80.825728435284,-49.74602256471,3.));
#2978=CARTESIAN_POINT('',(80.325751,-48.494,3.));
#2979=CARTESIAN_POINT('',(80.3257510000036,-71.7530992879987,3.));
#2980=CARTESIAN_POINT('',(79.8916380000001,-48.0499999999968,3.));
#2981=CARTESIAN_POINT('Origin',(79.881637264854,-48.49400112054,3.));
#2982=CARTESIAN_POINT('',(61.341633,-48.048013,3.));
#2983=CARTESIAN_POINT('',(69.860028718663,-48.0489254554018,3.));
#2984=CARTESIAN_POINT('',(60.8416329999999,-48.548013,3.));
#2985=CARTESIAN_POINT('Origin',(61.341607021446,-48.54798702144,3.));
#2986=CARTESIAN_POINT('',(60.8416330000002,-49.800013,3.));
#2987=CARTESIAN_POINT('',(60.8416330000013,-72.4061057879993,3.));
#2988=CARTESIAN_POINT('',(60.341633,-50.3000129999932,3.));
#2989=CARTESIAN_POINT('Origin',(60.341606058107,-49.7999860581,3.));
#2990=CARTESIAN_POINT('',(42.341633,-50.300013,3.));
#2991=CARTESIAN_POINT('',(60.3575135115026,-50.3000129999932,3.));
#2992=CARTESIAN_POINT('',(41.8416329999999,-50.800013,3.));
#2993=CARTESIAN_POINT('Origin',(42.341607021446,-50.79998702144,3.));
#2994=CARTESIAN_POINT('',(41.8416329999996,-54.549026,3.));
#2995=CARTESIAN_POINT('',(41.8416330000005,-74.7806122879992,3.));
#2996=CARTESIAN_POINT('',(41.341646,-55.0490259999989,3.));
#2997=CARTESIAN_POINT('Origin',(41.341583859534,-54.54897686098,3.));
#2998=CARTESIAN_POINT('',(5.221029,-55.049949,3.));
#2999=CARTESIAN_POINT('',(41.796700904484,-55.0490143718566,3.));
#3000=CARTESIAN_POINT('',(4.241003,-55.049949,3.));
#3001=CARTESIAN_POINT('',(41.3071985115111,-55.049949,3.));
#3002=CARTESIAN_POINT('',(3.24100400000042,-56.049314,3.));
#3003=CARTESIAN_POINT('Origin',(4.24101010663701,-56.04995531225,3.));
#3004=CARTESIAN_POINT('',(3.205973,-111.225209,3.));
#3005=CARTESIAN_POINT('',(3.21113494202607,-103.0948452872,3.));
#3006=CARTESIAN_POINT('',(5.20632599999999,-113.225908999974,3.));
#3007=CARTESIAN_POINT('Origin',(5.205981865496,-111.2259000447,3.));
#3008=CARTESIAN_POINT('',(59.541316,-113.216284999979,3.));
#3009=CARTESIAN_POINT('',(68.958966901197,-113.214616913339,3.));
#3010=CARTESIAN_POINT('',(61.2132630000096,-114.118206999994,3.));
#3011=CARTESIAN_POINT('Origin',(59.54166427822,-115.216294679,3.));
#3012=CARTESIAN_POINT('',(69.696872,-126.80085,3.));
#3013=CARTESIAN_POINT('',(63.6926397508925,-117.82477223585,3.));
#3014=CARTESIAN_POINT('',(71.3613739999999,-127.688861999903,3.));
#3015=CARTESIAN_POINT('Origin',(71.35924695422,-125.6888601552,3.));
#3016=CARTESIAN_POINT('',(89.090306,-127.669999999944,3.));
#3017=CARTESIAN_POINT('',(83.7492285487875,-127.675682429284,3.));
#3018=CARTESIAN_POINT('',(89.6041950000139,-127.737147999948,3.));
#3019=CARTESIAN_POINT('Origin',(89.090305324833,-129.6699959205,3.));
#3020=CARTESIAN_POINT('',(107.247483000011,-132.427982999958,3.));
#3021=CARTESIAN_POINT('',(89.1180748811802,-127.607902857679,3.));
#3022=CARTESIAN_POINT('',(107.76241300002,-132.645745999967,3.));
#3023=CARTESIAN_POINT('Origin',(106.73362407487,-134.3607640089,3.));
#3024=CARTESIAN_POINT('',(122.861972,-141.703412,3.));
#3025=CARTESIAN_POINT('',(96.2054742571232,-125.713166636813,3.));
#3026=CARTESIAN_POINT('',(125.600839999985,-140.979665999991,3.));
#3027=CARTESIAN_POINT('Origin',(123.87064313023,-139.9763060597,3.));
#3028=CARTESIAN_POINT('',(140.957462,-115.885885,3.));
#3029=CARTESIAN_POINT('',(137.078223200104,-122.224829130497,3.));
#3030=CARTESIAN_POINT('',(141.251549999999,-114.841607,3.));
#3031=CARTESIAN_POINT('Origin',(139.25152887616,-114.8419133688,3.));
#3032=CARTESIAN_POINT('',(141.248455999998,-95.035004,3.));
#3033=CARTESIAN_POINT('',(141.248453451646,-95.0186904149452,3.));
#3034=CARTESIAN_POINT('',(141.835553999995,-93.619616999995,3.));
#3035=CARTESIAN_POINT('Origin',(143.2485672724,-95.03518707156,3.));
#3036=CARTESIAN_POINT('',(152.997555,-82.478287,3.));
#3037=CARTESIAN_POINT('',(131.173460982012,-104.261964801607,3.));
#3038=CARTESIAN_POINT('Origin',(151.52987652784,-81.11992779236,3.));
#3039=CARTESIAN_POINT('',(62.2318917736005,-110.90000016112,3.));
#3040=CARTESIAN_POINT('Origin',(64.2318917736005,-110.90000016112,3.));
#3041=CARTESIAN_POINT('',(21.001638,-93.46,3.));
#3042=CARTESIAN_POINT('Origin',(23.001638,-93.46,3.));
#3043=CARTESIAN_POINT('',(20.9515586378723,-74.405,3.));
#3044=CARTESIAN_POINT('Origin',(22.9515586378723,-74.405,3.));
#3045=CARTESIAN_POINT('Origin',(64.2318917736005,-110.90000016112,0.));
#3046=CARTESIAN_POINT('',(63.4203917736005,-110.90000016112,3.));
#3047=CARTESIAN_POINT('Origin',(64.2318917736005,-110.90000016112,3.));
#3048=CARTESIAN_POINT('',(63.4203917736005,-110.90000016112,7.));
#3049=CARTESIAN_POINT('',(63.4203917736005,-110.90000016112,0.));
#3050=CARTESIAN_POINT('Origin',(64.2318917736005,-110.90000016112,7.));
#3051=CARTESIAN_POINT('Origin',(64.2318917736005,-110.90000016112,0.));
#3052=CARTESIAN_POINT('',(62.2318917736005,-110.90000016112,7.));
#3053=CARTESIAN_POINT('Origin',(64.2318917736005,-110.90000016112,7.));
#3054=CARTESIAN_POINT('',(62.2318917736005,-110.90000016112,0.));
#3055=CARTESIAN_POINT('Origin',(64.2318917736005,-110.90000016112,7.));
#3056=CARTESIAN_POINT('Origin',(78.3733940230221,-95.0121985759976,3.));
#3057=CARTESIAN_POINT('Origin',(22.9515586378723,-74.405,0.));
#3058=CARTESIAN_POINT('',(22.1400586378723,-74.405,3.));
#3059=CARTESIAN_POINT('Origin',(22.9515586378723,-74.405,3.));
#3060=CARTESIAN_POINT('',(22.1400586378723,-74.405,7.));
#3061=CARTESIAN_POINT('',(22.1400586378723,-74.405,0.));
#3062=CARTESIAN_POINT('Origin',(22.9515586378723,-74.405,7.));
#3063=CARTESIAN_POINT('Origin',(22.9515586378723,-74.405,0.));
#3064=CARTESIAN_POINT('',(20.9515586378723,-74.405,7.));
#3065=CARTESIAN_POINT('Origin',(22.9515586378723,-74.405,7.));
#3066=CARTESIAN_POINT('',(20.9515586378723,-74.405,0.));
#3067=CARTESIAN_POINT('Origin',(22.9515586378723,-74.405,7.));
#3068=CARTESIAN_POINT('Origin',(78.3733940230221,-95.0121985759976,3.));
#3069=CARTESIAN_POINT('Origin',(23.001638,-93.46,0.));
#3070=CARTESIAN_POINT('',(22.190138,-93.46,3.));
#3071=CARTESIAN_POINT('Origin',(23.001638,-93.46,3.));
#3072=CARTESIAN_POINT('',(22.190138,-93.46,7.));
#3073=CARTESIAN_POINT('',(22.190138,-93.46,0.));
#3074=CARTESIAN_POINT('Origin',(23.001638,-93.46,7.));
#3075=CARTESIAN_POINT('Origin',(23.001638,-93.46,0.));
#3076=CARTESIAN_POINT('',(21.001638,-93.46,7.));
#3077=CARTESIAN_POINT('Origin',(23.001638,-93.46,7.));
#3078=CARTESIAN_POINT('',(21.001638,-93.46,0.));
#3079=CARTESIAN_POINT('Origin',(23.001638,-93.46,7.));
#3080=CARTESIAN_POINT('Origin',(78.3733940230221,-95.0121985759976,3.));
#3081=CARTESIAN_POINT('Origin',(23.001638,-93.46,0.));
#3082=CARTESIAN_POINT('',(22.101638,-93.46,3.));
#3083=CARTESIAN_POINT('Origin',(23.001638,-93.46,3.));
#3084=CARTESIAN_POINT('',(22.101638,-93.46,0.));
#3085=CARTESIAN_POINT('Origin',(78.3733940230221,-95.0121985759976,3.));
#3086=CARTESIAN_POINT('Origin',(5.221029,-55.049949,0.));
#3087=CARTESIAN_POINT('',(41.341646,-55.0490259999989,0.));
#3088=CARTESIAN_POINT('',(5.221029,-55.049949,0.));
#3089=CARTESIAN_POINT('Origin',(41.341583859534,-54.54897686098,0.));
#3090=CARTESIAN_POINT('',(41.8416329999996,-54.549026,0.));
#3091=CARTESIAN_POINT('Origin',(41.841633,-54.549026,0.));
#3092=CARTESIAN_POINT('',(41.8416329999999,-50.800013,0.));
#3093=CARTESIAN_POINT('Origin',(42.341607021446,-50.79998702144,0.));
#3094=CARTESIAN_POINT('',(42.341633,-50.300013,0.));
#3095=CARTESIAN_POINT('Origin',(42.341633,-50.300013,0.));
#3096=CARTESIAN_POINT('',(60.341633,-50.3000129999932,0.));
#3097=CARTESIAN_POINT('Origin',(60.341606058107,-49.7999860581,0.));
#3098=CARTESIAN_POINT('',(60.8416330000002,-49.800013,0.));
#3099=CARTESIAN_POINT('Origin',(60.841633,-49.800013,0.));
#3100=CARTESIAN_POINT('',(60.8416329999999,-48.548013,0.));
#3101=CARTESIAN_POINT('Origin',(61.341607021446,-48.54798702144,0.));
#3102=CARTESIAN_POINT('',(61.341633,-48.048013,0.));
#3103=CARTESIAN_POINT('Origin',(61.341633,-48.048013,0.));
#3104=CARTESIAN_POINT('',(79.8916380000001,-48.0499999999968,0.));
#3105=CARTESIAN_POINT('Origin',(79.881637264854,-48.49400112054,0.));
#3106=CARTESIAN_POINT('',(80.325751,-48.494,0.));
#3107=CARTESIAN_POINT('Origin',(80.325751,-48.494,0.));
#3108=CARTESIAN_POINT('',(80.3257510000002,-49.746,0.));
#3109=CARTESIAN_POINT('Origin',(80.825728435284,-49.74602256471,0.));
#3110=CARTESIAN_POINT('',(80.825751,-50.2459999999938,0.));
#3111=CARTESIAN_POINT('Origin',(80.825751,-50.246,0.));
#3112=CARTESIAN_POINT('',(98.768935,-50.246,0.));
#3113=CARTESIAN_POINT('Origin',(98.768935,-50.246,0.));
#3114=CARTESIAN_POINT('',(98.882476,-50.249225,0.));
#3115=CARTESIAN_POINT('Origin',(98.882476,-50.249225,0.));
#3116=CARTESIAN_POINT('',(130.494335,-52.046742,0.));
#3117=CARTESIAN_POINT('Origin',(130.494335,-52.046742,0.));
#3118=CARTESIAN_POINT('Origin',(151.54080729758,-54.03787253819,0.));
#3119=CARTESIAN_POINT('Origin',(151.52987652784,-81.11992779236,0.));
#3120=CARTESIAN_POINT('',(152.997555,-82.478287,0.));
#3121=CARTESIAN_POINT('Origin',(4.241003,-55.049949,0.));
#3122=CARTESIAN_POINT('',(4.241003,-55.049949,0.));
#3123=CARTESIAN_POINT('Origin',(4.24101010663701,-56.04995531225,0.));
#3124=CARTESIAN_POINT('',(3.24100400000042,-56.049314,0.));
#3125=CARTESIAN_POINT('Origin',(3.205973,-111.225209,0.));
#3126=CARTESIAN_POINT('',(3.205973,-111.225209,0.));
#3127=CARTESIAN_POINT('Origin',(5.205981865496,-111.2259000447,0.));
#3128=CARTESIAN_POINT('',(5.20632599999999,-113.225908999974,0.));
#3129=CARTESIAN_POINT('Origin',(59.541316,-113.216285,0.));
#3130=CARTESIAN_POINT('',(59.541316,-113.216284999979,0.));
#3131=CARTESIAN_POINT('Origin',(59.54166427822,-115.216294679,0.));
#3132=CARTESIAN_POINT('',(61.2132630000096,-114.118206999994,0.));
#3133=CARTESIAN_POINT('Origin',(69.696872,-126.80085,0.));
#3134=CARTESIAN_POINT('',(69.696872,-126.80085,0.));
#3135=CARTESIAN_POINT('Origin',(71.35924695422,-125.6888601552,0.));
#3136=CARTESIAN_POINT('',(71.3613739999999,-127.688861999903,0.));
#3137=CARTESIAN_POINT('Origin',(89.090306,-127.67,0.));
#3138=CARTESIAN_POINT('',(89.090306,-127.669999999944,0.));
#3139=CARTESIAN_POINT('Origin',(89.090305324833,-129.6699959205,0.));
#3140=CARTESIAN_POINT('',(89.6041950000139,-127.737147999948,0.));
#3141=CARTESIAN_POINT('Origin',(107.247483,-132.427983,0.));
#3142=CARTESIAN_POINT('',(107.247483000011,-132.427982999958,0.));
#3143=CARTESIAN_POINT('Origin',(106.73362407487,-134.3607640089,0.));
#3144=CARTESIAN_POINT('',(107.76241300002,-132.645745999967,0.));
#3145=CARTESIAN_POINT('Origin',(122.861972,-141.703412,0.));
#3146=CARTESIAN_POINT('',(122.861972,-141.703412,0.));
#3147=CARTESIAN_POINT('Origin',(123.87064313023,-139.9763060597,0.));
#3148=CARTESIAN_POINT('',(125.600839999985,-140.979665999991,0.));
#3149=CARTESIAN_POINT('Origin',(140.957462,-115.885885,0.));
#3150=CARTESIAN_POINT('',(140.957462,-115.885885,0.));
#3151=CARTESIAN_POINT('Origin',(139.25152887616,-114.8419133688,0.));
#3152=CARTESIAN_POINT('',(141.251549999999,-114.841607,0.));
#3153=CARTESIAN_POINT('Origin',(141.248456,-95.035004,0.));
#3154=CARTESIAN_POINT('',(141.248455999998,-95.035004,0.));
#3155=CARTESIAN_POINT('Origin',(143.2485672724,-95.03518707156,0.));
#3156=CARTESIAN_POINT('',(141.835553999995,-93.619616999995,0.));
#3157=CARTESIAN_POINT('Origin',(152.997555,-82.478287,0.));
#3158=CARTESIAN_POINT('Origin',(143.2485672724,-95.03518707156,0.));
#3159=CARTESIAN_POINT('',(143.24142547756,-95.0280293650876,0.));
#3160=CARTESIAN_POINT('',(143.238456015556,-95.0352089921313,0.));
#3161=CARTESIAN_POINT('Origin',(143.241549997129,-114.841302166264,0.));
#3162=CARTESIAN_POINT('',(143.241549997129,-114.841302166264,0.));
#3163=CARTESIAN_POINT('Origin',(139.25152887616,-114.8419133688,0.));
#3164=CARTESIAN_POINT('',(142.654844427312,-116.924630828128,0.));
#3165=CARTESIAN_POINT('Origin',(127.30840888433,-142.001766453767,0.));
#3166=CARTESIAN_POINT('',(127.30840888433,-142.001766453767,0.));
#3167=CARTESIAN_POINT('Origin',(123.87064313023,-139.9763060597,0.));
#3168=CARTESIAN_POINT('',(121.846594514404,-143.414903213898,0.));
#3169=CARTESIAN_POINT('Origin',(106.738728347248,-134.352254052037,0.));
#3170=CARTESIAN_POINT('',(106.738728347248,-134.352254052037,0.));
#3171=CARTESIAN_POINT('Origin',(106.73362407487,-134.3607640089,0.));
#3172=CARTESIAN_POINT('',(106.736174494714,-134.35117399738,0.));
#3173=CARTESIAN_POINT('Origin',(89.0928737302494,-129.660335603689,0.));
#3174=CARTESIAN_POINT('',(89.0928737302494,-129.660335603689,0.));
#3175=CARTESIAN_POINT('Origin',(89.090305324833,-129.6699959205,0.));
#3176=CARTESIAN_POINT('',(89.0902078088122,-129.660000475643,0.));
#3177=CARTESIAN_POINT('Origin',(71.3634904078037,-129.678861252069,0.));
#3178=CARTESIAN_POINT('',(71.3634904078037,-129.678861252069,0.));
#3179=CARTESIAN_POINT('Origin',(71.35924695422,-125.6888601552,0.));
#3180=CARTESIAN_POINT('',(68.0428102541569,-127.907276563735,0.));
#3181=CARTESIAN_POINT('Origin',(59.5505814041641,-115.21174724609,0.));
#3182=CARTESIAN_POINT('',(59.5505814041641,-115.21174724609,0.));
#3183=CARTESIAN_POINT('Origin',(59.54166427822,-115.216294679,0.));
#3184=CARTESIAN_POINT('',(59.5416684756259,-115.206284970535,0.));
#3185=CARTESIAN_POINT('Origin',(5.20668031551954,-115.215908968449,0.));
#3186=CARTESIAN_POINT('',(5.20668031551954,-115.215908968449,0.));
#3187=CARTESIAN_POINT('Origin',(5.205981865496,-111.2259000447,0.));
#3188=CARTESIAN_POINT('',(1.21597321827318,-111.224233484576,0.));
#3189=CARTESIAN_POINT('Origin',(1.25100440513664,-56.0480441761355,0.));
#3190=CARTESIAN_POINT('',(1.25100440513664,-56.0480441761355,0.));
#3191=CARTESIAN_POINT('Origin',(4.24101010663701,-56.04995531225,0.));
#3192=CARTESIAN_POINT('',(4.24100301132416,-53.0599489999832,0.));
#3193=CARTESIAN_POINT('Origin',(5.22100357439839,-53.059949,0.));
#3194=CARTESIAN_POINT('',(5.22100357439839,-53.059949,0.));
#3195=CARTESIAN_POINT('Origin',(39.8516329997286,-53.0590640740588,0.));
#3196=CARTESIAN_POINT('',(39.8516329997286,-53.0590640740588,0.));
#3197=CARTESIAN_POINT('Origin',(39.8516330002713,-50.8000647000206,0.));
#3198=CARTESIAN_POINT('',(39.8516330002713,-50.8000647000206,0.));
#3199=CARTESIAN_POINT('Origin',(42.341607021446,-50.79998702144,0.));
#3200=CARTESIAN_POINT('',(42.3416847000082,-48.310013,0.));
#3201=CARTESIAN_POINT('Origin',(58.8630310198023,-48.3100129999937,0.));
#3202=CARTESIAN_POINT('',(58.8630310198023,-48.3100129999937,0.));
#3203=CARTESIAN_POINT('Origin',(61.341607021446,-48.54798702144,0.));
#3204=CARTESIAN_POINT('',(61.3418382064567,-46.0580130103109,0.));
#3205=CARTESIAN_POINT('Origin',(79.9052007410446,-46.0600014416187,0.));
#3206=CARTESIAN_POINT('',(79.9052007410446,-46.0600014416187,0.));
#3207=CARTESIAN_POINT('Origin',(79.881637264854,-48.49400112054,0.));
#3208=CARTESIAN_POINT('',(82.3040875001024,-48.256,0.));
#3209=CARTESIAN_POINT('Origin',(98.7971911202464,-48.2559999999996,0.));
#3210=CARTESIAN_POINT('',(98.7971911202464,-48.2559999999996,0.));
#3211=CARTESIAN_POINT('Origin',(98.9672300711401,-48.2608297585848,0.));
#3212=CARTESIAN_POINT('',(98.9672300711401,-48.2608297585848,0.));
#3213=CARTESIAN_POINT('Origin',(130.578804859659,-50.0583305976916,0.));
#3214=CARTESIAN_POINT('',(130.578804859659,-50.0583305976916,0.));
#3215=CARTESIAN_POINT('Origin',(130.636428237128,-50.0599508265098,0.));
#3216=CARTESIAN_POINT('',(130.636428237128,-50.0599508265098,0.));
#3217=CARTESIAN_POINT('Origin',(151.538516448403,-50.0478653279822,0.));
#3218=CARTESIAN_POINT('',(151.538516448403,-50.0478653279822,0.));
#3219=CARTESIAN_POINT('Origin',(151.54080729758,-54.03787253819,0.));
#3220=CARTESIAN_POINT('Origin',(151.52987652784,-81.11992779236,0.));
#3221=CARTESIAN_POINT('',(154.426507981572,-83.8636606064042,0.));
#3222=CARTESIAN_POINT('Origin',(143.24142547756,-95.0280293650876,0.));
#3223=CARTESIAN_POINT('',(0.,0.,0.));
#3224=UNCERTAINTY_MEASURE_WITH_UNIT(LENGTH_MEASURE(0.01),#3230,
'DISTANCE_ACCURACY_VALUE',
'Maximum model space distance between geometric entities at asserted c
onnectivities');
#3225=UNCERTAINTY_MEASURE_WITH_UNIT(LENGTH_MEASURE(0.01),#3230,
'DISTANCE_ACCURACY_VALUE',
'Maximum model space distance between geometric entities at asserted c
onnectivities');
#3226=UNCERTAINTY_MEASURE_WITH_UNIT(LENGTH_MEASURE(0.01),#3230,
'DISTANCE_ACCURACY_VALUE',
'Maximum model space distance between geometric entities at asserted c
onnectivities');
#3227=(
GEOMETRIC_REPRESENTATION_CONTEXT(3)
GLOBAL_UNCERTAINTY_ASSIGNED_CONTEXT((#3224))
GLOBAL_UNIT_ASSIGNED_CONTEXT((#3230,#3232,#3233))
REPRESENTATION_CONTEXT('','3D')
);
#3228=(
GEOMETRIC_REPRESENTATION_CONTEXT(3)
GLOBAL_UNCERTAINTY_ASSIGNED_CONTEXT((#3225))
GLOBAL_UNIT_ASSIGNED_CONTEXT((#3230,#3232,#3233))
REPRESENTATION_CONTEXT('','3D')
);
#3229=(
GEOMETRIC_REPRESENTATION_CONTEXT(3)
GLOBAL_UNCERTAINTY_ASSIGNED_CONTEXT((#3226))
GLOBAL_UNIT_ASSIGNED_CONTEXT((#3230,#3232,#3233))
REPRESENTATION_CONTEXT('','3D')
);
#3230=(
LENGTH_UNIT()
NAMED_UNIT(*)
SI_UNIT(.MILLI.,.METRE.)
);
#3231=(
LENGTH_UNIT()
NAMED_UNIT(*)
SI_UNIT($,.METRE.)
);
#3232=(
NAMED_UNIT(*)
PLANE_ANGLE_UNIT()
SI_UNIT($,.RADIAN.)
);
#3233=(
NAMED_UNIT(*)
SI_UNIT($,.STERADIAN.)
SOLID_ANGLE_UNIT()
);
#3234=SHAPE_DEFINITION_REPRESENTATION(#3236,#3239);
#3235=SHAPE_DEFINITION_REPRESENTATION(#3237,#3240);
#3236=PRODUCT_DEFINITION_SHAPE('',$,#3242);
#3237=PRODUCT_DEFINITION_SHAPE('',$,#3243);
#3238=PRODUCT_DEFINITION_SHAPE($,$,#16);
#3239=SHAPE_REPRESENTATION('',(#1920,#2104),#3227);
#3240=SHAPE_REPRESENTATION('',(#1921),#3228);
#3241=PRODUCT_DEFINITION_CONTEXT('part definition',#3249,'design');
#3242=PRODUCT_DEFINITION('chillboard 1','chillboard (v9~recovered)',#3244,
#3241);
#3243=PRODUCT_DEFINITION('Chillboard_PCB','Chillboard_PCB',#3245,#3241);
#3244=PRODUCT_DEFINITION_FORMATION('',$,#3251);
#3245=PRODUCT_DEFINITION_FORMATION('',$,#3252);
#3246=PRODUCT_RELATED_PRODUCT_CATEGORY('chillboard (v9~recovered)',
'chillboard (v9~recovered)',(#3251));
#3247=PRODUCT_RELATED_PRODUCT_CATEGORY('Chillboard_PCB',
'Chillboard_PCB',(#3252));
#3248=APPLICATION_PROTOCOL_DEFINITION('international standard',
'automotive_design',2009,#3249);
#3249=APPLICATION_CONTEXT(
'Core Data for Automotive Mechanical Design Process');
#3250=PRODUCT_CONTEXT('part definition',#3249,'mechanical');
#3251=PRODUCT('chillboard 1','chillboard (v9~recovered)',
'KiCad electronic assembly',(#3250));
#3252=PRODUCT('Chillboard_PCB','Chillboard_PCB',$,(#3250));
#3253=PRESENTATION_STYLE_ASSIGNMENT((#3254));
#3254=SURFACE_STYLE_USAGE(.BOTH.,#3255);
#3255=SURFACE_SIDE_STYLE('',(#3256));
#3256=SURFACE_STYLE_FILL_AREA(#3257);
#3257=FILL_AREA_STYLE('Steel - Satin',(#3258));
#3258=FILL_AREA_STYLE_COLOUR('Steel - Satin',#3259);
#3259=COLOUR_RGB('Steel - Satin',0.627450980392157,0.627450980392157,0.627450980392157);
ENDSEC;
END-ISO-10303-21;
